date,equity,cash
2015-02-02,49792.44191241151,50535.74337434635
2015-02-03,49798.53189329168,50535.74337434635
2015-02-04,50117.63617009548,50535.74337434635
2015-02-05,50254.18182133924,50535.74337434635
2015-02-06,50236.85290596803,50535.74337434635
2015-02-09,50330.42351737083,50535.74337434635
2015-02-10,50281.44281869725,50535.74337434635
2015-02-11,50150.96005020459,50332.545411854226
2015-02-12,49923.52294315183,50332.545411854226
2015-02-13,49649.081198203,50332.545411854226
2015-02-16,49641.95333150917,50332.545411854226
2015-02-17,49901.736186428396,50332.545411854226
2015-02-18,49319.72053266043,50414.978316226174
2015-02-19,49084.59267949693,50321.15153928446
2015-02-20,48577.1565866524,48844.65826398968
2015-02-23,48564.46162120676,48844.65826398968
2015-02-24,48668.53484991154,48844.65826398968
2015-02-25,48763.26046075905,48844.65826398968
2015-02-26,48755.92743789971,48844.65826398968
2015-02-27,48744.333510552075,48844.65826398968
2015-03-02,48784.030482330265,48844.65826398968
2015-03-03,48495.65402259005,48675.366523583936
2015-03-04,48555.892133356785,48675.366523583936
2015-03-05,48567.3013660357,48675.366523583936
2015-03-06,48603.38797747246,48675.366523583936
2015-03-09,48629.23957864522,48675.366523583936
2015-03-10,48597.675651303296,48675.366523583936
2015-03-11,48635.7448772784,48675.366523583936
2015-03-12,48343.156730412156,48442.89578987764
2015-03-13,48378.753941472794,48442.89578987764
2015-03-16,48218.788534769395,48442.89578987764
2015-03-17,48343.78575463285,48442.89578987764
2015-03-18,48080.839001406275,48442.89578987764
2015-03-19,48080.03280335303,48442.89578987764
2015-03-20,48075.699762752745,48442.89578987764
2015-03-23,47957.72434634533,48110.058758365856
2015-03-24,47980.359557391304,48110.058758365856
2015-03-25,48010.1250264648,48110.058758365856
2015-03-26,47956.69709668353,48110.058758365856
2015-03-27,47877.20875706697,48110.058758365856
2015-03-30,48008.01746778329,48110.058758365856
2015-03-31,47964.30818427601,48110.058758365856
2015-04-01,47674.49509254028,47920.52172126646
2015-04-02,47695.48094543322,47920.52172126646
2015-04-07,47527.52371047844,47920.52172126646
2015-04-08,47661.244777908076,47920.52172126646
2015-04-09,47662.162201977386,47920.52172126646
2015-04-10,47700.02004543889,47920.52172126646
2015-04-13,47738.6852392321,47920.52172126646
2015-04-14,47434.61946659448,47650.91738220431
2015-04-15,47493.89875683132,47650.91738220431
2015-04-16,47522.83505365746,47650.91738220431
2015-04-17,47225.427363395575,47650.91738220431
2015-04-20,47452.62323587693,47650.91738220431
2015-04-21,47527.95444272879,47650.91738220431
2015-04-22,47555.2530483012,47650.91738220431
2015-04-23,47233.75563988047,47600.93415089621
2015-04-24,47250.597798846386,47600.93415089621
2015-04-27,47112.631434103496,47600.93415089621
2015-04-28,47214.94264853154,47600.93415089621
2015-04-29,46673.63299200291,47600.93415089621
2015-04-30,46394.7251865609,47926.14503344466
2015-05-04,46557.714458281065,47926.14503344466
2015-05-05,45106.76873285124,45909.1452861301
2015-05-06,45238.54111333819,45909.1452861301
2015-05-07,45311.54835527951,45909.1452861301
2015-05-08,45180.55632684369,45909.1452861301
2015-05-11,45256.362717773,45909.1452861301
2015-05-12,45435.23553831308,45909.1452861301
2015-05-13,45304.98639512923,45909.1452861301
2015-05-15,45057.529857282054,45982.585290996765
2015-05-18,45133.22670048689,45982.585290996765
2015-05-19,45242.83868478834,45982.585290996765
2015-05-20,45333.604042954656,45982.585290996765
2015-05-21,45384.00847723048,45982.585290996765
2015-05-22,45386.76939850071,45982.585290996765
2015-05-25,45442.102200827525,45982.585290996765
2015-05-26,45289.701290060635,45980.28987862832
2015-05-27,45174.91051460376,45980.28987862832
2015-05-28,45354.51331800611,45980.28987862832
2015-05-29,45738.25319136936,45980.28987862832
2015-06-01,45768.81773154613,45980.28987862832
2015-06-02,45837.29742066602,45980.28987862832
2015-06-03,45948.1210328966,45980.28987862832
2015-06-04,45622.81776719586,45802.904247232145
2015-06-05,45569.833343592676,45802.904247232145
2015-06-08,45529.95324379409,45802.904247232145
2015-06-09,45544.91866380848,45802.904247232145
2015-06-10,45708.65627744725,45802.904247232145
2015-06-11,45740.6589741645,45802.904247232145
2015-06-12,45727.532128784565,45802.904247232145
2015-06-15,44963.043123151445,45189.83079426078
2015-06-16,44912.32047663389,45189.83079426078
2015-06-17,45004.326818044836,45189.83079426078
2015-06-18,45047.7006420795,45189.83079426078
2015-06-22,44510.65238138558,45189.83079426078
2015-06-23,44076.91768449025,45425.65305310294
2015-06-24,44267.29888471829,45425.65305310294
2015-06-25,44102.923914007304,44592.716898478415
2015-06-26,44129.77378868071,44592.716898478415
2015-06-29,43717.64538594319,44592.716898478415
2015-06-30,43226.49625419834,45013.468404369225
2015-07-01,42821.11131825315,44892.088443286986
2015-07-02,42756.498288031384,44405.45741390457
2015-07-03,42937.50631569637,44405.45741390457
2015-07-06,42365.32311062826,43269.515811734236
2015-07-07,42439.2403364643,43269.515811734236
2015-07-08,42517.50908782373,43269.515811734236
2015-07-09,42435.81850676587,43269.515811734236
2015-07-10,41539.494999369184,43782.65235295912
2015-07-13,41106.15187670235,43854.01224840309
2015-07-14,40982.88005402605,43640.745338541805
2015-07-15,40628.40085762819,41765.12640404843
2015-07-16,40197.17595670681,42226.18843808565
2015-07-17,39981.062882795086,41906.926224543815
2015-07-20,39897.95548949034,41904.79688800843
2015-07-21,40001.28864874237,41904.79688800843
2015-07-22,40010.52401299178,41904.79688800843
2015-07-23,40123.53519415056,41904.79688800843
2015-07-24,39631.38527650628,40707.36761802951
2015-07-27,39720.79549931676,40707.36761802951
2015-07-28,39897.55795312248,40707.36761802951
2015-07-29,40144.611240919534,40707.36761802951
2015-07-30,40261.604439705035,40707.36761802951
2015-07-31,40339.42790548317,40707.36761802951
2015-08-03,40481.15246103337,40707.36761802951
2015-08-04,40200.32486077763,40772.55563044636
2015-08-05,40179.356260992296,40772.55563044636
2015-08-06,40342.545866842265,40772.55563044636
2015-08-07,40581.051119289026,40772.55563044636
2015-08-10,40481.68277980808,40772.55563044636
2015-08-11,40616.85757308297,40772.55563044636
2015-08-12,40349.12805500745,40772.55563044636
2015-08-13,40289.00111380106,40741.92212596491
2015-08-14,40339.17405834018,40741.92212596491
2015-08-17,40433.59003135004,40741.92212596491
2015-08-18,40488.949400419595,40741.92212596491
2015-08-19,40198.951140534475,40741.92212596491
2015-08-20,39659.09126050973,40972.09628813556
2015-08-21,37950.4548882236,38587.76934810759
2015-08-24,36711.238558925514,39141.0922134272
2015-08-25,36082.00142430324,39097.64151133994
2015-08-26,35832.49646613188,38286.06849605779
2015-08-27,35427.07539373141,38286.06849605779
2015-08-28,35382.52878292574,38286.06849605779
2015-08-31,35538.54031953693,38286.06849605779
2015-09-01,35268.19622921651,36852.54776910138
2015-09-02,35369.450587769505,36852.54776910138
2015-09-03,34955.49580252369,37217.66143778591
2015-09-04,34489.25594623617,37308.59502327798
2015-09-07,34183.12432487244,36419.56329696317
2015-09-08,34203.32431523035,36419.56329696317
2015-09-09,34176.74390415902,36419.56329696317
2015-09-10,33733.255226963156,35396.22232360739
2015-09-11,33809.37860898207,35396.22232360739
2015-09-14,33820.26851928032,35396.22232360739
2015-09-15,33912.66493759062,35396.22232360739
2015-09-16,34082.43718372821,35396.22232360739
2015-09-17,34211.57619413819,35396.22232360739
2015-09-18,33857.06285909115,35843.92859062918
2015-09-21,33539.01474166831,34798.187215097525
2015-09-22,33328.21558390464,35218.33338727986
2015-09-23,33160.79406628547,34987.53998665172
2015-09-24,32687.801649107467,35231.562076940165
2015-09-25,32702.765677143972,35231.562076940165
2015-09-28,32710.792017224914,35231.562076940165
2015-09-29,32865.673041975075,35231.562076940165
2015-09-30,32342.677830410496,33510.32445493972
2015-10-01,32486.70289524693,33510.32445493972
2015-10-02,32682.656387409028,33510.32445493972
2015-10-05,32048.193594471428,33953.93327762665
2015-10-06,31887.09439908107,33678.962774399195
2015-10-07,31766.82629462812,33328.473337257106
2015-10-08,31805.653071699373,33328.473337257106
2015-10-09,31076.09060369814,32280.00877734421
2015-10-12,31194.101886749653,32280.00877734421
2015-10-13,31159.538284296068,32280.00877734421
2015-10-14,30819.548128975,32724.0594761759
2015-10-15,30617.937300547394,32457.051062283692
2015-10-16,30572.851230152286,32177.047945993967
2015-10-19,30672.72302388533,32177.047945993967
2015-10-20,30387.07212663869,31332.409057683817
2015-10-21,30407.809031097524,31332.409057683817
2015-10-22,30557.395840278416,31332.409057683817
2015-10-23,30231.2404307337,31682.815019470418
2015-10-26,30526.531566152385,31682.815019470418
2015-10-27,30494.805900848758,31682.815019470418
2015-10-28,30729.6902680175,31682.815019470418
2015-10-29,30491.883591127156,31050.397744223057
2015-10-30,30545.42705832353,31050.397744223057
2015-11-02,30819.557042233653,31050.397744223057
2015-11-03,30833.424165921242,31050.397744223057
2015-11-04,30614.87947806224,31050.397744223057
2015-11-05,30749.799436867215,31050.397744223057
2015-11-06,30787.861701604204,31050.397744223057
2015-11-09,30600.169637863477,30930.306141647725
2015-11-10,30678.49009120752,30930.306141647725
2015-11-11,30769.04624182077,30930.306141647725
2015-11-12,30662.58065818293,30930.306141647725
2015-11-13,30551.248289571835,30930.306141647725
2015-11-16,30637.50084211719,30930.306141647725
2015-11-17,30759.398552378825,30930.306141647725
2015-11-18,30475.69575879301,30922.7713876331
2015-11-19,30657.14181017315,30922.7713876331
2015-11-20,30719.618747313278,30922.7713876331
2015-11-23,30768.704522494372,30922.7713876331
2015-11-24,30679.093367709116,30922.7713876331
2015-11-25,30793.93091744458,30922.7713876331
2015-11-26,30798.34032641571,30922.7713876331
2015-11-27,30492.873163964035,30857.223286629454
2015-11-30,30455.74772304162,30857.223286629454
2015-12-01,30534.302449341794,30857.223286629454
2015-12-02,30613.44311253189,30857.223286629454
2015-12-03,30552.281763822604,30857.223286629454
2015-12-04,30398.613570703852,30857.223286629454
2015-12-07,30577.049573581902,30857.223286629454
2015-12-08,29098.651070267457,29749.891425836082
2015-12-09,29146.90141330571,29749.891425836082
2015-12-10,29203.46988302348,29749.891425836082
2015-12-11,28475.63542420673,30128.77611731494
2015-12-14,28216.636769410787,30083.50335233338
2015-12-15,27998.89845276665,29891.144696587195
2015-12-16,28071.348770369244,29891.144696587195
2015-12-17,27440.49406080099,28213.92852436407
2015-12-18,27478.099796214818,28213.92852436407
2015-12-21,27523.531524917016,28213.92852436407
2015-12-22,27599.23067607583,28213.92852436407
2015-12-23,27649.85258131836,28213.92852436407
2015-12-28,27780.519209870916,28213.92852436407
2015-12-29,27747.974109343104,28213.92852436407
2015-12-30,27498.22757405973,28324.46368885487
2016-01-04,26662.174742710402,28819.990341369343
2016-01-05,26415.80929784585,28643.209369573884
2016-01-07,25251.406847984606,26267.23440987113
2016-01-08,25322.501661375547,26267.23440987113
2016-01-11,25414.924640299698,26267.23440987113
2016-01-12,25588.926140718806,26267.23440987113
2016-01-13,25646.995411471256,26267.23440987113
2016-01-14,25654.96820538201,26267.23440987113
2016-01-15,25006.456595842563,26618.55254787016
2016-01-18,24422.446557992374,25349.01206155053
2016-01-19,24405.909499512843,25349.01206155053
2016-01-20,24457.042073339348,25349.01206155053
2016-01-21,24494.936104969915,25349.01206155053
2016-01-22,23631.84776990783,25841.262910256864
2016-01-25,23424.69789802598,25424.54167016308
2016-01-26,23070.486582453173,25452.160610058283
2016-01-27,22637.124405582377,23953.318155143686
2016-01-28,22225.06908681249,24279.803689990444
2016-01-29,21906.146192448792,24223.7518443005
2016-02-01,21624.462691479763,23639.906372741854
2016-02-02,21792.11550509071,23639.906372741854
2016-02-03,21732.450981429713,23639.906372741854
2016-02-04,22015.111371177383,23639.906372741854
2016-02-05,21585.942237860632,22841.4096414956
2016-02-08,20789.06644243837,23303.948778139413
2016-02-09,20400.03233349171,22355.77722104929
2016-02-10,20039.531907439705,22390.68902234286
2016-02-11,19875.338201928367,22390.68902234286
2016-02-12,20058.519219349033,22390.68902234286
2016-02-15,19826.638463967636,22390.68902234286
2016-02-16,19106.04048905657,20909.63225955645
2016-02-17,18654.83934956101,21270.478112212626
2016-02-18,18222.64407488858,20632.20423261759
2016-02-19,17949.6826629055,20110.28601577936
2016-02-22,17915.232532293085,20110.28601577936
2016-02-23,18067.73183856517,20110.28601577936
2016-02-24,18035.70043153256,20110.28601577936
2016-02-25,17460.867107000882,19296.18811857807
2016-02-26,17134.410736039856,19327.736789175837
2016-02-29,16762.211759020167,18900.171059969096
2016-03-01,16455.343437970376,18746.428653767347
2016-03-02,16537.62713041748,18746.428653767347
2016-03-03,16658.1237781502,18746.428653767347
2016-03-04,16733.5097473097,18746.428653767347
2016-03-07,16446.108699944925,18005.782302136602
2016-03-08,16510.782224598075,18005.782302136602
2016-03-09,16627.212095606683,18005.782302136602
2016-03-10,16959.36468542286,18005.782302136602
2016-03-11,17026.071864531674,18005.782302136602
2016-03-14,17231.880006668518,18005.782302136602
2016-03-15,17451.224727338584,18005.782302136602
2016-03-16,17323.84918567141,18128.675243693713
2016-03-17,17409.498537089785,18128.675243693713
2016-03-18,17486.644062676725,18128.675243693713
2016-03-21,17597.859774536122,18128.675243693713
2016-03-22,17729.19166361402,18128.675243693713
2016-03-23,17844.409429328298,18128.675243693713
2016-03-24,17592.511993701428,18128.675243693713
2016-03-29,17379.7068660516,17680.40941734819
2016-03-30,17072.96606030938,17680.40941734819
2016-03-31,17289.22405456663,17680.40941734819
2016-04-01,17393.647639305498,17680.40941734819
2016-04-04,17417.958631574696,17680.40941734819
2016-04-05,17446.96825040565,17680.40941734819
2016-04-06,17498.57926387726,17680.40941734819
2016-04-07,17120.038832580896,17647.774935367
2016-04-08,16514.98276583167,17995.983603323813
2016-04-11,16355.64820592833,17815.669545296278
2016-04-12,16634.592308199157,17815.669545296278
2016-04-13,16100.342321961964,17891.791412093247
2016-04-14,16310.65751270365,17891.791412093247
2016-04-15,16447.85546618811,17891.791412093247
2016-04-18,16126.96267039434,16722.07796418933
2016-04-19,15869.89066398552,16722.07796418933
2016-04-20,15613.556487473375,17066.536019075786
2016-04-21,15685.771970254693,17066.536019075786
2016-04-22,15480.241083179522,17019.104040085545
2016-04-25,15384.602778260798,16907.404675577425
2016-04-26,15488.955825318199,16907.404675577425
2016-04-27,15258.14685750816,15769.302299106565
2016-04-28,15326.64070930218,15769.302299106565
2016-04-29,15152.238216303029,15769.302299106565
2016-05-02,15105.104801532887,15769.302299106565
2016-05-03,14690.863284403302,16037.764486575828
2016-05-04,14336.068743006517,16045.171848804399
2016-05-06,14045.110505602686,15982.738037522126
2016-05-09,14195.362051384971,14553.478916737145
2016-05-10,14226.13106895108,14553.478916737145
2016-05-11,14279.527617877475,14553.478916737145
2016-05-12,14365.87416428832,14553.478916737145
2016-05-13,14414.978110598622,14553.478916737145
2016-05-16,14402.281259371392,14553.478916737145
2016-05-17,14452.899692858784,14553.478916737145
2016-05-18,14166.8218910114,14364.711619622803
2016-05-19,14128.569196685177,14364.711619622803
2016-05-20,14134.264178709214,14364.711619622803
2016-05-23,14188.178431587261,14364.711619622803
2016-05-24,14098.528215213786,14364.711619622803
2016-05-25,14020.259163334747,14364.711619622803
2016-05-26,13920.790343765699,14364.711619622803
2016-05-27,13613.140212429296,14011.518961250622
2016-05-30,13775.479995079482,14011.518961250622
2016-05-31,13810.875510891814,14011.518961250622
2016-06-01,13807.848455888705,14011.518961250622
2016-06-02,13890.912121839212,14011.518961250622
2016-06-03,13797.815257516788,14011.518961250622
2016-06-07,13953.942257419158,14011.518961250622
2016-06-08,13624.745648541879,13851.950506956135
2016-06-09,13568.52486830348,13851.950506956135
2016-06-10,12904.642769880124,14100.695717007131
2016-06-13,12414.985123583898,14152.285878611112
2016-06-14,11288.756877495176,11711.823452201217
2016-06-15,10933.925727904887,11711.823452201217
2016-06-16,11167.1130967652,11711.823452201217
2016-06-17,11043.962063955123,11711.823452201217
2016-06-20,9995.070566756605,12103.865775520091
2016-06-21,9785.281297847232,11937.639496800744
2016-06-22,8924.821513188159,9804.8785728593
2016-06-23,8985.847370432439,9804.8785728593
2016-06-27,5824.410325021112,7524.823769628231
2016-06-28,5364.729012967275,7734.747218325362
2016-06-29,4892.219734372242,7645.406553168221
2016-06-30,3336.3407624196198,5267.270201064046
2016-07-01,2933.4599097759783,5297.123008289616
2016-07-04,2419.8806416489533,4568.374421817808
2016-07-05,1979.314339916023,4624.95275955874
2016-07-06,1998.9081457535367,4624.95275955874
2016-07-07,2102.417716906321,4624.95275955874
2016-07-08,2172.8653519822174,4624.95275955874
2016-07-11,1227.5199766725677,3231.4318558530344
2016-07-12,842.4408606619354,3122.638375075303
2016-07-13,428.7088462069137,2644.3701059014047
2016-07-14,81.37876250041245,2298.4881652275417
2016-07-15,196.83724399277753,2298.4881652275417
2016-07-18,292.7048187294529,2298.4881652275417
2016-07-19,466.74708523273966,2298.4881652275417
2016-07-20,-206.47078268662517,1665.0839071045257
2016-07-21,-137.81098867002265,1665.0839071045257
2016-07-22,-66.69254442597594,1665.0839071045257
2016-07-25,1285.738903197478,1665.0839071045257
2016-07-26,1430.070128829987,1665.0839071045257
2016-07-27,1548.144168395124,1665.0839071045257
2016-07-28,1584.694804109661,1665.0839071045257
2016-07-29,1285.5462312967052,1549.403301646837
2016-08-01,1352.3247241666948,1549.403301646837
2016-08-02,1268.3821335468003,1549.403301646837
2016-08-03,1286.7911934450767,1549.403301646837
2016-08-04,1465.4251206452896,1549.403301646837
2016-08-05,1530.0223241130068,1549.403301646837
2016-08-08,1546.6480996079413,1549.403301646837
2016-08-09,1165.0830053851405,1251.98848970171
2016-08-10,1176.4437370966975,1251.98848970171
2016-08-11,1178.983068060098,1251.98848970171
2016-08-12,1201.2085023167256,1251.98848970171
2016-08-15,1199.9118451748873,1251.98848970171
2016-08-16,1216.4476247965554,1251.98848970171
2016-08-17,1199.4209625192116,1251.98848970171
2016-08-18,906.0920993269575,1053.10344037322
2016-08-19,915.5049531040452,1053.10344037322
2016-08-22,940.5545560843884,1053.10344037322
2016-08-23,949.539188257331,1053.10344037322
2016-08-24,951.2945813455126,1053.10344037322
2016-08-25,993.5063621580706,1053.10344037322
2016-08-26,997.7886641222311,1053.10344037322
2016-08-29,688.9153497548697,865.8868260582713
2016-08-30,767.4024240893395,865.8868260582713
2016-08-31,794.9466502594876,865.8868260582713
2016-09-01,820.0479442979625,865.8868260582713
2016-09-02,722.2592562548383,865.8868260582713
2016-09-05,719.9720014045606,865.8868260582713
2016-09-06,826.2965220745366,865.8868260582713
2016-09-07,492.2949800324379,534.9270520459792
2016-09-08,508.11153318237234,534.9270520459792
2016-09-09,490.4597848519215,534.9270520459792
2016-09-12,465.50660736886823,534.9270520459792
2016-09-13,463.4068553346615,534.9270520459792
2016-09-14,492.5127879835973,534.9270520459792
2016-09-15,523.074268858615,534.9270520459792
2016-09-16,177.56025781441235,198.33591578152533
2016-09-19,146.90152010157462,198.33591578152533
2016-09-20,172.9448025496835,198.33591578152533
2016-09-21,171.07224704900966,198.33591578152533
2016-09-22,-51.47400591476645,198.33591578152533
2016-09-23,73.34313260217922,198.33591578152533
2016-09-26,166.67798809833292,198.33591578152533
2016-09-27,-152.6331019167884,-62.97621972230512
2016-09-28,-143.80503789950012,-62.97621972230512
2016-09-29,-170.2916800340501,-62.97621972230512
2016-09-30,-138.89584864228655,-62.97621972230512
2016-10-03,-146.42791904940702,-62.97621972230512
2016-10-04,-246.3436865312637,-62.97621972230512
2016-10-05,-175.9447512172449,-62.97621972230512
2016-10-06,-532.7233025510106,-456.3669854002817
2016-10-07,-504.10876565270246,-456.3669854002817
2016-10-10,-514.3114081661339,-456.3669854002817
2016-10-11,-492.2400247760215,-456.3669854002817
2016-10-12,-511.12526083645787,-456.3669854002817
2016-10-13,-602.8923060979893,-456.3669854002817
2016-10-14,-494.45416320456485,-456.3669854002817
2016-10-17,-824.0893012586109,-679.1945329069986
2016-10-18,-956.1620473127252,-679.1945329069986
2016-10-19,-894.6720740172352,-679.1945329069986
2016-10-20,-913.4377329447055,-679.1945329069986
2016-10-21,-858.8505468609667,-679.1945329069986
2016-10-24,-741.3402640969224,-679.1945329069986
2016-10-25,-709.8738806148026,-679.1945329069986
2016-10-26,-1030.0076468269267,-938.3507031016898
2016-10-27,-1009.0206215929552,-938.3507031016898
2016-10-28,-998.4813378559443,-938.3507031016898
2016-10-31,-989.8552877940332,-938.3507031016898
2016-11-01,-1020.381148035122,-938.3507031016898
2016-11-02,-1130.4111351486201,-938.3507031016898
2016-11-03,-1059.996088093025,-938.3507031016898
2016-11-04,-1567.8233334259246,-1430.7620390862571
2016-11-07,-1781.4364919776544,-1430.7620390862571
2016-11-08,-1850.4933734606047,-1430.7620390862571
2016-11-09,-2360.0850809716103,-1342.8894896446295
2016-11-10,-2450.5032593352194,-1481.903535723974
2016-11-11,-2181.206687506463,-1481.903535723974
2016-11-14,-2072.4534815639145,-1481.903535723974
2016-11-15,-2852.2284886724538,-2683.144013100801
2016-11-16,-2833.9581491492663,-2683.144013100801
2016-11-17,-2825.837568762098,-2683.144013100801
2016-11-18,-2816.86290301008,-2683.144013100801
2016-11-21,-2792.481133380169,-2683.144013100801
2016-11-22,-2800.4109255983185,-2683.144013100801
2016-11-23,-2761.246670871824,-2683.144013100801
2016-11-24,-3076.2962076610834,-2896.805790224227
2016-11-25,-3069.2490368515805,-2896.805790224227
2016-11-28,-3053.711491587079,-2896.805790224227
2016-11-29,-3024.6131272974458,-2896.805790224227
2016-11-30,-2956.819720409219,-2896.805790224227
2016-12-01,-2942.714260782317,-2896.805790224227
2016-12-02,-2929.414940586522,-2896.805790224227
2016-12-05,-3225.512539107618,-3148.296549254987
2016-12-06,-3231.0039844320813,-3148.296549254987
2016-12-07,-3257.3963390102813,-3148.296549254987
2016-12-08,-3420.277351139761,-3148.296549254987
2016-12-09,-3631.282392876656,-3148.296549254987
2016-12-12,-3636.4286939628173,-3148.296549254987
2016-12-13,-4083.695923632853,-3272.9578432238063
2016-12-14,-4088.3925351163884,-4051.7955102176925
2016-12-15,-4087.8743491132664,-4051.7955102176925
2016-12-16,-4077.2677858180255,-4051.7955102176925
2016-12-19,-4067.9841116247358,-4051.7955102176925
2016-12-20,-4063.275421171584,-4051.7955102176925
2016-12-21,-4070.9529252549246,-4051.7955102176925
2016-12-22,-4075.6468773585507,-4051.7955102176925
2016-12-23,-4382.634976264536,-4321.478720356973
2016-12-27,-4351.373800017193,-4321.478720356973
2016-12-28,-4337.772632447596,-4321.478720356973
2016-12-29,-4332.066779987985,-4321.478720356973
2016-12-30,-4328.476795360787,-4321.478720356973
2017-01-02,-4324.683514746794,-4321.478720356973
2017-01-03,-4324.268478914655,-4321.478720356973
2017-01-04,-4642.99870975283,-4625.169913448311
2017-01-05,-4638.8993173734125,-4625.169913448311
2017-01-09,-4645.163619905451,-4625.169913448311
2017-01-10,-4632.655683222562,-4625.169913448311
2017-01-11,-4628.981361640486,-4625.169913448311
2017-01-12,-4629.181490653644,-4625.169913448311
2017-01-13,-4625.8809430989895,-4625.169913448311
2017-01-16,-4946.751938842894,-4936.473668758984
2017-01-17,-4943.831384646921,-4936.473668758984
2017-01-18,-4944.968652111386,-4936.473668758984
2017-01-19,-4941.077623075522,-4936.473668758984
2017-01-20,-4946.092342448197,-4936.473668758984
2017-01-23,-4943.142365467691,-4936.473668758984
2017-01-24,-4950.606546593503,-4936.473668758984
2017-01-25,-5381.198085977634,-5269.492753705926
2017-01-26,-5378.884745578574,-5269.492753705926
2017-01-27,-5354.977995144551,-5269.492753705926
2017-01-30,-5368.9037200174525,-5269.492753705926
2017-01-31,-5325.668454590698,-5269.492753705926
2017-02-01,-5309.994749962882,-5269.492753705926
2017-02-02,-5301.010417310623,-5269.492753705926
2017-02-03,-5621.68443118123,-5487.573891149747
2017-02-06,-5589.003386963404,-5487.573891149747
2017-02-07,-5566.194896241378,-5487.573891149747
2017-02-08,-5550.583752918026,-5487.573891149747
2017-02-09,-5528.366552118838,-5487.573891149747
2017-02-10,-5509.961074081888,-5487.573891149747
2017-02-13,-5512.796274538069,-5487.573891149747
2017-02-14,-5822.4708887932975,-5753.862508247869
2017-02-15,-5811.572530390688,-5753.862508247869
2017-02-16,-5801.1474640919705,-5753.862508247869
2017-02-17,-5781.525535230748,-5753.862508247869
2017-02-20,-5761.164539986062,-5753.862508247869
2017-02-21,-5767.997811436565,-5753.862508247869
2017-02-22,-5754.7637082057545,-5753.862508247869
2017-02-23,-6075.154163293636,-6070.695498619531
2017-02-24,-6082.37749480622,-6070.695498619531
2017-02-27,-6081.973576648304,-6070.695498619531
2017-02-28,-6074.496399924645,-6070.695498619531
2017-03-01,-6073.542751373955,-6070.695498619531
2017-03-02,-6073.103242847218,-6070.695498619531
2017-03-03,-6071.781690107955,-6070.695498619531
2017-03-06,-6392.157738642268,-6376.453104576058
2017-03-07,-6387.986477826591,-6376.453104576058
2017-03-08,-6385.269788388265,-6376.453104576058
2017-03-09,-6384.795465220635,-6376.453104576058
2017-03-10,-6384.735111643088,-6376.453104576058
2017-03-13,-6386.807450059774,-6376.453104576058
2017-03-14,-6379.115657609177,-6376.453104576058
2017-03-15,-6699.084709200154,-6683.815492739175
2017-03-16,-6697.846223741572,-6683.815492739175
2017-03-17,-6692.146148316425,-6683.815492739175
2017-03-20,-6689.053670151571,-6683.815492739175
2017-03-21,-6691.494880882863,-6683.815492739175
2017-03-22,-6696.175295111895,-6683.815492739175
2017-03-23,-6686.32325282158,-6683.815492739175
2017-03-24,-7004.738511727063,-6991.425210302161
2017-03-27,-7000.490565602497,-6991.425210302161
2017-03-28,-6998.09371111118,-6991.425210302161
2017-03-29,-6992.377506655892,-6991.425210302161
2017-03-30,-6991.643866263168,-6991.425210302161
2017-03-31,-6991.6396485077585,-6991.425210302161
2017-04-03,-6991.592035477149,-6991.425210302161
2017-04-04,-7311.76690327749,-7306.855131613203
2017-04-05,-7311.460874084889,-7306.855131613203
2017-04-06,-7309.379558917643,-7306.855131613203
2017-04-07,-7309.012215656131,-7306.855131613203
2017-04-10,-7308.21908164747,-7306.855131613203
2017-04-11,-7307.277531146939,-7306.855131613203
2017-04-12,-7307.2397547169385,-7306.855131613203
2017-04-13,-7627.103912920472,-7623.042045426275
2017-04-18,-7632.968837016488,-7623.042045426275
2017-04-19,-7628.162322207071,-7623.042045426275
2017-04-20,-7624.778874168471,-7623.042045426275
2017-04-21,-7623.907857839399,-7623.042045426275
2017-04-24,-7759.856192140835,-7623.042045426275
2017-04-25,-7815.27403081097,-7623.042045426275
2017-04-26,-8139.802156005699,-8088.432857556951
2017-04-27,-8128.192944254818,-8088.432857556951
2017-04-28,-8131.546274226467,-8088.432857556951
2017-05-02,-8148.10941538695,-8088.432857556951
2017-05-03,-8127.723056197314,-8088.432857556951
2017-05-04,-8111.187083953537,-8088.432857556951
2017-05-05,-8107.949420597238,-8088.432857556951
2017-05-08,-8416.626407190754,-8391.72554031863
2017-05-09,-8435.948426003999,-8391.72554031863
2017-05-10,-8421.574677894845,-8391.72554031863
2017-05-11,-8409.453198205027,-8391.72554031863
2017-05-12,-8406.351252060671,-8391.72554031863
2017-05-15,-8404.181548024799,-8391.72554031863
2017-05-16,-8401.434363884737,-8391.72554031863
2017-05-17,-8719.973410282251,-8654.001299289926
2017-05-18,-8732.453599346996,-8654.001299289926
2017-05-19,-8717.1098195689,-8654.001299289926
2017-05-22,-8701.922470412903,-8654.001299289926
2017-05-23,-8665.539323054609,-8654.001299289926
2017-05-24,-8659.158242040814,-8654.001299289926
2017-05-26,-8656.06575235717,-8654.001299289926
2017-05-29,-8975.332333247206,-8957.451598603528
2017-05-30,-8975.237003813807,-8957.451598603528
2017-05-31,-8967.417375919047,-8957.451598603528
2017-06-01,-8965.664923304721,-8957.451598603528
2017-06-02,-8967.061909422451,-8957.451598603528
2017-06-05,-8960.224335271172,-8957.451598603528
2017-06-07,-8959.462157490985,-8957.451598603528
2017-06-08,-9278.6506700897,-9269.129933984272
2017-06-09,-9288.085079078946,-9269.129933984272
2017-06-12,-9279.697025760046,-9269.129933984272
2017-06-13,-9280.649790528783,-9269.129933984272
2017-06-14,-9275.51264795898,-9269.129933984272
2017-06-15,-9283.66432716048,-9269.129933984272
2017-06-16,-9270.019105265588,-9269.129933984272
2017-06-19,-9591.18568735034,-9573.381070627858
2017-06-20,-9582.583271832309,-9573.381070627858
2017-06-21,-9582.816752207254,-9573.381070627858
2017-06-22,-9576.645277201254,-9573.381070627858
2017-06-26,-9575.58130649156,-9573.381070627858
2017-06-27,-9585.59527977217,-9573.381070627858
2017-06-28,-9579.19296868747,-9573.381070627858
2017-06-29,-9935.763796232906,-9907.516337409099
2017-06-30,-9935.283441049256,-9907.516337409099
2017-07-03,-9997.848749113477,-9907.516337409099
2017-07-04,-9959.943596437683,-9907.516337409099
2017-07-05,-9959.851471540243,-9907.516337409099
2017-07-06,-9933.396921495065,-9907.516337409099
2017-07-07,-9920.272185882102,-9907.516337409099
2017-07-10,-10243.31180470989,-10165.093255366142
2017-07-11,-10210.817102647085,-10165.093255366142
2017-07-12,-10381.806632899774,-10165.093255366142
2017-07-13,-10289.156167877645,-10165.093255366142
2017-07-14,-10271.810844401658,-10165.093255366142
2017-07-17,-10214.736890340531,-10165.093255366142
2017-07-18,-10215.839911864077,-10165.093255366142
2017-07-19,-10523.081320971149,-10350.360693095501
2017-07-20,-10513.583339942266,-10350.360693095501
2017-07-21,-10598.560474009708,-10350.360693095501
2017-07-24,-10755.000763397884,-10350.360693095501
2017-07-25,-10669.885268426835,-10350.360693095501
2017-07-26,-10523.74357144858,-10350.360693095501
2017-07-27,-10565.67981809645,-10350.360693095501
2017-07-28,-11056.119373413694,-10849.87631602459
2017-07-31,-10951.873341707183,-10849.87631602459
2017-08-01,-10992.971996063985,-10849.87631602459
2017-08-02,-10949.53916302626,-10849.87631602459
2017-08-03,-10918.890507509012,-10849.87631602459
2017-08-04,-10959.397588176147,-10849.87631602459
2017-08-07,-10937.102428432912,-10849.87631602459
2017-08-08,-11278.692105774388,-11077.847727706196
2017-08-09,-11158.033419723886,-11077.847727706196
2017-08-10,-11222.545938943404,-11077.847727706196
2017-08-11,-11362.27422469167,-11077.847727706196
2017-08-14,-11218.02578194848,-11077.847727706196
2017-08-15,-11215.370793235934,-11077.847727706196
2017-08-16,-11141.778614056975,-11077.847727706196
2017-08-17,-11525.62023051875,-11429.139625545517
2017-08-18,-11494.879448981757,-11429.139625545517
2017-08-21,-11488.170609615794,-11429.139625545517
2017-08-22,-11491.835787323975,-11429.139625545517
2017-08-23,-11465.082317184166,-11429.139625545517
2017-08-24,-11449.711625664862,-11429.139625545517
2017-08-25,-11440.041959607996,-11429.139625545517
2017-08-28,-11757.213878531038,-11682.437906137253
2017-08-29,-11746.629994587207,-11682.437906137253
2017-08-30,-11736.579928581976,-11682.437906137253
2017-08-31,-11752.046236297305,-11682.437906137253
2017-09-01,-11785.472875736086,-11682.437906137253
2017-09-04,-11734.225377063227,-11682.437906137253
2017-09-05,-11706.466886577977,-11682.437906137253
2017-09-06,-12015.217006896073,-11925.004491146177
2017-09-07,-12021.422268256378,-11925.004491146177
2017-09-08,-11980.228281178239,-11925.004491146177
2017-09-11,-12096.62008320997,-11925.004491146177
2017-09-12,-12139.673391304765,-11925.004491146177
2017-09-13,-12098.090713021238,-11925.004491146177
2017-09-14,-12133.295574005291,-11925.004491146177
2017-09-15,-12334.657829709704,-12290.271922846245
2017-09-18,-12321.798002754476,-12290.271922846245
2017-09-19,-12303.375291831455,-12290.271922846245
2017-09-20,-12299.68149558619,-12290.271922846245
2017-09-21,-12309.004385150498,-12290.271922846245
2017-09-22,-12310.602644785378,-12290.271922846245
2017-09-25,-12307.614938470266,-12290.271922846245
2017-09-26,-12619.138147908123,-12614.814416073246
2017-09-27,-12622.528288426563,-12614.814416073246
2017-09-28,-12620.118092698027,-12614.814416073246
2017-09-29,-12631.783752580543,-12614.814416073246
2017-10-02,-12625.851156280045,-12614.814416073246
2017-10-03,-12631.824759852127,-12614.814416073246
2017-10-04,-12624.123362254939,-12614.814416073246
2017-10-05,-12941.684311314375,-12941.460322418416
2017-10-06,-12941.777190345543,-12941.460322418416
2017-10-09,-12941.466190553001,-12941.460322418416
2017-10-10,-12941.467385966049,-12941.460322418416
2017-10-11,-12941.46771604459,-12941.460322418416
2017-10-12,-12941.461089299413,-12941.460322418416
2017-10-13,-12941.460344994153,-12941.460322418416
2017-10-16,-13261.46115510517,-13261.442007735826
2017-10-17,-13261.451855025874,-13261.442007735826
2017-10-18,-13261.470769146274,-13261.442007735826
2017-10-19,-13261.44881821322,-13261.442007735826
2017-10-20,-13265.871912015115,-13261.442007735826
2017-10-23,-13263.027171468297,-13261.442007735826
2017-10-24,-13261.730150584213,-13261.442007735826
2017-10-25,-13581.516045571798,-13580.554960261445
2017-10-26,-13582.827684347032,-13580.554960261445
2017-10-27,-13582.47486070045,-13580.554960261445
2017-10-30,-13581.394242244774,-13580.554960261445
2017-10-31,-13582.785409975762,-13580.554960261445
2017-11-01,-13581.911960299713,-13580.554960261445
2017-11-02,-13581.33970791398,-13580.554960261445
2017-11-03,-13901.24349998394,-13900.708535500915
2017-11-06,-13901.012528650905,-13900.708535500915
2017-11-07,-13900.943473713309,-13900.708535500915
2017-11-08,-13901.226797240146,-13900.708535500915
2017-11-09,-13921.785488531717,-13900.708535500915
2017-11-10,-13943.815332676071,-13900.708535500915
2017-11-13,-13949.953630618716,-13900.708535500915
2017-11-14,-14267.444872412756,-14259.156958474994
2017-11-15,-14263.417369154584,-14259.156958474994
2017-11-16,-14264.189694299976,-14259.156958474994
2017-11-17,-14260.018768792035,-14259.156958474994
2017-11-20,-14259.526931161457,-14259.156958474994
2017-11-21,-14260.168275258084,-14259.156958474994
2017-11-22,-14260.350187058111,-14259.156958474994
2017-11-23,-14580.354587549407,-14569.397973270501
2017-11-24,-14576.660202553618,-14569.397973270501
2017-11-27,-14573.632630015718,-14569.397973270501
2017-11-28,-14576.57626315396,-14569.397973270501
2017-11-29,-14571.913941043244,-14569.397973270501
2017-11-30,-14570.50410316759,-14569.397973270501
2017-12-01,-14574.19019172137,-14569.397973270501
2017-12-04,-14898.188055254459,-14827.239191734121
2017-12-05,-14881.206121113939,-14827.239191734121
2017-12-06,-14919.858508437663,-14827.239191734121
2017-12-07,-14874.00188793118,-14827.239191734121
2017-12-08,-14852.62657554537,-14827.239191734121
2017-12-11,-14848.18227591029,-14827.239191734121
2017-12-12,-14844.228664817949,-14827.239191734121
2017-12-13,-15159.079025897769,-15068.1138667758
2017-12-14,-15147.637189786741,-15068.1138667758
2017-12-15,-15185.489060797398,-15068.1138667758
2017-12-18,-15138.352931356361,-15068.1138667758
2017-12-19,-15113.081567986976,-15068.1138667758
2017-12-20,-15110.352462048739,-15068.1138667758
2017-12-21,-15087.22136401191,-15068.1138667758
2017-12-22,-15413.147249252926,-15279.883242070857
2017-12-27,-15404.720968509342,-15279.883242070857
2017-12-28,-15389.173267550861,-15279.883242070857
2017-12-29,-15440.534341118773,-15279.883242070857
2018-01-02,-15395.630608296877,-15279.883242070857
2018-01-03,-15327.18129968421,-15279.883242070857
2018-01-04,-15289.29406068293,-15279.883242070857
2018-01-05,-15611.421571486433,-15527.8199345383
2018-01-08,-15586.35112462267,-15527.8199345383
2018-01-09,-15636.585926774544,-15527.8199345383
2018-01-10,-15594.97631578739,-15527.8199345383
2018-01-11,-15579.393355753398,-15527.8199345383
2018-01-12,-15560.089583178455,-15527.8199345383
2018-01-15,-15547.206845915329,-15527.8199345383
2018-01-16,-15856.601116616634,-15809.115210712185
2018-01-17,-15831.361707566472,-15809.115210712185
2018-01-18,-15814.70001006459,-15809.115210712185
2018-01-19,-15814.89467537778,-15809.115210712185
2018-01-22,-15812.971184768205,-15809.115210712185
2018-01-23,-15812.803297505337,-15809.115210712185
2018-01-24,-15809.476005483488,-15809.115210712185
2018-01-25,-16133.721587171083,-16107.748191047185
2018-01-26,-16136.069108294398,-16107.748191047185
2018-01-29,-16120.451048759736,-16107.748191047185
2018-01-30,-16114.943083491027,-16107.748191047185
2018-01-31,-16115.1506362189,-16107.748191047185
2018-02-01,-16109.385171274382,-16107.748191047185
2018-02-02,-16114.506778874988,-16107.748191047185
2018-02-05,-16847.121694394555,-16717.161099685214
2018-02-06,-17085.952962377,-16717.161099685214
2018-02-07,-17107.574255887343,-16717.161099685214
2018-02-08,-17233.423755522323,-16717.161099685214
2018-02-09,-17475.14938136915,-16717.161099685214
2018-02-12,-17176.986318417166,-16717.161099685214
2018-02-13,-17199.052068017743,-16717.161099685214
2018-02-14,-17384.081795367012,-16610.046804278227
2018-02-15,-17370.314744552208,-16610.046804278227
2018-02-16,-17436.37207031011,-16610.046804278227
2018-02-19,-17300.57857644024,-16610.046804278227
2018-02-20,-17488.928355976954,-16610.046804278227
2018-02-21,-17705.07119037511,-16263.622327437035
2018-02-22,-17507.70315918256,-16263.622327437035
2018-02-23,-17821.545812746663,-17011.37812297545
2018-02-26,-17794.101300182596,-17011.37812297545
2018-02-27,-17723.95859417419,-17011.37812297545
2018-02-28,-17618.584315242042,-17011.37812297545
2018-03-01,-17596.36933448431,-17011.37812297545
2018-03-02,-18219.789634166318,-16605.840959329515
2018-03-05,-18249.257051557815,-16768.31438261203
2018-03-06,-18776.043638247393,-18080.85164073283
2018-03-07,-18529.414252493974,-18080.85164073283
2018-03-08,-18540.898412962702,-18080.85164073283
2018-03-09,-18473.337448809867,-18080.85164073283
2018-03-12,-18445.48533820732,-18080.85164073283
2018-03-13,-18256.11929023239,-18080.85164073283
2018-03-14,-18253.53601354025,-18080.85164073283
2018-03-15,-18614.2786083258,-18363.149077930506
2018-03-16,-18651.52049550086,-18363.149077930506
2018-03-19,-19003.836706557107,-18363.149077930506
2018-03-20,-18833.634519202624,-18363.149077930506
2018-03-21,-18815.618128314953,-18363.149077930506
2018-03-22,-19910.05008888625,-18151.77074888301
2018-03-23,-20049.126867149495,-18306.80512471494
2018-03-26,-21112.077669340597,-20673.257870832214
2018-03-27,-21157.65775742754,-20673.257870832214
2018-03-28,-21122.844138992128,-20673.257870832214
2018-03-29,-21397.37232708011,-20673.257870832214
2018-04-03,-20973.507078862665,-20673.257870832214
2018-04-04,-20842.05839034525,-20673.257870832214
2018-04-05,-21107.91154806685,-20673.257870832214
2018-04-06,-21254.03559163272,-20673.598383983855
2018-04-09,-21121.48427594765,-20673.598383983855
2018-04-10,-21174.29291584887,-20673.598383983855
2018-04-11,-21075.41855094852,-20673.598383983855
2018-04-12,-21054.363600402994,-20673.598383983855
2018-04-13,-21039.68703909095,-20673.598383983855
2018-04-16,-20964.683164716706,-20673.598383983855
2018-04-17,-21508.81718568152,-20868.201366113928
2018-04-18,-21392.767376948625,-20868.201366113928
2018-04-19,-21366.27240672895,-20868.201366113928
2018-04-20,-21464.13981950142,-20868.201366113928
2018-04-23,-21517.80429233615,-20868.201366113928
2018-04-24,-21280.129548820933,-20868.201366113928
2018-04-25,-21056.294604626233,-20868.201366113928
2018-04-26,-21507.390860881504,-21034.525741278805
2018-04-27,-21474.63439016593,-21034.525741278805
2018-04-30,-21361.8423096947,-21034.525741278805
2018-05-02,-21327.442654536953,-21034.525741278805
2018-05-03,-21243.65853174003,-21034.525741278805
2018-05-04,-21137.420063128557,-21034.525741278805
2018-05-07,-21203.307817588404,-21034.525741278805
2018-05-08,-21615.150766732746,-21340.659101099976
2018-05-09,-21583.832531266144,-21340.659101099976
2018-05-11,-21476.041784305537,-21340.659101099976
2018-05-14,-21452.754634471126,-21340.659101099976
2018-05-15,-21420.714296499245,-21340.659101099976
2018-05-16,-21402.391264870064,-21340.659101099976
2018-05-17,-21395.730960156743,-21340.659101099976
2018-05-18,-21713.272917091683,-21522.480653409002
2018-05-21,-21691.765083549246,-21522.480653409002
2018-05-22,-21646.496388021285,-21522.480653409002
2018-05-23,-21688.282506007727,-21522.480653409002
2018-05-24,-21704.220370411233,-21522.480653409002
2018-05-25,-21696.78824678056,-21522.480653409002
2018-05-28,-21695.148513643057,-21522.480653409002
2018-05-29,-22106.71080371921,-21960.17498447712
2018-05-30,-22084.70716292461,-21960.17498447712
2018-05-31,-22078.25784152901,-21960.17498447712
2018-06-01,-22006.046296193523,-21960.17498447712
2018-06-04,-21990.782268539573,-21960.17498447712
2018-06-05,-21972.778374011017,-21960.17498447712
2018-06-07,-21967.715686928914,-21960.17498447712
2018-06-08,-22284.72745447349,-22255.12773990383
2018-06-11,-22323.169895426367,-22255.12773990383
2018-06-12,-22313.585573625533,-22255.12773990383
2018-06-13,-22291.641248993586,-22255.12773990383
2018-06-14,-22394.379130013636,-22255.12773990383
2018-06-15,-22282.088978534317,-22255.12773990383
2018-06-18,-22263.508119627546,-22255.12773990383
2018-06-19,-22583.621684130812,-22529.330210362248
2018-06-20,-22591.877624106382,-22529.330210362248
2018-06-21,-22583.323051301846,-22529.330210362248
2018-06-25,-22646.697982030855,-22529.330210362248
2018-06-26,-22665.588687321688,-22529.330210362248
2018-06-27,-22588.828501543667,-22529.330210362248
2018-06-28,-22616.91878506956,-22529.330210362248
2018-06-29,-22881.356934712712,-22696.746990829866
2018-07-02,-22907.611984287516,-22696.746990829866
2018-07-03,-22843.846777869247,-22696.746990829866
2018-07-04,-22980.63160346205,-22696.746990829866
2018-07-05,-22900.25711536994,-22696.746990829866
2018-07-06,-22889.982314065408,-22696.746990829866
2018-07-09,-22771.66365391875,-22696.746990829866
2018-07-10,-23056.665602982433,-22859.111798297417
2018-07-11,-23142.442020753104,-22859.111798297417
2018-07-12,-23072.944059222187,-22859.111798297417
2018-07-13,-23018.20836393786,-22859.111798297417
2018-07-16,-22969.33954183657,-22859.111798297417
2018-07-17,-22949.244133838893,-22859.111798297417
2018-07-18,-23004.315377095816,-22859.111798297417
2018-07-19,-23455.696711270673,-23182.183736014224
2018-07-20,-23349.433666831486,-23182.183736014224
2018-07-23,-23290.882269367306,-23182.183736014224
2018-07-24,-23354.834068045267,-23182.183736014224
2018-07-25,-23287.0274407752,-23182.183736014224
2018-07-26,-23346.9057046426,-23182.183736014224
2018-07-27,-23294.700573458857,-23182.183736014224
2018-07-30,-23556.939693009008,-23476.087205504773
2018-07-31,-23544.32189775495,-23476.087205504773
2018-08-01,-23502.854670884208,-23476.087205504773
2018-08-02,-23515.90159234977,-23476.087205504773
2018-08-03,-23501.437702892057,-23476.087205504773
2018-08-06,-23488.457016082637,-23476.087205504773
2018-08-07,-23490.117518624524,-23476.087205504773
2018-08-08,-23798.87082340044,-23779.616744987707
2018-08-09,-23796.8451580508,-23779.616744987707
2018-08-10,-23794.807037795184,-23779.616744987707
2018-08-13,-23794.280131212297,-23779.616744987707
2018-08-14,-23792.942054490388,-23779.616744987707
2018-08-15,-23820.543184856735,-23779.616744987707
2018-08-16,-23786.6292788865,-23779.616744987707
2018-08-17,-24104.96780815679,-24049.256089413277
2018-08-20,-24108.873397891384,-24049.256089413277
2018-08-21,-24091.830073698755,-24049.256089413277
2018-08-22,-24093.254681797425,-24049.256089413277
2018-08-23,-24073.98891740844,-24049.256089413277
2018-08-24,-24072.744503598016,-24049.256089413277
2018-08-27,-24166.20338809959,-24049.256089413277
2018-08-28,-24523.09717343669,-24490.97033393393
2018-08-29,-24519.92447614066,-24490.97033393393
2018-08-30,-24500.08244408535,-24490.97033393393
2018-08-31,-24503.082582099436,-24490.97033393393
2018-09-03,-24497.415128849294,-24490.97033393393
2018-09-04,-24511.802452295393,-24490.97033393393
2018-09-05,-24560.49174093113,-24490.97033393393
2018-09-06,-24858.282037246034,-24817.18058730649
2018-09-07,-24856.630039647294,-24817.18058730649
2018-09-10,-24840.8304357627,-24817.18058730649
2018-09-11,-24837.277882909148,-24817.18058730649
2018-09-12,-24826.27620372145,-24817.18058730649
2018-09-13,-24819.0092321883,-24817.18058730649
2018-09-14,-24818.037537817334,-24817.18058730649
2018-09-17,-25138.431243722905,-25125.266463819044
2018-09-18,-25147.32788131334,-25125.266463819044
2018-09-19,-25137.058467897194,-25125.266463819044
2018-09-20,-25141.34182175974,-25125.266463819044
2018-09-21,-25180.4706151732,-25125.266463819044
2018-09-24,-25139.736853454124,-25125.266463819044
2018-09-25,-25135.323697192645,-25125.266463819044
2018-09-26,-25452.984333144555,-25425.149244117438
2018-09-27,-25508.733007602114,-25425.149244117438
2018-09-28,-25455.777661990494,-25425.149244117438
2018-10-01,-25455.23657810606,-25425.149244117438
2018-10-02,-25435.816596346125,-25425.149244117438
2018-10-03,-25431.888747589703,-25425.149244117438
2018-10-04,-25430.72131236163,-25425.149244117438
2018-10-05,-25759.106143951303,-25710.734104229265
2018-10-08,-25767.487126434316,-25710.734104229265
2018-10-09,-25749.609381291615,-25710.734104229265
2018-10-10,-25982.38181782663,-25710.734104229265
2018-10-11,-27484.159166848513,-25500.035859537707
2018-10-12,-28435.30701892345,-28094.208639796925
2018-10-15,-28378.747089963308,-28094.208639796925
2018-10-16,-28474.178873241544,-28094.208639796925
2018-10-17,-28373.904727991816,-28094.208639796925
2018-10-18,-28271.79034244532,-28094.208639796925
2018-10-19,-28186.43357651549,-28094.208639796925
2018-10-22,-28166.324670398095,-28094.208639796925
2018-10-23,-28553.65368212485,-28283.337728540482
2018-10-24,-28506.31619776685,-28283.337728540482
2018-10-25,-28419.910919194095,-28283.337728540482
2018-10-26,-28480.77879635007,-28283.337728540482
2018-10-29,-28422.013565903777,-28283.337728540482
2018-10-30,-28437.177323394062,-28283.337728540482
2018-10-31,-28624.66806176613,-28283.337728540482
2018-11-01,-28838.71671038665,-28404.203676825975
2018-11-02,-28973.09603062536,-28404.203676825975
2018-11-05,-28825.696910202103,-28404.203676825975
2018-11-06,-28746.091781554915,-28404.203676825975
2018-11-07,-28650.95598527432,-28404.203676825975
2018-11-08,-28466.688350251883,-28404.203676825975
2018-11-09,-28434.760836579204,-28404.203676825975
2018-11-12,-28775.42201515449,-28584.038048118167
2018-11-13,-28721.84287591265,-28584.038048118167
2018-11-14,-28719.701519057286,-28584.038048118167
2018-11-15,-28770.909210962254,-28584.038048118167
2018-11-16,-28690.421801948232,-28584.038048118167
2018-11-19,-28796.77984820956,-28584.038048118167
2018-11-20,-29417.731644103522,-28528.644058267982
2018-11-21,-29773.270337911814,-29419.823566515635
2018-11-22,-29753.142430531316,-29419.823566515635
2018-11-23,-29664.01306869729,-29419.823566515635
2018-11-26,-29747.173863994674,-29419.823566515635
2018-11-27,-29665.870526093666,-29419.823566515635
2018-11-28,-29610.782018306527,-29419.823566515635
2018-11-29,-29771.520445037375,-29419.823566515635
2018-11-30,-30003.31448525602,-29775.630160365956
2018-12-03,-30055.48317016298,-29775.630160365956
2018-12-04,-30011.27255281358,-29775.630160365956
2018-12-05,-30263.344802005904,-29775.630160365956
2018-12-06,-31562.724409034014,-29443.35169775417
2018-12-07,-31629.92456723289,-30304.012699076513
2018-12-10,-31515.588463478303,-30304.012699076513
2018-12-11,-32343.526801383043,-31520.403005152326
2018-12-12,-32528.55448460205,-31520.403005152326
2018-12-13,-32335.417549684396,-31520.403005152326
2018-12-14,-32217.171387720013,-31520.403005152326
2018-12-17,-32154.274429782923,-31520.403005152326
2018-12-18,-32037.842408968525,-31520.403005152326
2018-12-19,-31899.33040102793,-31520.403005152326
2018-12-20,-32708.67358783805,-31855.546974201632
2018-12-21,-32637.987169522446,-31855.546974201632
2018-12-27,-32738.862776435795,-31855.546974201632
2018-12-28,-32564.401622002915,-31855.546974201632
2019-01-02,-32489.16029769951,-31855.546974201632
2019-01-03,-32469.418539283208,-31855.546974201632
2019-01-04,-32527.00494423208,-31855.546974201632
2019-01-07,-32899.13106463707,-31797.817349994097
2019-01-08,-32893.72929192915,-31797.817349994097
2019-01-09,-33131.595548874255,-31404.02099313557
2019-01-10,-32835.3073331668,-31404.02099313557
2019-01-11,-32710.30536848253,-31404.02099313557
2019-01-14,-32591.66478085534,-31404.02099313557
2019-01-15,-32384.957865563938,-31404.02099313557
2019-01-16,-32507.407098257896,-31900.89480430662
2019-01-17,-32435.666774762798,-31900.89480430662
2019-01-18,-32672.317538794836,-31900.89480430662
2019-01-21,-32489.17325794226,-31900.89480430662
2019-01-22,-32353.740283769577,-31900.89480430662
2019-01-23,-32242.154106174276,-31900.89480430662
2019-01-24,-32153.556766755344,-31900.89480430662
2019-01-25,-32590.504316320443,-32143.90170473362
2019-01-28,-32449.88085011588,-32143.90170473362
2019-01-29,-32354.932625369576,-32143.90170473362
2019-01-30,-32332.75065910522,-32143.90170473362
2019-01-31,-32293.975744934956,-32143.90170473362
2019-02-01,-32204.134001106897,-32143.90170473362
2019-02-04,-32194.951249651913,-32143.90170473362
2019-02-05,-32597.473450555473,-32551.891069889047
2019-02-06,-32596.136198576944,-32551.891069889047
2019-02-07,-32624.998616030316,-32551.891069889047
2019-02-08,-32611.09190692566,-32551.891069889047
2019-02-11,-32583.48614338426,-32551.891069889047
2019-02-12,-32578.522073739823,-32551.891069889047
2019-02-13,-32583.774314777813,-32551.891069889047
2019-02-14,-32905.731992747256,-32823.508060958746
2019-02-15,-32948.93544104619,-32823.508060958746
2019-02-18,-32919.01616869362,-32823.508060958746
2019-02-19,-32905.06096714958,-32823.508060958746
2019-02-20,-32881.57562479902,-32823.508060958746
2019-02-21,-32844.36677618869,-32823.508060958746
2019-02-22,-32882.297691924585,-32823.508060958746
2019-02-25,-33172.542251864514,-33122.83908159451
2019-02-26,-33159.543757276355,-33122.83908159451
2019-02-27,-33159.920409430146,-33122.83908159451
2019-02-28,-33157.70186381937,-33122.83908159451
2019-03-01,-33139.82556340374,-33122.83908159451
2019-03-04,-33134.68520350706,-33122.83908159451
2019-03-05,-33127.64963655725,-33122.83908159451
2019-03-06,-33452.938221073855,-33387.26394148676
2019-03-07,-33425.53225000034,-33387.26394148676
2019-03-08,-33416.61200245909,-33387.26394148676
2019-03-11,-33398.97077774582,-33387.26394148676
2019-03-12,-33395.251518827856,-33387.26394148676
2019-03-13,-33391.60103265324,-33387.26394148676
2019-03-14,-33409.22905560629,-33387.26394148676
2019-03-15,-33719.59473839182,-33696.62409179876
2019-03-18,-33727.90318748011,-33696.62409179876
2019-03-19,-33752.13573605658,-33696.62409179876
2019-03-20,-33722.3519729349,-33696.62409179876
2019-03-21,-33705.52505242169,-33696.62409179876
2019-03-22,-33720.299907900895,-33696.62409179876
2019-03-25,-33717.915348539806,-33696.62409179876
2019-03-26,-34032.32961378566,-33974.676674899274
2019-03-27,-34021.68342420342,-33974.676674899274
2019-03-28,-34022.630829669426,-33974.676674899274
2019-03-29,-34023.99903952149,-33974.676674899274
2019-04-01,-34030.83147732834,-33974.676674899274
2019-04-02,-34074.88015043867,-33974.676674899274
2019-04-03,-34419.39050863555,-33974.676674899274
2019-04-04,-34572.983398144606,-34391.935837603385
2019-04-05,-34557.13438143113,-34391.935837603385
2019-04-08,-34528.68957850014,-34391.935837603385
2019-04-09,-34488.21589896553,-34391.935837603385
2019-04-10,-34501.11803009417,-34391.935837603385
2019-04-11,-34455.68743302738,-34391.935837603385
2019-04-12,-34507.929444834466,-34391.935837603385
2019-04-15,-34814.5026393448,-34644.45671235939
2019-04-16,-34789.47540372917,-34644.45671235939
2019-04-17,-34818.899969686696,-34644.45671235939
2019-04-18,-34879.97244639676,-34644.45671235939
2019-04-23,-34748.11025484299,-34644.45671235939
2019-04-24,-34783.510862628085,-34644.45671235939
2019-04-25,-34841.94115538347,-34644.45671235939
2019-04-26,-35104.47854019576,-35065.225684978024
2019-04-29,-35090.23933108426,-35065.225684978024
2019-04-30,-35102.317220944526,-35065.225684978024
2019-05-02,-35100.67249253328,-35065.225684978024
2019-05-03,-35077.98358777062,-35065.225684978024
2019-05-06,-35127.886250015166,-35065.225684978024
2019-05-07,-35916.72061243012,-35118.94795645087
2019-05-08,-36061.61985924792,-35960.19598519815
2019-05-09,-36198.132628572755,-35960.19598519815
2019-05-10,-36122.79121662192,-35960.19598519815
2019-05-13,-36512.40971637158,-35960.19598519815
2019-05-14,-36256.184138207536,-35960.19598519815
2019-05-15,-36165.51483949209,-35960.19598519815
2019-05-16,-36059.21431876785,-35960.19598519815
2019-05-17,-36388.93137114082,-36038.59888309254
2019-05-20,-36382.79248011659,-36038.59888309254
2019-05-21,-36309.62000654554,-36038.59888309254
2019-05-22,-36274.45424675406,-36038.59888309254
2019-05-23,-36657.79640761611,-36038.59888309254
2019-05-24,-36444.33351173613,-36038.59888309254
2019-05-27,-36427.32182811551,-36038.59888309254
2019-05-28,-36762.50064313485,-36312.674670875414
2019-05-29,-36859.840583172394,-36312.674670875414
2019-05-31,-37504.98721971943,-35944.74694000334
2019-06-03,-37391.5759537275,-35944.74694000334
2019-06-04,-37677.00736377172,-36089.19655988125
2019-06-05,-37749.005685722084,-36222.96087012315
2019-06-07,-38266.51354486,-36222.96087012315
2019-06-11,-39721.035924906886,-39039.088173108255
2019-06-12,-39649.14550382915,-39039.088173108255
2019-06-13,-39489.1745633878,-39039.088173108255
2019-06-14,-39393.67300010812,-39039.088173108255
2019-06-18,-39447.06717434476,-39039.088173108255
2019-06-19,-39366.799302508356,-39039.088173108255
2019-06-20,-39505.56817145297,-39039.088173108255
2019-06-24,-39606.77845483346,-39062.126107894335
2019-06-25,-39524.17925182574,-39062.126107894335
2019-06-26,-39462.07682596313,-39062.126107894335
2019-06-27,-39290.50897406679,-39062.126107894335
2019-06-28,-39266.52138838258,-39062.126107894335
2019-07-01,-39415.4381084176,-39062.126107894335
2019-07-02,-39422.60651312486,-39062.126107894335
2019-07-03,-39636.29467955787,-39403.731646179156
2019-07-04,-39472.47195869925,-39403.731646179156
2019-07-05,-39507.39017828566,-39403.731646179156
2019-07-08,-39459.749123293295,-39403.731646179156
2019-07-09,-39480.88138459462,-39403.731646179156
2019-07-10,-39475.25281781398,-39403.731646179156
2019-07-11,-39465.660035899935,-39403.731646179156
2019-07-12,-39743.77206866712,-39676.63110519403
2019-07-15,-39743.91763743977,-39676.63110519403
2019-07-16,-39718.8644261752,-39676.63110519403
2019-07-17,-39820.97869500617,-39676.63110519403
2019-07-18,-40073.31891486848,-39676.63110519403
2019-07-19,-39799.70717512266,-39676.63110519403
2019-07-22,-39776.471476052306,-39676.63110519403
2019-07-23,-40059.79190331152,-39767.93887018687
2019-07-24,-40045.31075048297,-39767.93887018687
2019-07-25,-40013.668615789495,-39767.93887018687
2019-07-26,-39956.690147062705,-39767.93887018687
2019-07-29,-39878.2268556617,-39767.93887018687
2019-07-30,-39915.19441345007,-39767.93887018687
2019-07-31,-39884.185940823285,-39767.93887018687
2019-08-01,-40153.86685405153,-39878.22863951415
2019-08-02,-40650.654322131544,-39878.22863951415
2019-08-06,-42056.529004779615,-39409.63207464542
2019-08-07,-42182.50763806928,-39746.3169193187
2019-08-08,-42298.72893417047,-40605.84625734274
2019-08-09,-42178.588345736,-40605.84625734274
2019-08-12,-42012.5527875571,-40605.84625734274
2019-08-13,-42325.204599104,-41534.127608476316
2019-08-14,-42945.50343103426,-41069.2234084518
2019-08-15,-43067.24646029212,-41268.60626485873
2019-08-16,-43342.43886778225,-41395.30179964238
2019-08-19,-43421.80351987525,-41395.30179964238
2019-08-20,-43266.956522959415,-41395.30179964238
2019-08-21,-43300.519362161394,-41395.30179964238
2019-08-22,-43514.58458851305,-42678.13696962655
2019-08-23,-43468.65524961098,-42678.13696962655
2019-08-26,-43397.87658054122,-42678.13696962655
2019-08-27,-43310.067312949046,-42678.13696962655
2019-08-28,-43222.92246299406,-42678.13696962655
2019-08-29,-43368.815023410156,-42678.13696962655
2019-08-30,-43551.19128369398,-42678.13696962655
2019-09-02,-43635.03238117934,-42833.22385334402
2019-09-03,-43282.59834052721,-42833.22385334402
2019-09-04,-43279.38955477898,-42833.22385334402
2019-09-05,-43343.053411539026,-42833.22385334402
2019-09-06,-43294.20165703991,-42833.22385334402
2019-09-09,-43378.03391338703,-42833.22385334402
2019-09-10,-43793.98953712959,-42718.16108960447
2019-09-11,-44026.34757779848,-43917.63656914484
2019-09-12,-44036.66480681303,-43917.63656914484
2019-09-13,-44075.44557852517,-43917.63656914484
2019-09-16,-43995.61908547766,-43917.63656914484
2019-09-17,-43960.76862093176,-43917.63656914484
2019-09-18,-43962.80926303182,-43917.63656914484
2019-09-19,-43971.24347204889,-43917.63656914484
2019-09-20,-44266.74155205326,-44233.46068639811
2019-09-23,-44449.092163880945,-44233.46068639811
2019-09-24,-44470.68503225886,-44233.46068639811
2019-09-25,-44628.53254210457,-44233.46068639811
2019-09-26,-44377.15176743279,-44233.46068639811
2019-09-27,-44273.30664706192,-44233.46068639811
2019-09-30,-44255.683061657415,-44233.46068639811
2019-10-01,-44609.60038629918,-44508.80066219262
2019-10-02,-45095.380208056704,-44508.80066219262
2019-10-03,-45101.331459138135,-44508.80066219262
2019-10-04,-44961.51628656481,-44508.80066219262
2019-10-07,-44726.56694593627,-44508.80066219262
2019-10-08,-44766.24775582614,-44508.80066219262
2019-10-09,-44632.96403444535,-44508.80066219262
2019-10-10,-44914.306934040884,-44561.21108790554
2019-10-11,-45053.9911625949,-44561.21108790554
2019-10-14,-44983.651910619374,-44561.21108790554
2019-10-15,-45200.565468878696,-44561.21108790554
2019-10-16,-45274.47194889869,-44561.21108790554
2019-10-17,-45329.16998360316,-44561.21108790554
2019-10-18,-45846.60301721894,-44435.784890519164
2019-10-21,-47099.29711340428,-46704.99715796357
2019-10-22,-47046.3617664374,-46704.99715796357
2019-10-23,-46961.79941232432,-46704.99715796357
2019-10-24,-46958.309693349045,-46704.99715796357
2019-10-25,-46979.617395994755,-46704.99715796357
2019-10-28,-47077.200212172604,-46704.99715796357
2019-10-29,-46868.077584820225,-46704.99715796357
2019-10-30,-47053.58696616241,-46984.48973964533
2019-10-31,-47065.015408378735,-46984.48973964533
2019-11-01,-47042.961789409026,-46984.48973964533
2019-11-04,-47134.98589106945,-46984.48973964533
2019-11-05,-47070.97696824944,-46984.48973964533
2019-11-06,-47033.91353929058,-46984.48973964533
2019-11-07,-47022.22358934313,-46984.48973964533
2019-11-08,-47344.37585501478,-47267.797457598776
2019-11-11,-47341.738005418796,-47267.797457598776
2019-11-12,-47318.38150733415,-47267.797457598776
2019-11-13,-47310.04664585428,-47267.797457598776
2019-11-14,-47315.05328433426,-47267.797457598776
2019-11-15,-47297.62846174324,-47267.797457598776
2019-11-18,-47295.714105440224,-47267.797457598776
2019-11-19,-47612.75446630994,-47552.71642960955
2019-11-20,-47622.30722453934,-47552.71642960955
2019-11-21,-47630.3374422679,-47552.71642960955
2019-11-22,-47596.68593787111,-47552.71642960955
2019-11-25,-47576.008799278075,-47552.71642960955
2019-11-26,-47561.70880712438,-47552.71642960955
2019-11-27,-47557.68883693918,-47552.71642960955
2019-11-28,-47876.37908372048,-47834.425884406126
2019-11-29,-47865.72318216778,-47834.425884406126
2019-12-02,-47858.298841075084,-47834.425884406126
2019-12-03,-47878.2281839563,-47834.425884406126
2019-12-04,-47852.49755280738,-47834.425884406126
2019-12-05,-47847.15421958995,-47834.425884406126
2019-12-06,-47849.303940594466,-47834.425884406126
2019-12-09,-48166.28444822742,-48087.20092241168
2019-12-10,-48141.785400987894,-48087.20092241168
2019-12-11,-48129.03518067795,-48087.20092241168
2019-12-12,-48160.54331029053,-48087.20092241168
2019-12-13,-48209.346847147324,-48087.20092241168
2019-12-16,-48354.41450871967,-48087.20092241168
2019-12-17,-48365.050057994704,-48087.20092241168
2019-12-18,-48573.5123647287,-48485.79082781606
2019-12-19,-48547.484784744585,-48485.79082781606
2019-12-20,-48548.30485356184,-48485.79082781606
2019-12-23,-48523.89409440944,-48485.79082781606
2019-12-27,-48516.24088836627,-48485.79082781606
2019-12-30,-48530.49409275837,-48485.79082781606
2020-01-02,-48605.36468765837,-48485.79082781606
2020-01-03,-48878.26139282775,-48547.047471886945
2020-01-07,-48793.006437652875,-48547.047471886945
2020-01-08,-48731.95020409588,-48547.047471886945
2020-01-09,-48656.60401267745,-48547.047471886945
2020-01-10,-48618.275407732435,-48547.047471886945
2020-01-13,-48592.71821991428,-48547.047471886945
2020-01-14,-48580.5405461309,-48547.047471886945
2020-01-15,-48889.11829339605,-48741.57551354126
2020-01-16,-49038.20442356538,-48741.57551354126
2020-01-17,-49147.89598921417,-48741.57551354126
2020-01-20,-49040.900177194366,-48741.57551354126
2020-01-21,-49024.50492817116,-48741.57551354126
2020-01-22,-48876.622097248444,-48741.57551354126
2020-01-23,-48795.18701565683,-48741.57551354126
2020-01-24,-49181.81236768578,-48940.15205311202
2020-01-27,-49573.78246136052,-48940.15205311202
2020-01-28,-49380.567744335654,-48940.15205311202
2020-01-29,-49287.70430673235,-48940.15205311202
2020-01-30,-49196.58951363284,-48940.15205311202
2020-01-31,-49083.318049536014,-48940.15205311202
2020-02-03,-49024.74638441082,-48940.15205311202
2020-02-04,-49338.660843065205,-49025.99763809028
2020-02-05,-49516.53632813134,-49025.99763809028
2020-02-06,-49515.458672497625,-49025.99763809028
2020-02-07,-49416.43819470534,-49025.99763809028
2020-02-10,-49463.78753638543,-49025.99763809028
2020-02-11,-50115.10728060331,-48862.62892657935
2020-02-12,-50242.941946472325,-48988.44841737713
2020-02-13,-50341.26446347649,-49966.620222468155
2020-02-14,-50282.94226895727,-49966.620222468155
2020-02-17,-50235.31099971182,-49966.620222468155
2020-02-18,-50187.44612741095,-49966.620222468155
2020-02-19,-50209.696312821245,-49966.620222468155
2020-02-20,-50125.41165456529,-49966.620222468155
2020-02-21,-50059.65987783653,-49966.620222468155
2020-02-24,-52164.71132754111,-51263.654541777905
2020-02-25,-52255.30593037574,-51263.654541777905
2020-02-26,-52104.620985607595,-51263.654541777905
2020-02-27,-53320.45185197133,-50606.88968698391
2020-02-28,-55134.10704056872,-53715.263502881506
2020-03-02,-55082.67441679782,-53715.263502881506
2020-03-03,-54982.74444185978,-53715.263502881506
2020-03-04,-55182.32066898402,-53237.48246479074
2020-03-05,-55418.82680740245,-53263.68819444468
2020-03-06,-57091.301057560595,-55678.99695801258
2020-03-09,-58335.60077546911,-54978.25232123525
2020-03-10,-58810.24320946753,-56624.11894453968
2020-03-11,-59099.49842917098,-56538.14324185412
2020-03-12,-60729.231292543904,-56538.14324185412
2020-03-13,-60548.948417866035,-56538.14324185412
2020-03-16,-60943.916468104726,-56538.14324185412
2020-03-17,-62225.23670541824,-59879.68923947781
2020-03-18,-62772.84326922465,-59915.433258060475
2020-03-19,-63421.23716959781,-60164.53522242008
2020-03-20,-64098.994544378234,-61159.41184238729
2020-03-23,-64158.22537635186,-61159.41184238729
2020-03-24,-64173.24393210757,-61159.41184238729
2020-03-25,-64328.6281305642,-61159.41184238729
2020-03-26,-66327.48935118839,-63456.17816729663
2020-03-27,-67165.89782854113,-63700.747184714695
2020-03-30,-68033.42803692831,-64525.0896076137
2020-03-31,-70910.39821807064,-67982.76699718025
2020-04-01,-71797.8017470445,-68239.04341854974
2020-04-02,-72779.66700691466,-69473.77793860043
2020-04-03,-73674.15155562402,-70624.25371216731
2020-04-06,-73623.25675627378,-70624.25371216731
2020-04-07,-73713.58859602273,-70624.25371216731
2020-04-08,-73614.85270984995,-70624.25371216731
2020-04-09,-74613.9776550552,-72025.54234504676
2020-04-14,-75214.06366067813,-72029.36949629066
2020-04-15,-76142.21093963395,-73524.16958536342
2020-04-16,-76687.99651406296,-74146.7657408054
2020-04-17,-76593.40650462308,-74146.7657408054
2020-04-20,-76490.20383110852,-74146.7657408054
2020-04-21,-76378.98209401304,-74146.7657408054
2020-04-22,-77125.6423830737,-74642.35325138306
2020-04-23,-77313.06011985442,-74637.92823018772
2020-04-24,-77712.69028347573,-74650.22439230094
2020-04-27,-78148.27788456931,-75187.11082339179
2020-04-28,-78082.0771137697,-75187.11082339179
2020-04-29,-78249.72344950154,-75187.11082339179
2020-04-30,-78002.12453446275,-75187.11082339179
2020-05-04,-78669.08257991767,-76602.09666415193
2020-05-05,-79119.19675350902,-76357.86535937214
2020-05-06,-79612.62720865305,-77132.28697917818
2020-05-07,-79850.52410005551,-77344.25307802398
2020-05-08,-79751.43176294152,-77344.25307802398
2020-05-11,-79628.02941553085,-77344.25307802398
2020-05-12,-79602.87702380997,-77344.25307802398
2020-05-13,-80186.7255114752,-78235.68882277711
2020-05-14,-80616.90592194717,-77865.18500371109
2020-05-15,-81007.36464608114,-78278.2261956552
2020-05-18,-82983.5803713406,-80890.71260291607
2020-05-19,-82908.33308642304,-80890.71260291607
2020-05-20,-82712.9811264994,-80890.71260291607
2020-05-22,-82567.05015256765,-80890.71260291607
2020-05-25,-82883.0443687965,-80586.02617894656
2020-05-26,-83113.90656043608,-80696.40298277183
2020-05-27,-83366.67234826346,-80797.53668509229
2020-05-28,-84360.90168133503,-82324.01225573654
2020-05-29,-84759.05949917792,-82100.50137158479
2020-06-01,-85110.64562608149,-82176.80347080957
2020-06-02,-85114.74640815688,-82258.2580725781
2020-06-03,-85383.1652315384,-82258.2580725781
2020-06-04,-85209.47736684047,-82258.2580725781
2020-06-05,-85582.34240195926,-82258.2580725781
2020-06-08,-86195.0923254379,-84475.74608401113
2020-06-09,-86178.26197592255,-84475.74608401113
2020-06-10,-86106.57202266515,-84475.74608401113
2020-06-11,-88523.64959277796,-86618.41028749976
2020-06-12,-88274.36521200542,-86618.41028749976
2020-06-15,-88181.5554547609,-86618.41028749976
2020-06-16,-88668.15005095272,-85990.8467945125
2020-06-17,-88926.4715895437,-86235.52860750425
2020-06-18,-89140.57903207357,-86724.92757652733
2020-06-22,-89007.63807750936,-86724.92757652733
2020-06-23,-89670.52801248938,-88052.451996828
2020-06-24,-90185.86398054173,-87613.77002130658
2020-06-25,-90494.07431582469,-87806.01971714431
2020-06-26,-90701.43485124806,-88221.20443787877
2020-06-29,-90610.71433294972,-88221.20443787877
2020-06-30,-90447.30706810458,-88221.20443787877
2020-07-01,-90380.7513899584,-88221.20443787877
2020-07-02,-91303.91325179563,-89779.13979546673
2020-07-03,-91217.86882085027,-89779.13979546673
2020-07-06,-91245.17382864373,-89779.13979546673
2020-07-07,-91082.97420152921,-89779.13979546673
2020-07-08,-90916.60993528969,-89779.13979546673
2020-07-09,-90795.77328413575,-89779.13979546673
2020-07-10,-90143.70696226727,-89779.13979546673
2020-07-13,-90824.73220809408,-89918.80662142274
2020-07-14,-90756.1185387228,-89918.80662142274
2020-07-15,-90585.40692010433,-89918.80662142274
2020-07-16,-90437.78267883374,-89918.80662142274
2020-07-17,-90490.37505182467,-89918.80662142274
2020-07-20,-90601.96398606081,-89918.80662142274
2020-07-21,-90371.54430251502,-89918.80662142274
2020-07-22,-90532.08895052185,-90189.32202389739
2020-07-23,-90472.12021578841,-90189.32202389739
2020-07-24,-90675.04347977958,-90189.32202389739
2020-07-27,-90532.62287659546,-90189.32202389739
2020-07-28,-90514.32696057516,-90189.32202389739
2020-07-29,-90415.26706939744,-90189.32202389739
2020-07-30,-90979.37275010743,-90189.32202389739
2020-07-31,-91838.8464365426,-91246.27273581072
2020-08-03,-92129.86281391393,-91246.27273581072
2020-08-04,-91910.44787383563,-91246.27273581072
2020-08-05,-91996.7208228566,-91246.27273581072
2020-08-06,-91818.60644439701,-91246.27273581072
2020-08-07,-91755.04818130228,-91246.27273581072
2020-08-10,-91740.88023187988,-91246.27273581072
2020-08-11,-93314.6140810053,-92660.55346578406
2020-08-12,-93161.86995846037,-92660.55346578406
2020-08-13,-93071.73370968411,-92660.55346578406
2020-08-14,-93240.762589597,-92660.55346578406
2020-08-17,-93052.3185740505,-92660.55346578406
2020-08-18,-93067.55119910305,-92660.55346578406
2020-08-19,-92930.00426352968,-92660.55346578406
2020-08-20,-93432.18816086849,-92688.72562645563
2020-08-21,-93260.34230810478,-92688.72562645563
2020-08-24,-93584.40406169766,-92688.72562645563
2020-08-25,-93479.97623004034,-92688.72562645563
2020-08-26,-93600.82674833795,-92688.72562645563
2020-08-27,-93299.47603747001,-92688.72562645563
2020-08-28,-93012.88092485005,-92688.72562645563
2020-08-31,-93154.48793491979,-92738.64505711927
2020-09-01,-93086.73813358643,-92738.64505711927
2020-09-02,-93106.5393488101,-92738.64505711927
2020-09-03,-93028.78809452953,-92738.64505711927
2020-09-04,-92974.61106019544,-92738.64505711927
2020-09-07,-93250.35610626981,-92738.64505711927
2020-09-08,-92948.01953471403,-92738.64505711927
2020-09-09,-93672.9155775265,-93070.7161380831
2020-09-10,-93621.60682218797,-93070.7161380831
2020-09-11,-93430.59253777772,-93070.7161380831
2020-09-14,-93341.93247291236,-93070.7161380831
2020-09-15,-93296.55716245234,-93070.7161380831
2020-09-16,-93376.53793551304,-93070.7161380831
2020-09-17,-93239.10915051823,-93070.7161380831
2020-09-18,-93549.07558012428,-93193.93322483328
2020-09-21,-94719.40546292457,-92661.10398707869
2020-09-22,-94607.51523648767,-92661.10398707869
2020-09-23,-94788.25501486553,-92927.27663134522
2020-09-24,-94659.4799492988,-92927.27663134522
2020-09-25,-94490.73302575854,-92927.27663134522
2020-09-28,-95553.34847968165,-92717.79169125517
2020-09-29,-96064.55766578414,-95044.30598444266
2020-09-30,-95977.76352867577,-95044.30598444266
2020-10-01,-95824.74202596827,-95044.30598444266
2020-10-02,-95832.59424141586,-95044.30598444266
2020-10-05,-95620.07947410076,-95044.30598444266
2020-10-06,-95499.26594324065,-95044.30598444266
2020-10-07,-95356.97493502236,-95044.30598444266
2020-10-08,-95655.44264037158,-94882.99230576097
2020-10-09,-95578.05023092893,-94882.99230576097
2020-10-12,-95570.22448143673,-94882.99230576097
2020-10-13,-95470.39782958335,-94882.99230576097
2020-10-14,-95357.72835427108,-94882.99230576097
2020-10-15,-95443.33119981788,-94882.99230576097
2020-10-16,-95280.72831427709,-94882.99230576097
2020-10-19,-95303.18713650729,-94896.40543086833
2020-10-20,-95243.41516473601,-94896.40543086833
2020-10-21,-95277.59999549504,-94896.40543086833
2020-10-22,-95216.59994795143,-94896.40543086833
2020-10-23,-95140.53492176607,-94896.40543086833
2020-10-26,-95659.36454066729,-94896.40543086833
2020-10-27,-96068.76937053454,-94805.66999827109
2020-10-28,-98257.59235778458,-97784.9490469398
2020-10-29,-98195.51264559974,-97784.9490469398
2020-10-30,-98131.38791334417,-97784.9490469398
2020-11-02,-98276.90869822472,-97784.9490469398
2020-11-03,-98648.09959088553,-97784.9490469398
2020-11-04,-99364.26861104056,-97478.47805717494
2020-11-05,-100060.51301530673,-97394.72622390352
2020-11-06,-100653.77672259333,-99848.21063998254
2020-11-09,-101902.5810094395,-99171.27388835247
2020-11-10,-102066.34918193491,-99532.21856893403
2020-11-11,-102387.13562256146,-99560.18069563968
2020-11-12,-102156.16447532427,-99560.18069563968
2020-11-13,-102040.15640517784,-99560.18069563968
2020-11-16,-102206.70103990514,-99560.18069563968
2020-11-17,-102780.75988061394,-101592.73219697921
2020-11-18,-102627.48953139575,-101592.73219697921
2020-11-19,-102536.4004317204,-101592.73219697921
2020-11-20,-102447.42281047588,-101592.73219697921
2020-11-23,-102106.92830489682,-101592.73219697921
2020-11-24,-102057.97660101535,-101592.73219697921
2020-11-25,-101766.64745812977,-101592.73219697921
2020-11-26,-102058.67401728516,-101580.54085833095
2020-11-27,-102005.0852502251,-101580.54085833095
2020-11-30,-101978.81915244213,-101580.54085833095
2020-12-01,-101876.03848356164,-101580.54085833095
2020-12-02,-101817.25897621183,-101580.54085833095
2020-12-03,-101766.62771685733,-101580.54085833095
2020-12-04,-101702.4746832987,-101580.54085833095
2020-12-07,-101902.64094363406,-101890.90486652036
2020-12-08,-101928.10976434202,-101890.90486652036
2020-12-09,-101911.32438842976,-101890.90486652036
2020-12-10,-101897.61751567846,-101890.90486652036
2020-12-11,-101901.72769424356,-101890.90486652036
2020-12-14,-101893.49313893706,-101890.90486652036
2020-12-15,-101892.32412256864,-101890.90486652036
2020-12-16,-102211.89596946318,-102199.97585594308
2020-12-17,-102208.06524213962,-102199.97585594308
2020-12-18,-102203.48922756541,-102199.97585594308
2020-12-21,-102425.39081146888,-102199.97585594308
2020-12-22,-102276.37625348338,-102199.97585594308
2020-12-23,-102245.72248544345,-102199.97585594308
2020-12-28,-102220.53561354298,-102199.97585594308
2020-12-29,-102539.0298878517,-102400.15225872914
2020-12-30,-102533.2993492991,-102400.15225872914
2021-01-04,-102522.85359319166,-102400.15225872914
2021-01-05,-102491.75119608318,-102400.15225872914
2021-01-07,-103008.70879196162,-102400.15225872914
2021-01-08,-103130.43455822433,-102400.15225872914
2021-01-11,-102907.39023450999,-102400.15225872914
2021-01-12,-103550.97521542927,-103126.34365192086
2021-01-13,-103502.81515196749,-103126.34365192086
2021-01-14,-103446.27753241025,-103126.34365192086
2021-01-15,-103351.32799304262,-103126.34365192086
2021-01-18,-103314.09554626394,-103126.34365192086
2021-01-19,-103266.02398285475,-103126.34365192086
2021-01-20,-103307.0607093082,-103126.34365192086
2021-01-21,-103658.62081457964,-103251.40272385081
2021-01-22,-103605.15062550432,-103251.40272385081
2021-01-25,-103373.07752516978,-103251.40272385081
2021-01-26,-103344.718227988,-103251.40272385081
2021-01-27,-103340.9645815933,-103251.40272385081
2021-01-28,-103319.68287636126,-103251.40272385081
2021-01-29,-103430.82073234749,-103251.40272385081
2021-02-01,-103626.86003639408,-103344.8379448277
2021-02-02,-103592.05693920916,-103344.8379448277
2021-02-03,-103598.29666905408,-103344.8379448277
2021-02-04,-103463.38399472399,-103344.8379448277
2021-02-05,-103394.06004045115,-103344.8379448277
2021-02-08,-103417.26785658747,-103344.8379448277
2021-02-09,-103381.10417201956,-103344.8379448277
2021-02-10,-103690.89829540251,-103601.01378372387
2021-02-11,-103699.9066667242,-103601.01378372387
2021-02-12,-103725.0232943819,-103601.01378372387
2021-02-16,-103803.89066332892,-103601.01378372387
2021-02-17,-103680.14079913934,-103601.01378372387
2021-02-18,-103643.32049773919,-103601.01378372387
2021-02-19,-103730.64340695663,-103601.01378372387
2021-02-22,-103997.38413192744,-103877.82509716587
2021-02-23,-103987.10998161405,-103877.82509716587
2021-02-24,-103974.33011666607,-103877.82509716587
2021-02-25,-103938.72439960674,-103877.82509716587
2021-02-26,-103975.8817508874,-103877.82509716587
2021-03-01,-104049.58908527557,-103877.82509716587
2021-03-02,-104062.61945698672,-103877.82509716587
2021-03-03,-104409.28180371826,-104184.38119986976
2021-03-04,-104381.25094600228,-104184.38119986976
2021-03-05,-104425.61696426058,-104184.38119986976
2021-03-08,-104655.54025374919,-104184.38119986976
2021-03-09,-104898.14727434602,-104184.38119986976
2021-03-10,-104993.49053482861,-104184.38119986976
2021-03-11,-105930.58159483715,-103991.32058057805
2021-03-12,-106496.11503975587,-105930.10091129054
2021-03-15,-106438.51489979085,-105930.10091129054
2021-03-16,-106411.9567755517,-105930.10091129054
2021-03-17,-106262.97732416292,-105930.10091129054
2021-03-18,-106218.01068258432,-105930.10091129054
2021-03-19,-106136.47493154099,-105930.10091129054
2021-03-22,-106083.52314892817,-105930.10091129054
2021-03-23,-106364.58187874977,-105892.62947320465
2021-03-24,-106355.32009966356,-105892.62947320465
2021-03-25,-106268.39664845487,-105892.62947320465
2021-03-26,-106269.19155240721,-105892.62947320465
2021-03-29,-106041.59402259965,-105892.62947320465
2021-03-30,-106167.28212101922,-105892.62947320465
2021-03-31,-106043.3937858125,-105892.62947320465
2021-04-01,-106389.88983821344,-106080.89647873597
2021-04-06,-106457.03590054357,-106080.89647873597
2021-04-07,-106212.50378302204,-106080.89647873597
2021-04-08,-106234.49790798829,-106080.89647873597
2021-04-09,-106281.82488952987,-106080.89647873597
2021-04-12,-106133.95980491948,-106080.89647873597
2021-04-13,-106177.01434535261,-106080.89647873597
2021-04-14,-106430.04938923025,-106344.46958859646
2021-04-15,-106435.96628879326,-106344.46958859646
2021-04-16,-106790.20557328594,-106344.46958859646
2021-04-19,-106564.19001333158,-106344.46958859646
2021-04-20,-106613.15468732131,-106344.46958859646
2021-04-21,-106541.49395922293,-106344.46958859646
2021-04-22,-106490.92051513109,-106344.46958859646
2021-04-23,-106809.34305078904,-106321.75840229903
2021-04-26,-106731.87720394492,-106321.75840229903
2021-04-27,-106737.05085584293,-106321.75840229903
2021-04-28,-106603.26745741541,-106321.75840229903
2021-04-29,-106523.35644757994,-106321.75840229903
2021-04-30,-106521.30269104868,-106321.75840229903
2021-05-03,-106440.2048635318,-106321.75840229903
2021-05-04,-106959.87391961747,-106463.44898536288
2021-05-05,-108041.02556015868,-105867.78456754166
2021-05-06,-107895.57177702147,-105867.78456754166
2021-05-07,-108070.6265823095,-106044.05032927658
2021-05-10,-108163.17224083073,-106205.7782060163
2021-05-11,-108999.95367477223,-106205.7782060163
2021-05-12,-108641.4110519076,-106205.7782060163
2021-05-14,-108705.10142092581,-107308.84650475968
2021-05-17,-108525.03521835615,-107308.84650475968
2021-05-18,-108395.20031621262,-107308.84650475968
2021-05-19,-108486.14739789638,-107308.84650475968
2021-05-20,-108190.57489890685,-107308.84650475968
2021-05-21,-108063.00309246546,-107308.84650475968
2021-05-24,-107929.70253911667,-107308.84650475968
2021-05-25,-108238.23399807638,-106906.06407480274
2021-05-26,-108136.42114163243,-106906.06407480274
2021-05-27,-107997.20133935874,-106906.06407480274
2021-05-28,-107917.81576201112,-106906.06407480274
2021-05-31,-107757.20624967631,-106906.06407480274
2021-06-01,-107741.24017119533,-106906.06407480274
2021-06-02,-107559.3205463746,-106906.06407480274
2021-06-03,-107701.73970223605,-106802.61712062372
2021-06-04,-107600.58538168819,-106802.61712062372
2021-06-07,-107495.19544009645,-106802.61712062372
2021-06-08,-107409.67815905236,-106802.61712062372
2021-06-09,-106956.11767107136,-106802.61712062372
2021-06-10,-106914.3988131623,-106802.61712062372
2021-06-11,-106843.21929974644,-106802.61712062372
2021-06-14,-107156.04292310968,-106977.97076735743
2021-06-15,-107103.71918183875,-106977.97076735743
2021-06-16,-106986.74100090741,-106977.97076735743
2021-06-17,-106978.35133411636,-106977.97076735743
2021-06-18,-106990.1355602081,-106977.97076735743
2021-06-21,-106980.56077417538,-106977.97076735743
2021-06-22,-106979.05573186104,-106977.97076735743
2021-06-23,-107312.84655849794,-107287.84995129674
2021-06-24,-107390.7306963454,-107287.84995129674
2021-06-28,-107332.29351636565,-107287.84995129674
2021-06-29,-107421.18946384356,-107287.84995129674
2021-06-30,-107325.8099830698,-107287.84995129674
2021-07-01,-107343.38840804782,-107287.84995129674
2021-07-02,-107397.73111931235,-107287.84995129674
2021-07-05,-107767.47510219485,-107693.79402872697
2021-07-06,-107755.73231021078,-107693.79402872697
2021-07-07,-107894.66022890994,-107693.79402872697
2021-07-08,-107841.26293157137,-107693.79402872697
2021-07-09,-107910.50480254086,-107693.79402872697
2021-07-12,-108007.9973869556,-107693.79402872697
2021-07-13,-108074.93733140003,-107693.79402872697
2021-07-14,-108444.99654083427,-108081.85698031478
2021-07-15,-108410.58109033894,-108081.85698031478
2021-07-16,-108354.37344138912,-108081.85698031478
2021-07-19,-109006.34866183903,-108081.85698031478
2021-07-20,-108667.09874602452,-108081.85698031478
2021-07-21,-108378.84461980908,-108081.85698031478
2021-07-22,-108242.19214235552,-108081.85698031478
2021-07-23,-108660.41534277811,-108080.51180429079
2021-07-26,-108553.88020690394,-108080.51180429079
2021-07-27,-108473.71923346551,-108080.51180429079
2021-07-28,-108371.00091961106,-108080.51180429079
2021-07-29,-108312.97044170795,-108080.51180429079
2021-07-30,-108278.6434378748,-108080.51180429079
2021-08-02,-108217.07730284143,-108080.51180429079
2021-08-03,-108514.2564579382,-108024.83877091523
2021-08-04,-108396.83524435543,-108024.83877091523
2021-08-05,-108222.55062402993,-108024.83877091523
2021-08-06,-108133.01645075735,-108024.83877091523
2021-08-09,-108100.71256966834,-108024.83877091523
2021-08-10,-108092.71287757644,-108024.83877091523
2021-08-11,-108089.7052265822,-108024.83877091523
2021-08-12,-108402.04090310982,-108227.20607673236
2021-08-13,-108366.74244800604,-108227.20607673236
2021-08-16,-108296.61793456879,-108227.20607673236
2021-08-17,-108257.9034535867,-108227.20607673236
2021-08-18,-108252.76512928713,-108227.20607673236
2021-08-19,-108592.88291668797,-108227.20607673236
2021-08-20,-108291.52477551473,-108227.20607673236
2021-08-23,-108575.82993559598,-108480.2067743892
2021-08-24,-108548.35445003353,-108480.2067743892
2021-08-25,-108540.18041891533,-108480.2067743892
2021-08-26,-108520.79057377337,-108480.2067743892
2021-08-27,-108504.79128667671,-108480.2067743892
2021-08-30,-108493.80826094458,-108480.2067743892
2021-08-31,-108497.78337928302,-108480.2067743892
2021-09-01,-108811.4476971709,-108704.2258455063
2021-09-02,-108867.97284142609,-108704.2258455063
2021-09-03,-108796.89505743493,-108704.2258455063
2021-09-06,-108879.85851824701,-108704.2258455063
2021-09-07,-108792.9478355107,-108704.2258455063
2021-09-08,-108799.1997176254,-108704.2258455063
2021-09-09,-108760.91482949752,-108704.2258455063
2021-09-10,-109077.4568260318,-108817.77070848258
2021-09-13,-108984.0892888697,-108817.77070848258
2021-09-14,-108940.67059679612,-108817.77070848258
2021-09-15,-108953.1311708506,-108817.77070848258
2021-09-16,-108853.39690036912,-108817.77070848258
2021-09-17,-108848.34686685432,-108817.77070848258
2021-09-20,-109361.85438181968,-108817.77070848258
2021-09-21,-109595.15594222656,-109364.3819997027
2021-09-22,-109713.33339122406,-109364.3819997027
2021-09-23,-110328.73818927744,-109364.3819997027
2021-09-24,-109911.2633515435,-109364.3819997027
2021-09-27,-109748.55565077558,-109364.3819997027
2021-09-28,-109678.3862480257,-109364.3819997027
2021-09-29,-109580.77625659948,-109364.3819997027
2021-09-30,-109846.60538780101,-109279.95662382156
2021-10-01,-109759.88313291076,-109279.95662382156
2021-10-04,-109695.85754755046,-109279.95662382156
2021-10-05,-109627.26739975723,-109279.95662382156
2021-10-06,-109731.63683097197,-109279.95662382156
2021-10-07,-109609.57162729625,-109279.95662382156
2021-10-08,-109566.81513262072,-109279.95662382156
2021-10-11,-109890.87047717196,-109148.41424129662
2021-10-12,-109910.97080715261,-109148.41424129662
2021-10-13,-110140.21380445584,-109148.41424129662
2021-10-14,-110378.23625032368,-109148.41424129662
2021-10-15,-110883.62274245411,-108662.95905206952
2021-10-18,-110602.30832428954,-108915.01981120856
2021-10-19,-110909.07945842356,-108954.0275132867
2021-10-20,-111119.14238341703,-110522.7011464123
2021-10-21,-110914.87907291015,-110522.7011464123
2021-10-22,-110945.91257268953,-110522.7011464123
2021-10-25,-110815.35480760057,-110522.7011464123
2021-10-26,-110653.47498120183,-110522.7011464123
2021-10-27,-110603.1975897821,-110522.7011464123
2021-10-28,-110585.90210683778,-110522.7011464123
2021-10-29,-110977.01202735325,-110641.85776332031
2021-11-01,-110918.12854530009,-110641.85776332031
2021-11-02,-110848.77590728896,-110641.85776332031
2021-11-03,-110800.4195588653,-110641.85776332031
2021-11-04,-110779.70572234635,-110641.85776332031
2021-11-05,-110707.186785099,-110641.85776332031
2021-11-08,-110707.49328206842,-110641.85776332031
2021-11-09,-110995.04805923617,-110942.24215913707
2021-11-10,-110968.20155803676,-110942.24215913707
2021-11-11,-110975.38699312977,-110942.24215913707
2021-11-12,-111018.23671978228,-110942.24215913707
2021-11-15,-111041.13008934069,-110942.24215913707
2021-11-16,-111080.84916208216,-110942.24215913707
2021-11-17,-111039.95602282658,-110942.24215913707
2021-11-18,-111301.09703512308,-111270.84379620712
2021-11-19,-111283.01576029106,-111270.84379620712
2021-11-22,-111274.71086650735,-111270.84379620712
2021-11-23,-111324.77874663135,-111270.84379620712
2021-11-24,-111294.49448257673,-111270.84379620712
2021-11-25,-111286.21748251216,-111270.84379620712
2021-11-26,-114030.16366354655,-110968.03114760405
2021-11-29,-114143.37276981282,-113411.52206633518
2021-11-30,-114225.40024198254,-113411.52206633518
2021-12-01,-114308.34227312915,-113411.52206633518
2021-12-02,-114167.6754207863,-113411.52206633518
2021-12-03,-114188.31013200799,-113411.52206633518
2021-12-06,-114154.44289074601,-113411.52206633518
2021-12-07,-114943.13146129757,-112816.84036264522
2021-12-08,-115263.66901165587,-113762.9816479157
2021-12-09,-115131.30943645534,-113762.9816479157
2021-12-10,-114990.842921973,-113762.9816479157
2021-12-13,-114871.08826412781,-113762.9816479157
2021-12-14,-114906.87280537785,-113762.9816479157
2021-12-15,-114722.52914057719,-113762.9816479157
2021-12-16,-114508.28430493333,-113762.9816479157
2021-12-17,-114845.27348854595,-113360.32415845021
2021-12-20,-114779.93939899557,-113360.32415845021
2021-12-21,-114690.55610922775,-113360.32415845021
2021-12-22,-114674.33689587156,-113360.32415845021
2021-12-23,-115590.65425517975,-112544.12754415297
2021-12-27,-115174.91895646212,-112506.32229275708
2021-12-28,-115432.3260552064,-112549.72041824224
2021-12-29,-115633.415153389,-114811.27207628363
2021-12-30,-115382.79253351994,-114811.27207628363
2022-01-03,-115337.38839138804,-114811.27207628363
2022-01-04,-115291.55029857976,-114811.27207628363
2022-01-05,-115055.28310236138,-114811.27207628363
2022-01-07,-114947.32984127363,-114811.27207628363
2022-01-10,-115440.38102559395,-114811.27207628363
2022-01-11,-115442.21221055533,-114799.84257414131
2022-01-12,-115459.31261721137,-114799.84257414131
2022-01-13,-115366.71893629064,-114799.84257414131
2022-01-14,-115323.54899564407,-114799.84257414131
2022-01-17,-115220.9785232399,-114799.84257414131
2022-01-18,-115585.53574448584,-114799.84257414131
2022-01-19,-115356.11623346058,-114799.84257414131
2022-01-20,-115463.25270733134,-114593.56375102316
2022-01-21,-115601.12938341757,-114593.56375102316
2022-01-24,-117875.3662221434,-113638.15381444368
2022-01-25,-117915.381060322,-115491.667079781
2022-01-26,-118671.29222231972,-115156.46561082327
2022-01-27,-118381.57923247569,-115156.46561082327
2022-01-28,-118186.8798330962,-115156.46561082327
2022-01-31,-118947.38871974258,-117427.96851512395
2022-02-01,-118913.04499654961,-117427.96851512395
2022-02-02,-118882.72768671701,-117427.96851512395
2022-02-03,-118695.45543933775,-117427.96851512395
2022-02-04,-118635.40354882562,-117427.96851512395
2022-02-07,-118325.30038672705,-117427.96851512395
2022-02-08,-118145.3872655365,-117427.96851512395
2022-02-09,-118632.59244992193,-117070.52983955707
2022-02-10,-118520.42300573464,-117070.52983955707
2022-02-11,-118361.42112233222,-117070.52983955707
2022-02-14,-119174.39040739945,-116271.28081825252
2022-02-15,-119492.25859616805,-116323.27131337363
2022-02-16,-119605.04259579082,-116984.06016423051
2022-02-17,-119489.26254744497,-116984.06016423051
2022-02-18,-120358.20681093945,-118735.19930932549
2022-02-21,-119976.51881082423,-118735.19930932549
2022-02-22,-119863.36804931775,-118735.19930932549
2022-02-23,-119785.47760395477,-118735.19930932549
2022-02-24,-121579.6250704328,-118035.77769305403
2022-02-25,-122006.46002933303,-118534.30537413164
2022-02-28,-122028.51717649662,-118939.93225255693
2022-03-01,-122443.86938689563,-120892.9606798426
2022-03-02,-122366.0355876604,-120892.9606798426
2022-03-03,-122387.57464799662,-120892.9606798426
2022-03-04,-123601.66859129694,-120034.0352917608
2022-03-07,-123805.47138642213,-120284.54200417674
2022-03-08,-124071.00641428004,-120459.07759953421
2022-03-09,-124166.96060936854,-120459.07759953421
2022-03-10,-124818.92407159197,-122883.76876647078
2022-03-11,-125268.93596904154,-122384.05700325483
2022-03-14,-125578.15644953195,-122430.22270351193
2022-03-15,-125773.45683764614,-123021.9421943185
2022-03-16,-126498.43386072436,-123021.9421943185
2022-03-17,-126315.01439507955,-123021.9421943185
2022-03-18,-126507.19113930344,-123021.9421943185
2022-03-21,-127458.1026217576,-125145.53902794188
2022-03-22,-127343.72569890557,-125145.53902794188
2022-03-23,-127284.5754888275,-125145.53902794188
2022-03-24,-127101.43822349283,-125145.53902794188
2022-03-25,-127446.02194671359,-124347.08461895086
2022-03-28,-127651.00597204377,-124892.78911468775
2022-03-29,-127870.87862054163,-124753.27371428735
2022-03-30,-128321.9364927399,-126457.46594807228
2022-03-31,-128238.54815088201,-126457.46594807228
2022-04-01,-127713.05352905286,-126457.46594807228
2022-04-04,-127595.15541584899,-126457.46594807228
2022-04-05,-127453.1924623287,-126457.46594807228
2022-04-06,-127205.09404074709,-126457.46594807228
2022-04-07,-127042.16529523891,-126457.46594807228
2022-04-08,-127272.66908604435,-126124.8575345688
2022-04-11,-127351.64545130359,-126124.8575345688
2022-04-12,-127207.71613361803,-126124.8575345688
2022-04-13,-126576.22729493334,-126124.8575345688
2022-04-14,-126563.59965457444,-126124.8575345688
2022-04-19,-126420.85720405799,-126124.8575345688
2022-04-20,-126305.47260853906,-126124.8575345688
2022-04-21,-126586.622019086,-126049.0977369797
2022-04-22,-126654.1109512016,-126049.0977369797
2022-04-25,-127606.86056653714,-125511.64773707071
2022-04-26,-128233.29499336303,-125333.09006497267
2022-04-27,-128240.4125946982,-126272.0564782393
2022-04-28,-127882.46682232947,-126272.0564782393
2022-04-29,-127999.4927775762,-126272.0564782393
2022-05-02,-128077.50369340432,-127344.22010038653
2022-05-03,-128008.46921039779,-127344.22010038653
2022-05-04,-127871.77122089511,-127344.22010038653
2022-05-05,-127983.81433880702,-127344.22010038653
2022-05-06,-128218.25990269837,-127344.22010038653
2022-05-09,-129673.79880759385,-126909.34120502828
2022-05-10,-129574.77470960174,-127884.49297882759
2022-05-11,-130962.55320640901,-129973.21413175996
2022-05-12,-130862.59391351059,-129973.21413175996
2022-05-13,-131132.54794291605,-129973.21413175996
2022-05-16,-130971.22773854916,-129973.21413175996
2022-05-17,-131419.26741543823,-129421.44119477684
2022-05-18,-131605.58991342605,-129487.93176506773
2022-05-19,-131725.09558648532,-129583.48299436821
2022-05-20,-132004.41393611088,-130859.46992261312
2022-05-23,-131956.01411261148,-130859.46992261312
2022-05-24,-131704.8725058641,-130859.46992261312
2022-05-25,-131541.48765540958,-130859.46992261312
2022-05-27,-132707.02639611988,-130197.24840238877
2022-05-30,-132953.60582104878,-130220.79228423396
2022-05-31,-132998.8158971961,-130681.21862088068
2022-06-01,-133389.12481537965,-131964.40876019062
2022-06-02,-133482.0156888689,-131964.40876019062
2022-06-03,-133274.68062488045,-131964.40876019062
2022-06-07,-133156.36732695985,-131964.40876019062
2022-06-08,-132795.5259308443,-131964.40876019062
2022-06-09,-132567.65279771277,-131964.40876019062
2022-06-10,-132936.59207065185,-131964.40876019062
2022-06-13,-134366.9425779094,-133034.4125451197
2022-06-14,-134246.2988436396,-133034.4125451197
2022-06-15,-134116.0688658059,-133034.4125451197
2022-06-16,-134950.62482858662,-132357.8268459897
2022-06-17,-135137.19713715502,-132563.26478510973
2022-06-20,-135293.55890748027,-133256.26669118906
2022-06-21,-135182.78677062877,-133256.26669118906
2022-06-22,-135426.03345371186,-134089.1805681575
2022-06-23,-135463.5672165371,-134089.1805681575
2022-06-27,-135657.92199166236,-134089.1805681575
2022-06-28,-135076.6957156705,-134089.1805681575
2022-06-29,-134904.7641547279,-134089.1805681575
2022-06-30,-134840.98573963912,-134089.1805681575
2022-07-01,-134713.94718422685,-134089.1805681575
2022-07-04,-134916.80842656628,-133800.97920912714
2022-07-05,-134938.01376433953,-133800.97920912714
2022-07-06,-135147.91848579946,-133800.97920912714
2022-07-07,-135808.7828831746,-133118.35389023862
2022-07-08,-136090.0852317252,-133186.76655534958
2022-07-11,-136167.46389767205,-133628.81851108518
2022-07-12,-136020.5667059872,-133628.81851108518
2022-07-13,-136574.42164891053,-135012.42149116113
2022-07-14,-136576.04670918934,-135012.42149116113
2022-07-15,-136247.58681462356,-135012.42149116113
2022-07-18,-136103.90307802142,-135012.42149116113
2022-07-19,-136189.75002482743,-135012.42149116113
2022-07-20,-136075.3328453932,-135012.42149116113
2022-07-21,-136133.78280915724,-135012.42149116113
2022-07-22,-136500.78909037894,-135115.01176693928
2022-07-25,-136138.0070660602,-135115.01176693928
2022-07-26,-136054.4635093815,-135115.01176693928
2022-07-27,-135929.81612715925,-135115.01176693928
2022-07-28,-135782.22619502866,-135115.01176693928
2022-07-29,-136186.92499419383,-135115.01176693928
2022-08-01,-135815.7855065092,-135115.01176693928
2022-08-02,-135931.03439671468,-134879.37594495
2022-08-03,-135644.52817068607,-134879.37594495
2022-08-04,-135588.09697182148,-134879.37594495
2022-08-05,-135400.66234174103,-134879.37594495
2022-08-08,-135340.8403302904,-134879.37594495
2022-08-09,-135162.766285439,-134879.37594495
2022-08-10,-135251.17750331477,-134879.37594495
2022-08-11,-135459.930522878,-134987.54615727018
2022-08-12,-135418.0362686509,-134987.54615727018
2022-08-15,-135332.57138527778,-134987.54615727018
2022-08-16,-135426.1255560263,-134987.54615727018
2022-08-17,-135240.89251172278,-134987.54615727018
2022-08-18,-135315.8872115615,-134987.54615727018
2022-08-19,-135172.49349277548,-134987.54615727018
2022-08-22,-135617.76950590333,-134929.29622507113
2022-08-23,-135551.11744480344,-134929.29622507113
2022-08-24,-135475.55930154625,-134929.29622507113
2022-08-25,-135340.37610515417,-134929.29622507113
2022-08-26,-135426.6810703399,-134929.29622507113
2022-08-29,-135579.21198744906,-134929.29622507113
2022-08-30,-135452.3961314002,-134929.29622507113
2022-08-31,-136427.73941503465,-135907.8386367365
2022-09-01,-136767.9953415212,-135907.8386367365
2022-09-02,-136696.1097711088,-135907.8386367365
2022-09-05,-136642.0306423404,-135907.8386367365
2022-09-06,-136489.84825374896,-135907.8386367365
2022-09-07,-136302.049180188,-135907.8386367365
2022-09-08,-136196.5434616973,-135907.8386367365
2022-09-09,-136589.99027497007,-135747.6069004936
2022-09-12,-136969.95093520024,-135747.6069004936
2022-09-13,-136636.13481509822,-135747.6069004936
2022-09-14,-136558.88860484477,-135747.6069004936
2022-09-15,-136439.66855226507,-135747.6069004936
2022-09-16,-136727.69430328876,-135747.6069004936
2022-09-19,-136623.23749212825,-135747.6069004936
2022-09-20,-137696.35657714595,-136765.6405594832
2022-09-21,-137785.34765933623,-136765.6405594832
2022-09-22,-137733.71331114756,-136765.6405594832
2022-09-23,-137776.2566147478,-136765.6405594832
2022-09-26,-137759.02786557566,-136765.6405594832
2022-09-27,-137501.18370184492,-136765.6405594832
2022-09-28,-137326.23306003024,-136765.6405594832
2022-09-29,-138509.05689771363,-137416.6853038002
2022-09-30,-138535.34129267247,-137416.6853038002
2022-10-03,-138801.42383685522,-136914.979871342
2022-10-04,-140942.40846855563,-139469.92723989522
2022-10-05,-140961.56732256405,-139469.92723989522
2022-10-06,-140852.18910091266,-139469.92723989522
2022-10-07,-141522.33501678612,-138780.74814585168
2022-10-10,-141591.76187978766,-139006.24441789038
2022-10-11,-141696.76652693373,-139240.1886726636
2022-10-12,-141530.39417656636,-139240.1886726636
2022-10-13,-141924.8074660651,-140584.50680078665
2022-10-14,-141811.94339164224,-140584.50680078665
2022-10-17,-142429.25286032128,-139961.00366846935
2022-10-18,-142807.7401785076,-139844.04854304955
2022-10-19,-142964.16919857182,-140367.73922201092
2022-10-20,-142679.22412593305,-140367.73922201092
2022-10-21,-142495.78047434374,-140367.73922201092
2022-10-24,-143186.30217534726,-141808.3285066791
2022-10-25,-143214.6243222733,-141808.3285066791
2022-10-26,-143156.30955037058,-141808.3285066791
2022-10-27,-142828.50145984325,-141808.3285066791
2022-10-28,-142739.1104406667,-141808.3285066791
2022-10-31,-142584.40534126657,-141808.3285066791
2022-11-01,-142255.04946047743,-141808.3285066791
2022-11-02,-142547.67408379915,-142041.01030378998
2022-11-03,-142587.84952117124,-142041.01030378998
2022-11-04,-142428.8084541219,-142041.01030378998
2022-11-07,-142438.29808180354,-142041.01030378998
2022-11-08,-142787.66753174417,-142041.01030378998
2022-11-09,-142669.63508404884,-142041.01030378998
2022-11-10,-145716.61811884574,-144890.52280275218
2022-11-11,-145647.1429717075,-144890.52280275218
2022-11-14,-145480.17618586894,-144890.52280275218
2022-11-15,-145379.4376803833,-144890.52280275218
2022-11-16,-145449.3139443918,-144890.52280275218
2022-11-17,-145394.88121849968,-144890.52280275218
2022-11-18,-145162.15584285907,-144890.52280275218
2022-11-21,-145436.42212971975,-144824.60659112333
2022-11-22,-145376.45441908666,-144824.60659112333
2022-11-23,-145414.53409200892,-144824.60659112333
2022-11-24,-145317.22542828738,-144824.60659112333
2022-11-25,-145348.71647937753,-144824.60659112333
2022-11-28,-145144.4437561272,-144824.60659112333
2022-11-29,-145062.97043936924,-144824.60659112333
2022-11-30,-145414.23894411352,-144760.16899961032
2022-12-01,-145391.5506230603,-144760.16899961032
2022-12-02,-145258.09473607296,-144760.16899961032
2022-12-05,-145306.4602060336,-144760.16899961032
2022-12-06,-145055.36818728966,-144760.16899961032
2022-12-07,-145022.66669714602,-144760.16899961032
2022-12-08,-144771.450175938,-144760.16899961032
2022-12-09,-145107.8886760263,-144973.41451405737
2022-12-12,-145084.2087884631,-144973.41451405737
2022-12-13,-145211.67677863393,-144973.41451405737
2022-12-14,-145116.4196132525,-144973.41451405737
2022-12-15,-145383.122861651,-144973.41451405737
2022-12-16,-145885.9387010492,-144973.41451405737
2022-12-19,-145762.7999518063,-144973.41451405737
2022-12-20,-146514.33636178132,-145974.32357264278
2022-12-21,-146693.11158650153,-145974.32357264278
2022-12-22,-146500.90702782822,-145974.32357264278
2022-12-23,-146488.3419600187,-145974.32357264278
2022-12-27,-146528.01931450062,-145974.32357264278
2022-12-28,-146334.90022960378,-145974.32357264278
2022-12-29,-146503.6838686967,-145974.32357264278
2022-12-30,-146556.78188654484,-145812.94020326855
2023-01-02,-146792.03511766106,-145812.94020326855
2023-01-03,-146905.10939685456,-145812.94020326855
2023-01-04,-147625.09894191773,-145268.77434799934
2023-01-05,-147909.71591066,-145271.52550715485
2023-01-09,-150011.7876493187,-148846.18663639712
2023-01-10,-149897.1829975533,-148846.18663639712
2023-01-11,-149873.0943369372,-148846.18663639712
2023-01-12,-149861.35439959264,-148846.18663639712
2023-01-13,-149687.44100081542,-148846.18663639712
2023-01-16,-149361.26423137775,-148846.18663639712
2023-01-17,-149091.1889050689,-148846.18663639712
2023-01-18,-149424.59738401484,-148858.9913705819
2023-01-19,-149810.34135616713,-148858.9913705819
2023-01-20,-149503.3413093256,-148858.9913705819
2023-01-23,-149343.34261585053,-148858.9913705819
2023-01-24,-149268.46569150483,-148858.9913705819
2023-01-25,-149223.0948212685,-148858.9913705819
2023-01-26,-149202.16966066376,-148858.9913705819
2023-01-27,-149443.21441027167,-148715.0716428048
2023-01-30,-149211.3999748551,-148715.0716428048
2023-01-31,-149083.09714961957,-148715.0716428048
2023-02-01,-149054.70066286897,-148715.0716428048
2023-02-02,-150692.98836579433,-148205.81105224614
2023-02-03,-150863.56722672502,-148332.9920563941
2023-02-06,-150637.28259489205,-148873.49450889434
2023-02-07,-150923.20066295037,-150117.0823499275
2023-02-08,-150798.874735612,-150117.0823499275
2023-02-09,-150726.23048067797,-150117.0823499275
2023-02-10,-151061.70592710463,-150117.0823499275
2023-02-13,-150723.9824270223,-150117.0823499275
2023-02-14,-150618.35006672874,-150117.0823499275
2023-02-15,-150503.06035213932,-150117.0823499275
2023-02-16,-150676.92326593638,-149924.11345020996
2023-02-17,-150562.16583300906,-149924.11345020996
2023-02-20,-150462.19669596813,-149924.11345020996
2023-02-21,-150488.32760235455,-149924.11345020996
2023-02-22,-150399.2131938019,-149924.11345020996
2023-02-23,-150275.93651033545,-149924.11345020996
2023-02-24,-150432.4391875291,-149924.11345020996
2023-02-27,-150525.49332943145,-149762.6482615696
2023-02-28,-150448.62070781604,-149762.6482615696
2023-03-01,-150402.2544379051,-149762.6482615696
2023-03-02,-149880.1283393773,-149762.6482615696
2023-03-03,-149962.89916586527,-149762.6482615696
2023-03-06,-149910.0207717406,-149762.6482615696
2023-03-07,-149825.37050532224,-149762.6482615696
2023-03-08,-150140.44028284057,-149892.13201165735
2023-03-09,-150091.182980679,-149892.13201165735
2023-03-10,-150549.3044308821,-149892.13201165735
2023-03-13,-151434.51039525148,-149578.63628996606
2023-03-14,-151589.70276236103,-150037.52464848917
2023-03-15,-154177.59773727503,-153094.23961012738
2023-03-16,-154319.07136690227,-153094.23961012738
2023-03-17,-154153.71311220367,-153094.23961012738
2023-03-20,-154231.13887194655,-153094.23961012738
2023-03-21,-154448.28275309998,-153094.23961012738
2023-03-22,-154359.5986710697,-153094.23961012738
2023-03-23,-154092.09401131517,-153094.23961012738
2023-03-24,-154251.88298225685,-152697.22161079038
2023-03-27,-154214.56866204157,-152697.22161079038
2023-03-28,-154139.4194146581,-152697.22161079038
2023-03-29,-154740.519255076,-151966.57049603187
2023-03-30,-155446.204589067,-151643.07619778163
2023-03-31,-156770.4113830056,-154900.94219738818
2023-04-03,-156662.73225265523,-154900.94219738818
2023-04-04,-156522.025465986,-154900.94219738818
2023-04-05,-156690.93636765858,-154900.94219738818
2023-04-06,-156482.16883148174,-154900.94219738818
2023-04-11,-156090.5377912341,-154900.94219738818
2023-04-12,-155847.65792406088,-154900.94219738818
2023-04-13,-156152.57805731814,-154449.01057085636
2023-04-14,-155453.6769614573,-154449.01057085636
2023-04-17,-155323.40736686214,-154449.01057085636
2023-04-18,-155123.87549129417,-154449.01057085636
2023-04-19,-154948.4382682162,-154449.01057085636
2023-04-20,-154833.6954356987,-154449.01057085636
2023-04-21,-154743.86810582317,-154449.01057085636
2023-04-24,-155135.27096006135,-154489.37050781026
2023-04-25,-154780.73644894024,-154489.37050781026
2023-04-26,-154751.4677324733,-154489.37050781026
2023-04-27,-154747.3326601519,-154489.37050781026
2023-04-28,-154651.0341172438,-154489.37050781026
2023-05-02,-154595.03858667726,-154489.37050781026
2023-05-03,-154540.24175895666,-154489.37050781026
2023-05-04,-154874.8227280833,-154676.4410061125
2023-05-05,-154881.33573926744,-154676.4410061125
2023-05-08,-154733.12846313426,-154676.4410061125
2023-05-09,-154713.21987233698,-154676.4410061125
2023-05-10,-154701.83724624716,-154676.4410061125
2023-05-11,-154694.2464062408,-154676.4410061125
2023-05-12,-154689.30289011914,-154676.4410061125
2023-05-15,-155014.61686990593,-154949.07361327755
2023-05-16,-155014.4414961857,-154949.07361327755
2023-05-17,-154995.1854377926,-154949.07361327755
2023-05-19,-155230.44467217964,-154949.07361327755
2023-05-22,-155147.25798301582,-154949.07361327755
2023-05-23,-155043.160951567,-154949.07361327755
2023-05-24,-155045.3542920747,-154949.07361327755
2023-05-25,-155345.87209109557,-155025.528654001
2023-05-26,-155724.72830642757,-155025.528654001
2023-05-29,-155446.90290659896,-155025.528654001
2023-05-30,-155359.56322876769,-155025.528654001
2023-05-31,-155168.02248224837,-155025.528654001
2023-06-01,-155203.63988406686,-155025.528654001
2023-06-02,-155670.93246130957,-155025.528654001
2023-06-05,-155953.95806806246,-155486.80283960034
2023-06-07,-155935.83018936205,-155486.80283960034
2023-06-08,-155834.07497787706,-155486.80283960034
2023-06-09,-155746.82635492916,-155486.80283960034
2023-06-12,-155671.78508216134,-155486.80283960034
2023-06-13,-155744.2522875045,-155486.80283960034
2023-06-14,-155642.0102668224,-155486.80283960034
2023-06-15,-155921.45011868104,-155540.4525055416
2023-06-16,-155904.42771065308,-155540.4525055416
2023-06-19,-155783.88186957515,-155540.4525055416
2023-06-20,-155796.58449047955,-155540.4525055416
2023-06-21,-155866.20365504717,-155540.4525055416
2023-06-22,-156197.82542351988,-155540.4525055416
2023-06-26,-156065.5285315494,-155540.4525055416
2023-06-27,-156110.06099303687,-155966.4381371353
2023-06-28,-156144.79279648163,-155966.4381371353
2023-06-29,-156319.92091891074,-155966.4381371353
2023-06-30,-156636.43458075734,-155966.4381371353
2023-07-03,-156340.71448517975,-155966.4381371353
2023-07-04,-156177.59486304116,-155966.4381371353
2023-07-05,-156045.66516946486,-155966.4381371353
2023-07-06,-156316.19893884796,-156114.05042950742
2023-07-07,-156305.7308327526,-156114.05042950742
2023-07-10,-156263.9047134269,-156114.05042950742
2023-07-11,-156244.56947948798,-156114.05042950742
2023-07-12,-156270.60365073735,-156114.05042950742
2023-07-13,-156220.401418043,-156114.05042950742
2023-07-14,-156160.433534598,-156114.05042950742
2023-07-17,-156463.4853156463,-156276.3112760374
2023-07-18,-156450.136567181,-156276.3112760374
2023-07-19,-156397.2036829829,-156276.3112760374
2023-07-20,-156381.6626300714,-156276.3112760374
2023-07-21,-156321.31752338604,-156276.3112760374
2023-07-24,-156308.44206272496,-156276.3112760374
2023-07-25,-156317.66747864353,-156276.3112760374
2023-07-26,-156619.45719925588,-156450.13143877112
2023-07-27,-156638.17121228692,-156450.13143877112
2023-07-28,-156559.88826513794,-156450.13143877112
2023-07-31,-156520.04792365606,-156450.13143877112
2023-08-01,-156485.49194815228,-156450.13143877112
2023-08-02,-156473.12553457107,-156450.13143877112
2023-08-03,-156483.17465297785,-156450.13143877112
2023-08-04,-156781.6754292332,-156721.66592389968
2023-08-07,-156768.19220785814,-156721.66592389968
2023-08-08,-156765.62780793104,-156721.66592389968
2023-08-09,-156748.8032644371,-156721.66592389968
2023-08-10,-156760.2228492749,-156721.66592389968
2023-08-11,-156739.16255510002,-156721.66592389968
2023-08-14,-156731.88636853092,-156721.66592389968
2023-08-15,-157071.8910540883,-156972.0951853221
2023-08-16,-157035.79871833234,-156972.0951853221
2023-08-17,-157067.7649581018,-156972.0951853221
2023-08-18,-157080.3497642024,-156972.0951853221
2023-08-21,-157066.18980493987,-156972.0951853221
2023-08-22,-157003.19674750272,-156972.0951853221
2023-08-23,-156986.4788128964,-156972.0951853221
2023-08-24,-157304.11221135457,-157266.23134520647
2023-08-25,-157297.96031162862,-157266.23134520647
2023-08-28,-157411.28961943087,-157266.23134520647
2023-08-29,-157553.88782172822,-157266.23134520647
2023-08-30,-157436.25718287544,-157266.23134520647
2023-08-31,-157363.4189932804,-157266.23134520647
2023-09-01,-157336.41946644173,-157266.23134520647
2023-09-04,-157677.61216640033,-157619.8191458348
2023-09-05,-157671.83400637272,-157619.8191458348
2023-09-06,-157650.04629118595,-157619.8191458348
2023-09-07,-157635.67838163182,-157619.8191458348
2023-09-08,-157630.4344577058,-157619.8191458348
2023-09-11,-157624.68120473545,-157619.8191458348
2023-09-12,-157621.38829186515,-157619.8191458348
2023-09-13,-157945.87778190174,-157922.95276751328
2023-09-14,-157992.4398316578,-157922.95276751328
2023-09-15,-157989.8309448684,-157922.95276751328
2023-09-18,-157954.3350432973,-157922.95276751328
2023-09-19,-157933.22144969506,-157922.95276751328
2023-09-20,-157997.48942245875,-157922.95276751328
2023-09-21,-157939.31674289994,-157922.95276751328
2023-09-22,-158251.14270788987,-158173.8847292105
2023-09-25,-158209.09875106538,-158173.8847292105
2023-09-26,-158248.09666883203,-158173.8847292105
2023-09-27,-158242.09362913264,-158173.8847292105
2023-09-28,-158210.65167749865,-158173.8847292105
2023-09-29,-158188.64061180697,-158173.8847292105
2023-10-02,-158187.71329800473,-158173.8847292105
2023-10-03,-158541.79798619496,-158459.07350193363
2023-10-04,-158523.45875884482,-158459.07350193363
2023-10-05,-158511.7853384906,-158459.07350193363
2023-10-06,-158631.64202230194,-158459.07350193363
2023-10-09,-158529.1713382244,-158459.07350193363
2023-10-10,-159407.9032581546,-158459.07350193363
2023-10-11,-159317.24372195822,-158459.07350193363
2023-10-12,-160259.31722363606,-159804.89164874388
2023-10-13,-160284.0768874728,-159804.89164874388
2023-10-16,-160209.3600283879,-159804.89164874388
2023-10-17,-160305.33234444231,-159804.89164874388
2023-10-18,-160648.2102530556,-159804.89164874388
2023-10-19,-161295.54739532125,-159526.27799639647
2023-10-20,-163309.1497978148,-162659.0371852022
2023-10-23,-163241.15988070203,-162659.0371852022
2023-10-24,-163140.56831676548,-162659.0371852022
2023-10-25,-163068.6726956858,-162659.0371852022
2023-10-26,-163004.09714290657,-162659.0371852022
2023-10-27,-162984.23341915867,-162659.0371852022
2023-10-30,-162884.43552431872,-162659.0371852022
2023-10-31,-163160.76917594916,-162540.2164385489
2023-11-01,-163083.11977944727,-162540.2164385489
2023-11-02,-163373.01645446764,-162540.2164385489
2023-11-03,-163487.17253269514,-162540.2164385489
2023-11-06,-163326.26457770666,-162540.2164385489
2023-11-07,-162870.198501271,-162540.2164385489
2023-11-08,-162793.7406335755,-162540.2164385489
2023-11-09,-163438.92710618404,-163098.21139897953
2023-11-10,-163434.1127010051,-163098.21139897953
2023-11-13,-163363.55092771252,-163098.21139897953
2023-11-14,-163659.28758172135,-163098.21139897953
2023-11-15,-163885.72359242756,-163098.21139897953
2023-11-16,-163499.68170237046,-163098.21139897953
2023-11-17,-163667.86530368225,-163098.21139897953
2023-11-20,-164060.91675342407,-163752.93689152767
2023-11-21,-164034.049031071,-163752.93689152767
2023-11-22,-164005.33634887953,-163752.93689152767
2023-11-23,-163998.43861394445,-163752.93689152767
2023-11-24,-163934.58749507187,-163752.93689152767
2023-11-27,-163889.10617736625,-163752.93689152767
2023-11-28,-163826.04623297902,-163752.93689152767
2023-11-29,-164193.09180761754,-163898.5736641634
2023-11-30,-164068.5454637368,-163898.5736641634
2023-12-01,-164088.97911425115,-163898.5736641634
2023-12-04,-164065.17291385113,-163898.5736641634
2023-12-05,-164107.5062957526,-163898.5736641634
2023-12-06,-164301.0458821586,-163898.5736641634
2023-12-07,-164192.4253632375,-163898.5736641634
2023-12-08,-164827.5552874896,-164703.95423953966
2023-12-11,-164917.54976738358,-164703.95423953966
2023-12-12,-164772.11925724376,-164703.95423953966
2023-12-13,-164735.69537470787,-164703.95423953966
2023-12-14,-164918.36497747264,-164703.95423953966
2023-12-15,-165118.43704137526,-164703.95423953966
2023-12-18,-164935.5619791334,-164703.95423953966
2023-12-19,-165308.13735325282,-165247.50058668348
2023-12-20,-165298.57131921797,-165247.50058668348
2023-12-21,-165297.4627271612,-165247.50058668348
2023-12-22,-165283.46584101807,-165247.50058668348
2023-12-27,-165274.90281284857,-165247.50058668348
2023-12-28,-165259.51165057617,-165247.50058668348
2023-12-29,-165257.8230538236,-165247.50058668348
2024-01-02,-165574.80586184055,-165514.14729565795
2024-01-03,-165768.12689354122,-165514.14729565795
2024-01-04,-165698.3505567661,-165514.14729565795
2024-01-05,-165921.2259026543,-165514.14729565795
2024-01-08,-165688.8119792921,-165514.14729565795
2024-01-09,-165756.11946930934,-165514.14729565795
2024-01-10,-165699.45695067177,-165514.14729565795
2024-01-11,-165996.36829061917,-165849.62268755303
2024-01-12,-166052.3502134457,-165849.62268755303
2024-01-15,-165971.59114448377,-165849.62268755303
2024-01-16,-165882.71093425745,-165849.62268755303
2024-01-17,-165921.91752115785,-165849.62268755303
2024-01-18,-165880.92871454023,-165849.62268755303
2024-01-19,-165889.708740711,-165849.62268755303
2024-01-22,-166188.923588404,-166034.87576171051
2024-01-23,-166166.96081466303,-166034.87576171051
2024-01-24,-166200.7850856838,-166034.87576171051
2024-01-25,-166233.40205768423,-166034.87576171051
2024-01-26,-166255.026819839,-166034.87576171051
2024-01-29,-166192.3381489772,-166034.87576171051
2024-01-30,-166157.1013115739,-166034.87576171051
2024-01-31,-166380.37751263543,-166300.0942296651
2024-02-01,-166375.9905740465,-166300.0942296651
2024-02-02,-166341.16493327,-166300.0942296651
2024-02-05,-166334.9943306816,-166300.0942296651
2024-02-06,-166323.43622520092,-166300.0942296651
2024-02-07,-166314.40253497122,-166300.0942296651
2024-02-08,-166308.37160966892,-166300.0942296651
2024-02-09,-166625.0527262878,-166564.75511325581
2024-02-12,-166633.4433679851,-166564.75511325581
2024-02-13,-166595.57136861104,-166564.75511325581
2024-02-14,-166577.81077083538,-166564.75511325581
2024-02-15,-166615.06735336408,-166564.75511325581
2024-02-16,-166715.93220007914,-166564.75511325581
2024-02-19,-166639.82298008443,-166564.75511325581
2024-02-20,-166961.0161422782,-166946.35704809614
2024-02-21,-166955.32493111634,-166946.35704809614
2024-02-22,-166956.7941025347,-166946.35704809614
2024-02-23,-166959.7976022195,-166946.35704809614
2024-02-26,-166957.30731309467,-166946.35704809614
2024-02-27,-166955.48066699383,-166946.35704809614
2024-02-28,-166952.0381874748,-166946.35704809614
2024-02-29,-167272.02965494283,-167264.202065665
2024-03-01,-167272.43861214764,-167264.202065665
2024-03-04,-167264.40612688963,-167264.202065665
2024-03-05,-167264.25526803374,-167264.202065665
2024-03-06,-167264.27723652468,-167264.202065665
2024-03-07,-167264.35453793517,-167264.202065665
2024-03-08,-167264.69165093734,-167264.202065665
2024-03-11,-167584.3146990783,-167583.67518368465
2024-03-12,-167632.21623873024,-167583.67518368465
2024-03-13,-167638.33153625784,-167583.67518368465
2024-03-14,-167617.13564296297,-167583.67518368465
2024-03-15,-167608.1911009373,-167583.67518368465
2024-03-18,-167591.27456508132,-167583.67518368465
2024-03-19,-167594.52666528328,-167583.67518368465
2024-03-20,-167908.7778468396,-167894.3631179829
2024-03-21,-168050.29419766157,-167894.3631179829
2024-03-22,-167975.7023988932,-167894.3631179829
2024-03-25,-167942.62112958875,-167894.3631179829
2024-03-26,-168007.51756836512,-167894.3631179829
2024-03-27,-167951.8280483913,-167894.3631179829
2024-03-28,-167915.12269801172,-167894.3631179829
2024-04-02,-168229.78662092966,-168094.97932303353
2024-04-03,-168205.83427669338,-168094.97932303353
2024-04-04,-168196.48539725045,-168094.97932303353
2024-04-05,-168161.66706655448,-168094.97932303353
2024-04-08,-168168.72407224355,-168094.97932303353
2024-04-09,-168132.47940448383,-168094.97932303353
2024-04-10,-168122.19500068986,-168094.97932303353
2024-04-11,-168420.85752216808,-168353.15000577326
2024-04-12,-168414.6336998646,-168353.15000577326
2024-04-15,-168452.24928961185,-168353.15000577326
2024-04-16,-168412.33991933748,-168353.15000577326
2024-04-17,-168387.2546823307,-168353.15000577326
2024-04-18,-168392.21198544806,-168353.15000577326
2024-04-19,-168367.99472741055,-168353.15000577326
2024-04-22,-168677.78543526487,-168635.84613295025
2024-04-23,-168823.88807581484,-168635.84613295025
2024-04-24,-168771.22077518416,-168635.84613295025
2024-04-25,-168682.39467847953,-168635.84613295025
2024-04-26,-168845.99962527922,-168635.84613295025
2024-04-29,-168854.54154750193,-168635.84613295025
2024-04-30,-168741.9444608355,-168635.84613295025
2024-05-02,-168986.66940288304,-168820.46476669866
2024-05-03,-169000.49075143025,-168820.46476669866
2024-05-06,-169116.85148827487,-168820.46476669866
2024-05-07,-169475.88159276673,-168820.46476669866
2024-05-08,-169331.4329289232,-168820.46476669866
2024-05-10,-170398.67896226817,-168712.89861056668
2024-05-13,-170276.1266103996,-168915.24535078666
2024-05-14,-170896.3206485612,-170640.77533640002
2024-05-15,-170848.73152613125,-170640.77533640002
2024-05-16,-170789.22666249526,-170640.77533640002
2024-05-17,-170783.35256468804,-170640.77533640002
2024-05-20,-170729.75235163112,-170640.77533640002
2024-05-21,-170691.27184134643,-170640.77533640002
2024-05-22,-170674.2326869116,-170640.77533640002
2024-05-23,-170981.25708490686,-170837.19365519434
2024-05-24,-170980.1114394948,-170837.19365519434
2024-05-27,-170920.6238454816,-170837.19365519434
2024-05-28,-170902.21125068094,-170837.19365519434
2024-05-29,-171095.1711192597,-170837.19365519434
2024-05-30,-170980.44091293306,-170837.19365519434
2024-05-31,-170876.35175841372,-170837.19365519434
2024-06-03,-171176.18231083892,-171080.0514537272
2024-06-04,-171187.05806676095,-171080.0514537272
2024-06-05,-171131.47292130243,-171080.0514537272
2024-06-07,-171134.52478226196,-171080.0514537272
2024-06-10,-171093.4065466361,-171080.0514537272
2024-06-11,-171096.9181606945,-171080.0514537272
2024-06-12,-171111.0877680136,-171080.0514537272
2024-06-13,-171450.66733262638,-171214.62989922584
2024-06-14,-171463.4773239408,-171214.62989922584
2024-06-17,-171432.8500474366,-171214.62989922584
2024-06-18,-171322.65434508407,-171214.62989922584
2024-06-19,-171334.74839454817,-171214.62989922584
2024-06-20,-171277.61974961645,-171214.62989922584
2024-06-24,-171270.38435916792,-171214.62989922584
2024-06-25,-171611.57830297019,-171296.97463228417
2024-06-26,-171596.39284642262,-171296.97463228417
2024-06-27,-171518.13569165667,-171296.97463228417
2024-06-28,-171451.63807591549,-171296.97463228417
2024-07-01,-171476.39635193345,-171296.97463228417
2024-07-02,-171397.7065544619,-171296.97463228417
2024-07-03,-171372.37645014963,-171296.97463228417
2024-07-04,-171680.27705714406,-171374.82189904124
2024-07-05,-171611.543578522,-171374.82189904124
2024-07-08,-171550.65809061608,-171374.82189904124
2024-07-09,-171629.67902523285,-171374.82189904124
2024-07-10,-171526.82034912865,-171374.82189904124
2024-07-11,-171439.78112690005,-171374.82189904124
2024-07-12,-171800.27863143373,-171374.82189904124
2024-07-15,-171853.6831355252,-171495.90398783726
2024-07-16,-171817.82084914928,-171495.90398783726
2024-07-17,-171760.77442883438,-171495.90398783726
2024-07-18,-171697.79794133815,-171495.90398783726
2024-07-19,-171755.81406740955,-171495.90398783726
2024-07-22,-171632.9880655916,-171495.90398783726
2024-07-23,-171559.3697900036,-171495.90398783726
2024-07-24,-171935.4469509204,-171576.39180280842
2024-07-25,-171867.33423652037,-171576.39180280842
2024-07-26,-171843.9232296737,-171576.39180280842
2024-07-29,-171783.75048226235,-171576.39180280842
2024-07-30,-171760.88300839142,-171576.39180280842
2024-07-31,-171806.09520586696,-171576.39180280842
2024-08-01,-171779.68506369213,-171576.39180280842
2024-08-02,-173901.08525601943,-172834.23739785393
2024-08-05,-174288.74954732228,-172834.23739785393
2024-08-06,-174267.6593027585,-172834.23739785393
2024-08-07,-173875.98835393047,-172834.23739785393
2024-08-08,-173669.47557460857,-172834.23739785393
2024-08-09,-173328.90080832463,-172834.23739785393
2024-08-12,-173215.64490023156,-172834.23739785393
2024-08-13,-173532.71223843642,-172514.04870333886
2024-08-14,-173565.75781482688,-172514.04870333886
2024-08-15,-173818.43966224368,-172514.04870333886
2024-08-16,-173842.68791375821,-172514.04870333886
2024-08-19,-173845.39492022293,-172514.04870333886
2024-08-20,-173515.13169005758,-172514.04870333886
2024-08-21,-173325.9421878059,-172514.04870333886
2024-08-22,-173951.05123980076,-172842.58509084594
2024-08-23,-173912.61414659797,-172842.58509084594
2024-08-26,-173861.7296996182,-172842.58509084594
2024-08-27,-173671.4341108718,-172842.58509084594
2024-08-28,-173581.68805499564,-172842.58509084594
2024-08-29,-173543.75815900473,-172842.58509084594
2024-08-30,-173121.19718409004,-172842.58509084594
2024-09-02,-173186.0478749192,-173168.7190993881
2024-09-03,-173208.8856897579,-173168.7190993881
2024-09-04,-173351.24408167877,-173168.7190993881
2024-09-05,-173630.40876089636,-173168.7190993881
2024-09-06,-174500.05397355751,-173105.15422362488
2024-09-09,-174273.03568453155,-173105.15422362488
2024-09-10,-174186.4680655439,-173105.15422362488
2024-09-11,-174402.2828870554,-174233.08690223203
2024-09-12,-174407.50267438058,-174233.08690223203
2024-09-13,-174469.8144947785,-174233.08690223203
2024-09-16,-174461.94752618897,-174233.08690223203
2024-09-17,-174748.80581775805,-174233.08690223203
2024-09-18,-174541.40637215797,-174233.08690223203
2024-09-19,-175795.87446045256,-174152.00188428944
2024-09-20,-175760.72062594446,-175423.63229956152
2024-09-23,-175714.34102629338,-175423.63229956152
2024-09-24,-175674.50325582633,-175423.63229956152
2024-09-25,-175762.80828251952,-175423.63229956152
2024-09-26,-176089.82685424175,-175423.63229956152
2024-09-27,-175963.99620838248,-175423.63229956152
2024-09-30,-175739.87871941808,-175423.63229956152
2024-10-01,-175896.046627341,-175537.0472074944
2024-10-02,-175764.84679375798,-175537.0472074944
2024-10-03,-175721.62357347165,-175537.0472074944
2024-10-04,-175622.26160695156,-175537.0472074944
2024-10-07,-175581.5717714977,-175537.0472074944
2024-10-08,-175578.64931100732,-175537.0472074944
2024-10-09,-175556.22992037202,-175537.0472074944
2024-10-10,-175904.44024711222,-175756.9913909942
2024-10-11,-175909.10223666372,-175756.9913909942
2024-10-14,-175919.89043078708,-175756.9913909942
2024-10-15,-175828.886570643,-175756.9913909942
2024-10-16,-175807.24169302903,-175756.9913909942
2024-10-17,-175764.23912760965,-175756.9913909942
2024-10-18,-175763.55604082195,-175756.9913909942
2024-10-21,-176079.82295893432,-176041.5392358801
2024-10-22,-176067.9363907741,-176041.5392358801
2024-10-23,-176057.40957555253,-176041.5392358801
2024-10-24,-176043.28447095858,-176041.5392358801
2024-10-25,-176046.04978095062,-176041.5392358801
2024-10-28,-176107.2339576389,-176041.5392358801
2024-10-29,-176059.98872146776,-176041.5392358801
2024-10-30,-176366.45188503296,-176308.50991888496
2024-10-31,-176432.37636242984,-176308.50991888496
2024-11-01,-176374.95915855144,-176308.50991888496
2024-11-04,-176354.03822843308,-176308.50991888496
2024-11-05,-176336.5213413909,-176308.50991888496
2024-11-06,-176345.91930042693,-176308.50991888496
2024-11-07,-176333.5604568283,-176308.50991888496
2024-11-08,-176658.05703725657,-176479.25454099255
2024-11-11,-176689.47870675314,-176479.25454099255
2024-11-12,-176983.980124607,-176479.25454099255
2024-11-13,-176931.44362786817,-176479.25454099255
2024-11-14,-176756.99734993576,-176479.25454099255
2024-11-15,-176859.04005522272,-176479.25454099255
2024-11-18,-176808.7493073932,-176479.25454099255
2024-11-19,-177250.26761084417,-176770.6048765923
2024-11-20,-177167.96812586047,-176770.6048765923
2024-11-21,-177131.16513898977,-176770.6048765923
2024-11-22,-177151.3366795826,-176770.6048765923
2024-11-25,-177007.03362823045,-176770.6048765923
2024-11-26,-176908.76735153166,-176770.6048765923
2024-11-27,-176850.846324901,-176770.6048765923
2024-11-28,-177157.13326005146,-176875.8820148719
2024-11-29,-177104.51004273066,-176875.8820148719
2024-12-02,-177344.74374562435,-176875.8820148719
2024-12-03,-177688.9012217285,-176875.8820148719
2024-12-04,-178207.35600622205,-176645.80997809093
2024-12-05,-178338.56868513982,-176729.92485203367
2024-12-06,-178450.3719648901,-176848.00814784583
2024-12-09,-178759.63479258813,-178494.8166925707
2024-12-10,-178539.56869172468,-178494.8166925707
2024-12-11,-178542.75888545273,-178494.8166925707
2024-12-12,-178569.13374009117,-178494.8166925707
2024-12-13,-178621.14528303815,-178494.8166925707
2024-12-16,-178687.78941713655,-178494.8166925707
2024-12-17,-178760.80388194072,-178494.8166925707
2024-12-18,-178982.7583445376,-178940.92414627864
2024-12-19,-179404.28176125445,-178940.92414627864
2024-12-20,-179402.60935774143,-178940.92414627864
2024-12-23,-179413.9764218792,-178940.92414627864
2024-12-27,-179163.29797578874,-178940.92414627864
2024-12-30,-179177.3983693953,-178940.92414627864
2025-01-02,-179021.187684731,-178940.92414627864
2025-01-03,-179322.30547193214,-179065.1780125353
2025-01-07,-179418.34557799433,-179065.1780125353
2025-01-08,-179307.59037195088,-179065.1780125353
2025-01-09,-179300.97194557422,-179065.1780125353
2025-01-10,-179153.44025451512,-179065.1780125353
2025-01-13,-179111.8706569637,-179065.1780125353
2025-01-14,-179102.38499506132,-179065.1780125353
2025-01-15,-179794.7202402476,-179420.6329071566
2025-01-16,-179800.92089809536,-179420.6329071566
2025-01-17,-180064.47922643114,-179420.6329071566
2025-01-20,-179953.74431010772,-179420.6329071566
2025-01-21,-180203.0815681019,-179420.6329071566
2025-01-22,-180276.1387040766,-179420.6329071566
2025-01-23,-180979.20026770595,-179283.27864132088
2025-01-24,-180528.64223634955,-180409.0836427099
2025-01-27,-180561.14655842644,-180409.0836427099
2025-01-28,-180582.6480904375,-180409.0836427099
2025-01-29,-180495.33674770186,-180409.0836427099
2025-01-30,-180462.36840729375,-180409.0836427099
2025-01-31,-180439.98732471876,-180409.0836427099
2025-02-03,-180516.93758940315,-180409.0836427099
2025-02-04,-180784.76677378514,-180567.09747757364
2025-02-05,-180752.26404901108,-180567.09747757364
2025-02-06,-180879.00341718437,-180567.09747757364
2025-02-07,-180725.80782082613,-180567.09747757364
2025-02-10,-180731.83343821266,-180567.09747757364
2025-02-11,-180730.0179017401,-180567.09747757364
2025-02-12,-180674.5441198831,-180567.09747757364
2025-02-13,-181561.7292270107,-181314.59566873938
2025-02-14,-181483.4424646955,-181314.59566873938
2025-02-17,-181522.22261998663,-181314.59566873938
2025-02-18,-181544.97997190902,-181314.59566873938
2025-02-19,-181499.58398490798,-181314.59566873938
2025-02-20,-181437.9349737577,-181314.59566873938
2025-02-21,-181398.42059831988,-181314.59566873938
2025-02-24,-181696.24588122813,-181353.55234466746
2025-02-25,-181657.24009773202,-181353.55234466746
2025-02-26,-181947.18968780682,-181353.55234466746
2025-02-27,-181721.31744258018,-181353.55234466746
2025-02-28,-181591.04951728397,-181353.55234466746
2025-03-03,-181559.61948488685,-181353.55234466746
2025-03-04,-182041.79031514755,-181353.55234466746
2025-03-05,-182234.10229981272,-180903.8530217644
2025-03-06,-182057.6079401607,-180903.8530217644
2025-03-07,-181867.8420946814,-180903.8530217644
2025-03-10,-181758.26545918293,-180903.8530217644
2025-03-11,-182347.24215720184,-180903.8530217644
2025-03-12,-182152.38125076034,-180903.8530217644
2025-03-13,-182051.63940386722,-180903.8530217644
2025-03-14,-181959.16369217206,-180594.8303221742
2025-03-17,-181790.143809251,-180594.8303221742
2025-03-18,-181650.34981441923,-180594.8303221742
2025-03-19,-181397.95135421088,-180594.8303221742
2025-03-20,-181273.8095018818,-180594.8303221742
2025-03-21,-181500.58709583973,-180594.8303221742
2025-03-24,-181358.0592501843,-180594.8303221742
2025-03-25,-181544.81602280168,-180334.52840575555
2025-03-26,-181491.86520533805,-180334.52840575555
2025-03-27,-181770.14284907893,-180334.52840575555
2025-03-28,-182493.83435478786,-179537.9280683465
2025-03-31,-183380.95143472523,-179187.23033401073
2025-04-01,-182871.4620213967,-179704.3613521137
2025-04-02,-183310.06541206007,-179704.3613521137
2025-04-03,-187695.1770426686,-186799.2136111789
2025-04-04,-189347.88739562078,-185897.35387448044
2025-04-07,-192508.63296593082,-190718.01226129392
2025-04-08,-193340.1847573146,-189971.1109574833
2025-04-09,-193901.94901558335,-189805.884483084
2025-04-10,-196309.25596796672,-193431.86463885373
2025-04-11,-196127.06548421647,-193431.86463885373
2025-04-14,-196829.88793393152,-192792.15431564773
2025-04-15,-197489.63575025357,-192737.51063279016
2025-04-16,-198024.46358525305,-193637.897591396
2025-04-17,-197886.05338224513,-193637.897591396
2025-04-22,-197754.77777533367,-193637.897591396
2025-04-23,-198976.7746983552,-195693.85716408785
2025-04-24,-199490.14055837173,-195676.39087059224
2025-04-25,-200033.76879507565,-195991.74479238887
2025-04-28,-200576.0915568756,-196650.5407940853
2025-04-29,-200453.99320371353,-196650.5407940853
2025-04-30,-200248.00507075427,-196650.5407940853
2025-05-02,-200128.80434362826,-196650.5407940853
2025-05-05,-201046.55888443138,-197695.44468994983
2025-05-06,-201370.5111198013,-197386.05259831555
2025-05-07,-201431.69294424757,-197653.63483790413
2025-05-08,-200988.60718448678,-197748.79009574972
2025-05-09,-200692.250268203,-197748.79009574972
2025-05-12,-201352.82966174601,-197748.79009574972
2025-05-13,-201151.02432741434,-197748.79009574972
2025-05-14,-201304.02438981392,-200347.5364736267
2025-05-15,-201085.8145286854,-200347.5364736267
2025-05-16,-200858.4949057459,-200347.5364736267
2025-05-19,-200775.36382108624,-200347.5364736267
2025-05-20,-200798.4183407997,-200347.5364736267
2025-05-21,-200627.60859766166,-200347.5364736267
2025-05-22,-200558.8973472537,-200347.5364736267
2025-05-23,-200993.12826564364,-200280.11798223786
2025-05-26,-201091.6968087828,-200280.11798223786
2025-05-27,-201078.35268036707,-200280.11798223786
2025-05-28,-200891.44602118712,-200280.11798223786
2025-05-30,-200702.32405924005,-200280.11798223786
2025-06-02,-200549.80928849446,-200280.11798223786
2025-06-03,-200496.4789483108,-200280.11798223786
2025-06-04,-200855.75480324242,-200290.99651569044
2025-06-05,-200817.636610139,-200290.99651569044
2025-06-09,-200713.83774792516,-200290.99651569044
2025-06-10,-200642.0386311939,-200290.99651569044
2025-06-11,-200331.40805652025,-200290.99651569044
2025-06-12,-200347.42932721326,-200290.99651569044
2025-06-13,-200418.93448989274,-200290.99651569044
2025-06-16,-200644.4856812873,-200479.21997219633
2025-06-17,-200666.0930692293,-200479.21997219633
2025-06-18,-200637.804730984,-200479.21997219633
2025-06-19,-200641.94089142603,-200479.21997219633
2025-06-23,-200807.2122658448,-200479.21997219633
2025-06-24,-200548.3362472925,-200479.21997219633
2025-06-25,-200541.85668368728,-200479.21997219633
2025-06-26,-200816.8626488624,-200752.76218749897
2025-06-27,-201421.75862959377,-200752.76218749897
2025-06-30,-201199.87421668667,-200752.76218749897
2025-07-01,-201103.43835200174,-200752.76218749897
2025-07-02,-201549.02942156207,-200752.76218749897
2025-07-03,-201614.49469847418,-200752.76218749897
2025-07-04,-201208.10015153763,-200752.76218749897
2025-07-07,-201497.64540380778,-201196.12591221408
2025-07-08,-201465.64012730814,-201196.12591221408
2025-07-09,-201493.18371578347,-201196.12591221408
2025-07-10,-202057.51459597988,-201196.12591221408
2025-07-11,-201590.27000013788,-201196.12591221408
2025-07-14,-201420.1621656615,-201196.12591221408
2025-07-15,-201345.17422429138,-201196.12591221408
2025-07-16,-201602.06206556168,-201184.99163916786
2025-07-17,-201962.57233763937,-201184.99163916786
2025-07-18,-201778.89431243172,-201184.99163916786
2025-07-21,-201693.71375348011,-201184.99163916786
2025-07-22,-201489.08575384005,-201184.99163916786
2025-07-23,-202332.46718567458,-201184.99163916786
2025-07-24,-202589.69244057857,-200934.17550984427
2025-07-25,-202800.38417032594,-202370.7405050816
2025-07-28,-202758.44686342208,-202370.7405050816
2025-07-29,-202684.12962473504,-202370.7405050816
2025-07-30,-202585.71257634665,-202370.7405050816
2025-07-31,-202618.6209873182,-202370.7405050816
2025-08-01,-203149.27924612907,-202370.7405050816
2025-08-04,-202809.92203997172,-202370.7405050816
2025-08-05,-203002.60077726768,-202362.66875666022
2025-08-06,-202918.01393501423,-202362.66875666022
2025-08-07,-202910.66141508796,-202362.66875666022
2025-08-08,-202835.89718937123,-202362.66875666022
2025-08-11,-202661.98832825024,-202362.66875666022
2025-08-12,-202774.29012439735,-202362.66875666022
2025-08-13,-202706.6570685235,-202362.66875666022
2025-08-14,-203150.227611973,-202866.57587327596
2025-08-15,-203108.1347954183,-202866.57587327596
2025-08-18,-203066.46239639126,-202866.57587327596
2025-08-19,-203151.3895946703,-202866.57587327596
2025-08-20,-202959.45392696795,-202866.57587327596
2025-08-21,-202917.46784756592,-202866.57587327596
2025-08-22,-203172.79575812415,-202866.57587327596
2025-08-25,-203310.9981246751,-203038.44269437515
2025-08-26,-203271.46842308523,-203038.44269437515
2025-08-27,-203262.6803631792,-203038.44269437515
2025-08-28,-203184.62161865164,-203038.44269437515
2025-08-29,-203129.5259169775,-203038.44269437515
2025-09-01,-203087.19893850366,-203038.44269437515
2025-09-02,-203732.8733192577,-203038.44269437515
2025-09-03,-203710.49221501785,-203414.31023943395
2025-09-04,-203646.20633897197,-203414.31023943395
2025-09-05,-203718.33159271468,-203414.31023943395
2025-09-08,-203777.69942552585,-203414.31023943395
2025-09-09,-203649.50767103067,-203414.31023943395
2025-09-10,-203579.83855452226,-203414.31023943395
2025-09-11,-203561.8334304178,-203414.31023943395
2025-09-12,-203850.6696564352,-203623.58525212412
2025-09-15,-203800.04360884475,-203623.58525212412
2025-09-16,-203743.32064846167,-203623.58525212412
2025-09-17,-203713.08837794184,-203623.58525212412
2025-09-18,-203690.60439384123,-203623.58525212412
2025-09-19,-203646.81586128383,-203623.58525212412
2025-09-22,-203635.16479492513,-203623.58525212412
2025-09-23,-203985.50122608064,-203891.4731317211
2025-09-24,-204013.75532937062,-203891.4731317211
2025-09-25,-204116.84385497012,-203891.4731317211
2025-09-26,-203990.55547820727,-203891.4731317211
2025-09-29,-203952.78458504408,-203891.4731317211
2025-09-30,-203893.69154344962,-203891.4731317211
2025-10-01,-203892.7049027763,-203891.4731317211
2025-10-02,-204229.08646467634,-204192.18631588283
2025-10-03,-204246.39179484177,-204192.18631588283
2025-10-06,-204263.9623501182,-204192.18631588283
2025-10-07,-204221.19134934896,-204192.18631588283
2025-10-08,-204226.56945143314,-204192.18631588283
2025-10-09,-204212.35307190774,-204192.18631588283
2025-10-10,-204199.41622849664,-204192.18631588283
2025-10-13,-204519.17642821776,-204441.34761203278
2025-10-14,-204491.26116394554,-204441.34761203278
2025-10-15,-204521.3961005215,-204441.34761203278
2025-10-16,-204507.69985455327,-204441.34761203278
2025-10-17,-204481.58848232185,-204441.34761203278
2025-10-20,-204541.0277110752,-204441.34761203278
2025-10-21,-204583.83096054377,-204441.34761203278
2025-10-22,-204819.23609611127,-204688.2917218097
2025-10-23,-204776.823917571,-204688.2917218097
2025-10-24,-204894.7673535188,-204688.2917218097
2025-10-27,-204939.67069928822,-204688.2917218097
2025-10-28,-204850.3324373117,-204688.2917218097
2025-10-29,-204771.75496339766,-204688.2917218097
2025-10-30,-204741.86398388806,-204688.2917218097
2025-10-31,-205026.36641031582,-204935.83106769956
2025-11-03,-205007.02988126472,-204935.83106769956
2025-11-04,-205002.55947312916,-204935.83106769956
2025-11-05,-204972.6918265147,-204935.83106769956
2025-11-06,-204968.3363629231,-204935.83106769956
2025-11-07,-204964.60035006923,-204935.83106769956
2025-11-10,-204945.2699734857,-204935.83106769956
2025-11-11,-205286.88162114497,-205156.75569711675
2025-11-12,-205287.54755250734,-205156.75569711675
2025-11-13,-205262.77037899487,-205156.75569711675
2025-11-14,-205237.97851965978,-205156.75569711675
2025-11-17,-205271.1163178299,-205156.75569711675
2025-11-18,-206692.53340998705,-205018.02577411558
2025-11-19,-206363.64944336988,-205018.02577411558
2025-11-20,-206491.39827064463,-206203.7172000589
2025-11-21,-206377.19464817518,-206203.7172000589
2025-11-24,-206455.72842414546,-206203.7172000589
2025-11-25,-206785.66003446796,-206203.7172000589
2025-11-26,-207081.5816258428,-206203.7172000589
2025-11-27,-207201.91051868984,-206203.7172000589
2025-11-28,-207044.38796405063,-206203.7172000589
2025-12-01,-207228.3889473814,-206868.04617346736
2025-12-02,-207153.7164953169,-206868.04617346736
2025-12-03,-207096.96481637916,-206868.04617346736
2025-12-04,-207213.2082000965,-206868.04617346736
2025-12-05,-207245.25327768127,-206868.04617346736
2025-12-08,-207132.72182074568,-206868.04617346736
2025-12-09,-206978.83458398242,-206868.04617346736
2025-12-10,-207281.06487846418,-206978.61349423917
2025-12-11,-207260.30322236006,-206978.61349423917
2025-12-12,-207151.99113376025,-206978.61349423917
2025-12-15,-207127.7054945152,-206978.61349423917
2025-12-16,-206981.90681605687,-206978.61349423917
2025-12-17,-206982.47195528256,-206978.61349423917
2025-12-18,-206986.61519953024,-206978.61349423917
2025-12-19,-207311.2285650178,-207266.42746199202
2025-12-22,-207292.84974000612,-207266.42746199202
2025-12-23,-207276.35582934503,-207266.42746199202
2025-12-29,-207278.55496572788,-207266.42746199202
2025-12-30,-207298.4625134074,-207266.42746199202
2026-01-02,-207285.9649808508,-207266.42746199202
2026-01-05,-207319.9852006693,-207266.42746199202
2026-01-07,-209016.22140803805,-208906.9662771753
2026-01-08,-209054.03477981288,-208906.9662771753
2026-01-09,-209024.91004254817,-208906.9662771753
2026-01-12,-209020.99344990027,-208906.9662771753
2026-01-13,-208990.57541305944,-208906.9662771753
2026-01-14,-208955.55786941038,-208906.9662771753
2026-01-15,-209298.30577349724,-208906.9662771753
2026-01-16,-209591.6501664124,-209365.93776234394
2026-01-19,-209997.98664988938,-209365.93776234394
2026-01-20,-210028.7970210101,-209365.93776234394
2026-01-21,-209783.9171187662,-209365.93776234394
2026-01-22,-209585.43873522154,-209365.93776234394
2026-01-23,-209481.75162331117,-209365.93776234394
2026-01-26,-209431.46946548106,-209365.93776234394
2026-01-27,-209744.9782312335,-209409.259863871
2026-01-28,-209731.41213714384,-209409.259863871
2026-01-29,-209668.19757827526,-209409.259863871
2026-01-30,-209622.2630435993,-209409.259863871
2026-02-02,-209668.40157050695,-209409.259863871
2026-02-03,-209734.1419660682,-209409.259863871
2026-02-04,-209837.79894442263,-209409.259863871
2026-02-05,-209877.56704553004,-209598.14991098575
2026-02-06,-209923.20742215318,-209598.14991098575
2026-02-09,-209996.35187685493,-209598.14991098575
2026-02-10,-209936.3760107368,-209598.14991098575
2026-02-11,-209952.24562974207,-209598.14991098575
2026-02-12,-209700.45453843757,-209598.14991098575
2026-02-13,-209661.50410532785,-209598.14991098575
2026-02-16,-209926.41245065205,-209892.87547247772
2026-02-17,-209917.85177545846,-209892.87547247772
2026-02-18,-210005.1194590498,-209892.87547247772
2026-02-19,-209962.02650497173,-209892.87547247772
2026-02-20,-210036.11197892204,-209892.87547247772
2026-02-23,-209964.05138357234,-209892.87547247772
2026-02-24,-210046.29583954602,-209892.87547247772
2026-02-25,-210333.4275948354,-210277.43708106983
2026-02-26,-210327.68349097282,-210277.43708106983
2026-02-27,-210339.92674278142,-210277.43708106983
2026-03-02,-210361.04237670868,-210277.43708106983
2026-03-03,-211690.76747739772,-210277.43708106983
2026-03-04,-210952.66519717834,-210277.43708106983
2026-03-05,-211674.17000189135,-210277.43708106983
2026-03-06,-213467.20515588802,-212788.43304188552
2026-03-09,-213617.90370668564,-212788.43304188552
2026-03-10,-214164.50038234328,-212788.43304188552
2026-03-11,-213858.51782494402,-212788.43304188552
2026-03-12,-213730.53933559082,-212788.43304188552
2026-03-13,-213586.4030587087,-212788.43304188552
2026-03-16,-213424.47740730777,-212788.43304188552
2026-03-17,-213716.6495901999,-212231.7268340094
2026-03-18,-213475.37833787463,-212231.7268340094
2026-03-19,-215250.55106847847,-211071.0259394643
2026-03-20,-215842.26317586374,-210780.9887628112
2026-03-23,-216059.24622093217,-212667.10601033014
2026-03-24,-215927.35610347547,-212667.10601033014
2026-03-25,-216279.1910037841,-212667.10601033014
2026-03-26,-216128.32520715275,-214020.46413553582
2026-03-27,-215971.27628413256,-214020.46413553582
2026-03-30,-215811.33576472633,-214020.46413553582
2026-03-31,-215718.0129766416,-214020.46413553582
2026-04-01,-217136.74959979756,-212885.96184895944
2026-04-02,-217291.46903975258,-214043.68599244277
2026-04-07,-217339.73611940676,-214333.2619563437
2026-04-08,-220455.91973456088,-217516.0075545479
2026-04-09,-219999.28296086795,-217516.0075545479
2026-04-10,-219857.7035492113,-217516.0075545479
2026-04-13,-219660.79622046516,-217516.0075545479
2026-04-14,-219522.2524541955,-217516.0075545479
2026-04-15,-219255.2110132859,-217516.0075545479
2026-04-16,-219047.66728991576,-217516.0075545479
2026-04-17,-220688.06520287518,-217915.18842243007
2026-04-20,-219937.36840625125,-217915.18842243007
2026-04-21,-219754.24827525974,-217915.18842243007
2026-04-22,-219635.6853991303,-217915.18842243007
2026-04-23,-219442.90003018393,-217915.18842243007
2026-04-24,-219665.21501506225,-217915.18842243007
2026-04-27,-219739.87605648028,-217915.18842243007
2026-04-28,-220963.91777370856,-219204.2820360123
2026-04-29,-220838.8081628202,-219204.2820360123
2026-04-30,-220635.1284117901,-219204.2820360123
2026-05-04,-220230.50063969207,-219204.2820360123
2026-05-05,-220073.65512916993,-219204.2820360123
2026-05-06,-221579.75163583207,-218317.05783786956
2026-05-07,-220425.0122610712,-218317.05783786956
2026-05-08,-221762.43425034467,-220743.16520002505
2026-05-11,-221599.90291116128,-220743.16520002505
2026-05-12,-221575.40780177643,-220743.16520002505
2026-05-13,-221401.27076087857,-220743.16520002505
2026-05-15,-221354.99151827802,-220743.16520002505
2026-05-18,-221187.0365305961,-220743.16520002505
2026-05-19,-220938.41992318942,-220743.16520002505
2026-05-20,-221349.82006566742,-220561.2641630269
2026-05-21,-221305.80722289483,-220561.2641630269
2026-05-22,-221501.10604897788,-220561.2641630269
2026-05-25,-222451.2220355287,-219865.46983390575
2026-05-26,-222204.09437927834,-219865.46983390575
2026-05-27,-221977.0295757542,-219865.46983390575
2026-05-28,-222461.01784145605,-219701.35811477856
2026-05-29,-222720.5072356774,-221747.9635807226
2026-06-01,-222871.95280834372,-221747.9635807226
2026-06-02,-222754.11221468542,-221747.9635807226
2026-06-03,-222550.83262327008,-221747.9635807226
2026-06-04,-222067.51308907583,-221747.9635807226
2026-06-05,-221943.0262754337,-221747.9635807226
2026-06-08,-221876.26576523235,-221747.9635807226
2026-06-09,-222429.524636556,-221913.86650681592
2026-06-10,-222307.5368688893,-221913.86650681592
2026-06-11,-222238.87344236937,-221913.86650681592
2026-06-12,-222517.46741741474,-221913.86650681592
2026-06-15,-222676.76968509817,-221913.86650681592
2026-06-16,-222683.6192269076,-221913.86650681592
2026-06-17,-222859.71599988372,-221913.86650681592
2026-06-18,-223516.88062925293,-222956.39940544276
2026-06-22,-223426.47650638295,-222956.39940544276
2026-06-23,-223371.1675686462,-222956.39940544276
2026-06-24,-223255.231235146,-222956.39940544276
2026-06-25,-223195.5594117146,-222956.39940544276
2026-06-26,-223144.3398940026,-222956.39940544276
2026-06-29,-223071.3605676733,-222956.39940544276
