date,action,spot,cashflow,n_lots
2015-02-05,OPEN,8711.7001953125,4686.27207932145,4
2015-02-06,ROLL_CALL,8661.0498046875,2494.8334323377744,4
2015-02-09,ROLL_CALL,8526.349609375,13550.76632685935,4
2015-02-11,ROLL_PUT,8627.400390625,12880.726171195345,4
2015-02-11,FLY_CLOSE,8627.400390625,-45308.10855382787,4
2015-02-12,OPEN,8711.5498046875,2906.6204077331076,3
2015-02-13,ROLL_PUT,8805.5,2116.9079797025115,3
2015-02-18,ROLL_PUT,8869.099609375,1152.476553581685,3
2015-02-19,ROLL_PUT,8895.2998046875,335.1530733758739,3
2015-02-19,COVER_CLOSE,8895.2998046875,-5034.519053303355,3
2015-02-19,OPEN,8895.2998046875,5880.263231212585,4
2015-02-20,ROLL_CALL,8833.599609375,3573.718902857284,4
2015-02-23,ROLL_CALL,8754.9501953125,6751.623823637722,4
2015-02-26,COVER_CLOSE,8683.849609375,-16779.48502444978,4
2015-02-26,OPEN,8683.849609375,2529.409406241147,3
2015-02-27,ROLL_PUT,8844.599609375,10982.54613891506,3
2015-03-04,ROLL_PUT,8922.650390625,9484.02601103521,3
2015-03-04,FLY_CLOSE,8922.650390625,-24943.803022703443,3
2015-03-05,OPEN,8937.75,2375.612082923602,3
2015-03-09,ROLL_CALL,8756.75,7234.404253054672,3
2015-03-10,ROLL_CALL,8712.0498046875,4595.271109416781,3
2015-03-12,COVER_CLOSE,8776.0,-16007.378751306667,3
2015-03-12,OPEN,8776.0,4235.032048074924,4
2015-03-13,ROLL_CALL,8647.75,7916.272428755881,4
2015-03-19,ROLL_CALL,8634.650390625,3942.662003371198,4
2015-03-19,COVER_CLOSE,8634.650390625,-15185.761003480924,4
2015-03-19,OPEN,8634.650390625,4252.238636540578,4
2015-03-20,ROLL_CALL,8570.900390625,2171.420082988989,4
2015-03-23,ROLL_CALL,8550.900390625,2800.7730950347172,4
2015-03-26,ROLL_CALL,8342.150390625,18035.145970156816,4
2015-03-26,FLY_CLOSE,8342.150390625,-34065.93838072078,4
2015-03-26,OPEN,8342.150390625,2005.734063441983,2
2015-03-30,ROLL_PUT,8492.2998046875,3824.784120832629,2
2015-04-01,ROLL_PUT,8586.25,3371.724753617006,2
2015-04-06,ROLL_PUT,8659.900390625,3567.7438573381673,2
2015-04-06,FLY_CLOSE,8659.900390625,-10788.08358694018,2
2015-04-09,OPEN,8778.2998046875,3216.6371563717285,3
2015-04-16,ROLL_CALL,8706.7001953125,1969.9192845048474,3
2015-04-16,COVER_CLOSE,8706.7001953125,-6181.308978676308,3
2015-04-16,OPEN,8706.7001953125,2084.301562565198,3
2015-04-17,ROLL_CALL,8606.0,3107.421541568334,3
2015-04-20,ROLL_CALL,8448.099609375,12662.58809356715,3
2015-04-20,FLY_CLOSE,8448.099609375,-20296.204100287243,3
2015-04-23,OPEN,8398.2998046875,2930.7732135586866,2
2015-04-24,ROLL_CALL,8305.25,2298.36127862771,2
2015-04-27,ROLL_CALL,8213.7998046875,4220.471617649486,2
2015-04-30,ROLL_CALL,8181.5,2807.633642082493,2
2015-04-30,COVER_CLOSE,8181.5,-10489.884790501801,2
2015-04-30,OPEN,8181.5,3127.815054077332,3
2015-05-04,ROLL_PUT,8331.9501953125,3198.0968153184435,3
2015-05-06,ROLL_CALL,8097.0,15885.567542626919,3
2015-05-06,FLY_CLOSE,8097.0,-37228.139060574926,3
2015-05-07,OPEN,8057.2998046875,3211.0878788638183,3
2015-05-08,ROLL_PUT,8191.5,5586.490169134353,3
2015-05-11,ROLL_PUT,8325.25,10646.8365952455,3
2015-05-13,ROLL_CALL,8235.4501953125,5909.333838628324,3
2015-05-13,FLY_CLOSE,8235.4501953125,-34394.98290273824,3
2015-05-14,OPEN,8224.2001953125,1985.559217034025,2
2015-05-18,ROLL_PUT,8373.650390625,2093.833963870278,2
2015-05-20,ROLL_PUT,8423.25,950.0353898274179,2
2015-05-21,COVER_CLOSE,8421.0,-4645.84477751178,2
2015-05-21,OPEN,8421.0,2235.9503981681637,2
2015-05-25,ROLL_CALL,8370.25,456.40199022601496,2
2015-05-26,ROLL_CALL,8339.349609375,629.7602780006277,2
2015-05-28,COVER_CLOSE,8319.0,-3058.619319748351,2
2015-05-28,OPEN,8319.0,2147.509082533335,2
2015-05-29,ROLL_PUT,8433.650390625,2741.7568296961686,2
2015-06-02,ROLL_CALL,8236.4501953125,6054.068906916694,2
2015-06-03,ROLL_CALL,8135.10009765625,6057.668235913925,2
2015-06-03,FLY_CLOSE,8135.10009765625,-20677.40626055589,2
2015-06-04,OPEN,8130.64990234375,2396.0774830056976,2
2015-06-08,ROLL_CALL,8044.14990234375,834.3336746738514,2
2015-06-09,ROLL_CALL,8022.39990234375,-10.7231596669954,2
2015-06-10,ROLL_PUT,8124.4501953125,936.053457787717,2
2015-06-11,ROLL_CALL,7965.35009765625,4110.4621459789205,2
2015-06-11,COVER_CLOSE,7965.35009765625,-12442.06660481321,2
2015-06-11,OPEN,7965.35009765625,3631.742638556225,3
2015-06-16,ROLL_PUT,8047.2998046875,1104.0535075224175,3
2015-06-17,ROLL_PUT,8091.5498046875,1823.2243175911203,3
2015-06-18,ROLL_PUT,8174.60009765625,4544.075551139425,3
2015-06-18,COVER_CLOSE,8174.60009765625,-12788.928832034893,3
2015-06-18,OPEN,8174.60009765625,3679.346824356411,3
2015-06-19,ROLL_PUT,8224.9501953125,736.4305353810105,3
2015-06-22,ROLL_PUT,8353.099609375,7045.450547014854,3
2015-06-25,ROLL_PUT,8398.0,4620.622577182048,3
2015-06-25,COVER_CLOSE,8398.0,-16947.26721838178,3
2015-06-25,OPEN,8398.0,3202.455614428175,3
2015-06-29,ROLL_CALL,8318.400390625,2904.7579752024512,3
2015-06-30,ROLL_PUT,8368.5,507.3955804322759,3
2015-07-01,ROLL_PUT,8453.0498046875,2809.79447428421,3
2015-07-02,COVER_CLOSE,8444.900390625,-9516.066574817316,3
2015-07-02,OPEN,8444.900390625,2810.368937003101,3
2015-07-03,ROLL_PUT,8484.900390625,2520.371321735605,3
2015-07-06,ROLL_PUT,8522.150390625,928.5197991733271,3
2015-07-08,ROLL_CALL,8363.0498046875,8622.574705037317,3
2015-07-08,FLY_CLOSE,8363.0498046875,-23594.88281067446,3
2015-07-09,OPEN,8328.5498046875,2998.7658934628444,3
2015-07-13,ROLL_PUT,8459.650390625,5061.928164093327,3
2015-07-15,ROLL_PUT,8523.7998046875,8321.120520246806,3
2015-07-15,FLY_CLOSE,8523.7998046875,-21203.98125647326,3
2015-07-16,OPEN,8608.0498046875,2946.4837243786296,3
2015-07-21,ROLL_CALL,8529.4501953125,2728.1295989971086,3
2015-07-22,ROLL_PUT,8633.5,5142.029713957702,3
2015-07-22,FLY_CLOSE,8633.5,-17616.797912493497,3
2015-07-23,OPEN,8589.7998046875,4197.665961720011,3
2015-07-24,ROLL_CALL,8521.5498046875,4706.464630403779,3
2015-07-30,ROLL_CALL,8421.7998046875,7915.2438783427115,3
2015-07-30,FLY_CLOSE,8421.7998046875,-18989.47134157271,3
2015-07-30,OPEN,8421.7998046875,4329.004197893177,3
2015-07-31,ROLL_PUT,8532.849609375,4437.969854735261,3
2015-08-05,ROLL_PUT,8567.9501953125,3201.3402557457875,3
2015-08-06,COVER_CLOSE,8588.650390625,-9932.636847970733,3
2015-08-06,OPEN,8588.650390625,2818.0334871553478,3
2015-08-10,ROLL_CALL,8525.599609375,1634.114202511525,3
2015-08-11,ROLL_CALL,8462.349609375,2186.180215259205,3
2015-08-12,ROLL_CALL,8349.4501953125,10855.222338943337,3
2015-08-12,FLY_CLOSE,8349.4501953125,-19165.420464903826,3
2015-08-13,OPEN,8355.849609375,4204.58942529132,3
2015-08-14,ROLL_PUT,8518.5498046875,12754.435900959237,3
2015-08-14,FLY_CLOSE,8518.5498046875,-23810.124669124016,3
2015-08-20,OPEN,8372.75,3185.3427599924935,3
2015-08-21,ROLL_CALL,8299.9501953125,1694.843510405357,3
2015-08-27,COVER_CLOSE,7948.9501953125,-16654.46039152208,3
2015-08-27,OPEN,7948.9501953125,1652.5366587797234,2
2015-09-01,ROLL_CALL,7785.85009765625,1389.8778748004136,2
2015-09-02,ROLL_CALL,7717.0,1041.96945744873,2
2015-09-03,ROLL_PUT,7823.0,1086.7803537840339,2
2015-09-03,COVER_CLOSE,7823.0,-7248.251142575476,2
2015-09-03,OPEN,7823.0,771.6218779316305,1
2015-09-04,ROLL_CALL,7655.0498046875,1308.6610482824492,1
2015-09-07,ROLL_CALL,7558.7998046875,1029.7668564443738,1
2015-09-08,ROLL_PUT,7688.25,1439.7452697691385,1
2015-09-09,ROLL_PUT,7818.60009765625,2380.1926097562045,1
2015-09-10,COVER_CLOSE,7788.10009765625,-8597.353154543345,1
2015-09-10,OPEN,7788.10009765625,1857.0463322511691,2
2015-09-14,ROLL_PUT,7872.25,227.57948505860827,2
2015-09-18,ROLL_PUT,7981.89990234375,271.2935049010051,2
2015-09-18,COVER_CLOSE,7981.89990234375,-2323.291353324812,2
2015-09-24,OPEN,7868.5,2241.4326242056936,2
2015-09-28,ROLL_CALL,7795.7001953125,354.8555889803081,2
2015-09-30,ROLL_PUT,7948.89990234375,1680.6611943654693,2
2015-10-01,COVER_CLOSE,7950.89990234375,-3952.594696063204,2
2015-10-01,OPEN,7950.89990234375,2605.426066372046,2
2015-10-05,ROLL_PUT,8119.2998046875,4356.694282365473,2
2015-10-07,ROLL_PUT,8177.39990234375,1839.4843482822967,2
2015-10-08,COVER_CLOSE,8129.35009765625,-7427.415792019798,2
2015-10-08,OPEN,8129.35009765625,3265.3048182429784,3
2015-10-14,ROLL_CALL,8107.89990234375,-145.55634690233626,3
2015-10-15,ROLL_PUT,8179.5,-93.15180141741178,3
2015-10-15,COVER_CLOSE,8179.5,-3664.452012211968,3
2015-10-15,OPEN,8179.5,2141.5365302215628,3
2015-10-16,ROLL_PUT,8238.150390625,1940.9643155321028,3
2015-10-19,ROLL_PUT,8275.0498046875,662.9144078925483,3
2015-10-23,ROLL_PUT,8295.4501953125,-105.27477025844792,3
2015-10-23,COVER_CLOSE,8295.4501953125,-2947.064829628366,3
2015-10-29,OPEN,8111.75,3310.7747926866477,3
2015-10-30,ROLL_CALL,8065.7998046875,2439.5209381366603,3
2015-11-03,ROLL_CALL,8060.7001953125,563.2346941018295,3
2015-11-04,ROLL_CALL,8040.2001953125,885.9352790427433,3
2015-11-05,ROLL_CALL,7955.4501953125,5316.594924211944,3
2015-11-05,FLY_CLOSE,7955.4501953125,-14258.920403737724,3
2015-11-05,OPEN,7955.4501953125,5762.302259194987,7
2015-11-09,ROLL_CALL,7915.2001953125,1572.8525883832367,7
2015-11-13,COVER_CLOSE,7762.25,-21834.128507615984,7
2015-11-19,OPEN,7842.75,3450.1121896757486,3
2015-11-24,ROLL_CALL,7831.60009765625,719.8971460574799,3
2015-11-26,ROLL_PUT,7883.7998046875,699.8322807442376,3
2015-11-26,COVER_CLOSE,7883.7998046875,-6825.87222647017,3
2015-11-26,OPEN,7883.7998046875,3328.6928915434783,6
2015-11-27,ROLL_PUT,7942.7001953125,5542.242467890112,6
2015-12-03,ROLL_CALL,7864.14990234375,9609.979791633128,6
2015-12-03,FLY_CLOSE,7864.14990234375,-25882.795271445553,6
2015-12-03,OPEN,7864.14990234375,3052.2924520852857,3
2015-12-04,ROLL_CALL,7781.89990234375,4120.706808699567,3
2015-12-07,ROLL_CALL,7765.39990234375,1641.7606155332705,3
2015-12-08,ROLL_CALL,7701.7001953125,7945.042745516814,3
2015-12-08,FLY_CLOSE,7701.7001953125,-20682.887874727694,3
2015-12-10,OPEN,7683.2998046875,2961.8153016597107,3
2015-12-11,ROLL_CALL,7610.4501953125,3235.4687071519065,3
2015-12-15,ROLL_PUT,7700.89990234375,3268.1830671542857,3
2015-12-16,ROLL_PUT,7750.89990234375,5002.652437402234,3
2015-12-16,FLY_CLOSE,7750.89990234375,-19784.076062706306,3
2015-12-17,OPEN,7844.35009765625,3032.571564023393,6
2015-12-18,ROLL_CALL,7761.9501953125,6499.164997105591,6
2015-12-21,ROLL_PUT,7834.4501953125,2553.3297261341177,6
2015-12-23,ROLL_PUT,7865.9501953125,9257.979892916655,6
2015-12-23,FLY_CLOSE,7865.9501953125,-33500.40935772436,6
2015-12-24,OPEN,7861.0498046875,1890.9750660681398,2
2015-12-28,ROLL_PUT,7925.14990234375,1220.7943299958426,2
2015-12-31,ROLL_PUT,7946.35009765625,593.8487822311445,2
2015-12-31,COVER_CLOSE,7946.35009765625,-4852.047490754734,2
2015-12-31,OPEN,7946.35009765625,4163.58459523273,3
2016-01-04,ROLL_CALL,7791.2998046875,9217.585318494022,3
2016-01-04,FLY_CLOSE,7791.2998046875,-19115.89113825059,3
2016-01-07,OPEN,7568.2998046875,2193.3428602226086,2
2016-01-12,ROLL_CALL,7510.2998046875,478.46902699948134,2
2016-01-14,COVER_CLOSE,7536.7998046875,-2575.744838861722,2
2016-01-14,OPEN,7536.7998046875,1666.607339323366,2
2016-01-15,ROLL_CALL,7437.7998046875,3281.5902642742167,2
2016-01-18,ROLL_CALL,7351.0,5296.682975983304,2
2016-01-19,ROLL_PUT,7435.10009765625,4332.987283572307,2
2016-01-19,FLY_CLOSE,7435.10009765625,-20441.40461075375,2
2016-01-21,OPEN,7276.7998046875,4150.637291126244,3
2016-01-22,ROLL_PUT,7422.4501953125,9162.066543152941,3
2016-01-28,COVER_CLOSE,7424.64990234375,-12182.99603685602,3
2016-01-28,OPEN,7424.64990234375,2268.401763585788,2
2016-01-29,ROLL_PUT,7563.5498046875,5556.954142731198,2
2016-02-02,ROLL_CALL,7455.5498046875,6166.112363622482,2
2016-02-04,ROLL_CALL,7404.0,4516.17692554758,2
2016-02-04,FLY_CLOSE,7404.0,-22090.023235917826,2
2016-02-04,OPEN,7404.0,2299.442931610633,2
2016-02-05,ROLL_PUT,7489.10009765625,2138.918557876297,2
2016-02-08,ROLL_CALL,7387.25,2585.38527924536,2
2016-02-09,ROLL_CALL,7298.2001953125,5907.162054984553,2
2016-02-11,COVER_CLOSE,6976.35009765625,-28962.756507806655,2
2016-02-11,OPEN,6976.35009765625,2109.2261915056342,2
2016-02-15,ROLL_PUT,7162.9501953125,3496.442445113964,2
2016-02-16,ROLL_CALL,7048.25,3715.4823925813953,2
2016-02-18,ROLL_PUT,7191.75,6401.689033497561,2
2016-02-18,COVER_CLOSE,7191.75,-19927.23912201283,2
2016-02-18,OPEN,7191.75,1527.076039402169,2
2016-02-23,ROLL_CALL,7109.5498046875,604.0524654042835,2
2016-02-24,ROLL_CALL,7018.7001953125,1602.1528695170334,2
2016-02-25,ROLL_CALL,6970.60009765625,1144.1799907970205,2
2016-02-25,COVER_CLOSE,6970.60009765625,-5837.3980021687685,2
2016-02-25,OPEN,6970.60009765625,1581.0108849613239,2
2016-02-26,ROLL_PUT,7029.75,874.8245242916985,2
2016-03-01,ROLL_PUT,7222.2998046875,5552.801894039807,2
2016-03-02,ROLL_PUT,7368.85009765625,7880.97696399722,2
2016-03-03,COVER_CLOSE,7475.60009765625,-14232.307450427388,2
2016-03-03,OPEN,7475.60009765625,1190.1515493223635,1
2016-03-09,ROLL_PUT,7531.7998046875,-74.39433378665542,1
2016-03-10,COVER_CLOSE,7486.14990234375,-877.6242608024806,1
2016-03-10,OPEN,7486.14990234375,1287.531222082637,1
2016-03-14,ROLL_PUT,7538.75,-71.0458399993914,1
2016-03-15,ROLL_CALL,7460.60009765625,1.18479440596019,1
2016-03-17,ROLL_PUT,7512.5498046875,-128.99414708150914,1
2016-03-17,COVER_CLOSE,7512.5498046875,-740.7810300347481,1
2016-03-17,OPEN,7512.5498046875,2170.1292688807393,2
2016-03-18,ROLL_PUT,7604.35009765625,1216.4850920234128,2
2016-03-21,ROLL_PUT,7704.25,3420.3393820499723,2
2016-03-28,ROLL_CALL,7615.10009765625,1335.590785146225,2
2016-03-28,COVER_CLOSE,7615.10009765625,-4914.6922768771165,2
2016-03-31,OPEN,7738.39990234375,2355.101867099741,2
2016-04-05,ROLL_CALL,7603.2001953125,2252.0916544601446,2
2016-04-07,ROLL_CALL,7546.4501953125,1620.027920503615,2
2016-04-07,COVER_CLOSE,7546.4501953125,-6848.599388282234,2
2016-04-07,OPEN,7546.4501953125,2055.869337928316,5
2016-04-11,ROLL_PUT,7671.39990234375,6783.0549373434205,5
2016-04-12,ROLL_PUT,7708.9501953125,2184.097338124427,5
2016-04-18,COVER_CLOSE,7914.7001953125,-14388.178795289306,5
2016-04-21,OPEN,7912.0498046875,2386.857570420702,2
2016-04-25,ROLL_CALL,7855.0498046875,701.6456351934285,2
2016-04-26,ROLL_PUT,7962.64990234375,2658.042402206332,2
2016-04-28,ROLL_CALL,7847.25,4914.5694977299045,2
2016-04-28,FLY_CLOSE,7847.25,-14846.086256703016,2
2016-04-28,OPEN,7847.25,2027.9304169406919,2
2016-05-02,ROLL_CALL,7805.89990234375,31.49178150684537,2
2016-05-03,ROLL_CALL,7747.0,1317.755407553194,2
2016-05-04,ROLL_CALL,7706.5498046875,1495.2668764965554,2
2016-05-05,COVER_CLOSE,7735.5,-5729.690669341558,2
2016-05-05,OPEN,7735.5,2560.9277483848855,2
2016-05-09,ROLL_PUT,7866.0498046875,2759.5685180588675,2
2016-05-12,ROLL_PUT,7900.39990234375,603.200250569299,2
2016-05-12,COVER_CLOSE,7900.39990234375,-5207.775246356893,2
2016-05-12,OPEN,7900.39990234375,2956.3204602778296,2
2016-05-13,ROLL_CALL,7814.89990234375,3136.812179131464,2
2016-05-17,ROLL_PUT,7890.75,2498.0528199419628,2
2016-05-19,COVER_CLOSE,7783.39990234375,-11001.032542664454,2
2016-05-19,OPEN,7783.39990234375,2038.3506156185963,2
2016-05-20,ROLL_CALL,7749.7001953125,1769.152776004908,2
2016-05-25,ROLL_PUT,7934.89990234375,7873.418574219286,2
2016-05-25,FLY_CLOSE,7934.89990234375,-17561.154255405214,2
2016-05-26,OPEN,8069.64990234375,1390.6340593115551,2
2016-05-27,ROLL_PUT,8156.64990234375,2518.377619503911,2
2016-06-02,ROLL_PUT,8218.9501953125,1215.4071989999215,2
2016-06-02,COVER_CLOSE,8218.9501953125,-5024.502168315251,2
2016-06-02,OPEN,8218.9501953125,1772.6234637546868,2
2016-06-07,ROLL_PUT,8266.4501953125,803.4413362023222,2
2016-06-09,ROLL_CALL,8203.599609375,1019.1106309903762,2
2016-06-09,COVER_CLOSE,8203.599609375,-4932.7451635700645,2
2016-06-09,OPEN,8203.599609375,1508.5964575826165,2
2016-06-13,ROLL_CALL,8110.60009765625,1343.864684949394,2
2016-06-15,ROLL_PUT,8206.599609375,1506.913502745663,2
2016-06-16,ROLL_CALL,8140.75,744.8706527754314,2
2016-06-16,COVER_CLOSE,8140.75,-7382.907970631768,2
2016-06-16,OPEN,8140.75,1854.7840866482416,2
2016-06-17,ROLL_PUT,8170.2001953125,521.2326622214628,2
2016-06-20,ROLL_PUT,8238.5,2687.782046387581,2
2016-06-22,ROLL_CALL,8203.7001953125,676.0868093963197,2
2016-06-23,ROLL_PUT,8270.4501953125,1932.789574469753,2
2016-06-23,FLY_CLOSE,8270.4501953125,-7066.777785236739,2
2016-06-23,OPEN,8270.4501953125,4802.484549746157,6
2016-06-29,ROLL_CALL,8204.0,11372.503249565201,6
2016-06-29,FLY_CLOSE,8204.0,-24193.136640628327,6
2016-06-30,OPEN,8287.75,1786.0681344962813,2
2016-07-01,ROLL_PUT,8328.349609375,490.48098957804007,2
2016-07-04,ROLL_PUT,8370.7001953125,1535.0426024137619,2
2016-07-07,COVER_CLOSE,8337.900390625,-4555.243660762302,2
2016-07-07,OPEN,8337.900390625,1812.8124973151403,2
2016-07-11,ROLL_PUT,8467.900390625,4557.717081782748,2
2016-07-12,ROLL_PUT,8521.0498046875,3411.399823867129,2
2016-07-12,FLY_CLOSE,8521.0498046875,-12167.363607168161,2
2016-07-14,OPEN,8565.0,2634.027035725238,2
2016-07-18,ROLL_CALL,8508.7001953125,977.3673087771676,2
2016-07-21,COVER_CLOSE,8510.099609375,-3488.709804869575,2
2016-07-21,OPEN,8510.099609375,1867.0046592009085,2
2016-07-25,ROLL_PUT,8635.650390625,1417.193468565706,2
2016-07-26,ROLL_CALL,8590.650390625,552.6126208065206,2
2016-07-28,ROLL_PUT,8666.2998046875,2143.5279827873987,2
2016-07-28,FLY_CLOSE,8666.2998046875,-6937.899428753485,2
2016-07-28,OPEN,8666.2998046875,2663.8711959476846,2
2016-07-29,ROLL_CALL,8638.5,829.6966547678232,2
2016-08-02,ROLL_CALL,8622.900390625,834.1146372518542,2
2016-08-03,ROLL_CALL,8544.849609375,4347.806946564905,2
2016-08-03,FLY_CLOSE,8544.849609375,-11876.344017097133,2
2016-08-04,OPEN,8551.099609375,3253.0004329338417,5
2016-08-05,ROLL_PUT,8683.150390625,11678.132337738754,5
2016-08-05,FLY_CLOSE,8683.150390625,-23162.529134675075,5
2016-08-11,OPEN,8592.150390625,2348.708085296815,2
2016-08-16,ROLL_PUT,8642.5498046875,560.9465726201549,2
2016-08-18,ROLL_PUT,8673.25,592.8495355164179,2
2016-08-18,COVER_CLOSE,8673.25,-4068.1168706386015,2
2016-08-18,OPEN,8673.25,2900.3185792738514,5
2016-08-22,ROLL_CALL,8629.150390625,3225.932837508163,5
2016-08-25,ROLL_CALL,8592.2001953125,751.8728003265223,5
2016-08-25,COVER_CLOSE,8592.2001953125,-8421.70396645335,5
2016-08-25,OPEN,8592.2001953125,3078.7927175609093,5
2016-08-30,ROLL_PUT,8744.349609375,14172.960910678725,5
2016-08-30,FLY_CLOSE,8744.349609375,-24789.60786815209,5
2016-09-01,OPEN,8774.650390625,2926.3315472961585,2
2016-09-06,ROLL_PUT,8943.0,6513.528722633266,2
2016-09-06,FLY_CLOSE,8943.0,-12781.486898102032,2
2016-09-08,OPEN,8952.5,2183.7558121285333,2
2016-09-09,ROLL_CALL,8866.7001953125,4526.7584996774,2
2016-09-15,COVER_CLOSE,8742.5498046875,-9191.05728832735,2
2016-09-15,OPEN,8742.5498046875,2743.1566387350545,2
2016-09-19,ROLL_PUT,8808.400390625,1502.1774823609885,2
2016-09-21,ROLL_CALL,8777.150390625,650.162704172161,2
2016-09-22,ROLL_PUT,8867.4501953125,3891.6324022152894,2
2016-09-22,FLY_CLOSE,8867.4501953125,-10857.281394687967,2
2016-09-22,OPEN,8867.4501953125,2431.2651064693605,2
2016-09-23,ROLL_CALL,8831.5498046875,490.5430621046353,2
2016-09-26,ROLL_CALL,8723.0498046875,5102.336516360247,2
2016-09-29,COVER_CLOSE,8591.25,-9649.807312226278,2
2016-09-29,OPEN,8591.25,2250.8694178521105,2
2016-10-03,ROLL_PUT,8738.099609375,4413.297607499175,2
2016-10-06,COVER_CLOSE,8709.5498046875,-6526.876066073743,2
2016-10-06,OPEN,8709.5498046875,1634.2921561007015,2
2016-10-13,ROLL_CALL,8573.349609375,1748.4820324407501,2
2016-10-13,COVER_CLOSE,8573.349609375,-4406.302541829275,2
2016-10-13,OPEN,8573.349609375,1639.5755133970974,2
2016-10-17,ROLL_CALL,8520.400390625,1070.8343532056456,2
2016-10-18,ROLL_PUT,8677.900390625,6196.915509339411,2
2016-10-18,FLY_CLOSE,8677.900390625,-15363.690937403851,2
2016-10-20,OPEN,8699.400390625,2354.166173016339,2
2016-10-25,ROLL_CALL,8691.2998046875,108.07000242013123,2
2016-10-26,ROLL_CALL,8615.25,1162.2406496298672,2
2016-10-27,COVER_CLOSE,8615.25,-4004.6628813966045,2
2016-10-27,OPEN,8615.25,1693.300106763913,2
2016-11-02,ROLL_CALL,8514.0,843.6990772408121,2
2016-11-03,ROLL_CALL,8484.9501953125,963.9835987892634,2
2016-11-03,COVER_CLOSE,8484.9501953125,-3662.4574145449724,2
2016-11-03,OPEN,8484.9501953125,2093.192261636247,2
2016-11-04,ROLL_CALL,8433.75,595.3090611883389,2
2016-11-07,ROLL_PUT,8497.0498046875,750.4632245101188,2
2016-11-08,ROLL_PUT,8543.5498046875,2497.8219806551083,2
2016-11-10,COVER_CLOSE,8525.75,-9304.58123881407,2
2016-11-10,OPEN,8525.75,2761.377126103326,2
2016-11-11,ROLL_CALL,8296.2998046875,9846.296633734637,2
2016-11-11,FLY_CLOSE,8296.2998046875,-18187.03161537404,2
2016-11-17,OPEN,8079.9501953125,2256.987685853502,2
2016-11-21,ROLL_CALL,7929.10009765625,3048.4171277039327,2
2016-11-23,ROLL_PUT,8033.2998046875,2500.379186547561,2
2016-11-24,ROLL_CALL,7965.5,1291.4665560957003,2
2016-11-24,COVER_CLOSE,7965.5,-12769.383367721763,2
2016-11-24,OPEN,7965.5,939.6131319043586,1
2016-11-25,ROLL_PUT,8114.2998046875,2386.2646468355965,1
2016-11-30,ROLL_PUT,8224.5,2659.9162450002505,1
2016-12-01,COVER_CLOSE,8192.900390625,-6033.5319849228645,1
2016-12-01,OPEN,8192.900390625,821.4374764180889,1
2016-12-02,ROLL_CALL,8086.7998046875,1227.720323930739,1
2016-12-08,ROLL_PUT,8246.849609375,1751.8001173732857,1
2016-12-08,COVER_CLOSE,8246.849609375,-4950.563668515242,1
2016-12-08,OPEN,8246.849609375,853.0482141706088,1
2016-12-12,ROLL_CALL,8170.7998046875,466.43190550681163,1
2016-12-13,ROLL_PUT,8221.7998046875,-19.17061993953186,1
2016-12-15,ROLL_CALL,8153.60009765625,139.73776658989578,1
2016-12-15,COVER_CLOSE,8153.60009765625,-1392.139392700219,1
2016-12-15,OPEN,8153.60009765625,2265.2564117319607,2
2016-12-19,ROLL_CALL,8104.35009765625,1303.3580478005829,2
2016-12-21,ROLL_CALL,8061.2998046875,208.2037790787134,2
2016-12-22,ROLL_CALL,7979.10009765625,3173.7054279135596,2
2016-12-22,COVER_CLOSE,7979.10009765625,-8054.168311232502,2
2016-12-22,OPEN,7979.10009765625,842.9757895536438,1
2016-12-26,ROLL_CALL,7908.25,753.0744193335561,1
2016-12-27,ROLL_PUT,8032.85009765625,2248.723028245638,1
2016-12-27,FLY_CLOSE,8032.85009765625,-6715.550712385375,1
2016-12-29,OPEN,8103.60009765625,2894.976554560523,2
2016-12-30,ROLL_PUT,8185.7998046875,3114.1881235693986,2
2017-01-05,ROLL_PUT,8273.7998046875,2981.6920370178364,2
2017-01-05,FLY_CLOSE,8273.7998046875,-8161.846813069862,2
2017-01-05,OPEN,8273.7998046875,2511.50372938502,4
2017-01-09,ROLL_CALL,8236.0498046875,516.2820727411824,4
2017-01-10,ROLL_PUT,8288.599609375,1133.6145364694182,4
2017-01-11,ROLL_PUT,8380.650390625,5986.906084256232,4
2017-01-11,FLY_CLOSE,8380.650390625,-17192.495956794064,4
2017-01-12,OPEN,8407.2001953125,3332.0285732193934,2
2017-01-19,ROLL_PUT,8435.099609375,252.72303117106378,2
2017-01-19,COVER_CLOSE,8435.099609375,-2796.14760496953,2
2017-01-19,OPEN,8435.099609375,1213.560288936617,1
2017-01-20,ROLL_CALL,8349.349609375,2122.3186336937824,1
2017-01-20,FLY_CLOSE,8349.349609375,-4581.111971380168,1
2017-02-02,OPEN,8734.25,938.8008786891221,1
2017-02-06,ROLL_PUT,8801.0498046875,132.08073512568075,1
2017-02-09,COVER_CLOSE,8778.400390625,-1106.1179201246182,1
2017-02-09,OPEN,8778.400390625,989.4469607955634,1
2017-02-15,ROLL_CALL,8724.7001953125,561.0329934049666,1
2017-02-16,ROLL_PUT,8778.0,340.3782469408884,1
2017-02-16,COVER_CLOSE,8778.0,-2882.1497975802176,1
2017-02-16,OPEN,8778.0,3069.8023985725845,2
2017-02-17,ROLL_PUT,8821.7001953125,730.6640093324356,2
2017-02-20,ROLL_PUT,8879.2001953125,1589.7434437810318,2
2017-02-21,ROLL_PUT,8907.849609375,966.7900056969229,2
2017-02-22,ROLL_PUT,8926.900390625,1242.389282682555,2
2017-02-22,FLY_CLOSE,8926.900390625,-8303.101378596788,2
2017-02-23,OPEN,8939.5,1233.2683990341782,1
2017-02-27,ROLL_CALL,8896.7001953125,335.5639485947087,1
2017-02-28,ROLL_CALL,8879.599609375,476.21023711108376,1
2017-03-01,ROLL_PUT,8945.7998046875,1354.1119078040729,1
2017-03-01,FLY_CLOSE,8945.7998046875,-4781.972321418413,1
2017-03-02,OPEN,8899.75,6361.688092065209,5
2017-03-03,FLY_CLOSE,8897.5498046875,-10608.538254331183,5
2017-03-09,OPEN,8927.0,3653.5234300482534,4
2017-03-16,COVER_CLOSE,9153.7001953125,-13568.582069116603,4
2017-03-16,OPEN,9153.7001953125,1881.9604324609986,3
2017-03-20,ROLL_CALL,9126.849609375,597.6945468860208,3
2017-03-22,ROLL_CALL,9030.4501953125,6187.831381831142,3
2017-03-22,FLY_CLOSE,9030.4501953125,-12234.36982378531,3
2017-03-23,OPEN,9086.2998046875,1094.0731743725885,1
2017-03-27,ROLL_CALL,9045.2001953125,789.5533424120758,1
2017-03-28,ROLL_PUT,9100.7998046875,491.88204836734576,1
2017-03-29,ROLL_PUT,9143.7998046875,1604.8069820178207,1
2017-03-29,FLY_CLOSE,9143.7998046875,-5626.5187277990935,1
2017-03-30,OPEN,9173.75,1538.137366563094,3
2017-04-03,ROLL_PUT,9237.849609375,1844.3710003033216,3
2017-04-05,ROLL_PUT,9265.150390625,987.1553221138352,3
2017-04-06,COVER_CLOSE,9261.9501953125,-5560.303786887857,3
2017-04-06,OPEN,9261.9501953125,1057.0984147732063,1
2017-04-07,ROLL_CALL,9198.2998046875,1070.387918491897,1
2017-04-13,ROLL_CALL,9150.7998046875,796.8119480197395,1
2017-04-13,FLY_CLOSE,9150.7998046875,-2593.5123699080286,1
2017-04-13,OPEN,9150.7998046875,3826.986065933119,2
2017-04-18,ROLL_CALL,9105.150390625,2054.13764937076,2
2017-04-18,FLY_CLOSE,9105.150390625,-6851.037792275134,2
2017-04-20,OPEN,9136.400390625,1425.9672599109638,1
2017-04-21,ROLL_CALL,9119.400390625,419.20477080509784,1
2017-04-24,ROLL_PUT,9217.9501953125,2270.540577091398,1
2017-04-24,FLY_CLOSE,9217.9501953125,-5686.323794357936,1
2017-04-27,OPEN,9342.150390625,3622.3386823199407,4
2017-04-28,ROLL_CALL,9304.0498046875,1722.2357795173784,4
2017-05-04,ROLL_PUT,9359.900390625,2136.370919781426,4
2017-05-04,FLY_CLOSE,9359.900390625,-10390.860858100255,4
2017-05-04,OPEN,9359.900390625,1334.6743582033894,1
2017-05-05,ROLL_CALL,9285.2998046875,1238.3100314627818,1
2017-05-05,FLY_CLOSE,9285.2998046875,-3676.564848731662,1
2017-05-11,OPEN,9422.400390625,2217.481002577266,3
2017-05-16,ROLL_PUT,9512.25,4164.388931653696,3
2017-05-16,FLY_CLOSE,9512.25,-9189.766845886055,3
2017-05-18,OPEN,9429.4501953125,1309.522059393746,1
2017-05-23,ROLL_CALL,9386.150390625,208.69961676508467,1
2017-05-24,ROLL_CALL,9360.5498046875,993.0737409592746,1
2017-05-24,FLY_CLOSE,9360.5498046875,-2787.5862143041154,1
2017-05-25,OPEN,9509.75,1210.3332581729762,1
2017-05-26,ROLL_PUT,9595.099609375,1788.711628480154,1
2017-05-30,ROLL_PUT,9624.5498046875,693.6308764659397,1
2017-05-30,FLY_CLOSE,9624.5498046875,-4628.628746618936,1
2017-06-01,OPEN,9616.099609375,1816.722959515041,3
2017-06-05,ROLL_PUT,9675.099609375,415.45572523453154,3
2017-06-08,COVER_CLOSE,9647.25,-3283.5359245036752,3
2017-06-08,OPEN,9647.25,1977.3916239758782,3
2017-06-12,ROLL_CALL,9616.400390625,714.5734063105128,3
2017-06-15,ROLL_CALL,9578.0498046875,1557.7510356058624,3
2017-06-15,COVER_CLOSE,9578.0498046875,-5782.901701396124,3
2017-06-15,OPEN,9578.0498046875,2077.736130078966,3
2017-06-19,ROLL_PUT,9657.5498046875,5017.122760340673,3
2017-06-19,FLY_CLOSE,9657.5498046875,-10425.641375847163,3
2017-06-22,OPEN,9630.0,4521.136188274998,4
2017-06-23,FLY_CLOSE,9574.9501953125,-8839.171391033255,4
2017-06-29,OPEN,9504.099609375,4305.108669046155,4
2017-06-30,FLY_CLOSE,9520.900390625,-7741.943055102476,4
2017-07-06,OPEN,9674.5498046875,2940.0067168823043,3
2017-07-10,ROLL_PUT,9771.0498046875,6706.1785248176075,3
2017-07-10,FLY_CLOSE,9771.0498046875,-14018.970524796954,3
2017-07-13,OPEN,9891.7001953125,1438.580945007481,1
2017-07-18,ROLL_CALL,9827.150390625,1847.1250616970908,1
2017-07-18,FLY_CLOSE,9827.150390625,-4678.637234859637,1
2017-07-20,OPEN,9873.2998046875,1675.8874065141054,1
2017-07-21,ROLL_PUT,9915.25,455.11721139160534,1
2017-07-24,ROLL_PUT,9966.400390625,1209.959502377154,1
2017-07-24,FLY_CLOSE,9966.400390625,-4112.978601301785,1
2017-07-27,OPEN,10020.5498046875,1925.7261899330351,3
2017-07-31,ROLL_PUT,10077.099609375,521.9582108589234,3
2017-08-01,ROLL_PUT,10114.650390625,2865.576877074708,3
2017-08-01,FLY_CLOSE,10114.650390625,-8240.248293817775,3
2017-08-03,OPEN,10013.650390625,2338.2511040845247,3
2017-08-04,ROLL_PUT,10066.400390625,1251.3892805038026,3
2017-08-08,ROLL_CALL,9978.5498046875,5773.609844957018,3
2017-08-08,FLY_CLOSE,9978.5498046875,-14332.665045595317,3
2017-08-10,OPEN,9820.25,1785.608434217218,1
2017-08-11,ROLL_CALL,9710.7998046875,2887.2645510156603,1
2017-08-11,FLY_CLOSE,9710.7998046875,-6639.937936086068,1
2017-08-17,OPEN,9904.150390625,1015.0396340764069,2
2017-08-18,ROLL_CALL,9837.400390625,1567.613510132926,2
2017-08-21,ROLL_CALL,9754.349609375,2929.064837176314,2
2017-08-23,ROLL_PUT,9852.5,3441.2203882108593,2
2017-08-23,FLY_CLOSE,9852.5,-14030.495421206073,2
2017-08-24,OPEN,9857.0498046875,1003.926092772851,1
2017-08-28,ROLL_PUT,9912.7998046875,744.3423219662678,1
2017-08-29,ROLL_CALL,9796.0498046875,2533.787845702033,1
2017-08-29,FLY_CLOSE,9796.0498046875,-6515.337154757721,1
2017-08-31,OPEN,9917.900390625,884.4100478280873,1
2017-09-01,ROLL_PUT,9974.400390625,708.7011657895445,1
2017-09-06,ROLL_CALL,9916.2001953125,201.31919398674523,1
2017-09-07,COVER_CLOSE,9929.900390625,-2026.6813549346875,1
2017-09-07,OPEN,9929.900390625,857.3537235234796,1
2017-09-11,ROLL_PUT,10006.0498046875,504.2605683439342,1
2017-09-12,ROLL_PUT,10093.0498046875,1033.2382418853488,1
2017-09-14,COVER_CLOSE,10086.599609375,-1857.3190990515347,1
2017-09-14,OPEN,10086.599609375,1086.2237076444103,1
2017-09-18,ROLL_PUT,10153.099609375,606.9728589179655,1
2017-09-21,COVER_CLOSE,10121.900390625,-1575.216692669735,1
2017-09-21,OPEN,10121.900390625,1736.9240672845017,1
2017-09-28,COVER_CLOSE,9768.9501953125,-7039.0002056895455,1
2017-09-28,OPEN,9768.9501953125,988.5030289407032,1
2017-09-29,ROLL_PUT,9788.599609375,286.3471008016529,1
2017-10-03,ROLL_PUT,9859.5,1391.1137318706842,1
2017-10-04,ROLL_PUT,9914.900390625,1526.0416374978176,1
2017-10-04,FLY_CLOSE,9914.900390625,-5087.664064178262,1
2017-10-05,OPEN,9888.7001953125,1344.0677326967532,1
2017-10-06,ROLL_PUT,9979.7001953125,1687.6264103441188,1
2017-10-12,ROLL_PUT,10096.400390625,2709.204436249569,1
2017-10-12,FLY_CLOSE,10096.400390625,-6094.2484786374025,1
2017-10-12,OPEN,10096.400390625,840.1409200241253,2
2017-10-13,ROLL_PUT,10167.4501953125,1371.1099471205123,2
2017-10-16,ROLL_PUT,10230.849609375,1547.340545483616,2
2017-10-19,ROLL_CALL,10146.5498046875,1872.186443078951,2
2017-10-19,COVER_CLOSE,10146.5498046875,-8280.96211841284,2
2017-10-19,OPEN,10146.5498046875,1195.6728715304941,1
2017-10-24,ROLL_PUT,10207.7001953125,294.14186238184607,1
2017-10-25,ROLL_PUT,10295.349609375,715.3411653646546,1
2017-10-26,ROLL_PUT,10343.7998046875,974.3043255240837,1
2017-10-26,FLY_CLOSE,10343.7998046875,-3461.207220220608,1
2017-10-26,OPEN,10343.7998046875,1022.0577111591049,2
2017-11-01,ROLL_PUT,10440.5,911.7427802024574,2
2017-11-02,COVER_CLOSE,10423.7998046875,-2977.188069618069,2
2017-11-02,OPEN,10423.7998046875,1770.0149801009743,1
2017-11-07,ROLL_CALL,10350.150390625,1703.2121612256112,1
2017-11-07,FLY_CLOSE,10350.150390625,-4510.985469714299,1
2017-11-09,OPEN,10308.9501953125,1222.9305383958445,1
2017-11-13,ROLL_CALL,10224.9501953125,1396.5152248838442,1
2017-11-13,FLY_CLOSE,10224.9501953125,-3235.9382445559936,1
2017-11-16,OPEN,10214.75,1062.0388077186597,1
2017-11-17,ROLL_PUT,10283.599609375,975.8732401695622,1
2017-11-21,ROLL_PUT,10326.900390625,394.12994104882466,1
2017-11-22,ROLL_PUT,10342.2998046875,512.590799304874,1
2017-11-22,FLY_CLOSE,10342.2998046875,-2907.4969535657665,1
2017-11-23,OPEN,10348.75,1548.0788375186794,1
2017-11-24,ROLL_PUT,10389.7001953125,401.8158625125234,1
2017-11-30,COVER_CLOSE,10226.5498046875,-4316.703422754789,1
2017-11-30,OPEN,10226.5498046875,1175.6589051625656,2
2017-12-01,ROLL_CALL,10121.7998046875,4618.947420354954,2
2017-12-01,FLY_CLOSE,10121.7998046875,-8615.416708415905,2
2017-12-07,OPEN,10166.7001953125,940.6255079402417,2
2017-12-08,ROLL_PUT,10265.650390625,2724.635170171444,2
2017-12-11,ROLL_PUT,10322.25,2247.227838203724,2
2017-12-12,ROLL_CALL,10240.150390625,3075.974009563497,2
2017-12-12,FLY_CLOSE,10240.150390625,-13355.984875548504,2
2017-12-14,OPEN,10252.099609375,1447.6250850794304,1
2017-12-15,ROLL_PUT,10333.25,1621.7912996161765,1
2017-12-18,ROLL_PUT,10388.75,1479.3156371121113,1
2017-12-18,FLY_CLOSE,10388.75,-5292.697036832135,1
2017-12-21,OPEN,10440.2998046875,1112.3792685674691,1
2017-12-22,ROLL_PUT,10493.0,226.5725983985909,1
2017-12-26,ROLL_PUT,10531.5,669.9248039802779,1
2017-12-27,ROLL_CALL,10490.75,280.957013101562,1
2017-12-28,COVER_CLOSE,10477.900390625,-2855.0406403124343,1
2017-12-28,OPEN,10477.900390625,884.4805415267278,1
2018-01-02,ROLL_CALL,10442.2001953125,224.39210402495877,1
2018-01-04,ROLL_PUT,10504.7998046875,41.62421806784167,1
2018-01-04,COVER_CLOSE,10504.7998046875,-1570.4241026344926,1
2018-01-04,OPEN,10504.7998046875,969.5344910338961,1
2018-01-05,ROLL_PUT,10558.849609375,778.1325884109978,1
2018-01-08,ROLL_PUT,10623.599609375,784.238030392579,1
2018-01-09,ROLL_PUT,10637.0,531.8985713400346,1
2018-01-09,FLY_CLOSE,10637.0,-3439.8294590790615,1
2018-01-11,OPEN,10651.2001953125,1437.3977389410593,1
2018-01-12,ROLL_PUT,10681.25,520.3226951430072,1
2018-01-12,FLY_CLOSE,10681.25,-2985.398549893749,1
2018-01-18,OPEN,10817.0,1396.6008784712526,1
2018-01-19,ROLL_PUT,10894.7001953125,1926.2735629842741,1
2018-01-19,FLY_CLOSE,10894.7001953125,-5191.713482028173,1
2018-01-25,OPEN,11069.650390625,1609.4426171101009,2
2018-01-29,ROLL_PUT,11130.400390625,2034.5307068392713,2
2018-01-29,FLY_CLOSE,11130.400390625,-5428.669470760639,2
2018-02-01,OPEN,11016.900390625,1558.0285920392112,2
2018-02-08,COVER_CLOSE,10576.849609375,-8390.654633196482,2
2018-02-08,OPEN,10576.849609375,1017.9947429783265,1
2018-02-09,ROLL_CALL,10454.9501953125,1956.4358563598216,1
2018-02-12,ROLL_PUT,10539.75,1174.407269258245,1
2018-02-15,COVER_CLOSE,10545.5,-4230.913281001321,1
2018-02-15,OPEN,10545.5,1274.6290060911267,1
2018-02-16,ROLL_CALL,10452.2998046875,1292.1856131405764,1
2018-02-19,ROLL_CALL,10378.400390625,1200.032106658404,1
2018-02-22,COVER_CLOSE,10382.7001953125,-2521.7731863001545,1
2018-02-22,OPEN,10382.7001953125,1154.8379144468543,1
2018-02-23,ROLL_PUT,10491.0498046875,1323.857032064284,1
2018-02-26,ROLL_PUT,10582.599609375,1677.6753235727738,1
2018-02-28,ROLL_CALL,10492.849609375,1394.6299489663359,1
2018-03-01,ROLL_CALL,10458.349609375,689.3759908562156,1
2018-03-01,FLY_CLOSE,10458.349609375,-7689.697543733713,1
2018-03-01,OPEN,10458.349609375,847.2391804951003,1
2018-03-05,ROLL_CALL,10358.849609375,836.280412554413,1
2018-03-06,ROLL_CALL,10249.25,1606.3330203364621,1
2018-03-07,ROLL_CALL,10154.2001953125,2809.9524622359086,1
2018-03-07,FLY_CLOSE,10154.2001953125,-6458.8988415491585,1
2018-03-08,OPEN,10242.650390625,1311.6182767970326,1
2018-03-12,ROLL_PUT,10421.400390625,3083.058790254657,1
2018-03-15,ROLL_CALL,10360.150390625,607.4851629557683,1
2018-03-15,FLY_CLOSE,10360.150390625,-5992.292108615978,1
2018-03-15,OPEN,10360.150390625,1250.3174516282847,1
2018-03-16,ROLL_CALL,10195.150390625,2926.167368669924,1
2018-03-19,ROLL_CALL,10094.25,4761.262509303151,1
2018-03-19,FLY_CLOSE,10094.25,-9990.426834839092,1
2018-03-22,OPEN,10114.75,989.001770205861,1
2018-03-23,ROLL_CALL,9998.0498046875,1407.1748817549546,1
2018-03-26,ROLL_PUT,10130.650390625,1581.2720276231603,1
2018-03-27,ROLL_PUT,10184.150390625,1395.7650057187093,1
2018-04-02,ROLL_PUT,10211.7998046875,453.38666595079746,1
2018-04-02,FLY_CLOSE,10211.7998046875,-4080.4327157611256,1
2018-04-05,OPEN,10325.150390625,1144.8714911575737,1
2018-04-09,ROLL_PUT,10379.349609375,301.25480918640415,1
2018-04-11,ROLL_PUT,10417.150390625,-32.63992920355261,1
2018-04-12,ROLL_PUT,10458.650390625,192.38533323140712,1
2018-04-12,COVER_CLOSE,10458.650390625,-1522.26506721768,1
2018-04-12,OPEN,10458.650390625,844.1919356325575,1
2018-04-16,ROLL_PUT,10528.349609375,347.62769283433977,1
2018-04-19,ROLL_PUT,10565.2998046875,-76.51411444366263,1
2018-04-19,COVER_CLOSE,10565.2998046875,-897.5824664647187,1
2018-04-19,OPEN,10565.2998046875,1118.8736569638527,1
2018-04-24,ROLL_PUT,10614.349609375,6.634605658386761,1
2018-04-25,ROLL_CALL,10570.5498046875,-14.768234393714152,1
2018-04-26,ROLL_PUT,10617.7998046875,12.79548376513361,1
2018-04-26,COVER_CLOSE,10617.7998046875,-1296.7730031221936,1
2018-04-26,OPEN,10617.7998046875,891.665496746266,2
2018-04-27,ROLL_PUT,10692.2998046875,1170.4436088238745,2
2018-04-30,ROLL_PUT,10739.349609375,1478.9910320844392,2
2018-05-03,ROLL_CALL,10679.650390625,1420.7467518382837,2
2018-05-03,FLY_CLOSE,10679.650390625,-5780.406436013707,2
2018-05-03,OPEN,10679.650390625,1324.21627510157,1
2018-05-04,ROLL_CALL,10618.25,611.2429593940315,1
2018-05-04,FLY_CLOSE,10618.25,-2073.7400578717425,1
2018-05-10,OPEN,10716.5498046875,2107.2890672214476,2
2018-05-11,ROLL_PUT,10806.5,5220.362097995835,2
2018-05-11,FLY_CLOSE,10806.5,-10278.72300493754,2
2018-05-17,OPEN,10682.7001953125,1489.5098020856558,2
2018-05-18,ROLL_CALL,10596.400390625,4052.0442353266035,2
2018-05-18,FLY_CLOSE,10596.400390625,-8332.149782978358,2
2018-05-24,OPEN,10513.849609375,1522.9407530820765,1
2018-05-25,ROLL_PUT,10605.150390625,1843.0711828743072,1
2018-05-28,ROLL_PUT,10688.650390625,2664.841651253466,1
2018-05-28,FLY_CLOSE,10688.650390625,-6900.13544912812,1
2018-05-31,OPEN,10736.150390625,1125.828186131525,1
2018-06-01,ROLL_CALL,10696.2001953125,182.1883902008899,1
2018-06-04,ROLL_CALL,10628.5,852.8174991791502,1
2018-06-05,ROLL_CALL,10593.150390625,1035.7166825507793,1
2018-06-06,ROLL_PUT,10684.650390625,1443.471865995396,1
2018-06-06,FLY_CLOSE,10684.650390625,-7011.773475829997,1
2018-06-07,OPEN,10768.349609375,709.3965796892344,1
2018-06-12,ROLL_PUT,10842.849609375,328.0929543149996,1
2018-06-14,COVER_CLOSE,10808.0498046875,-1311.5164690723796,1
2018-06-14,OPEN,10808.0498046875,820.0048616808051,1
2018-06-19,ROLL_CALL,10710.4501953125,584.4140409632435,1
2018-06-20,ROLL_PUT,10772.0498046875,195.29690147128133,1
2018-06-21,COVER_CLOSE,10741.099609375,-1790.9526209666137,1
2018-06-21,OPEN,10741.099609375,1087.8860545163025,2
2018-06-22,ROLL_PUT,10821.849609375,1440.7632420022096,2
2018-06-25,ROLL_CALL,10762.4501953125,666.1398362927187,2
2018-06-27,ROLL_CALL,10671.400390625,4993.355083176479,2
2018-06-27,FLY_CLOSE,10671.400390625,-12915.24794855423,2
2018-06-28,OPEN,10589.099609375,1045.7274185714732,1
2018-06-29,ROLL_PUT,10714.2998046875,3229.7404202159514,1
2018-06-29,FLY_CLOSE,10714.2998046875,-6520.884338725856,1
2018-07-05,OPEN,10749.75,522.9893434217784,1
2018-07-09,ROLL_PUT,10852.900390625,1001.4046706542367,1
2018-07-10,ROLL_PUT,10947.25,2883.4452816298794,1
2018-07-10,FLY_CLOSE,10947.25,-5560.714362730955,1
2018-07-12,OPEN,11023.2001953125,1239.816057545475,1
2018-07-16,ROLL_CALL,10936.849609375,1022.3906601620606,1
2018-07-17,ROLL_PUT,11008.0498046875,1188.7221561031697,1
2018-07-19,ROLL_CALL,10957.099609375,1470.7575594897253,1
2018-07-19,FLY_CLOSE,10957.099609375,-5745.696781854019,1
2018-07-19,OPEN,10957.099609375,906.7812974681135,1
2018-07-23,ROLL_PUT,11084.75,1456.4133658567084,1
2018-07-24,ROLL_PUT,11134.2998046875,1402.979759548149,1
2018-07-24,FLY_CLOSE,11134.2998046875,-4151.868672460554,1
2018-07-26,OPEN,11167.2998046875,543.2331458490039,1
2018-07-27,ROLL_PUT,11278.349609375,2015.9455875725366,1
2018-07-27,FLY_CLOSE,11278.349609375,-3838.431164541216,1
2018-08-02,OPEN,11244.7001953125,1625.2462046386802,1
2018-08-03,ROLL_PUT,11360.7998046875,2712.143305107935,1
2018-08-03,FLY_CLOSE,11360.7998046875,-6085.841172754324,1
2018-08-09,OPEN,11470.7001953125,583.3727796602146,1
2018-08-10,ROLL_CALL,11429.5,302.8169637479985,1
2018-08-13,ROLL_CALL,11355.75,1269.2264906845776,1
2018-08-13,FLY_CLOSE,11355.75,-3263.4545801680338,1
2018-08-16,OPEN,11385.0498046875,1036.2499560926203,1
2018-08-17,ROLL_PUT,11470.75,1415.383774751561,1
2018-08-20,ROLL_PUT,11551.75,2236.0280092358325,1
2018-08-20,FLY_CLOSE,11551.75,-6206.438842121474,1
2018-08-23,OPEN,11582.75,1081.9198066600632,1
2018-08-27,ROLL_PUT,11691.9501953125,2080.8445924364205,1
2018-08-27,FLY_CLOSE,11691.9501953125,-4813.638223625503,1
2018-08-30,OPEN,11676.7998046875,1051.0286809954644,1
2018-09-03,ROLL_CALL,11582.349609375,1435.9542997991277,1
2018-09-04,ROLL_CALL,11520.2998046875,2277.8993050053296,1
2018-09-04,FLY_CLOSE,11520.2998046875,-6057.300544824472,1
2018-09-06,OPEN,11536.900390625,940.6349244287051,1
2018-09-07,ROLL_PUT,11589.099609375,280.79424434355144,1
2018-09-10,ROLL_CALL,11438.099609375,2955.675111607888,1
2018-09-10,FLY_CLOSE,11438.099609375,-6945.790612269911,1
2018-09-27,OPEN,10977.5498046875,1334.000019389167,1
2018-10-03,ROLL_CALL,10858.25,902.8606874841284,1
2018-10-04,COVER_CLOSE,10599.25,-4349.301216509677,1
2018-10-04,OPEN,10599.25,879.4606562119311,1
2018-10-05,ROLL_CALL,10316.4501953125,4924.178225206066,1
2018-10-10,ROLL_PUT,10460.099609375,2819.6114231206057,1
2018-10-10,FLY_CLOSE,10460.099609375,-12014.981086140973,1
2018-10-11,OPEN,10234.650390625,957.5873513293511,1
2018-10-12,ROLL_PUT,10472.5,3197.764285803801,1
2018-10-16,ROLL_PUT,10584.75,2113.5152967609374,1
2018-10-17,ROLL_CALL,10453.0498046875,2011.654962221487,1
2018-10-19,ROLL_CALL,10303.5498046875,5029.1819552037705,1
2018-10-19,FLY_CLOSE,10303.5498046875,-16027.90059932218,1
2018-10-25,OPEN,10124.900390625,1117.1429529171626,1
2018-10-26,ROLL_CALL,10030.0,584.1212523713339,1
2018-10-29,ROLL_PUT,10250.849609375,2041.937027215698,1
2018-10-31,ROLL_PUT,10386.599609375,2705.5625521248517,1
2018-11-01,COVER_CLOSE,10380.4501953125,-7504.128092285219,1
2018-11-01,OPEN,10380.4501953125,1079.6883263684647,1
2018-11-02,ROLL_PUT,10553.0,1278.5835653505042,1
2018-11-07,ROLL_PUT,10598.400390625,132.0053357803393,1
2018-11-09,COVER_CLOSE,10585.2001953125,-931.0119380853923,1
2018-11-15,OPEN,10616.7001953125,1046.7966941950738,1
2018-11-16,ROLL_PUT,10682.2001953125,419.97224469054595,1
2018-11-19,ROLL_PUT,10763.400390625,572.3546032314802,1
2018-11-20,ROLL_CALL,10656.2001953125,827.6032657675805,1
2018-11-21,ROLL_CALL,10600.0498046875,1257.5285474815187,1
2018-11-22,ROLL_CALL,10526.75,1816.410085041645,1
2018-11-22,COVER_CLOSE,10526.75,-6978.266915167799,1
2018-11-22,OPEN,10526.75,1068.319105679219,1
2018-11-26,ROLL_PUT,10628.599609375,858.9103170444218,1
2018-11-27,ROLL_PUT,10685.599609375,539.5767479765203,1
2018-11-28,ROLL_PUT,10728.849609375,92.23179022608372,1
2018-11-29,ROLL_PUT,10858.7001953125,1625.9249657756545,1
2018-11-29,COVER_CLOSE,10858.7001953125,-4507.11092678065,1
2018-11-29,OPEN,10858.7001953125,1061.5989783517364,1
2018-12-05,ROLL_CALL,10782.900390625,136.252383086635,1
2018-12-06,ROLL_CALL,10601.150390625,3281.9879139254467,1
2018-12-06,FLY_CLOSE,10601.150390625,-6296.60323607258,1
2018-12-06,OPEN,10601.150390625,1105.3672951210247,1
2018-12-07,ROLL_PUT,10693.7001953125,1131.7800321392172,1
2018-12-10,ROLL_CALL,10488.4501953125,4700.419146488763,1
2018-12-10,FLY_CLOSE,10488.4501953125,-10945.12983020473,1
2018-12-13,OPEN,10791.5498046875,1146.3603817983803,1
2018-12-17,ROLL_PUT,10888.349609375,322.97177905693445,1
2018-12-19,ROLL_PUT,10967.2998046875,539.9829570647524,1
2018-12-20,COVER_CLOSE,10951.7001953125,-1787.1392054584546,1
2018-12-20,OPEN,10951.7001953125,1158.2609818544242,1
2018-12-21,ROLL_CALL,10754.0,2960.9600462052426,1
2018-12-24,ROLL_CALL,10663.5,2793.1088470044133,1
2018-12-27,ROLL_PUT,10779.7998046875,2795.171509065916,1
2018-12-27,FLY_CLOSE,10779.7998046875,-10808.662012749772,1
2018-12-27,OPEN,10779.7998046875,1070.0300337388794,1
2018-12-28,ROLL_PUT,10859.900390625,451.381324643123,1
2019-01-02,ROLL_CALL,10792.5,269.69954956140094,1
2019-01-03,ROLL_CALL,10672.25,1378.7618768014004,1
2019-01-03,COVER_CLOSE,10672.25,-3991.4590658480765,1
2019-01-03,OPEN,10672.25,1123.231266769113,1
2019-01-07,ROLL_PUT,10771.7998046875,168.6436565367539,1
2019-01-08,ROLL_PUT,10802.150390625,293.2245916117814,1
2019-01-09,ROLL_PUT,10855.150390625,191.68093364150968,1
2019-01-10,ROLL_CALL,10821.599609375,12.473536883738205,1
2019-01-10,COVER_CLOSE,10821.599609375,-1514.1562589002522,1
2019-01-10,OPEN,10821.599609375,985.3287050479785,1
2019-01-14,ROLL_CALL,10737.599609375,402.91154317286487,1
2019-01-15,ROLL_PUT,10886.7998046875,2179.711751237127,1
2019-01-17,COVER_CLOSE,10905.2001953125,-4330.676212519467,1
2019-01-17,OPEN,10905.2001953125,722.7804699792048,1
2019-01-21,ROLL_PUT,10961.849609375,434.45557270637414,1
2019-01-22,ROLL_CALL,10922.75,45.95044281541169,1
2019-01-23,ROLL_CALL,10831.5,1098.6897887798723,1
2019-01-24,COVER_CLOSE,10849.7998046875,-2649.9763633574917,1
2019-01-24,OPEN,10849.7998046875,957.2366331655735,1
2019-01-25,ROLL_CALL,10780.5498046875,818.9420808026836,1
2019-01-28,ROLL_CALL,10661.5498046875,3153.0078701183243,1
2019-01-28,FLY_CLOSE,10661.5498046875,-5750.80030691094,1
2019-01-31,OPEN,10830.9501953125,1175.7081648995093,1
2019-02-01,ROLL_PUT,10893.650390625,235.79857432855493,1
2019-02-05,ROLL_PUT,10934.349609375,651.7900451770969,1
2019-02-06,ROLL_PUT,11062.4501953125,3172.1646145466902,1
2019-02-06,FLY_CLOSE,11062.4501953125,-6397.843734248747,1
2019-02-07,OPEN,11069.400390625,1129.3084662641816,1
2019-02-08,ROLL_CALL,10943.599609375,1674.3526312466367,1
2019-02-11,ROLL_CALL,10888.7998046875,1924.610526360661,1
2019-02-12,ROLL_CALL,10831.400390625,1563.5478993585264,1
2019-02-12,FLY_CLOSE,10831.400390625,-6332.6459606824055,1
2019-02-14,OPEN,10746.0498046875,838.8313996770178,1
2019-02-18,ROLL_CALL,10640.9501953125,1669.7023387138101,1
2019-02-19,ROLL_CALL,10604.349609375,424.03144137839683,1
2019-02-20,ROLL_PUT,10735.4501953125,2269.3109841960363,1
2019-02-20,FLY_CLOSE,10735.4501953125,-8501.422043611055,1
2019-02-21,OPEN,10789.849609375,1119.6738127459485,1
2019-02-25,ROLL_PUT,10880.099609375,945.0656680022034,1
2019-02-26,ROLL_CALL,10835.2998046875,221.15843749978143,1
2019-02-27,ROLL_CALL,10806.650390625,235.86489205674792,1
2019-02-28,ROLL_CALL,10792.5,301.6533418702678,1
2019-02-28,COVER_CLOSE,10792.5,-3506.199418286142,1
2019-02-28,OPEN,10792.5,996.452406325903,1
2019-03-01,ROLL_PUT,10863.5,409.96555637439917,1
2019-03-05,ROLL_PUT,10987.4501953125,1839.1494143251562,1
2019-03-06,ROLL_PUT,11053.0,1358.4718532340714,1
2019-03-06,FLY_CLOSE,11053.0,-5230.104342170352,1
2019-03-07,OPEN,11058.2001953125,1127.8242183314303,1
2019-03-11,ROLL_PUT,11168.0498046875,868.9778889242286,1
2019-03-12,ROLL_PUT,11301.2001953125,2565.1962338899702,1
2019-03-12,FLY_CLOSE,11301.2001953125,-5691.246499149226,1
2019-03-14,OPEN,11343.25,1226.7197470826839,1
2019-03-15,ROLL_PUT,11426.849609375,1220.6957790270758,1
2019-03-19,ROLL_PUT,11532.400390625,1941.0041374517305,1
2019-03-19,FLY_CLOSE,11532.400390625,-4423.389459815329,1
2019-03-28,OPEN,11570.0,378.32187809488516,1
2019-04-01,ROLL_PUT,11669.150390625,702.2651494962016,1
2019-04-02,ROLL_PUT,11713.2001953125,786.7716256537956,1
2019-04-03,ROLL_CALL,11643.9501953125,1126.204019997114,1
2019-04-04,ROLL_CALL,11598.0,1526.717777979026,1
2019-04-04,FLY_CLOSE,11598.0,-6747.48937183779,1
2019-04-04,OPEN,11598.0,1274.7586243548558,1
2019-04-05,ROLL_PUT,11665.9501953125,758.7051491025258,1
2019-04-08,ROLL_CALL,11604.5,315.8806904828939,1
2019-04-09,ROLL_PUT,11671.9501953125,398.01513709625146,1
2019-04-10,ROLL_CALL,11584.2998046875,1061.8336397419225,1
2019-04-11,COVER_CLOSE,11596.7001953125,-4310.013224497473,1
2019-04-11,OPEN,11596.7001953125,1154.4707321347616,1
2019-04-12,ROLL_PUT,11643.4501953125,225.89590644868605,1
2019-04-15,ROLL_PUT,11690.349609375,686.2764671796839,1
2019-04-16,ROLL_PUT,11787.150390625,2410.0093369328997,1
2019-04-16,FLY_CLOSE,11787.150390625,-5511.570476885444,1
2019-04-18,OPEN,11752.7998046875,1272.1919547954622,1
2019-04-22,ROLL_CALL,11594.4501953125,2907.851326478994,1
2019-04-24,ROLL_PUT,11726.150390625,3947.2934766706558,1
2019-04-24,FLY_CLOSE,11726.150390625,-12060.237334813262,1
2019-04-25,OPEN,11641.7998046875,1033.5400135716459,1
2019-04-26,ROLL_PUT,11754.650390625,1055.6676846474015,1
2019-05-02,COVER_CLOSE,11724.75,-1556.2396699710114,1
2019-05-02,OPEN,11724.75,1032.0656526148257,1
2019-05-06,ROLL_CALL,11598.25,1299.3577898904239,1
2019-05-07,ROLL_CALL,11497.900390625,3410.3017333861885,1
2019-05-07,FLY_CLOSE,11497.900390625,-7132.86999378684,1
2019-05-09,OPEN,11301.7998046875,1120.838265075706,1
2019-05-13,ROLL_CALL,11148.2001953125,1407.673909952531,1
2019-05-16,ROLL_PUT,11257.099609375,1001.6565725361272,1
2019-05-16,COVER_CLOSE,11257.099609375,-5138.542814385497,1
2019-05-16,OPEN,11257.099609375,1129.128902807646,1
2019-05-17,ROLL_PUT,11407.150390625,2501.269811266896,1
2019-05-23,COVER_CLOSE,11657.0498046875,-4940.721676881688,1
2019-05-23,OPEN,11657.0498046875,1296.0042267806016,1
2019-05-24,ROLL_PUT,11844.099609375,1659.6027928377705,1
2019-05-27,ROLL_PUT,11924.75,1007.6501224310182,1
2019-05-30,COVER_CLOSE,11945.900390625,-2937.3278844869274,1
2019-05-30,OPEN,11945.900390625,984.9960198001413,1
2019-06-03,ROLL_PUT,12088.5498046875,528.2394813491087,1
2019-06-06,ROLL_CALL,11843.75,1173.7612753463345,1
2019-06-06,COVER_CLOSE,11843.75,-3840.1557886778,1
2019-06-06,OPEN,11843.75,995.7485498855438,1
2019-06-10,ROLL_PUT,11922.7001953125,151.39557300274976,1
2019-06-11,ROLL_PUT,11965.599609375,-53.62963160794061,1
2019-06-13,COVER_CLOSE,11914.0498046875,-967.1806492680081,1
2019-06-13,OPEN,11914.0498046875,849.3302373882029,1
2019-06-14,ROLL_CALL,11823.2998046875,301.1688947326075,1
2019-06-17,ROLL_CALL,11672.150390625,1603.6118648059266,1
2019-06-20,ROLL_PUT,11831.75,723.8580018547685,1
2019-06-20,COVER_CLOSE,11831.75,-2452.090194475911,1
2019-06-20,OPEN,11831.75,891.4688346167536,1
2019-06-21,ROLL_CALL,11724.099609375,1245.6698286378391,1
2019-06-24,ROLL_CALL,11699.650390625,135.71538716391296,1
2019-06-25,ROLL_PUT,11796.4501953125,618.7832789125705,1
2019-06-26,ROLL_PUT,11847.5498046875,851.9570379251415,1
2019-06-27,COVER_CLOSE,11841.5498046875,-3909.721621725133,1
2019-06-27,OPEN,11841.5498046875,982.1185582028388,1
2019-07-02,ROLL_PUT,11910.2998046875,206.41154116511427,1
2019-07-04,ROLL_PUT,11946.75,-87.28269965233734,1
2019-07-04,COVER_CLOSE,11946.75,-882.7739954954219,1
2019-07-04,OPEN,11946.75,803.3977593793732,1
2019-07-05,ROLL_CALL,11811.150390625,2570.209015622271,1
2019-07-11,COVER_CLOSE,11582.900390625,-3339.283390333325,1
2019-07-11,OPEN,11582.900390625,1191.5310300124863,1
2019-07-16,ROLL_PUT,11662.599609375,448.32371296964493,1
2019-07-18,ROLL_CALL,11596.900390625,255.60801975164247,1
2019-07-18,COVER_CLOSE,11596.900390625,-1920.1439925793272,1
2019-07-18,OPEN,11596.900390625,1022.5454183005654,1
2019-07-19,ROLL_CALL,11419.25,2990.5586560357556,1
2019-07-22,ROLL_CALL,11346.2001953125,2253.8059308734855,1
2019-07-22,FLY_CLOSE,11346.2001953125,-7193.156920625364,1
2019-07-25,OPEN,11252.150390625,964.5599674694454,1
2019-07-29,ROLL_CALL,11189.2001953125,643.8579062104046,1
2019-07-30,ROLL_CALL,11085.400390625,1421.1391698398784,1
2019-08-01,ROLL_CALL,10980.0,3620.24477269575,1
2019-08-01,FLY_CLOSE,10980.0,-7406.44904156707,1
2019-08-01,OPEN,10980.0,1128.731079923147,1
2019-08-05,ROLL_CALL,10862.599609375,1017.4327709858537,1
2019-08-06,ROLL_PUT,10948.25,993.1815020953661,1
2019-08-07,ROLL_CALL,10855.5,1223.8857568033873,1
2019-08-07,FLY_CLOSE,10855.5,-6203.838842199111,1
2019-08-08,OPEN,11032.4501953125,893.2949629655618,1
2019-08-09,ROLL_PUT,11109.650390625,599.6694920121099,1
2019-08-13,ROLL_CALL,10925.849609375,2211.284524822195,1
2019-08-14,ROLL_PUT,11029.400390625,1507.2806797405317,1
2019-08-16,COVER_CLOSE,11047.7998046875,-6755.945308070843,1
2019-08-22,OPEN,10741.349609375,852.6082302757109,1
2019-08-23,ROLL_PUT,10829.349609375,996.4232905516551,1
2019-08-26,ROLL_PUT,11057.849609375,4431.205868118588,1
2019-08-29,ROLL_CALL,10948.2998046875,2945.3870537771086,1
2019-08-29,FLY_CLOSE,10948.2998046875,-11538.682459446603,1
2019-08-29,OPEN,10948.2998046875,1022.6827386221214,1
2019-08-30,ROLL_PUT,11023.25,864.6578431889427,1
2019-09-03,ROLL_CALL,10797.900390625,2632.1689089464608,1
2019-09-05,COVER_CLOSE,10847.900390625,-5216.552042744214,1
2019-09-05,OPEN,10847.900390625,1198.7815212985565,1
2019-09-06,ROLL_PUT,10946.2001953125,826.7302138162515,1
2019-09-09,ROLL_PUT,11003.0498046875,489.50216913353995,1
2019-09-12,COVER_CLOSE,10982.7998046875,-1528.7573805878974,1
2019-09-12,OPEN,10982.7998046875,710.8300746468499,1
2019-09-13,ROLL_PUT,11075.900390625,634.2640318936618,1
2019-09-16,ROLL_CALL,11003.5,309.16758258865457,1
2019-09-17,ROLL_CALL,10817.599609375,3109.671261135392,1
2019-09-19,ROLL_CALL,10704.7998046875,2932.09111232448,1
2019-09-19,FLY_CLOSE,10704.7998046875,-9959.974595205627,1
2019-09-19,OPEN,10704.7998046875,1353.0257918572534,1
2019-09-26,COVER_CLOSE,11571.2001953125,-8823.410700404338,1
2019-09-26,OPEN,11571.2001953125,1246.6205976753574,1
2019-09-30,ROLL_CALL,11474.4501953125,136.59004425236162,1
2019-10-01,ROLL_CALL,11359.900390625,447.80759548564686,1
2019-10-03,ROLL_CALL,11314.0,150.64627895036926,1
2019-10-03,COVER_CLOSE,11314.0,-1632.6337186135002,1
2019-10-03,OPEN,11314.0,970.9821813292169,1
2019-10-04,ROLL_CALL,11174.75,615.7333372578546,1
2019-10-07,ROLL_CALL,11126.400390625,394.3566505675918,1
2019-10-09,ROLL_PUT,11313.2998046875,944.1481617955151,1
2019-10-10,COVER_CLOSE,11234.5498046875,-3132.4888603683908,1
2019-10-10,OPEN,11234.5498046875,1100.7549097570738,1
2019-10-14,ROLL_PUT,11341.150390625,73.00290080272401,1
2019-10-15,ROLL_PUT,11428.2998046875,215.0738519203506,1
2019-10-17,ROLL_PUT,11586.349609375,469.80361653762213,1
2019-10-17,COVER_CLOSE,11586.349609375,-1888.5308667236989,1
2019-10-17,OPEN,11586.349609375,1118.5416930753004,1
2019-10-24,COVER_CLOSE,11582.599609375,-400.3065016710517,1
2019-10-24,OPEN,11582.599609375,1197.2623685500114,1
2019-10-29,ROLL_PUT,11786.849609375,2562.9740488389466,1
2019-10-30,ROLL_PUT,11844.099609375,1345.4840079604035,1
2019-10-31,COVER_CLOSE,11877.4501953125,-5177.3514821533445,1
2019-10-31,OPEN,11877.4501953125,1229.4370103810609,1
2019-11-04,ROLL_PUT,11941.2998046875,256.65549148152996,1
2019-11-06,ROLL_PUT,11966.0498046875,-43.788656505929794,1
2019-11-07,ROLL_PUT,12012.0498046875,114.37474449113512,1
2019-11-07,COVER_CLOSE,12012.0498046875,-1268.570863003045,1
2019-11-07,OPEN,12012.0498046875,1021.2938135693273,1
2019-11-08,ROLL_CALL,11908.150390625,1431.7647218385528,1
2019-11-13,ROLL_CALL,11840.4501953125,1273.9588268452965,1
2019-11-14,COVER_CLOSE,11872.099609375,-3732.045977105984,1
2019-11-14,OPEN,11872.099609375,1340.0828246237932,1
2019-11-19,ROLL_PUT,11940.099609375,435.3382298870316,1
2019-11-20,ROLL_PUT,11999.099609375,632.4788901746289,1
2019-11-21,COVER_CLOSE,11968.400390625,-2393.8952123902845,1
2019-11-21,OPEN,11968.400390625,1562.7083185510944,1
2019-11-22,ROLL_CALL,11914.400390625,1086.198151879643,1
2019-11-25,ROLL_PUT,12073.75,4060.7367911631436,1
2019-11-25,FLY_CLOSE,12073.75,-10049.367032820071,1
2019-11-28,OPEN,12151.150390625,1093.6752930302032,1
2019-11-29,ROLL_CALL,12056.0498046875,2331.84812681117,1
2019-11-29,FLY_CLOSE,12056.0498046875,-5358.975732554444,1
2019-12-05,OPEN,12018.400390625,436.3111547282108,1
2019-12-06,ROLL_CALL,11921.5,1125.1739870715185,1
2019-12-10,ROLL_CALL,11856.7998046875,1446.1377493540838,1
2019-12-10,FLY_CLOSE,11856.7998046875,-3683.4975492913486,1
2019-12-12,OPEN,11971.7998046875,461.96161088649615,1
2019-12-13,ROLL_PUT,12086.7001953125,1934.0187948803004,1
2019-12-17,ROLL_PUT,12165.0,2372.097527646843,1
2019-12-17,FLY_CLOSE,12165.0,-5390.707181843776,1
2019-12-19,OPEN,12259.7001953125,393.46334369452165,1
2019-12-24,ROLL_CALL,12214.5498046875,145.83948010384762,1
2019-12-26,ROLL_CALL,12126.5498046875,882.0186004458187,1
2019-12-26,COVER_CLOSE,12126.5498046875,-2202.2675465000434,1
2019-12-26,OPEN,12126.5498046875,821.2030855936389,1
2019-12-27,ROLL_PUT,12245.7998046875,1834.545147434235,1
2019-12-31,ROLL_CALL,12168.4501953125,1343.4316239973382,1
2019-12-31,FLY_CLOSE,12168.4501953125,-5774.651032762488,1
2020-01-02,OPEN,12282.2001953125,813.649429701095,1
2020-01-03,ROLL_CALL,12226.650390625,681.2645604259209,1
2020-01-07,ROLL_CALL,12052.9501953125,4355.052001974308,1
2020-01-07,FLY_CLOSE,12052.9501953125,-8387.171950109421,1
2020-01-09,OPEN,12215.900390625,1219.1185629489273,1
2020-01-13,ROLL_PUT,12329.5498046875,1005.6764947875927,1
2020-01-16,COVER_CLOSE,12355.5,-1729.3338590517212,1
2020-01-16,OPEN,12355.5,1238.4505778422647,1
2020-01-20,ROLL_CALL,12224.5498046875,1026.4160440180704,1
2020-01-21,ROLL_CALL,12169.849609375,1431.9742671191939,1
2020-01-22,ROLL_CALL,12106.900390625,1167.8796615582953,1
2020-01-23,COVER_CLOSE,12180.349609375,-5505.447208960202,1
2020-01-23,OPEN,12180.349609375,1175.9156575608565,1
2020-01-24,ROLL_PUT,12248.25,937.0961551243809,1
2020-01-27,ROLL_CALL,12119.0,1447.534547268609,1
2020-01-28,ROLL_CALL,12055.7998046875,1773.634849024177,1
2020-01-30,COVER_CLOSE,12035.7998046875,-5945.520527394617,1
2020-01-30,OPEN,12035.7998046875,1648.4784750114786,1
2020-01-31,ROLL_CALL,11962.099609375,566.6304431205765,1
2020-02-03,ROLL_CALL,11707.900390625,5842.8745598240985,1
2020-02-03,FLY_CLOSE,11707.900390625,-10915.45894580186,1
2020-02-06,OPEN,12137.9501953125,928.9984524297865,1
2020-02-10,ROLL_CALL,12031.5,623.5603210050328,1
2020-02-11,ROLL_PUT,12107.900390625,472.69569461744027,1
2020-02-12,ROLL_PUT,12201.2001953125,965.365840719149,1
2020-02-13,COVER_CLOSE,12174.650390625,-3735.998027857385,1
2020-02-13,OPEN,12174.650390625,1250.3614433334383,1
2020-02-14,ROLL_CALL,12113.4501953125,403.61506244537327,1
2020-02-17,ROLL_CALL,12045.7998046875,592.9548814737407,1
2020-02-18,ROLL_CALL,11992.5,449.52674993272103,1
2020-02-19,ROLL_PUT,12125.900390625,1163.2277492927176,1
2020-02-20,COVER_CLOSE,12080.849609375,-4353.9787963649505,1
2020-02-20,OPEN,12080.849609375,1248.6423051076522,1
2020-02-24,ROLL_CALL,11829.400390625,3069.4996949793067,1
2020-02-26,ROLL_CALL,11678.5,3910.5935316208115,1
2020-02-27,ROLL_CALL,11633.2998046875,1996.2748634870245,1
2020-02-27,FLY_CLOSE,11633.2998046875,-10280.619288025951,1
2020-02-27,OPEN,11633.2998046875,855.659345066515,1
2020-02-28,ROLL_CALL,11201.75,7617.731716811159,1
2020-03-02,ROLL_CALL,11132.75,3056.3802040282335,1
2020-03-02,FLY_CLOSE,11132.75,-12148.782195563435,1
2020-03-05,OPEN,11269.0,926.2326623568144,1
2020-03-06,ROLL_CALL,10989.4501953125,3339.618725129129,1
2020-03-12,COVER_CLOSE,9590.150390625,-9214.019068526293,1
2020-03-12,OPEN,9590.150390625,1041.2396018521438,1
2020-03-13,ROLL_PUT,9955.2001953125,2802.8754096385182,1
2020-03-16,ROLL_CALL,9197.400390625,12462.435116875527,1
2020-03-17,ROLL_CALL,8967.0498046875,11045.226590812237,1
2020-03-17,FLY_CLOSE,8967.0498046875,-38738.50877441022,1
2020-03-19,OPEN,8263.4501953125,1125.1324762064098,1
2020-03-20,ROLL_PUT,8745.4501953125,4281.605938397235,1
2020-03-23,ROLL_CALL,7610.25,24887.596691271614,1
2020-03-23,FLY_CLOSE,7610.25,-53215.25451849932,1
2020-03-26,OPEN,8641.4501953125,1112.2409612336066,1
2020-03-30,ROLL_CALL,8281.099609375,575.7140839556553,1
2020-03-31,ROLL_PUT,8597.75,508.4035255387554,1
2020-04-01,ROLL_CALL,8253.7998046875,685.4320391217535,1
2020-04-03,ROLL_CALL,8083.7998046875,450.62481712557667,1
2020-04-03,COVER_CLOSE,8083.7998046875,-2606.870408459636,1
2020-04-09,OPEN,9111.900390625,1137.682775410055,1
2020-04-15,ROLL_CALL,8925.2998046875,-88.18580388147501,1
2020-04-16,COVER_CLOSE,8992.7998046875,-559.2492272412454,1
2020-04-16,OPEN,8992.7998046875,1042.741603015839,1
2020-04-17,ROLL_PUT,9266.75,279.9496636287784,1
2020-04-21,ROLL_CALL,8981.4501953125,11.420244643263686,1
2020-04-22,ROLL_PUT,9187.2998046875,-88.09362887398035,1
2020-04-23,ROLL_PUT,9313.900390625,-130.6835941754896,1
2020-04-23,COVER_CLOSE,9313.900390625,-769.030067055536,1
2020-04-23,OPEN,9313.900390625,1011.6677056747526,1
2020-04-24,ROLL_CALL,9154.400390625,-118.87284437744805,1
2020-04-28,ROLL_PUT,9380.900390625,-191.21418678652338,1
2020-04-29,ROLL_PUT,9553.349609375,-192.7230722376379,1
2020-04-30,ROLL_PUT,9859.900390625,-176.20736121407822,1
2020-04-30,COVER_CLOSE,9859.900390625,-452.7499553779156,1
2020-04-30,OPEN,9859.900390625,1060.5741666769197,1
2020-05-04,ROLL_CALL,9293.5,2189.8651027432306,1
2020-05-05,ROLL_CALL,9205.599609375,884.3573670655128,1
2020-05-07,COVER_CLOSE,9199.0498046875,-2364.1839353705914,1
2020-05-07,OPEN,9199.0498046875,1198.6267458194948,1
2020-05-13,ROLL_PUT,9383.5498046875,-176.90784954654518,1
2020-05-14,ROLL_CALL,9142.75,-131.67337714900748,1
2020-05-14,COVER_CLOSE,9142.75,-570.1231222011211,1
2020-05-14,OPEN,9142.75,1192.410139562039,1
2020-05-18,ROLL_CALL,8823.25,1436.3179632855108,1
2020-05-20,ROLL_PUT,9066.5498046875,1390.7058306397182,1
2020-05-21,COVER_CLOSE,9106.25,-4000.874651643594,1
2020-05-21,OPEN,9106.25,1194.3751688399411,1
2020-05-26,ROLL_CALL,9029.0498046875,47.30385938564666,1
2020-05-27,ROLL_PUT,9314.9501953125,1151.9734598422676,1
2020-05-28,ROLL_PUT,9490.099609375,1492.3501108705238,1
2020-05-28,COVER_CLOSE,9490.099609375,-4957.199223764233,1
2020-05-28,OPEN,9490.099609375,1144.6630570518469,1
2020-06-01,ROLL_PUT,9826.150390625,1355.840539393457,1
2020-06-02,ROLL_PUT,9979.099609375,351.73394064323236,1
2020-06-03,ROLL_PUT,10061.5498046875,250.47972230190464,1
2020-06-04,COVER_CLOSE,10029.099609375,-1598.313619212035,1
2020-06-04,OPEN,10029.099609375,996.9104656157242,1
2020-06-05,ROLL_PUT,10142.150390625,494.6661698744924,1
2020-06-09,ROLL_CALL,10046.650390625,111.23643950755371,1
2020-06-11,ROLL_CALL,9902.0,938.8497066360055,1
2020-06-11,COVER_CLOSE,9902.0,-3095.036599845955,1
2020-06-11,OPEN,9902.0,1001.3291411935493,1
2020-06-15,ROLL_CALL,9813.7001953125,118.17977151081811,1
2020-06-16,ROLL_PUT,9914.0,-68.76558612617225,1
2020-06-18,ROLL_PUT,10091.650390625,138.818256929362,1
2020-06-18,COVER_CLOSE,10091.650390625,-1267.8503124404492,1
2020-06-18,OPEN,10091.650390625,1327.3564314368298,1
2020-06-19,ROLL_PUT,10244.400390625,1018.3922562913115,1
2020-06-22,ROLL_PUT,10311.2001953125,797.8190833684049,1
2020-06-23,ROLL_PUT,10471.0,2391.398053873938,1
2020-06-24,ROLL_CALL,10305.2998046875,2940.7653141301525,1
2020-06-25,COVER_CLOSE,10288.900390625,-8944.327323553145,1
2020-06-25,OPEN,10288.900390625,1312.6062254611186,1
2020-06-26,ROLL_PUT,10383.0,700.8059544800967,1
2020-06-30,ROLL_CALL,10302.099609375,154.24779925980255,1
2020-07-01,ROLL_PUT,10430.0498046875,815.0725991226795,1
2020-07-02,ROLL_PUT,10551.7001953125,1246.2156721671174,1
2020-07-02,COVER_CLOSE,10551.7001953125,-4525.857784839148,1
2020-07-02,OPEN,10551.7001953125,877.9956149482537,1
2020-07-06,ROLL_PUT,10763.650390625,1473.4676034384142,1
2020-07-09,ROLL_PUT,10813.4501953125,291.18474982688855,1
2020-07-09,COVER_CLOSE,10813.4501953125,-2021.927056654264,1
2020-07-09,OPEN,10813.4501953125,1342.965486297486,1
2020-07-14,ROLL_CALL,10607.349609375,1787.160906203103,1
2020-07-16,ROLL_PUT,10739.9501953125,1826.3947594569238,1
2020-07-16,COVER_CLOSE,10739.9501953125,-5792.311167097593,1
2020-07-16,OPEN,10739.9501953125,1086.2471549046043,1
2020-07-17,ROLL_PUT,10901.7001953125,1519.130520536624,1
2020-07-20,ROLL_PUT,11022.2001953125,2454.4095561398785,1
2020-07-21,ROLL_PUT,11162.25,3850.5154851734783,1
2020-07-21,FLY_CLOSE,11162.25,-9601.131221539497,1
2020-07-23,OPEN,11215.4501953125,809.868797278076,1
2020-07-27,ROLL_CALL,11131.7998046875,482.4384871890918,1
2020-07-28,ROLL_PUT,11300.5498046875,1618.9144612411098,1
2020-07-29,ROLL_CALL,11202.849609375,993.022180833527,1
2020-07-30,ROLL_CALL,11102.150390625,2726.6474309356495,1
2020-07-30,FLY_CLOSE,11102.150390625,-9919.706403479802,1
2020-07-30,OPEN,11102.150390625,1089.9400321411354,1
2020-08-03,ROLL_CALL,10891.599609375,1660.346610314042,1
2020-08-04,ROLL_PUT,11095.25,4025.9982128491993,1
2020-08-06,ROLL_PUT,11200.150390625,4178.017356713441,1
2020-08-06,FLY_CLOSE,11200.150390625,-14490.774880019708,1
2020-08-06,OPEN,11200.150390625,939.7653717885619,1
2020-08-10,ROLL_PUT,11270.150390625,-8.407499491732153,1
2020-08-11,ROLL_PUT,11322.5,59.68645078982661,1
2020-08-13,COVER_CLOSE,11300.4501953125,-883.6714218284285,1
2020-08-13,OPEN,11300.4501953125,1160.9034269536578,1
2020-08-14,ROLL_CALL,11178.400390625,1605.2009488539763,1
2020-08-18,ROLL_PUT,11385.349609375,2511.7515403428915,1
2020-08-20,COVER_CLOSE,11312.2001953125,-6262.7145217163,1
2020-08-20,OPEN,11312.2001953125,851.1633080909585,1
2020-08-21,ROLL_PUT,11371.599609375,546.886015795641,1
2020-08-24,ROLL_PUT,11466.4501953125,858.6053292988843,1
2020-08-26,ROLL_PUT,11549.599609375,861.1874593556358,1
2020-08-27,COVER_CLOSE,11559.25,-2299.51791671804,1
2020-08-27,OPEN,11559.25,851.3674365690504,1
2020-08-28,ROLL_PUT,11647.599609375,967.0900640670704,1
2020-08-31,ROLL_CALL,11387.5,5521.185935168012,1
2020-08-31,FLY_CLOSE,11387.5,-11738.293264826894,1
2020-09-03,OPEN,11527.4501953125,1015.0887764284098,1
2020-09-04,ROLL_CALL,11333.849609375,3088.132590540232,1
2020-09-08,ROLL_CALL,11317.349609375,1437.2847720031853,1
2020-09-10,ROLL_PUT,11449.25,3956.4489283553958,1
2020-09-10,FLY_CLOSE,11449.25,-12514.952375160654,1
2020-09-10,OPEN,11449.25,749.6187222986382,1
2020-09-15,ROLL_PUT,11521.7998046875,-71.97314733852104,1
2020-09-16,ROLL_PUT,11604.5498046875,497.13332807186066,1
2020-09-17,ROLL_CALL,11516.099609375,543.3959394627996,1
2020-09-17,COVER_CLOSE,11516.099609375,-2634.538906487123,1
2020-09-17,OPEN,11516.099609375,843.1814547131721,1
2020-09-21,ROLL_CALL,11250.5498046875,3447.8499045035514,1
2020-09-22,ROLL_CALL,11153.650390625,3337.8264184293894,1
2020-09-22,FLY_CLOSE,11153.650390625,-8903.057745207474,1
2020-09-24,OPEN,10805.5498046875,896.1392486921284,1
2020-09-25,ROLL_PUT,11050.25,2887.8082306858787,1
2020-09-28,ROLL_PUT,11227.5498046875,4141.192153289989,1
2020-10-01,ROLL_PUT,11416.9501953125,6411.453888627683,1
2020-10-01,FLY_CLOSE,11416.9501953125,-13394.318274253446,1
2020-10-01,OPEN,11416.9501953125,1183.1253152734562,1
2020-10-05,ROLL_PUT,11503.349609375,115.40053298815258,1
2020-10-06,ROLL_PUT,11662.400390625,1030.5520868654912,1
2020-10-07,ROLL_PUT,11738.849609375,827.0103370102522,1
2020-10-08,ROLL_PUT,11834.599609375,968.7005827728492,1
2020-10-08,COVER_CLOSE,11834.599609375,-4355.849518363579,1
2020-10-08,OPEN,11834.599609375,1153.9038180531588,1
2020-10-12,ROLL_PUT,11930.9501953125,116.45260614046856,1
2020-10-14,ROLL_PUT,11971.0498046875,90.59571127023969,1
2020-10-15,ROLL_CALL,11680.349609375,2256.632660785508,1
2020-10-15,COVER_CLOSE,11680.349609375,-5748.4934740558065,1
2020-10-15,OPEN,11680.349609375,1129.4753695677514,1
2020-10-19,ROLL_PUT,11873.0498046875,952.8363825908857,1
2020-10-21,ROLL_PUT,11937.650390625,128.55719391947702,1
2020-10-22,COVER_CLOSE,11896.4501953125,-1473.1127594989723,1
2020-10-22,OPEN,11896.4501953125,1271.3688185977328,1
2020-10-26,ROLL_CALL,11767.75,117.65922880323296,1
2020-10-27,ROLL_PUT,11889.400390625,110.29767412641365,1
2020-10-28,ROLL_CALL,11729.599609375,718.4477832053994,1
2020-10-29,ROLL_CALL,11670.7998046875,836.7616525284254,1
2020-10-29,COVER_CLOSE,11670.7998046875,-3723.008906642514,1
2020-10-29,OPEN,11670.7998046875,1224.3648363592617,1
2020-11-03,ROLL_PUT,11813.5,448.53315173065187,1
2020-11-04,ROLL_PUT,11908.5,955.6948534304984,1
2020-11-05,ROLL_PUT,12120.2998046875,4248.939092847636,1
2020-11-05,COVER_CLOSE,12120.2998046875,-8309.880489252275,1
2020-11-05,OPEN,12120.2998046875,989.8127402668033,1
2020-11-06,ROLL_PUT,12263.5498046875,1504.2272200808866,1
2020-11-09,ROLL_PUT,12461.0498046875,3210.6508356720838,1
2020-11-10,ROLL_PUT,12631.099609375,6274.984843576892,1
2020-11-10,FLY_CLOSE,12631.099609375,-13130.658027616448,1
2020-11-12,OPEN,12690.7998046875,994.710535304539,1
2020-11-17,ROLL_PUT,12874.2001953125,1061.137231731382,1
2020-11-18,ROLL_PUT,12938.25,1086.561726685382,1
2020-11-19,ROLL_CALL,12771.7001953125,2599.0015228914726,1
2020-11-19,COVER_CLOSE,12771.7001953125,-9016.410965230336,1
2020-11-19,OPEN,12771.7001953125,1274.5275232196798,1
2020-11-20,ROLL_PUT,12859.0498046875,417.3951596159152,1
2020-11-23,ROLL_PUT,12926.4501953125,728.8486135017414,1
2020-11-24,ROLL_PUT,13055.150390625,955.9930535502267,1
2020-11-25,ROLL_CALL,12858.400390625,3062.7924129839025,1
2020-11-26,ROLL_PUT,12987.0,2285.0188390388157,1
2020-11-26,FLY_CLOSE,12987.0,-10276.540242699513,1
2020-11-26,OPEN,12987.0,974.4648763800074,1
2020-12-01,ROLL_PUT,13109.0498046875,309.14348997894894,1
2020-12-03,COVER_CLOSE,13133.900390625,-1090.8026170675503,1
2020-12-03,OPEN,13133.900390625,1006.2344276604258,1
2020-12-04,ROLL_PUT,13258.5498046875,1131.5489754438618,1
2020-12-07,ROLL_PUT,13355.75,1318.628821776787,1
2020-12-09,ROLL_PUT,13529.099609375,2514.4874442798027,1
2020-12-10,COVER_CLOSE,13478.2998046875,-5671.775227721506,1
2020-12-10,OPEN,13478.2998046875,755.3804732466526,1
2020-12-14,ROLL_PUT,13558.150390625,194.886858265871,1
2020-12-16,ROLL_PUT,13682.7001953125,899.8626866506258,1
2020-12-17,ROLL_PUT,13740.7001953125,602.2491787589724,1
2020-12-17,COVER_CLOSE,13740.7001953125,-2791.365010438189,1
2020-12-17,OPEN,13740.7001953125,1144.5998362750397,1
2020-12-21,ROLL_CALL,13328.400390625,8266.272224400414,1
2020-12-21,FLY_CLOSE,13328.400390625,-12805.80060348015,1
2020-12-24,OPEN,13749.25,1102.9288553749714,1
2020-12-28,ROLL_PUT,13873.2001953125,425.5924671317696,1
2020-12-29,ROLL_PUT,13932.599609375,294.5887046150303,1
2020-12-30,ROLL_PUT,13981.9501953125,339.98712570790303,1
2020-12-31,COVER_CLOSE,13981.75,-1954.539116676103,1
2020-12-31,OPEN,13981.75,849.1729609437857,1
2021-01-04,ROLL_PUT,14132.900390625,803.9131389412452,1
2021-01-05,ROLL_PUT,14199.5,376.12294757941095,1
2021-01-07,COVER_CLOSE,14137.349609375,-2098.6198104645737,1
2021-01-07,OPEN,14137.349609375,1209.7612407902188,1
2021-01-08,ROLL_PUT,14347.25,1797.8549250033052,1
2021-01-11,ROLL_PUT,14484.75,2896.6843089675704,1
2021-01-12,ROLL_PUT,14563.4501953125,2200.640073102965,1
2021-01-14,COVER_CLOSE,14595.599609375,-6441.297061057124,1
2021-01-14,OPEN,14595.599609375,1062.5802772907173,1
2021-01-15,ROLL_CALL,14433.7001953125,1981.3174572395124,1
2021-01-18,ROLL_CALL,14281.2998046875,2441.906580586524,1
2021-01-19,ROLL_PUT,14521.150390625,3072.348457783323,1
2021-01-20,ROLL_PUT,14644.7001953125,4651.960717521629,1
2021-01-20,FLY_CLOSE,14644.7001953125,-14340.29078987159,1
2021-01-21,OPEN,14590.349609375,1095.2862082204683,1
2021-01-22,ROLL_CALL,14371.900390625,2640.540549466369,1
2021-01-25,ROLL_CALL,14238.900390625,3884.703262266735,1
2021-01-28,COVER_CLOSE,13817.5498046875,-7142.720572393664,1
2021-01-28,OPEN,13817.5498046875,975.1538625042265,1
2021-01-29,ROLL_CALL,13634.599609375,1805.7226749446072,1
2021-02-04,COVER_CLOSE,14895.650390625,-30213.419194837727,1
2021-02-04,OPEN,14895.650390625,957.57635343013,1
2021-02-08,ROLL_PUT,15115.7998046875,579.5596233333523,1
2021-02-11,COVER_CLOSE,15173.2998046875,-1064.6841873466547,1
2021-02-11,OPEN,15173.2998046875,1130.9799192325122,1
2021-02-15,ROLL_PUT,15314.7001953125,109.21229029544116,1
2021-02-17,ROLL_CALL,15208.900390625,-89.02491712164236,1
2021-02-18,ROLL_CALL,15118.9501953125,79.36565014955659,1
2021-02-18,COVER_CLOSE,15118.9501953125,-1237.3816820417887,1
2021-02-18,OPEN,15118.9501953125,1032.3061676194654,1
2021-02-19,ROLL_CALL,14981.75,419.9119917380681,1
2021-02-22,ROLL_CALL,14675.7001953125,2084.357748029031,1
2021-02-24,ROLL_PUT,14982.0,2145.3424882159684,1
2021-02-25,ROLL_PUT,15097.349609375,2078.9170280701787,1
2021-02-25,COVER_CLOSE,15097.349609375,-8711.765199737427,1
2021-02-25,OPEN,15097.349609375,859.759146078663,1
2021-02-26,ROLL_CALL,14529.150390625,5851.155595752702,1
2021-03-01,ROLL_PUT,14761.5498046875,2133.2480383778357,1
2021-03-02,ROLL_PUT,14919.099609375,3037.618052386851,1
2021-03-03,ROLL_PUT,15245.599609375,9436.64969757124,1
2021-03-03,FLY_CLOSE,15245.599609375,-25880.674091964593,1
2021-03-04,OPEN,15080.75,1054.0166090606215,1
2021-03-05,ROLL_CALL,14938.099609375,667.1889292898696,1
2021-03-09,ROLL_PUT,15098.400390625,222.2297068663541,1
2021-03-10,ROLL_PUT,15174.7998046875,268.4721715908993,1
2021-03-12,ROLL_CALL,15030.9501953125,262.8065732428769,1
2021-03-12,COVER_CLOSE,15030.9501953125,-2100.9367744032706,1
2021-03-18,OPEN,14557.849609375,1119.1044687934973,1
2021-03-19,ROLL_PUT,14744.0,858.3931588878702,1
2021-03-23,ROLL_PUT,14814.75,230.3719093660282,1
2021-03-24,ROLL_CALL,14549.400390625,1317.5487014946234,1
2021-03-25,ROLL_CALL,14324.900390625,2727.667808475135,1
2021-03-25,COVER_CLOSE,14324.900390625,-7560.620683324542,1
2021-03-25,OPEN,14324.900390625,1154.50511348487,1
2021-03-26,ROLL_PUT,14507.2998046875,1148.6198570340678,1
2021-03-30,ROLL_PUT,14845.099609375,1576.866879647262,1
2021-03-31,ROLL_CALL,14690.7001953125,1023.7436924975823,1
2021-04-01,ROLL_PUT,14867.349609375,1931.795715377652,1
2021-04-01,COVER_CLOSE,14867.349609375,-6842.462032641368,1
2021-04-01,OPEN,14867.349609375,870.3885726843193,1
2021-04-05,ROLL_CALL,14637.7998046875,676.495700371653,1
2021-04-07,ROLL_PUT,14819.0498046875,442.4067246459837,1
2021-04-08,ROLL_PUT,14873.7998046875,200.10322235692195,1
2021-04-08,COVER_CLOSE,14873.7998046875,-2659.5688723931116,1
2021-04-08,OPEN,14873.7998046875,1203.4376350301402,1
2021-04-12,ROLL_CALL,14310.7998046875,7204.52021362454,1
2021-04-13,ROLL_PUT,14504.7998046875,4894.439976858447,1
2021-04-15,COVER_CLOSE,14581.4501953125,-18351.817238505613,1
2021-04-15,OPEN,14581.4501953125,1175.2004830114586,1
2021-04-19,ROLL_CALL,14359.4501953125,976.1635193447928,1
2021-04-20,ROLL_CALL,14296.400390625,402.0343935965891,1
2021-04-22,ROLL_PUT,14406.150390625,169.87289819349132,1
2021-04-22,COVER_CLOSE,14406.150390625,-2432.886815732178,1
2021-04-22,OPEN,14406.150390625,1188.290769756591,1
2021-04-27,ROLL_PUT,14653.0498046875,542.294113523661,1
2021-04-28,ROLL_PUT,14864.5498046875,1151.4189700942215,1
2021-04-29,COVER_CLOSE,14894.900390625,-2556.7414428028237,1
2021-04-29,OPEN,14894.900390625,1030.0995763583985,1
2021-04-30,ROLL_CALL,14631.099609375,1759.7800246754296,1
2021-05-04,ROLL_CALL,14496.5,993.4298045190119,1
2021-05-05,ROLL_PUT,14617.849609375,369.2092525184455,1
2021-05-06,ROLL_PUT,14724.7998046875,1036.0530181922247,1
2021-05-06,COVER_CLOSE,14724.7998046875,-4959.002927567114,1
2021-05-06,OPEN,14724.7998046875,889.3173799506067,1
2021-05-07,ROLL_PUT,14823.150390625,437.50091151872675,1
2021-05-10,ROLL_PUT,14942.349609375,543.218018138819,1
2021-05-12,ROLL_CALL,14696.5,469.68173054561714,1
2021-05-14,COVER_CLOSE,14677.7998046875,-1036.6353574805378,1
2021-05-20,OPEN,14906.0498046875,1198.6529491972103,1
2021-05-21,ROLL_PUT,15175.2998046875,3378.255654224306,1
2021-05-26,ROLL_PUT,15301.4501953125,1570.8136207263663,1
2021-05-27,COVER_CLOSE,15337.849609375,-4230.257292808808,1
2021-05-27,OPEN,15337.849609375,1013.2627583282137,1
2021-05-28,ROLL_PUT,15435.650390625,661.2603599922631,1
2021-05-31,ROLL_PUT,15582.7998046875,754.3876788822589,1
2021-06-03,ROLL_PUT,15690.349609375,528.7267106329809,1
2021-06-03,COVER_CLOSE,15690.349609375,-2104.332996594281,1
2021-06-03,OPEN,15690.349609375,1263.513924553428,1
2021-06-09,ROLL_CALL,15635.349609375,281.5909116886789,1
2021-06-10,ROLL_PUT,15737.75,287.8606615104682,1
2021-06-10,COVER_CLOSE,15737.75,-1825.4957697730026,1
2021-06-10,OPEN,15737.75,1074.985151914951,1
2021-06-14,ROLL_PUT,15811.849609375,-46.43056951768267,1
2021-06-15,ROLL_PUT,15869.25,41.89052065276172,1
2021-06-16,ROLL_CALL,15767.5498046875,342.2937604811075,1
2021-06-17,ROLL_CALL,15691.400390625,461.63412429217897,1
2021-06-17,COVER_CLOSE,15691.400390625,-2292.8119830789037,1
2021-06-17,OPEN,15691.400390625,979.7224672764205,1
2021-06-21,ROLL_PUT,15746.5,106.68250613118585,1
2021-06-23,ROLL_CALL,15686.9501953125,139.78428458494687,1
2021-06-24,ROLL_PUT,15790.4501953125,620.4854979497437,1
2021-06-24,COVER_CLOSE,15790.4501953125,-2554.6048095196657,1
2021-06-24,OPEN,15790.4501953125,803.7756167734287,1
2021-06-25,ROLL_PUT,15860.349609375,181.6630574902341,1
2021-06-29,ROLL_CALL,15748.4501953125,654.1285139718583,1
2021-06-30,ROLL_CALL,15721.5,885.392846331627,1
2021-06-30,FLY_CLOSE,15721.5,-3699.5241077203073,1
2021-07-01,OPEN,15680.0,485.5823312825637,1
2021-07-02,ROLL_PUT,15722.2001953125,477.1869683306122,1
2021-07-05,ROLL_PUT,15834.349609375,1483.136412535129,1
2021-07-05,FLY_CLOSE,15834.349609375,-3760.554327307012,1
2021-07-08,OPEN,15727.900390625,649.7490328590641,1
2021-07-09,ROLL_CALL,15689.7998046875,71.10149583403472,1
2021-07-13,ROLL_PUT,15812.349609375,676.320464018406,1
2021-07-14,ROLL_PUT,15853.9501953125,725.0006418171075,1
2021-07-14,FLY_CLOSE,15853.9501953125,-3198.9814015091215,1
2021-07-15,OPEN,15924.2001953125,638.790375246349,1
2021-07-19,ROLL_CALL,15752.400390625,2121.482723428641,1
2021-07-19,FLY_CLOSE,15752.400390625,-4416.483241379486,1
2021-07-22,OPEN,15824.0498046875,660.7198580384813,1
2021-07-27,ROLL_CALL,15746.4501953125,61.538117398748795,1
2021-07-28,ROLL_CALL,15709.400390625,134.21919423172926,1
2021-07-29,ROLL_PUT,15778.4501953125,-4.626794705414113,1
2021-07-29,COVER_CLOSE,15778.4501953125,-1658.859424224919,1
2021-07-29,OPEN,15778.4501953125,558.9387585049096,1
2021-08-02,ROLL_PUT,15885.150390625,465.5494347976627,1
2021-08-03,ROLL_PUT,16130.75,3431.483224505027,1
2021-08-03,FLY_CLOSE,16130.75,-6278.8941325295245,1
2021-08-05,OPEN,16294.599609375,722.1487226329243,1
2021-08-06,ROLL_CALL,16238.2001953125,168.82021460843964,1
2021-08-12,ROLL_PUT,16364.400390625,93.26037057612109,1
2021-08-12,COVER_CLOSE,16364.400390625,-1234.6025061323057,1
2021-08-12,OPEN,16364.400390625,613.8748603784326,1
2021-08-13,ROLL_PUT,16529.099609375,1434.884369206327,1
2021-08-17,ROLL_PUT,16614.599609375,748.9031451110808,1
2021-08-20,ROLL_CALL,16450.5,2070.99031849675,1
2021-08-20,FLY_CLOSE,16450.5,-5548.5318423719145,1
2021-08-26,OPEN,16636.900390625,540.1178555131189,1
2021-08-30,ROLL_PUT,16931.05078125,2996.590216440046,1
2021-08-30,FLY_CLOSE,16931.05078125,-5324.79073740569,1
2021-09-02,OPEN,17234.150390625,748.3305679064258,1
2021-09-03,ROLL_PUT,17323.599609375,645.5848266759771,1
2021-09-06,ROLL_PUT,17377.80078125,426.5598684825361,1
2021-09-09,COVER_CLOSE,17369.25,-1870.8627885182073,1
2021-09-09,OPEN,17369.25,553.8473619232487,1
2021-09-15,ROLL_PUT,17519.44921875,381.1426619243937,1
2021-09-16,ROLL_PUT,17629.5,843.5998515703695,1
2021-09-16,FLY_CLOSE,17629.5,-2694.6510687433865,1
2021-09-16,OPEN,17629.5,751.9120408719627,1
2021-09-20,ROLL_CALL,17396.900390625,2292.8488879876068,1
2021-09-20,FLY_CLOSE,17396.900390625,-4472.50907663761,1
2021-09-23,OPEN,17822.94921875,536.762104828187,1
2021-09-28,ROLL_CALL,17748.599609375,151.00412288477742,1
2021-09-29,ROLL_CALL,17711.30078125,71.03048243412798,1
2021-09-30,ROLL_CALL,17618.150390625,502.79507249093456,1
2021-09-30,COVER_CLOSE,17618.150390625,-1838.9348451142262,1
2021-09-30,OPEN,17618.150390625,438.7422239513992,1
2021-10-01,ROLL_CALL,17532.05078125,425.6640743312977,1
2021-10-04,ROLL_PUT,17691.25,815.726460028195,1
2021-10-05,ROLL_PUT,17822.30078125,1807.7359673169988,1
2021-10-05,FLY_CLOSE,17822.30078125,-5582.427493657097,1
2021-10-07,OPEN,17790.349609375,297.8305897675266,1
2021-10-08,ROLL_PUT,17895.19921875,381.7195381500883,1
2021-10-11,ROLL_PUT,17945.94921875,200.4552513204328,1
2021-10-13,ROLL_PUT,18161.75,1617.984171091404,1
2021-10-14,ROLL_PUT,18338.55078125,2552.5862275125683,1
2021-10-14,FLY_CLOSE,18338.55078125,-5629.369950129646,1
2021-10-14,OPEN,18338.55078125,553.9047136588124,1
2021-10-18,ROLL_PUT,18477.05078125,317.1428723575003,1
2021-10-20,ROLL_CALL,18266.599609375,741.0684659840368,1
2021-10-21,ROLL_CALL,18178.099609375,940.5654048326962,1
2021-10-21,COVER_CLOSE,18178.099609375,-3951.8345053526978,1
2021-10-21,OPEN,18178.099609375,442.9784554754001,1
2021-10-25,ROLL_CALL,18125.400390625,-23.892474226284776,1
2021-10-26,ROLL_PUT,18268.400390625,222.6384825130486,1
2021-10-28,ROLL_CALL,17857.25,4291.36102096936,1
2021-10-28,FLY_CLOSE,17857.25,-9144.51915235246,1
2021-10-28,OPEN,17857.25,660.1816748949723,1
2021-10-29,ROLL_CALL,17671.650390625,923.4975424255322,1
2021-11-01,ROLL_PUT,17929.650390625,1733.1817540116126,1
2021-11-04,COVER_CLOSE,17916.80078125,-3350.746523522802,1
2021-11-04,OPEN,17916.80078125,647.839927279542,1
2021-11-08,ROLL_PUT,18068.55078125,449.90330940364004,1
2021-11-11,ROLL_CALL,17873.599609375,737.6603726829833,1
2021-11-11,COVER_CLOSE,17873.599609375,-2731.3749641167587,1
2021-11-11,OPEN,17873.599609375,486.47429409300787,1
2021-11-12,ROLL_PUT,18102.75,1105.2217486500122,1
2021-11-16,ROLL_CALL,17999.19921875,373.5600298603134,1
2021-11-17,ROLL_CALL,17898.650390625,719.6274083381935,1
2021-11-18,ROLL_CALL,17764.80078125,1263.12001037255,1
2021-11-18,COVER_CLOSE,17764.80078125,-5078.26954624341,1
2021-11-18,OPEN,17764.80078125,479.60354567919944,1
2021-11-22,ROLL_CALL,17416.55078125,2390.261256361874,1
2021-11-25,ROLL_PUT,17536.25,555.0037077146205,1
2021-11-25,COVER_CLOSE,17536.25,-4781.836670714079,1
2021-11-25,OPEN,17536.25,758.3322786438505,1
2021-11-26,ROLL_CALL,17026.44921875,5075.4528230328315,1
2021-11-30,ROLL_CALL,16983.19921875,1456.6993940250627,1
2021-12-01,ROLL_PUT,17166.900390625,2398.156248500625,1
2021-12-01,FLY_CLOSE,17166.900390625,-11384.632480892345,1
2021-12-02,OPEN,17401.650390625,495.96656481294735,1
2021-12-03,ROLL_CALL,17196.69921875,784.6766100747471,1
2021-12-06,ROLL_CALL,16912.25,2087.673900759925,1
2021-12-07,ROLL_PUT,17176.69921875,2925.520934580762,1
2021-12-08,ROLL_PUT,17469.75,7234.409986345374,1
2021-12-08,FLY_CLOSE,17469.75,-21063.833152911495,1
2021-12-09,OPEN,17516.849609375,561.1151701598317,1
2021-12-13,ROLL_CALL,17368.25,143.3780804198567,1
2021-12-15,ROLL_CALL,17221.400390625,246.17515784040688,1
2021-12-16,COVER_CLOSE,17248.400390625,-1165.1006554371195,1
2021-12-16,OPEN,17248.400390625,504.51875289453767,1
2021-12-17,ROLL_CALL,16985.19921875,1064.1767350972889,1
2021-12-20,ROLL_CALL,16614.19921875,2916.0075458018996,1
2021-12-22,ROLL_PUT,16955.44921875,4591.231876759604,1
2021-12-23,ROLL_PUT,17072.599609375,2739.500412552564,1
2021-12-23,FLY_CLOSE,17072.599609375,-15997.179719917887,1
2021-12-23,OPEN,17072.599609375,704.0794917593014,1
2021-12-28,ROLL_PUT,17233.25,-66.1308623526572,1
2021-12-30,COVER_CLOSE,17203.94921875,-506.2673615462944,1
2021-12-30,OPEN,17203.94921875,495.67445545301484,1
2021-12-31,ROLL_PUT,17354.05078125,528.0682130550938,1
2022-01-03,ROLL_PUT,17625.69921875,1313.5248908345402,1
2022-01-04,ROLL_PUT,17805.25,1369.7641754529463,1
2022-01-05,ROLL_PUT,17925.25,1619.6714854080653,1
2022-01-06,ROLL_CALL,17745.900390625,2325.716293587124,1
2022-01-06,COVER_CLOSE,17745.900390625,-9034.275862122873,1
2022-01-06,OPEN,17745.900390625,703.116038150029,1
2022-01-10,ROLL_PUT,18003.30078125,736.1055416501939,1
2022-01-12,ROLL_PUT,18212.349609375,1279.9870255164901,1
2022-01-13,COVER_CLOSE,18257.80078125,-2798.699967370909,1
2022-01-13,OPEN,18257.80078125,480.8022813430189,1
2022-01-17,ROLL_PUT,18308.099609375,-193.90866131126185,1
2022-01-18,ROLL_CALL,18113.05078125,-85.48384611567343,1
2022-01-19,ROLL_CALL,17938.400390625,150.95964104823804,1
2022-01-20,ROLL_CALL,17757.0,1009.2520353911198,1
2022-01-20,COVER_CLOSE,17757.0,-2861.616581670779,1
2022-01-20,OPEN,17757.0,544.3680772162452,1
2022-01-21,ROLL_CALL,17617.150390625,695.5655154116158,1
2022-01-24,ROLL_CALL,17149.099609375,7282.159226554136,1
2022-01-24,FLY_CLOSE,17149.099609375,-11624.418802434127,1
2022-01-27,OPEN,17110.150390625,544.5225629067977,1
2022-01-31,ROLL_PUT,17339.849609375,578.7924968253702,1
2022-02-01,ROLL_PUT,17576.849609375,1452.0908643003715,1
2022-02-02,ROLL_PUT,17780.0,2622.147462379202,1
2022-02-03,ROLL_CALL,17560.19921875,3082.7446976672904,1
2022-02-03,FLY_CLOSE,17560.19921875,-11487.190388728684,1
2022-02-03,OPEN,17560.19921875,464.7176344605649,1
2022-02-07,ROLL_CALL,17213.599609375,1122.5292645608888,1
2022-02-09,ROLL_PUT,17463.80078125,1371.4190197759644,1
2022-02-10,ROLL_PUT,17605.849609375,1460.7909379720852,1
2022-02-10,COVER_CLOSE,17605.849609375,-6323.968022552892,1
2022-02-10,OPEN,17605.849609375,533.1036848477698,1
2022-02-11,ROLL_CALL,17374.75,871.6218381446577,1
2022-02-14,ROLL_CALL,16842.80078125,5589.684900636898,1
2022-02-17,COVER_CLOSE,17304.599609375,-16227.638040705455,1
2022-02-17,OPEN,17304.599609375,565.58628282564,1
2022-02-21,ROLL_CALL,17206.650390625,0.9478000278800209,1
2022-02-22,ROLL_CALL,17092.19921875,27.052777777391583,1
2022-02-24,ROLL_CALL,16247.9501953125,5648.371620978771,1
2022-02-24,COVER_CLOSE,16247.9501953125,-9860.31931021687,1
2022-02-24,OPEN,16247.9501953125,582.113106888142,1
2022-02-25,ROLL_PUT,16658.400390625,1648.6261458188937,1
2022-02-28,ROLL_PUT,16793.900390625,466.3180773902477,1
2022-03-02,ROLL_CALL,16605.94921875,308.2696281900881,1
2022-03-03,ROLL_CALL,16498.05078125,440.5983925743343,1
2022-03-03,COVER_CLOSE,16498.05078125,-3155.1832533576185,1
2022-03-03,OPEN,16498.05078125,500.0142463697042,1
2022-03-04,ROLL_CALL,16245.349609375,519.0353819404518,1
2022-03-07,ROLL_CALL,15863.150390625,1427.987057467958,1
2022-03-09,ROLL_PUT,16345.349609375,2993.4079230266034,1
2022-03-10,ROLL_PUT,16594.900390625,3409.287120934141,1
2022-03-10,COVER_CLOSE,16594.900390625,-12571.564992482188,1
2022-03-10,OPEN,16594.900390625,639.0849483320603,1
2022-03-14,ROLL_PUT,16871.30078125,278.60823765769635,1
2022-03-15,ROLL_CALL,16663.0,79.78401039545713,1
2022-03-16,ROLL_PUT,16975.349609375,227.10291585172502,1
2022-03-17,ROLL_PUT,17287.05078125,956.47547353194,1
2022-03-17,COVER_CLOSE,17287.05078125,-3075.323214209969,1
2022-03-17,OPEN,17287.05078125,587.8827062669608,1
2022-03-21,ROLL_CALL,17117.599609375,76.18042313161834,1
2022-03-22,ROLL_PUT,17315.5,76.18014782492975,1
2022-03-24,COVER_CLOSE,17222.75,-937.7162577057398,1
2022-03-24,OPEN,17222.75,483.4908502002602,1
2022-03-29,ROLL_PUT,17325.30078125,-193.35170326242152,1
2022-03-30,ROLL_PUT,17498.25,-182.69119574285992,1
2022-03-31,COVER_CLOSE,17464.75,-414.40874309342064,1
2022-03-31,OPEN,17464.75,599.4575526895366,1
2022-04-01,ROLL_PUT,17670.44921875,757.5982658286841,1
2022-04-04,ROLL_PUT,18053.400390625,2053.3690718370376,1
2022-04-06,ROLL_CALL,17807.650390625,1614.0929497542775,1
2022-04-07,ROLL_CALL,17639.55078125,2330.848707818943,1
2022-04-07,COVER_CLOSE,17639.55078125,-8229.7760474875,1
2022-04-07,OPEN,17639.55078125,555.4426263457543,1
2022-04-08,ROLL_PUT,17784.349609375,309.33737661807015,1
2022-04-11,ROLL_CALL,17674.94921875,146.72462544536432,1
2022-04-12,ROLL_CALL,17530.30078125,563.8970365988857,1
2022-04-13,ROLL_CALL,17475.650390625,92.8666614654012,1
2022-04-18,ROLL_CALL,17173.650390625,855.2785034887827,1
2022-04-18,COVER_CLOSE,17173.650390625,-2719.45023358479,1
2022-04-21,OPEN,17392.599609375,631.064421270974,1
2022-04-22,ROLL_CALL,17171.94921875,1017.6953574226661,1
2022-04-25,ROLL_CALL,16953.94921875,2105.482690844977,1
2022-04-26,ROLL_PUT,17200.80078125,3045.72209811545,1
2022-04-27,ROLL_CALL,17038.400390625,2314.580988841513,1
2022-04-28,ROLL_PUT,17245.05078125,3744.038951165054,1
2022-04-28,FLY_CLOSE,17245.05078125,-17173.37783953248,1
2022-04-28,OPEN,17245.05078125,407.92040450057266,1
2022-04-29,ROLL_CALL,17102.55078125,219.8195862739895,1
2022-05-02,ROLL_CALL,17069.099609375,-25.70326375404659,1
2022-05-04,ROLL_CALL,16677.599609375,1778.596612347469,1
2022-05-05,COVER_CLOSE,16682.650390625,-2305.4077968857428,1
2022-05-05,OPEN,16682.650390625,633.8148190146019,1
2022-05-06,ROLL_CALL,16411.25,1393.0142090336547,1
2022-05-09,ROLL_CALL,16301.849609375,924.8117395280112,1
2022-05-10,ROLL_CALL,16240.0498046875,677.5254959757044,1
2022-05-11,ROLL_CALL,16167.099609375,732.4457930672571,1
2022-05-12,ROLL_CALL,15808.0,5769.111352574053,1
2022-05-12,FLY_CLOSE,15808.0,-10959.020013228455,1
2022-05-12,OPEN,15808.0,639.499075200092,1
2022-05-17,ROLL_PUT,16259.2998046875,2282.002417071984,1
2022-05-19,ROLL_CALL,15809.400390625,5663.762067751119,1
2022-05-19,COVER_CLOSE,15809.400390625,-14438.863939185603,1
2022-05-19,OPEN,15809.400390625,592.3253672603,1
2022-05-20,ROLL_PUT,16266.150390625,2549.693093273119,1
2022-05-25,ROLL_CALL,16025.7998046875,1183.5753618767253,1
2022-05-26,ROLL_PUT,16170.150390625,711.9948434242407,1
2022-05-26,COVER_CLOSE,16170.150390625,-5121.999154635509,1
2022-05-26,OPEN,16170.150390625,501.08603738343186,1
2022-05-27,ROLL_PUT,16352.4501953125,368.94607183246296,1
2022-05-30,ROLL_PUT,16661.400390625,1236.0261501962261,1
2022-06-02,COVER_CLOSE,16628.0,-1652.4882492732488,1
2022-06-02,OPEN,16628.0,507.89320868577227,1
2022-06-07,ROLL_CALL,16416.349609375,182.1901343811677,1
2022-06-08,ROLL_CALL,16356.25,-2.7793770900709944,1
2022-06-09,ROLL_PUT,16478.099609375,-101.16882528958048,1
2022-06-09,COVER_CLOSE,16478.099609375,-942.7444709845131,1
2022-06-09,OPEN,16478.099609375,497.8652041749758,1
2022-06-10,ROLL_CALL,16201.7998046875,998.6687832708853,1
2022-06-13,ROLL_CALL,15774.400390625,3934.9055067467925,1
2022-06-15,ROLL_CALL,15692.150390625,2035.666947783693,1
2022-06-16,ROLL_CALL,15360.599609375,7087.239092990934,1
2022-06-16,FLY_CLOSE,15360.599609375,-12405.166656335725,1
2022-06-16,OPEN,15360.599609375,696.7603371972082,1
2022-06-17,ROLL_CALL,15293.5,-73.19775066527887,1
2022-06-21,ROLL_PUT,15638.7998046875,528.0003077783671,1
2022-06-22,ROLL_CALL,15413.2998046875,916.5915874827865,1
2022-06-23,ROLL_PUT,15556.650390625,548.5833812025023,1
2022-06-23,COVER_CLOSE,15556.650390625,-3988.578021245831,1
2022-06-23,OPEN,15556.650390625,621.9034726052612,1
2022-06-24,ROLL_PUT,15699.25,210.9865864715328,1
2022-06-27,ROLL_PUT,15832.0498046875,288.58683333509384,1
2022-06-30,COVER_CLOSE,15780.25,-954.8841984692991,1
2022-06-30,OPEN,15780.25,694.826694333319,1
2022-07-06,ROLL_PUT,15989.7998046875,279.74869303297857,1
2022-07-07,ROLL_PUT,16132.900390625,620.8021894055975,1
2022-07-07,COVER_CLOSE,16132.900390625,-2196.4589728303026,1
2022-07-07,OPEN,16132.900390625,476.7391784180277,1
2022-07-08,ROLL_PUT,16220.599609375,178.1737154078824,1
2022-07-12,ROLL_CALL,16058.2998046875,28.567678899150366,1
2022-07-13,ROLL_CALL,15966.650390625,57.04367195664895,1
2022-07-14,ROLL_CALL,15938.650390625,-168.2465123739051,1
2022-07-14,COVER_CLOSE,15938.650390625,-639.96123337576,1
2022-07-14,OPEN,15938.650390625,585.1693401306231,1
2022-07-15,ROLL_PUT,16049.2001953125,366.433323268109,1
2022-07-18,ROLL_PUT,16278.5,1610.0818677788811,1
2022-07-19,ROLL_PUT,16340.5498046875,992.8007382965804,1
2022-07-20,ROLL_PUT,16520.849609375,3090.1810346065886,1
2022-07-20,FLY_CLOSE,16520.849609375,-6637.069769098277,1
2022-07-21,OPEN,16605.25,660.664493857776,1
2022-07-22,ROLL_PUT,16719.44921875,818.1352852053565,1
2022-07-25,ROLL_CALL,16631.0,761.4593801604585,1
2022-07-26,ROLL_CALL,16483.849609375,2668.077159837987,1
2022-07-26,FLY_CLOSE,16483.849609375,-7330.206563971448,1
2022-07-28,OPEN,16929.599609375,427.7592821412924,1
2022-07-29,ROLL_PUT,17158.25,1485.3649265370216,1
2022-08-01,ROLL_PUT,17340.05078125,2364.5932934333746,1
2022-08-04,COVER_CLOSE,17382.0,-3728.8983282289764,1
2022-08-04,OPEN,17382.0,567.7971168209341,1
2022-08-08,ROLL_PUT,17525.099609375,330.290617517854,1
2022-08-11,ROLL_PUT,17659.0,214.70768122345146,1
2022-08-11,COVER_CLOSE,17659.0,-1270.4937097366537,1
2022-08-11,OPEN,17659.0,495.0122678366515,1
2022-08-16,ROLL_PUT,17825.25,578.6982016772995,1
2022-08-17,ROLL_PUT,17944.25,624.9854555448806,1
2022-08-18,COVER_CLOSE,17956.5,-2129.4546616167836,1
2022-08-18,OPEN,17956.5,586.9481491525647,1
2022-08-19,ROLL_CALL,17758.44921875,1820.8589343343167,1
2022-08-22,ROLL_CALL,17490.69921875,5770.803566250624,1
2022-08-22,FLY_CLOSE,17490.69921875,-9552.872256457438,1
2022-08-25,OPEN,17522.44921875,775.404005224502,1
2022-08-29,ROLL_CALL,17312.900390625,932.8263599391355,1
2022-08-30,ROLL_PUT,17759.30078125,6500.758857559686,1
2022-08-30,FLY_CLOSE,17759.30078125,-15269.39500826598,1
2022-09-01,OPEN,17542.80078125,594.0984863574733,1
2022-09-05,ROLL_PUT,17665.80078125,146.2097871740467,1
2022-09-08,ROLL_PUT,17798.75,290.7274534718968,1
2022-09-08,COVER_CLOSE,17798.75,-1430.22510649532,1
2022-09-08,OPEN,17798.75,538.5800584847084,1
2022-09-12,ROLL_PUT,17936.349609375,220.94107407066656,1
2022-09-13,ROLL_PUT,18070.05078125,513.9825889180006,1
2022-09-15,ROLL_CALL,17877.400390625,915.9139497443243,1
2022-09-15,COVER_CLOSE,17877.400390625,-3250.7095025704807,1
2022-09-15,OPEN,17877.400390625,394.409472197333,1
2022-09-16,ROLL_CALL,17530.849609375,2239.722444833341,1
2022-09-20,ROLL_PUT,17816.25,2274.5336762131597,1
2022-09-22,ROLL_CALL,17629.80078125,2603.520835082152,1
2022-09-22,COVER_CLOSE,17629.80078125,-8947.898798297234,1
2022-09-22,OPEN,17629.80078125,468.70003888662484,1
2022-09-23,ROLL_CALL,17327.349609375,1600.4038025330242,1
2022-09-26,ROLL_CALL,17016.30078125,3640.132211164851,1
2022-09-28,ROLL_CALL,16858.599609375,2922.8980639340216,1
2022-09-29,COVER_CLOSE,16818.099609375,-5860.953900199025,1
2022-09-29,OPEN,16818.099609375,524.2823003617813,1
2022-09-30,ROLL_PUT,17094.349609375,1578.1653799058706,1
2022-10-03,ROLL_CALL,16887.349609375,1696.8320216002535,1
2022-10-04,ROLL_PUT,17274.30078125,6409.821227214303,1
2022-10-04,FLY_CLOSE,17274.30078125,-15390.078368434899,1
2022-10-06,OPEN,17331.80078125,558.247465051074,1
2022-10-10,ROLL_CALL,17241.0,84.38624154054418,1
2022-10-11,ROLL_CALL,16983.55078125,929.2728333484615,1
2022-10-12,ROLL_PUT,17123.599609375,409.19197356389225,1
2022-10-13,COVER_CLOSE,17014.349609375,-2634.5751890635083,1
2022-10-13,OPEN,17014.349609375,570.7825254010487,1
2022-10-14,ROLL_PUT,17185.69921875,568.9764872345772,1
2022-10-17,ROLL_PUT,17311.80078125,487.3639639208552,1
2022-10-18,ROLL_PUT,17486.94921875,911.3830810943612,1
2022-10-20,ROLL_PUT,17563.94921875,431.24365109295934,1
2022-10-20,COVER_CLOSE,17563.94921875,-2622.4987321708695,1
2022-10-20,OPEN,17563.94921875,545.9798030466047,1
2022-10-24,ROLL_PUT,17730.75,153.49939461104861,1
2022-10-27,COVER_CLOSE,17736.94921875,-578.0707236898879,1
2022-10-27,OPEN,17736.94921875,585.0587978492939,1
2022-10-31,ROLL_PUT,18012.19921875,782.2959766108946,1
2022-11-01,ROLL_PUT,18145.400390625,751.2397325405137,1
2022-11-03,ROLL_CALL,18052.69921875,34.79671835346667,1
2022-11-03,COVER_CLOSE,18052.69921875,-1420.4745178936246,1
2022-11-03,OPEN,18052.69921875,646.2068278237693,1
2022-11-07,ROLL_PUT,18202.80078125,385.91374906584747,1
2022-11-10,ROLL_CALL,18028.19921875,356.46082568141105,1
2022-11-10,COVER_CLOSE,18028.19921875,-1802.1555127550716,1
2022-11-10,OPEN,18028.19921875,381.73401957668943,1
2022-11-11,ROLL_PUT,18349.69921875,3885.609797928091,1
2022-11-11,FLY_CLOSE,18349.69921875,-6289.812407571424,1
2022-11-17,OPEN,18343.900390625,387.86738171655554,1
2022-11-21,ROLL_CALL,18159.94921875,1122.538733250839,1
2022-11-23,ROLL_PUT,18267.25,458.7663865299055,1
2022-11-24,ROLL_PUT,18484.099609375,3258.002129924622,1
2022-11-24,FLY_CLOSE,18484.099609375,-8976.37585471549,1
2022-11-24,OPEN,18484.099609375,713.6720930757463,1
2022-11-28,ROLL_PUT,18562.75,-62.63679882147292,1
2022-11-29,ROLL_PUT,18618.05078125,193.10131634351887,1
2022-11-30,ROLL_PUT,18758.349609375,686.7038166226558,1
2022-12-01,ROLL_PUT,18812.5,376.425762992156,1
2022-12-01,COVER_CLOSE,18812.5,-2459.914483965784,1
2022-12-01,OPEN,18812.5,338.63662989774434,1
2022-12-02,ROLL_CALL,18696.099609375,619.034319998693,1
2022-12-06,ROLL_CALL,18642.75,458.7389540752047,1
2022-12-07,ROLL_CALL,18560.5,1072.1950228451935,1
2022-12-08,COVER_CLOSE,18609.349609375,-2838.9258283858962,1
2022-12-08,OPEN,18609.349609375,572.8209284972941,1
2022-12-09,ROLL_CALL,18496.599609375,138.30138028787252,1
2022-12-13,ROLL_PUT,18608.0,40.55395038100781,1
2022-12-14,ROLL_PUT,18660.30078125,105.73493820207352,1
2022-12-15,ROLL_CALL,18414.900390625,2742.9752967188797,1
2022-12-15,FLY_CLOSE,18414.900390625,-6584.27637690357,1
2022-12-15,OPEN,18414.900390625,435.0391132612334,1
2022-12-16,ROLL_CALL,18269.0,972.2060946574768,1
2022-12-19,ROLL_PUT,18420.44921875,771.4050971643413,1
2022-12-21,ROLL_CALL,18199.099609375,2973.842960059419,1
2022-12-21,FLY_CLOSE,18199.099609375,-7568.985427414525,1
2022-12-22,OPEN,18127.349609375,407.97440546477264,1
2022-12-23,ROLL_CALL,17806.80078125,3881.288181168606,1
2022-12-23,FLY_CLOSE,17806.80078125,-6403.647215940457,1
2022-12-29,OPEN,18191.0,574.6295353733846,1
2022-12-30,ROLL_CALL,18105.30078125,329.6588092949884,1
2023-01-02,ROLL_PUT,18197.44921875,179.2345889336027,1
2023-01-04,ROLL_CALL,18042.94921875,738.42336679879,1
2023-01-05,ROLL_CALL,17992.150390625,326.8425812504696,1
2023-01-05,COVER_CLOSE,17992.150390625,-3043.463890844468,1
2023-01-05,OPEN,17992.150390625,576.7158309225943,1
2023-01-06,ROLL_CALL,17859.44921875,648.8067753374942,1
2023-01-09,ROLL_PUT,18101.19921875,1377.5306881178278,1
2023-01-10,ROLL_CALL,17914.150390625,1825.894464206393,1
2023-01-12,ROLL_CALL,17858.19921875,1327.5597375151156,1
2023-01-12,COVER_CLOSE,17858.19921875,-6859.582726882424,1
2023-01-12,OPEN,17858.19921875,489.7828398827887,1
2023-01-13,ROLL_PUT,17956.599609375,326.72551580965296,1
2023-01-17,ROLL_PUT,18053.30078125,223.73868549383894,1
2023-01-18,ROLL_PUT,18165.349609375,442.9451981469623,1
2023-01-19,COVER_CLOSE,18107.849609375,-1828.6588344638524,1
2023-01-19,OPEN,18107.849609375,483.8496186417832,1
2023-01-20,ROLL_CALL,18027.650390625,97.86408049102153,1
2023-01-23,ROLL_PUT,18118.55078125,-48.11680080008844,1
2023-01-25,ROLL_CALL,17891.94921875,539.7090311357579,1
2023-01-27,ROLL_CALL,17604.349609375,3305.2811002607823,1
2023-01-27,FLY_CLOSE,17604.349609375,-7479.921369616318,1
2023-02-02,OPEN,17610.400390625,468.3976578430651,1
2023-02-03,ROLL_PUT,17854.05078125,2186.901222055158,1
2023-02-07,ROLL_CALL,17721.5,1145.0445827064718,1
2023-02-08,ROLL_PUT,17871.69921875,1715.067236655483,1
2023-02-08,FLY_CLOSE,17871.69921875,-6515.699848471015,1
2023-02-09,OPEN,17893.44921875,599.5518462731749,1
2023-02-13,ROLL_CALL,17770.900390625,464.0012385568415,1
2023-02-14,ROLL_PUT,17929.849609375,1042.9781917218727,1
2023-02-15,ROLL_PUT,18015.849609375,862.9863888580551,1
2023-02-16,COVER_CLOSE,18035.849609375,-3677.670362259314,1
2023-02-16,OPEN,18035.849609375,445.41734336154343,1
2023-02-17,ROLL_CALL,17944.19921875,326.6771014989398,1
2023-02-20,ROLL_CALL,17844.599609375,768.7812062737588,1
2023-02-22,ROLL_CALL,17554.30078125,4191.881439633654,1
2023-02-22,FLY_CLOSE,17554.30078125,-7683.231564838553,1
2023-02-23,OPEN,17511.25,699.4277759899446,1
2023-02-27,ROLL_CALL,17392.69921875,279.8504998602171,1
2023-02-28,ROLL_CALL,17303.94921875,514.7045831422998,1
2023-03-01,ROLL_PUT,17450.900390625,970.6288726645657,1
2023-03-02,ROLL_CALL,17321.900390625,1087.5534629048536,1
2023-03-02,COVER_CLOSE,17321.900390625,-5406.508990979083,1
2023-03-02,OPEN,17321.900390625,762.8395510534599,1
2023-03-03,ROLL_PUT,17594.349609375,2117.8616655140145,1
2023-03-06,ROLL_PUT,17711.44921875,2357.2208165276616,1
2023-03-06,FLY_CLOSE,17711.44921875,-6264.673598978172,1
2023-03-09,OPEN,17589.599609375,601.6044231994329,1
2023-03-10,ROLL_CALL,17412.900390625,975.8849499186988,1
2023-03-13,ROLL_CALL,17154.30078125,3521.4422027467767,1
2023-03-14,ROLL_CALL,17043.30078125,3496.0308961472465,1
2023-03-14,FLY_CLOSE,17043.30078125,-9714.517337223358,1
2023-03-16,OPEN,16985.599609375,634.645625694852,1
2023-03-17,ROLL_PUT,17100.05078125,450.4062311668283,1
2023-03-20,ROLL_CALL,16988.400390625,423.62496830195244,1
2023-03-21,ROLL_PUT,17107.5,699.3506582708552,1
2023-03-23,COVER_CLOSE,17076.900390625,-2310.9594109473637,1
2023-03-23,OPEN,17076.900390625,417.2321852240515,1
2023-03-24,ROLL_CALL,16945.05078125,503.46620667856496,1
2023-03-29,ROLL_PUT,17080.69921875,328.50215202822494,1
2023-03-31,ROLL_PUT,17359.75,2279.340517128717,1
2023-03-31,COVER_CLOSE,17359.75,-5992.795445708194,1
2023-04-06,OPEN,17599.150390625,590.2102296293165,1
2023-04-11,ROLL_PUT,17722.30078125,227.37469483864447,1
2023-04-12,ROLL_PUT,17812.400390625,168.50895078711414,1
2023-04-13,COVER_CLOSE,17828.0,-790.4647744220899,1
2023-04-13,OPEN,17828.0,591.4876650719186,1
2023-04-17,ROLL_CALL,17706.849609375,407.04431896108895,1
2023-04-18,ROLL_CALL,17660.150390625,565.9235685725266,1
2023-04-19,ROLL_CALL,17618.75,97.35831638679667,1
2023-04-20,COVER_CLOSE,17624.44921875,-1949.0345408915764,1
2023-04-20,OPEN,17624.44921875,389.70250893513946,1
2023-04-24,ROLL_PUT,17743.400390625,396.75902707836474,1
2023-04-26,ROLL_PUT,17813.599609375,140.00202613140863,1
2023-04-27,ROLL_PUT,17915.05078125,523.2898965422653,1
2023-04-27,COVER_CLOSE,17915.05078125,-1887.3513129320236,1
2023-04-27,OPEN,17915.05078125,503.97256457142294,1
2023-04-28,ROLL_PUT,18065.0,1299.4470042782723,1
2023-05-02,ROLL_PUT,18147.650390625,506.75797276129765,1
2023-05-04,ROLL_PUT,18255.80078125,1889.9683292767727,1
2023-05-04,FLY_CLOSE,18255.80078125,-4134.642782690973,1
2023-05-04,OPEN,18255.80078125,658.0860750353902,1
2023-05-05,ROLL_CALL,18069.0,2849.5935417063138,1
2023-05-05,FLY_CLOSE,18069.0,-5402.709074965637,1
2023-05-11,OPEN,18297.0,713.924383825218,1
2023-05-15,ROLL_PUT,18398.849609375,422.9061607038649,1
2023-05-16,ROLL_CALL,18286.5,953.9705786667366,1
2023-05-17,ROLL_CALL,18181.75,1629.4782556551454,1
2023-05-17,FLY_CLOSE,18181.75,-5438.9992662621335,1
2023-05-18,OPEN,18129.94921875,464.29145279260877,1
2023-05-19,ROLL_PUT,18203.400390625,265.2164744674734,1
2023-05-22,ROLL_PUT,18314.400390625,786.2651839208622,1
2023-05-23,ROLL_PUT,18348.0,139.17236870680478,1
2023-05-25,COVER_CLOSE,18321.150390625,-2148.373490371433,1
2023-05-25,OPEN,18321.150390625,849.0040316539464,1
2023-05-26,ROLL_PUT,18499.349609375,1570.7274925921552,1
2023-05-29,ROLL_PUT,18598.650390625,1027.2496104877757,1
2023-05-30,ROLL_PUT,18633.849609375,948.0133294217715,1
2023-05-30,FLY_CLOSE,18633.849609375,-4950.243137186799,1
2023-06-01,OPEN,18487.75,665.965191951967,1
2023-06-02,ROLL_PUT,18534.099609375,190.27847082035146,1
2023-06-05,ROLL_PUT,18593.849609375,81.1713233667719,1
2023-06-07,ROLL_PUT,18726.400390625,806.0385350465181,1
2023-06-08,ROLL_CALL,18634.55078125,1005.2527438824006,1
2023-06-08,FLY_CLOSE,18634.55078125,-4191.266355790411,1
2023-06-08,OPEN,18634.55078125,554.2886377055495,1
2023-06-09,ROLL_CALL,18563.400390625,643.6052127748483,1
2023-06-13,ROLL_PUT,18716.150390625,963.4608389446419,1
2023-06-13,FLY_CLOSE,18716.150390625,-3492.892859133944,1
2023-06-15,OPEN,18688.099609375,347.6019079234684,1
2023-06-16,ROLL_PUT,18826.0,1316.9022995695468,1
2023-06-19,ROLL_CALL,18755.44921875,788.1631754261994,1
2023-06-19,FLY_CLOSE,18755.44921875,-4145.744264305753,1
2023-06-22,OPEN,18771.25,361.4571832398864,1
2023-06-23,ROLL_CALL,18665.5,530.392588253826,1
2023-06-27,ROLL_PUT,18817.400390625,917.772991001975,1
2023-06-27,FLY_CLOSE,18817.400390625,-3345.629134530081,1
2023-07-06,OPEN,19497.30078125,919.838294553814,1
2023-07-07,ROLL_CALL,19331.80078125,1649.448215662242,1
2023-07-11,ROLL_PUT,19439.400390625,658.6351688912067,1
2023-07-13,COVER_CLOSE,19413.75,-3421.9266402496132,1
2023-07-13,OPEN,19413.75,869.4416385448512,1
2023-07-14,ROLL_PUT,19564.5,1199.2245898645704,1
2023-07-17,ROLL_PUT,19711.44921875,1751.4803844579064,1
2023-07-17,FLY_CLOSE,19711.44921875,-4710.3079970798235,1
2023-07-20,OPEN,19979.150390625,631.0834735373187,1
2023-07-21,ROLL_CALL,19745.0,2627.9076395921816,1
2023-07-24,ROLL_CALL,19672.349609375,2168.997330666319,1
2023-07-24,FLY_CLOSE,19672.349609375,-6652.385837535625,1
2023-07-27,OPEN,19659.900390625,699.8172866192654,1
2023-07-31,ROLL_PUT,19753.80078125,25.251899004495556,1
2023-08-02,ROLL_CALL,19526.55078125,1198.274099573062,1
2023-08-03,ROLL_CALL,19381.650390625,2341.8266685340714,1
2023-08-03,FLY_CLOSE,19381.650390625,-6359.7552742804655,1
2023-08-03,OPEN,19381.650390625,503.21455763494214,1
2023-08-04,ROLL_PUT,19517.0,600.7679657316089,1
2023-08-07,ROLL_PUT,19597.30078125,538.2464873768288,1
2023-08-10,ROLL_CALL,19543.099609375,7.933324990159292,1
2023-08-10,COVER_CLOSE,19543.099609375,-1996.2176830201677,1
2023-08-10,OPEN,19543.099609375,501.10970291451304,1
2023-08-11,ROLL_CALL,19428.30078125,561.4292280831505,1
2023-08-17,ROLL_CALL,19365.25,309.7482518856146,1
2023-08-17,COVER_CLOSE,19365.25,-1438.9675514810729,1
2023-08-17,OPEN,19365.25,772.3598861757068,1
2023-08-18,ROLL_CALL,19310.150390625,188.07098835204482,1
2023-08-21,ROLL_PUT,19393.599609375,119.19753425665067,1
2023-08-23,ROLL_PUT,19444.0,-59.169071552681004,1
2023-08-24,ROLL_CALL,19386.69921875,-61.11667134551121,1
2023-08-24,COVER_CLOSE,19386.69921875,-1208.3311208775563,1
2023-08-24,OPEN,19386.69921875,705.2590278104719,1
2023-08-25,ROLL_CALL,19265.80078125,888.0303278091308,1
2023-08-29,ROLL_PUT,19342.650390625,82.73269910232995,1
2023-08-31,ROLL_CALL,19253.80078125,237.35756568018792,1
2023-08-31,COVER_CLOSE,19253.80078125,-1904.5332170922816,1
2023-08-31,OPEN,19253.80078125,657.8130017146298,1
2023-09-01,ROLL_PUT,19435.30078125,1860.0912319367767,1
2023-09-01,FLY_CLOSE,19435.30078125,-4134.2420281273935,1
2023-09-07,OPEN,19727.05078125,657.9811524979918,1
2023-09-08,ROLL_PUT,19819.94921875,698.3488871778103,1
2023-09-11,ROLL_PUT,19996.349609375,2067.0199064858125,1
2023-09-11,FLY_CLOSE,19996.349609375,-4639.649829965446,1
2023-09-14,OPEN,20103.099609375,592.2958206559306,1
2023-09-15,ROLL_PUT,20192.349609375,332.8200522068396,1
2023-09-18,ROLL_CALL,20133.30078125,438.0222344964111,1
2023-09-21,COVER_CLOSE,19742.349609375,-6794.685835961365,1
2023-09-21,OPEN,19742.349609375,351.1320128874428,1
2023-09-22,ROLL_CALL,19674.25,181.6441364880772,1
2023-09-26,ROLL_CALL,19664.69921875,-71.39698684688813,1
2023-09-28,ROLL_CALL,19523.55078125,777.0913625623162,1
2023-09-28,COVER_CLOSE,19523.55078125,-2262.1253269036047,1
2023-09-28,OPEN,19523.55078125,349.71411388115666,1
2023-09-29,ROLL_PUT,19638.30078125,650.0539254878444,1
2023-10-03,ROLL_CALL,19528.75,629.1532803443677,1
2023-10-04,ROLL_CALL,19436.099609375,1085.0408609348513,1
2023-10-05,ROLL_PUT,19545.75,1234.9489825794697,1
2023-10-05,FLY_CLOSE,19545.75,-5652.093808953596,1
2023-10-05,OPEN,19545.75,564.992073049077,1
2023-10-06,ROLL_PUT,19653.5,475.83787387673726,1
2023-10-09,ROLL_CALL,19512.349609375,780.2677417334593,1
2023-10-10,ROLL_PUT,19689.849609375,1825.7632107547252,1
2023-10-11,ROLL_PUT,19811.349609375,2966.038513730696,1
2023-10-11,FLY_CLOSE,19811.349609375,-9066.711878190761,1
2023-10-12,OPEN,19794.0,496.3197338539952,1
2023-10-16,ROLL_CALL,19731.75,42.18048532963451,1
2023-10-17,ROLL_PUT,19811.5,-62.5920594615188,1
2023-10-18,ROLL_CALL,19671.099609375,414.02656255189004,1
2023-10-19,ROLL_CALL,19624.69921875,153.61896163115586,1
2023-10-19,COVER_CLOSE,19624.69921875,-1720.4499667490932,1
2023-10-19,OPEN,19624.69921875,593.021473593474,1
2023-10-20,ROLL_CALL,19542.650390625,171.97016524691628,1
2023-10-23,ROLL_CALL,19281.75,2982.657511498986,1
2023-10-23,FLY_CLOSE,19281.75,-5435.5408752287885,1
2023-10-26,OPEN,18857.25,420.6968025862974,1
2023-10-27,ROLL_PUT,19047.25,1146.784330849375,1
2023-10-30,ROLL_PUT,19140.900390625,627.370499861016,1
2023-11-01,ROLL_CALL,18989.150390625,932.9056532366646,1
2023-11-02,ROLL_PUT,19133.25,1051.8943022877622,1
2023-11-02,COVER_CLOSE,19133.25,-5261.117106999043,1
2023-11-02,OPEN,19133.25,631.7449823942577,1
2023-11-03,ROLL_PUT,19230.599609375,162.77458228197162,1
2023-11-06,ROLL_PUT,19411.75,1174.9768919897422,1
2023-11-09,COVER_CLOSE,19395.30078125,-1667.9534933157295,1
2023-11-09,OPEN,19395.30078125,590.6022713113998,1
2023-11-15,ROLL_PUT,19675.44921875,832.1349346553388,1
2023-11-16,ROLL_PUT,19765.19921875,948.6682195224473,1
2023-11-16,COVER_CLOSE,19765.19921875,-3263.8610996118496,1
2023-11-16,OPEN,19765.19921875,503.4509284358329,1
2023-11-20,ROLL_CALL,19694.0,-20.244348761314342,1
2023-11-22,ROLL_PUT,19811.849609375,-103.30432201256066,1
2023-11-23,COVER_CLOSE,19802.0,-577.0676395495743,1
2023-11-23,OPEN,19802.0,480.4472789904793,1
2023-11-28,ROLL_PUT,19889.69921875,-93.71985243201051,1
2023-11-29,ROLL_PUT,20096.599609375,671.8552052786215,1
2023-11-30,COVER_CLOSE,20133.150390625,-1541.7427870723952,1
2023-11-30,OPEN,20133.150390625,532.7262214618798,1
2023-12-01,ROLL_PUT,20267.900390625,1026.5079121244523,1
2023-12-07,COVER_CLOSE,20901.150390625,-5057.588515137778,1
2023-12-07,OPEN,20901.150390625,504.9311670404261,1
2023-12-08,ROLL_PUT,20969.400390625,191.94774700709291,1
2023-12-14,ROLL_PUT,21182.69921875,1013.9405199279595,1
2023-12-14,COVER_CLOSE,21182.69921875,-2624.0913479876845,1
2023-12-14,OPEN,21182.69921875,501.0298169827529,1
2023-12-15,ROLL_PUT,21456.650390625,2298.6014938903745,1
2023-12-20,ROLL_CALL,21150.150390625,4758.810799392736,1
2023-12-20,FLY_CLOSE,21150.150390625,-12969.536921520195,1
2023-12-21,OPEN,21255.05078125,631.5919843902948,1
2023-12-22,ROLL_PUT,21349.400390625,111.42985014575106,1
2023-12-26,ROLL_PUT,21441.349609375,287.3577912560566,1
2023-12-27,ROLL_PUT,21654.75,1263.6879560110876,1
2023-12-28,ROLL_PUT,21778.69921875,1032.4546749369188,1
2023-12-28,COVER_CLOSE,21778.69921875,-4000.3417119057312,1
2023-12-28,OPEN,21778.69921875,458.69737879772765,1
2024-01-02,ROLL_CALL,21665.80078125,43.12629423320038,1
2024-01-03,ROLL_CALL,21517.349609375,315.82604597747354,1
2024-01-04,ROLL_PUT,21658.599609375,460.6047450397524,1
2024-01-04,COVER_CLOSE,21658.599609375,-2359.2677333329175,1
2024-01-04,OPEN,21658.599609375,600.5876282714569,1
2024-01-08,ROLL_CALL,21513.0,751.3593307108799,1
2024-01-10,ROLL_PUT,21618.69921875,194.0773090906834,1
2024-01-11,COVER_CLOSE,21647.19921875,-2061.1121133754777,1
2024-01-11,OPEN,21647.19921875,536.3462680001419,1
2024-01-12,ROLL_PUT,21894.55078125,1259.0180037109265,1
2024-01-15,ROLL_PUT,22097.44921875,2029.9660544944295,1
2024-01-18,COVER_CLOSE,21462.25,-18386.2677146085,1
2024-01-18,OPEN,21462.25,601.9161206982567,1
2024-01-19,ROLL_PUT,21622.400390625,640.4319430378441,1
2024-01-23,ROLL_CALL,21238.80078125,2738.4003556160346,1
2024-01-24,ROLL_PUT,21453.94921875,2459.1445431628053,1
2024-01-25,COVER_CLOSE,21352.599609375,-9104.085983354931,1
2024-01-25,OPEN,21352.599609375,723.9070708813015,1
2024-01-29,ROLL_PUT,21737.599609375,1754.3078294679933,1
2024-01-30,ROLL_CALL,21522.099609375,1684.4181648204674,1
2024-01-31,ROLL_PUT,21725.69921875,2060.7725040862783,1
2024-02-01,COVER_CLOSE,21697.44921875,-7950.190975734479,1
2024-02-01,OPEN,21697.44921875,605.4494461343704,1
2024-02-02,ROLL_PUT,21853.80078125,305.6697067553582,1
2024-02-06,ROLL_PUT,21929.400390625,90.8337334253925,1
2024-02-08,ROLL_CALL,21717.94921875,307.74371424051463,1
2024-02-08,COVER_CLOSE,21717.94921875,-1842.804141364083,1
2024-02-08,OPEN,21717.94921875,568.0957963231539,1
2024-02-12,ROLL_CALL,21616.05078125,84.24031459045761,1
2024-02-13,ROLL_PUT,21743.25,-45.41370888253664,1
2024-02-14,ROLL_PUT,21840.05078125,95.52280152257072,1
2024-02-15,ROLL_PUT,21910.75,-44.39796884275461,1
2024-02-15,COVER_CLOSE,21910.75,-1322.906372880601,1
2024-02-15,OPEN,21910.75,569.8255017490201,1
2024-02-16,ROLL_PUT,22040.69921875,107.05514719629849,1
2024-02-19,ROLL_PUT,22122.25,-13.970187620232622,1
2024-02-20,ROLL_PUT,22196.94921875,-83.45230617077067,1
2024-02-21,ROLL_CALL,22055.05078125,-86.42135739777012,1
2024-02-22,ROLL_PUT,22217.44921875,-11.951607813691965,1
2024-02-22,COVER_CLOSE,22217.44921875,-878.9407594784427,1
2024-02-22,OPEN,22217.44921875,727.1790940328985,1
2024-02-26,ROLL_CALL,22122.05078125,8.649225410082721,1
2024-02-27,ROLL_PUT,22198.349609375,-152.43206224742812,1
2024-02-28,ROLL_CALL,21951.150390625,512.1565188303549,1
2024-02-29,COVER_CLOSE,21982.80078125,-1571.8378518211832,1
2024-02-29,OPEN,21982.80078125,647.5830108289347,1
2024-03-01,ROLL_PUT,22338.75,3277.9503263966617,1
2024-03-04,ROLL_PUT,22405.599609375,1518.9192034730606,1
2024-03-07,ROLL_PUT,22493.55078125,1531.8629021431857,1
2024-03-07,FLY_CLOSE,22493.55078125,-5887.132430164232,1
2024-03-07,OPEN,22493.55078125,578.6966673846301,1
2024-03-11,ROLL_CALL,22332.650390625,701.0378632733743,1
2024-03-13,ROLL_CALL,21997.69921875,4301.769720690779,1
2024-03-13,FLY_CLOSE,21997.69921875,-7581.995797146719,1
2024-03-14,OPEN,22146.650390625,762.9652472347143,1
2024-03-15,ROLL_CALL,22023.349609375,454.71878449181713,1
2024-03-19,ROLL_CALL,21817.44921875,1679.545643377405,1
2024-03-21,ROLL_PUT,22011.94921875,2008.571781315341,1
2024-03-21,COVER_CLOSE,22011.94921875,-6550.839170157127,1
2024-03-21,OPEN,22011.94921875,445.1981194125693,1
2024-03-27,ROLL_PUT,22123.650390625,-76.3980648225794,1
2024-03-28,ROLL_PUT,22326.900390625,484.32134839001014,1
2024-03-28,COVER_CLOSE,22326.900390625,-1640.4901906858045,1
2024-03-28,OPEN,22326.900390625,513.0449587522733,1
2024-04-01,ROLL_PUT,22462.0,121.01336835922137,1
2024-04-04,ROLL_PUT,22514.650390625,-133.66178882091873,1
2024-04-04,COVER_CLOSE,22514.650390625,-630.2791126929369,1
2024-04-04,OPEN,22514.650390625,569.0652848224639,1
2024-04-08,ROLL_PUT,22666.30078125,328.48261077459176,1
2024-04-10,ROLL_PUT,22753.80078125,207.19551712616158,1
2024-04-12,ROLL_CALL,22519.400390625,1168.5829923131696,1
2024-04-12,COVER_CLOSE,22519.400390625,-3839.7537303652653,1
2024-04-18,OPEN,21995.849609375,569.2046889525891,1
2024-04-19,ROLL_PUT,22147.0,575.0131976600056,1
2024-04-22,ROLL_PUT,22336.400390625,1180.3663372540116,1
2024-04-24,ROLL_PUT,22402.400390625,756.95270004224,1
2024-04-25,ROLL_PUT,22570.349609375,2271.9146099812747,1
2024-04-25,FLY_CLOSE,22570.349609375,-5523.068288586501,1
2024-04-25,OPEN,22570.349609375,79.58072459390627,1
2024-04-26,ROLL_CALL,22419.94921875,274.3383613668833,1
2024-04-29,ROLL_PUT,22643.400390625,527.6875336955585,1
2024-05-02,COVER_CLOSE,22648.19921875,-1483.994896324093,1
2024-05-02,OPEN,22648.19921875,88.11183011241201,1
2024-05-03,ROLL_CALL,22475.849609375,371.4619568944986,1
2024-05-06,ROLL_CALL,22442.69921875,33.8294806222998,1
2024-05-07,ROLL_CALL,22302.5,648.1758810429833,1
2024-05-09,COVER_CLOSE,21957.5,-2474.8384334906627,1
2024-05-09,OPEN,21957.5,121.30835767785982,1
2024-05-10,ROLL_PUT,22055.19921875,76.08039045656307,1
2024-05-14,ROLL_PUT,22217.849609375,226.14151227282252,1
2024-05-16,ROLL_PUT,22403.849609375,461.41970721392715,1
2024-05-16,COVER_CLOSE,22403.849609375,-1732.673221053718,1
2024-05-16,OPEN,22403.849609375,214.34246109467085,1
2024-05-21,ROLL_PUT,22529.05078125,-73.84315431987984,1
2024-05-22,ROLL_PUT,22597.80078125,-57.18173099805631,1
2024-05-23,ROLL_PUT,22967.650390625,1447.6677787633037,1
2024-05-23,FLY_CLOSE,22967.650390625,-3288.1161098188945,1
2024-05-23,OPEN,22967.650390625,91.87845185893428,1
2024-05-28,ROLL_CALL,22888.150390625,-93.98317961571958,1
2024-05-29,ROLL_CALL,22704.69921875,77.33170060847624,1
2024-05-30,ROLL_CALL,22488.650390625,626.1678835918622,1
2024-05-30,COVER_CLOSE,22488.650390625,-1951.1128109254767,1
2024-05-30,OPEN,22488.650390625,94.38654974125421,1
2024-06-03,ROLL_PUT,23263.900390625,4799.351919894909,1
2024-06-03,FLY_CLOSE,23263.900390625,-7694.912583626945,1
2024-06-06,OPEN,22821.400390625,73.49173095727724,1
2024-06-07,ROLL_PUT,23290.150390625,326.3305214573687,1
2024-06-13,COVER_CLOSE,23398.900390625,-595.7006575663952,1
2024-06-13,OPEN,23398.900390625,96.98026074177506,1
2024-06-20,ROLL_PUT,23567.0,-183.18335102385294,1
2024-06-20,COVER_CLOSE,23567.0,-479.3419749721616,1
2024-06-20,OPEN,23567.0,90.84816036889703,1
2024-06-26,ROLL_PUT,23868.80078125,-128.26367037299383,1
2024-06-27,ROLL_PUT,24044.5,-145.97297438490685,1
2024-06-27,COVER_CLOSE,24044.5,-568.8670559546297,1
2024-06-27,OPEN,24044.5,57.380562970942606,1
2024-07-03,ROLL_PUT,24286.5,-199.99968556610952,1
2024-07-04,ROLL_PUT,24302.150390625,-200.0,1
2024-07-04,COVER_CLOSE,24302.150390625,-400.0,1
2024-07-04,OPEN,24302.150390625,-61.88683269466975,1
2024-07-09,ROLL_PUT,24433.19921875,-185.0901399561356,1
2024-07-10,ROLL_CALL,24324.44921875,-141.9527766272203,1
2024-07-11,COVER_CLOSE,24315.94921875,-509.5201857332385,1
2024-07-11,OPEN,24315.94921875,78.99867503690245,1
2024-07-12,ROLL_PUT,24502.150390625,811.7286413969155,1
2024-07-12,FLY_CLOSE,24502.150390625,-2112.13167492145,1
2024-07-18,OPEN,24800.849609375,129.87940838390318,1
2024-07-19,ROLL_CALL,24530.900390625,1532.7544470661412,1
2024-07-19,FLY_CLOSE,24530.900390625,-3184.1718951521575,1
2024-07-25,OPEN,24406.099609375,-23.33781728872276,1
2024-07-26,ROLL_PUT,24834.849609375,2514.8432189411997,1
2024-07-26,FLY_CLOSE,24834.849609375,-4217.309253298409,1
2024-08-01,OPEN,25010.900390625,78.64492443465758,1
2024-08-02,ROLL_CALL,24717.69921875,992.7280178936951,1
2024-08-08,COVER_CLOSE,24117.0,-3073.5266430646716,1
2024-08-08,OPEN,24117.0,123.35586952079291,1
2024-08-09,ROLL_PUT,24367.5,370.68446944822415,1
2024-08-13,ROLL_CALL,24139.0,306.7963098584155,1
2024-08-16,ROLL_PUT,24541.150390625,969.724264616643,1
2024-08-16,COVER_CLOSE,24541.150390625,-3064.82185854172,1
2024-08-22,OPEN,24811.5,132.27286599856916,1
2024-08-26,ROLL_PUT,25010.599609375,-37.837549975584864,1
2024-08-29,ROLL_PUT,25151.94921875,-100.56577808380199,1
2024-08-29,COVER_CLOSE,25151.94921875,-663.1803825963352,1
2024-08-29,OPEN,25151.94921875,54.23126109922072,1
2024-09-02,ROLL_PUT,25278.69921875,-120.3908710738781,1
2024-09-04,ROLL_CALL,25198.69921875,-197.96360779568175,1
2024-09-05,ROLL_CALL,25145.099609375,-199.44900303432325,1
2024-09-05,COVER_CLOSE,25145.099609375,-402.14577637830104,1
2024-09-05,OPEN,25145.099609375,93.26668761501793,1
2024-09-06,ROLL_CALL,24852.150390625,1061.857035545099,1
2024-09-10,ROLL_PUT,25041.099609375,517.5742175567352,1
2024-09-11,ROLL_CALL,24918.44921875,488.3519430101285,1
2024-09-11,FLY_CLOSE,24918.44921875,-3154.5890320822855,1
2024-09-12,OPEN,25388.900390625,10.82813979204468,1
2024-09-19,COVER_CLOSE,25415.80078125,-440.4071425029071,1
2024-09-19,OPEN,25415.80078125,115.7326178171354,1
2024-09-20,ROLL_PUT,25790.94921875,1675.3431206316118,1
2024-09-23,ROLL_PUT,25939.05078125,1081.172150559264,1
2024-09-23,FLY_CLOSE,25939.05078125,-3981.527015632486,1
2024-09-26,OPEN,26216.05078125,59.289758694020406,1
2024-09-30,ROLL_CALL,25810.849609375,1150.0586952036617,1
2024-10-03,COVER_CLOSE,25250.099609375,-2689.4188618935987,1
2024-10-03,OPEN,25250.099609375,53.373096334189825,1
2024-10-04,ROLL_CALL,25014.599609375,252.6210760575765,1
2024-10-07,ROLL_CALL,24795.75,411.62161012919137,1
2024-10-08,ROLL_PUT,25013.150390625,362.8869013883042,1
2024-10-10,COVER_CLOSE,24998.44921875,-1763.1424713807917,1
2024-10-10,OPEN,24998.44921875,62.21539567611495,1
2024-10-14,ROLL_PUT,25127.94921875,-138.53947910848743,1
2024-10-16,ROLL_CALL,24971.30078125,-120.2381552331822,1
2024-10-17,ROLL_CALL,24749.849609375,8.129587884614864,1
2024-10-17,COVER_CLOSE,24749.849609375,-888.2646567784734,1
2024-10-17,OPEN,24749.849609375,56.62851225730191,1
2024-10-22,ROLL_CALL,24472.099609375,95.00407740246158,1
2024-10-24,ROLL_CALL,24399.400390625,-88.69517750821126,1
2024-10-24,COVER_CLOSE,24399.400390625,-805.2621191167343,1
2024-10-24,OPEN,24399.400390625,84.86885342372119,1
2024-10-25,ROLL_CALL,24180.80078125,333.72787163483224,1
2024-10-28,ROLL_PUT,24339.150390625,189.8352613337915,1
2024-10-29,ROLL_PUT,24466.849609375,225.10811493936575,1
2024-10-30,ROLL_CALL,24340.849609375,203.48646400196964,1
2024-10-31,ROLL_CALL,24205.349609375,457.78825693987903,1
2024-10-31,COVER_CLOSE,24205.349609375,-2116.909464274968,1
2024-10-31,OPEN,24205.349609375,65.68981226777515,1
2024-11-01,ROLL_PUT,24304.349609375,51.4898852645311,1
2024-11-04,ROLL_CALL,23995.349609375,861.8956608931394,1
2024-11-05,ROLL_PUT,24213.30078125,1153.5803626494658,1
2024-11-05,FLY_CLOSE,24213.30078125,-4492.048623469145,1
2024-11-07,OPEN,24199.349609375,65.39369643603266,1
2024-11-12,ROLL_CALL,23883.44921875,424.9841283174252,1
2024-11-13,ROLL_CALL,23559.05078125,1665.7642610469068,1
2024-11-14,COVER_CLOSE,23532.69921875,-2969.5178112184785,1
2024-11-14,OPEN,23532.69921875,51.70314607719854,1
2024-11-18,ROLL_CALL,23453.80078125,-126.53858652745087,1
2024-11-21,ROLL_CALL,23349.900390625,-100.37640058857968,1
2024-11-21,COVER_CLOSE,23349.900390625,-640.1733561229007,1
2024-11-21,OPEN,23349.900390625,1051.876165335099,1
2024-11-22,ROLL_PUT,23907.25,9615.820151218024,1
2024-11-25,ROLL_PUT,24221.900390625,11063.807444002021,1
2024-11-25,FLY_CLOSE,24221.900390625,-22971.610894229998,1
2024-11-28,OPEN,23914.150390625,955.3555185708212,1
2024-11-29,ROLL_PUT,24131.099609375,874.3405948892432,1
2024-12-02,ROLL_PUT,24276.05078125,911.6461703299724,1
2024-12-03,ROLL_PUT,24457.150390625,1204.3426352727345,1
2024-12-05,ROLL_PUT,24708.400390625,2290.863015748603,1
2024-12-05,COVER_CLOSE,24708.400390625,-5368.364395356617,1
2024-12-05,OPEN,24708.400390625,892.4072638599337,1
2024-12-09,ROLL_CALL,24619.0,50.03045790405071,1
2024-12-12,ROLL_CALL,24548.69921875,-90.25251536092273,1
2024-12-12,COVER_CLOSE,24548.69921875,-705.2684780497689,1
2024-12-12,OPEN,24548.69921875,1096.7450254234602,1
2024-12-13,ROLL_PUT,24768.30078125,903.0113736097323,1
2024-12-17,ROLL_CALL,24336.0,3088.0317321343746,1
2024-12-18,ROLL_CALL,24198.849609375,2767.254848856367,1
2024-12-19,ROLL_CALL,23951.69921875,6654.745124449922,1
2024-12-19,FLY_CLOSE,23951.69921875,-18377.82021953571,1
2024-12-19,OPEN,23951.69921875,1045.0494251022212,1
2024-12-20,ROLL_CALL,23587.5,1645.2743960953906,1
2024-12-23,ROLL_PUT,23753.44921875,372.9485053418872,1
2024-12-26,COVER_CLOSE,23750.19921875,-1566.739360410119,1
2024-12-26,OPEN,23750.19921875,1126.7456834772204,1
2024-12-30,ROLL_CALL,23644.900390625,219.4344746015118,1
2025-01-01,ROLL_PUT,23742.900390625,-57.25726041431412,1
2025-01-02,ROLL_PUT,24188.650390625,3707.1340350495857,1
2025-01-02,COVER_CLOSE,24188.650390625,-8475.553232321798,1
2025-01-02,OPEN,24188.650390625,825.1841442428283,1
2025-01-03,ROLL_CALL,24004.75,747.5110197590468,1
2025-01-06,ROLL_CALL,23616.05078125,4317.911930532344,1
2025-01-09,ROLL_CALL,23526.5,1937.3564367751283,1
2025-01-09,COVER_CLOSE,23526.5,-7047.241328293867,1
2025-01-09,OPEN,23526.5,964.0514618197899,1
2025-01-10,ROLL_CALL,23431.5,309.5835113782677,1
2025-01-13,ROLL_CALL,23085.94921875,2328.6586350045272,1
2025-01-16,ROLL_PUT,23311.80078125,1748.8245396727996,1
2025-01-16,COVER_CLOSE,23311.80078125,-6132.704151779779,1
2025-01-16,OPEN,23311.80078125,990.4497890690436,1
2025-01-17,ROLL_CALL,23203.19921875,274.55811095053406,1
2025-01-20,ROLL_PUT,23344.75,13.648771928241047,1
2025-01-21,ROLL_CALL,23024.650390625,1368.5865672901673,1
2025-01-22,ROLL_PUT,23155.349609375,738.8247637144166,1
2025-01-23,COVER_CLOSE,23205.349609375,-4021.0856901372185,1
2025-01-23,OPEN,23205.349609375,1069.4614418984543,1
2025-01-24,ROLL_CALL,23092.19921875,560.6475202786783,1
2025-01-27,ROLL_CALL,22829.150390625,1955.8715228001379,1
2025-01-29,ROLL_PUT,23163.099609375,4023.370984341015,1
2025-01-30,ROLL_PUT,23249.5,1560.4241609747878,1
2025-01-30,COVER_CLOSE,23249.5,-9216.918998929263,1
2025-01-30,OPEN,23249.5,1157.9882915929898,1
2025-01-31,ROLL_PUT,23508.400390625,1988.126764501424,1
2025-02-03,ROLL_CALL,23361.05078125,755.5296924062445,1
2025-02-04,ROLL_PUT,23739.25,5320.110282680969,1
2025-02-06,ROLL_CALL,23603.349609375,2056.1798007546513,1
2025-02-06,COVER_CLOSE,23603.349609375,-12927.672254011288,1
2025-02-06,OPEN,23603.349609375,1211.8204371955248,1
2025-02-10,ROLL_CALL,23381.599609375,555.5093321243289,1
2025-02-11,ROLL_CALL,23071.80078125,2953.487871560931,1
2025-02-13,COVER_CLOSE,23031.400390625,-4308.507266280823,1
2025-02-13,OPEN,23031.400390625,1117.5847911016979,1
2025-02-14,ROLL_CALL,22929.25,590.512444244945,1
2025-02-20,ROLL_CALL,22913.150390625,-94.5644063786896,1
2025-02-20,COVER_CLOSE,22913.150390625,-837.2014062230829,1
2025-02-20,OPEN,22913.150390625,1075.3760681557383,1
2025-02-21,ROLL_CALL,22795.900390625,340.9820826068119,1
2025-02-24,ROLL_CALL,22553.349609375,2239.4214529713495,1
2025-02-27,COVER_CLOSE,22545.05078125,-2390.1294647176237,1
2025-02-27,OPEN,22545.05078125,959.9977076908692,1
2025-02-28,ROLL_CALL,22124.69921875,5024.1556845405985,1
2025-03-04,ROLL_CALL,22082.650390625,2016.6930491409366,1
2025-03-05,ROLL_PUT,22337.30078125,7103.731934598487,1
2025-03-05,FLY_CLOSE,22337.30078125,-18862.550040926493,1
2025-03-06,OPEN,22544.69921875,919.5171845583027,1
2025-03-10,ROLL_CALL,22460.30078125,455.3804885841507,1
2025-03-13,ROLL_CALL,22397.19921875,77.82550841201379,1
2025-03-13,COVER_CLOSE,22397.19921875,-1187.5982269877177,1
2025-03-13,OPEN,22397.19921875,1051.9704097013187,1
2025-03-17,ROLL_PUT,22508.75,175.44679615467192,1
2025-03-18,ROLL_PUT,22834.30078125,4644.965735543129,1
2025-03-19,ROLL_PUT,22907.599609375,1399.831362551924,1
2025-03-20,COVER_CLOSE,23190.650390625,-7828.982851705899,1
2025-03-20,OPEN,23190.650390625,1229.9849944221157,1
2025-03-21,ROLL_PUT,23350.400390625,1081.2518397119818,1
2025-03-24,ROLL_PUT,23658.349609375,3384.205425743617,1
2025-03-26,ROLL_CALL,23486.849609375,2331.678109408117,1
2025-03-27,COVER_CLOSE,23591.94921875,-7764.472416502039,1
2025-03-27,OPEN,23591.94921875,1094.6641633827248,1
2025-03-28,ROLL_CALL,23519.349609375,398.88996448863486,1
2025-04-01,ROLL_CALL,23165.69921875,1949.0298892141873,1
2025-04-02,ROLL_PUT,23332.349609375,1544.9042037464412,1
2025-04-03,COVER_CLOSE,23250.099609375,-5749.573938890703,1
2025-04-03,OPEN,23250.099609375,1184.0213851310705,1
2025-04-04,ROLL_CALL,22904.44921875,3626.7008552296998,1
2025-04-08,ROLL_CALL,22535.849609375,11029.030498643426,1
2025-04-08,FLY_CLOSE,22535.849609375,-20036.509169682857,1
2025-04-17,OPEN,23851.650390625,1107.4152995232214,1
2025-04-21,ROLL_PUT,24125.55078125,308.6252671209156,1
2025-04-23,ROLL_PUT,24328.94921875,345.655769271209,1
2025-04-24,COVER_CLOSE,24246.69921875,-1370.0721746917277,1
2025-04-24,OPEN,24246.69921875,1097.870158508723,1
2025-04-25,ROLL_CALL,24039.349609375,701.9130594599397,1
2025-04-28,ROLL_PUT,24328.5,668.8083988756633,1
2025-05-02,COVER_CLOSE,24346.69921875,-1015.2094491635113,1
2025-05-08,OPEN,24273.80078125,942.896367740045,1
2025-05-09,ROLL_CALL,24008.0,249.73956659989472,1
2025-05-12,ROLL_PUT,24924.69921875,5986.113693783309,1
2025-05-13,ROLL_CALL,24578.349609375,5264.948036878276,1
2025-05-15,ROLL_PUT,25062.099609375,11124.302076733604,1
2025-05-15,FLY_CLOSE,25062.099609375,-30600.03231604215,1
2025-05-15,OPEN,25062.099609375,990.4644687896764,1
2025-05-19,ROLL_CALL,24945.44921875,34.901576633402954,1
2025-05-20,ROLL_CALL,24683.900390625,679.0874318798245,1
2025-05-22,ROLL_CALL,24609.69921875,190.49498454879028,1
2025-05-22,COVER_CLOSE,24609.69921875,-1803.6806726476493,1
2025-05-22,OPEN,24609.69921875,999.0815150167243,1
2025-05-23,ROLL_PUT,24853.150390625,885.7061177600656,1
2025-05-26,ROLL_PUT,25001.150390625,464.3671992985352,1
2025-05-27,ROLL_CALL,24826.19921875,321.0190386845509,1
2025-05-28,ROLL_CALL,24752.44921875,374.7670510296806,1
2025-05-29,COVER_CLOSE,24833.599609375,-2376.68401470383,1
2025-05-29,OPEN,24833.599609375,1188.7385834103027,1
2025-06-02,ROLL_CALL,24716.599609375,201.38989153856983,1
2025-06-03,ROLL_CALL,24542.5,427.4268909234735,1
2025-06-05,ROLL_PUT,24750.900390625,301.1292983748671,1
2025-06-05,COVER_CLOSE,24750.900390625,-2075.636038856843,1
2025-06-05,OPEN,24750.900390625,1024.178529150968,1
2025-06-06,ROLL_PUT,25003.05078125,790.5651105088558,1
2025-06-09,ROLL_PUT,25103.19921875,-140.42449475999518,1
2025-06-11,ROLL_PUT,25141.400390625,-196.69376459439948,1
2025-06-12,ROLL_CALL,24888.19921875,-190.65904931079882,1
2025-06-12,COVER_CLOSE,24888.19921875,-424.86058836035596,1
2025-06-12,OPEN,24888.19921875,1330.3170902254026,1
2025-06-13,ROLL_CALL,24718.599609375,1342.5777063571854,1
2025-06-16,ROLL_PUT,24946.5,2142.7581339184353,1
2025-06-18,ROLL_CALL,24812.05078125,1531.1495742838508,1
2025-06-19,COVER_CLOSE,24793.25,-5050.307070079691,1
2025-06-19,OPEN,24793.25,1027.5430506412815,1
2025-06-20,ROLL_PUT,25112.400390625,3511.087325954087,1
2025-06-23,ROLL_CALL,24971.900390625,2044.5597992069643,1
2025-06-25,ROLL_PUT,25244.75,5520.196003141582,1
2025-06-25,FLY_CLOSE,25244.75,-14071.53215227036,1
2025-06-26,OPEN,25549.0,1223.3358314764664,1
2025-06-27,ROLL_PUT,25637.80078125,227.0688241831616,1
2025-06-30,ROLL_CALL,25517.05078125,346.1589761797551,1
2025-07-02,ROLL_CALL,25453.400390625,258.2527729146955,1
2025-07-03,ROLL_CALL,25405.30078125,128.12986341666277,1
2025-07-03,COVER_CLOSE,25405.30078125,-2103.923522658626,1
2025-07-03,OPEN,25405.30078125,1053.175237254752,1
2025-07-08,ROLL_PUT,25522.5,-13.124966184368901,1
2025-07-10,ROLL_CALL,25355.25,55.93142732807752,1
2025-07-10,COVER_CLOSE,25355.25,-1105.031592433297,1
2025-07-10,OPEN,25355.25,983.3450552981324,1
2025-07-11,ROLL_CALL,25149.849609375,1628.2844788177274,1
2025-07-14,ROLL_CALL,25082.30078125,1123.2971355392401,1
2025-07-15,ROLL_PUT,25195.80078125,1179.6524052315492,1
2025-07-17,ROLL_CALL,25111.44921875,725.1363162679351,1
2025-07-17,COVER_CLOSE,25111.44921875,-5280.431581580062,1
2025-07-17,OPEN,25111.44921875,985.7075055741086,1
2025-07-18,ROLL_CALL,24968.400390625,936.0014598221594,1
2025-07-21,ROLL_PUT,25090.69921875,553.9925737556331,1
2025-07-23,ROLL_PUT,25219.900390625,1188.9536012869862,1
2025-07-24,ROLL_CALL,25062.099609375,1939.2465451043477,1
2025-07-24,FLY_CLOSE,25062.099609375,-5333.494492606074,1
2025-07-24,OPEN,25062.099609375,1112.9387101559505,1
2025-07-25,ROLL_CALL,24837.0,3497.052642704026,1
2025-07-25,FLY_CLOSE,24837.0,-7073.258817522918,1
2025-07-31,OPEN,24768.349609375,1049.4381329723699,1
2025-08-01,ROLL_CALL,24565.349609375,2321.979792772908,1
2025-08-04,ROLL_PUT,24722.75,2367.7152093234554,1
2025-08-06,ROLL_CALL,24574.19921875,3883.3189466358294,1
2025-08-06,FLY_CLOSE,24574.19921875,-11495.267493788604,1
2025-08-07,OPEN,24596.150390625,1250.0579845455602,1
2025-08-08,ROLL_CALL,24363.30078125,2921.8073614525665,1
2025-08-11,ROLL_PUT,24585.05078125,4039.4668860694,1
2025-08-11,FLY_CLOSE,24585.05078125,-12611.434669120561,1
2025-08-14,OPEN,24631.30078125,1003.9180082602547,1
2025-08-18,ROLL_PUT,24876.94921875,1677.274731319857,1
2025-08-19,ROLL_PUT,24980.650390625,1534.7453940388366,1
2025-08-20,ROLL_PUT,25050.55078125,1574.362766593252,1
2025-08-21,COVER_CLOSE,25083.75,-4890.58032250901,1
2025-08-21,OPEN,25083.75,957.8020556528127,1
2025-08-22,ROLL_CALL,24870.099609375,1584.271144634688,1
2025-08-26,ROLL_CALL,24712.05078125,2531.6268907510466,1
2025-08-28,ROLL_CALL,24500.900390625,5400.315333705274,1
2025-08-28,FLY_CLOSE,24500.900390625,-10350.78417364559,1
2025-08-28,OPEN,24500.900390625,937.0234469325633,1
2025-09-01,ROLL_PUT,24625.05078125,351.5567752534938,1
2025-09-03,ROLL_PUT,24715.05078125,485.1452772880225,1
2025-09-04,COVER_CLOSE,24734.30078125,-1589.2129057601285,1
2025-09-04,OPEN,24734.30078125,939.9730847413553,1
2025-09-09,ROLL_PUT,24868.599609375,98.08633371310742,1
2025-09-10,ROLL_PUT,24973.099609375,211.76434827662524,1
2025-09-11,COVER_CLOSE,25005.5,-1043.8526664866981,1
2025-09-11,OPEN,25005.5,1194.98187626868,1
2025-09-12,ROLL_PUT,25114.0,670.7211096309873,1
2025-09-16,ROLL_PUT,25239.099609375,1086.5073936778504,1
2025-09-17,ROLL_PUT,25330.25,943.2681391990982,1
2025-09-18,ROLL_PUT,25423.599609375,1180.0212379391335,1
2025-09-18,COVER_CLOSE,25423.599609375,-4673.199564044768,1
2025-09-18,OPEN,25423.599609375,1230.9485810744918,1
2025-09-19,ROLL_CALL,25327.05078125,700.2045877124984,1
2025-09-22,ROLL_CALL,25202.349609375,1515.064789917863,1
2025-09-24,ROLL_CALL,25056.900390625,1893.0781592218736,1
2025-09-24,FLY_CLOSE,25056.900390625,-4959.009282908982,1
2025-09-25,OPEN,24890.849609375,1143.2885319402508,1
2025-09-26,ROLL_CALL,24654.69921875,3388.587588035426,1
2025-09-29,ROLL_CALL,24634.900390625,1256.777164462541,1
2025-09-29,FLY_CLOSE,24634.900390625,-5911.944528827157,1
2025-10-09,OPEN,25181.80078125,862.4806770127254,1
2025-10-10,ROLL_PUT,25285.349609375,665.1596988673559,1
2025-10-14,ROLL_CALL,25145.5,1158.5292562478216,1
2025-10-15,ROLL_PUT,25323.55078125,2573.122314177714,1
2025-10-15,FLY_CLOSE,25323.55078125,-7191.857989297582,1
2025-10-16,OPEN,25585.30078125,776.384156717535,1
2025-10-17,ROLL_PUT,25709.849609375,845.332667031837,1
2025-10-20,ROLL_PUT,25843.150390625,1259.6527256765887,1
2025-10-23,COVER_CLOSE,25891.400390625,-2015.3628816958828,1
2025-10-23,OPEN,25891.400390625,1014.732013660674,1
2025-10-24,ROLL_CALL,25795.150390625,505.84963363202235,1
2025-10-27,ROLL_PUT,25966.05078125,700.7906144702806,1
2025-10-29,ROLL_PUT,26053.900390625,275.30321421090906,1
2025-10-30,ROLL_CALL,25877.849609375,1686.787016565969,1
2025-10-30,COVER_CLOSE,25877.849609375,-5077.853572862827,1
2025-10-30,OPEN,25877.849609375,1272.6472721680038,1
2025-10-31,ROLL_CALL,25722.099609375,1377.0388086713983,1
2025-11-04,ROLL_CALL,25597.650390625,2202.5616846703847,1
2025-11-06,ROLL_CALL,25509.69921875,2366.0995463281165,1
2025-11-06,FLY_CLOSE,25509.69921875,-7247.993882172251,1
2025-11-06,OPEN,25509.69921875,824.1161706080095,1
2025-11-11,ROLL_PUT,25694.94921875,757.26233307108,1
2025-11-12,ROLL_PUT,25875.80078125,2181.960308941016,1
2025-11-13,COVER_CLOSE,25879.150390625,-4104.130360829158,1
2025-11-13,OPEN,25879.150390625,1165.3490412261237,1
2025-11-17,ROLL_PUT,26013.44921875,354.8324244163682,1
2025-11-18,ROLL_CALL,25910.05078125,407.9861589801774,1
2025-11-19,ROLL_PUT,26052.650390625,967.3340306122341,1
2025-11-20,ROLL_PUT,26192.150390625,2143.2665028830156,1
2025-11-20,FLY_CLOSE,26192.150390625,-6678.816835580782,1
2025-11-20,OPEN,26192.150390625,945.731999614711,1
2025-11-21,ROLL_CALL,26068.150390625,1109.3629943415242,1
2025-11-24,ROLL_CALL,25959.5,1748.7534400986615,1
2025-11-25,ROLL_CALL,25884.80078125,1441.218633300677,1
2025-11-25,FLY_CLOSE,25884.80078125,-4938.716156746718,1
2025-11-27,OPEN,26215.55078125,1107.2532907719421,1
2025-12-01,ROLL_CALL,26175.75,56.85620269280412,1
2025-12-02,ROLL_CALL,26032.19921875,880.7398325343386,1
2025-12-03,ROLL_CALL,25986.0,334.53518474722785,1
2025-12-04,COVER_CLOSE,26033.75,-2077.4118866697345,1
2025-12-04,OPEN,26033.75,945.0284193395769,1
2025-12-05,ROLL_PUT,26186.44921875,1429.036376204642,1
2025-12-08,ROLL_CALL,25960.55078125,4095.3114416911203,1
2025-12-08,FLY_CLOSE,25960.55078125,-10017.777096766764,1
2025-12-11,OPEN,25898.55078125,1162.956245932987,1
2025-12-12,ROLL_PUT,26046.94921875,1022.6407733879389,1
2025-12-16,ROLL_CALL,25860.099609375,1774.7874555081896,1
2025-12-17,ROLL_CALL,25818.55078125,800.6686944689394,1
2025-12-18,COVER_CLOSE,25815.55078125,-4384.080070458705,1
2025-12-18,OPEN,25815.55078125,1201.996752698082,1
2025-12-19,ROLL_PUT,25966.400390625,1064.022939486954,1
2025-12-22,ROLL_PUT,26172.400390625,3264.964545522276,1
2025-12-26,ROLL_CALL,26042.30078125,1623.7837973165063,1
2025-12-26,FLY_CLOSE,26042.30078125,-6178.988456352731,1
2026-01-01,OPEN,26146.55078125,995.4046344423427,1
2026-01-02,ROLL_PUT,26328.55078125,1707.3284106431897,1
2026-01-05,ROLL_CALL,26250.30078125,563.2142471857018,1
2026-01-06,ROLL_CALL,26178.69921875,915.7272030687923,1
2026-01-07,ROLL_CALL,26140.75,732.448313801975,1
2026-01-07,FLY_CLOSE,26140.75,-5033.5210119745125,1
2026-01-08,OPEN,25876.849609375,921.2538649900373,1
2026-01-09,ROLL_CALL,25683.30078125,1695.9841820538338,1
2026-01-14,ROLL_CALL,25665.599609375,371.0329204159924,1
2026-01-16,COVER_CLOSE,25694.349609375,-1880.1838863843384,1
2026-01-22,OPEN,25289.900390625,674.5474079249107,1
2026-01-23,ROLL_CALL,25048.650390625,1893.2111354962367,1
2026-01-28,ROLL_PUT,25342.75,3188.40231902583,1
2026-01-28,FLY_CLOSE,25342.75,-8895.886725003998,1
2026-01-29,OPEN,25418.900390625,698.5233392496616,1
2026-01-30,ROLL_CALL,25320.650390625,272.5890577970509,1
2026-02-02,ROLL_CALL,25088.400390625,1601.7421347389031,1
2026-02-05,ROLL_PUT,25642.80078125,11058.654958137678,1
2026-02-05,FLY_CLOSE,25642.80078125,-25972.87568884298,1
2026-02-05,OPEN,25642.80078125,892.5679132438386,1
2026-02-09,ROLL_PUT,25867.30078125,379.8184370942578,1
2026-02-10,ROLL_PUT,25935.150390625,175.62805665539855,1
2026-02-12,ROLL_CALL,25807.19921875,206.61900848241237,1
2026-02-12,COVER_CLOSE,25807.19921875,-1820.1157626230602,1
2026-02-12,OPEN,25807.19921875,784.551951565777,1
2026-02-13,ROLL_CALL,25471.099609375,2271.8353793605534,1
2026-02-16,ROLL_PUT,25682.75,1077.509925137582,1
2026-02-18,ROLL_PUT,25819.349609375,1189.3042475489883,1
2026-02-19,ROLL_CALL,25454.349609375,4960.657590219763,1
2026-02-19,COVER_CLOSE,25454.349609375,-13097.757075419106,1
2026-02-19,OPEN,25454.349609375,959.0244024405417,1
2026-02-23,ROLL_PUT,25713.0,399.53117529513884,1
2026-02-24,ROLL_CALL,25424.650390625,1058.4449351868373,1
2026-02-26,COVER_CLOSE,25496.55078125,-2375.6014864832277,1
2026-02-26,OPEN,25496.55078125,666.625694599406,1
2026-02-27,ROLL_CALL,25178.650390625,1788.2051448405718,1
2026-03-02,ROLL_CALL,24865.69921875,2973.171104031417,1
2026-03-04,ROLL_CALL,24480.5,5908.176019347074,1
2026-03-05,ROLL_PUT,24765.900390625,7331.919903854348,1
2026-03-05,FLY_CLOSE,24765.900390625,-23734.2623515286,1
2026-03-05,OPEN,24765.900390625,758.8739186465777,1
2026-03-06,ROLL_CALL,24450.44921875,1880.9150018639511,1
2026-03-09,ROLL_CALL,24028.05078125,5717.719515231375,1
2026-03-10,ROLL_PUT,24261.599609375,3580.830736833775,1
2026-03-12,COVER_CLOSE,23639.150390625,-17844.455312427286,1
2026-03-12,OPEN,23639.150390625,749.5463998388011,1
2026-03-13,ROLL_CALL,23151.099609375,3260.442508307996,1
2026-03-16,ROLL_PUT,23408.80078125,2145.033228651056,1
2026-03-17,ROLL_PUT,23581.150390625,2653.523789783998,1
2026-03-18,ROLL_PUT,23777.80078125,4942.3416834360005,1
2026-03-19,COVER_CLOSE,23002.150390625,-33035.77684848562,1
2026-03-19,OPEN,23002.150390625,764.5771304954778,1
2026-03-23,ROLL_CALL,22512.650390625,1562.0588249266139,1
2026-03-24,ROLL_PUT,22912.400390625,2602.2175572109154,1
2026-03-25,ROLL_PUT,23306.44921875,6385.0205766291065,1
2026-03-27,ROLL_CALL,22819.599609375,9162.00452753471,1
2026-03-27,COVER_CLOSE,22819.599609375,-27994.125369506066,1
2026-04-02,OPEN,22713.099609375,951.8476965120326,1
2026-04-06,ROLL_PUT,22968.25,158.57811370743048,1
2026-04-07,ROLL_PUT,23123.650390625,181.71228068294295,1
2026-04-08,ROLL_PUT,23997.349609375,4915.407283141887,1
2026-04-09,COVER_CLOSE,23775.099609375,-8236.926046471042,1
2026-04-09,OPEN,23775.099609375,886.7221696997901,1
2026-04-10,ROLL_PUT,24050.599609375,549.5011586623691,1
2026-04-15,ROLL_PUT,24231.30078125,41.56445476868706,1
2026-04-16,COVER_CLOSE,24196.75,-782.429975968076,1
2026-04-16,OPEN,24196.75,840.3035999888996,1
2026-04-21,ROLL_PUT,24576.599609375,202.20962760094864,1
2026-04-22,ROLL_CALL,24378.099609375,-81.83497966679025,1
2026-04-23,ROLL_CALL,24173.05078125,-17.44014394783153,1
2026-04-23,COVER_CLOSE,24173.05078125,-962.9673192038782,1
2026-04-23,OPEN,24173.05078125,889.8175200350315,1
2026-04-24,ROLL_CALL,23897.94921875,470.1964611239641,1
2026-04-29,ROLL_PUT,24177.650390625,-105.8789750478069,1
2026-04-30,ROLL_CALL,23997.55078125,-154.64788907577,1
2026-04-30,COVER_CLOSE,23997.55078125,-536.145120334799,1
2026-04-30,OPEN,23997.55078125,946.7362506361367,1
2026-05-06,ROLL_PUT,24330.94921875,170.68216919729156,1
2026-05-07,COVER_CLOSE,24326.650390625,-954.7872037651576,1
2026-05-07,OPEN,24326.650390625,830.9419868321304,1
2026-05-08,ROLL_CALL,24176.150390625,-86.09626922804452,1
2026-05-11,ROLL_CALL,23815.849609375,270.9461866504769,1
2026-05-12,ROLL_CALL,23379.55078125,1941.127429650956,1
2026-05-14,ROLL_PUT,23689.599609375,2266.3488694557736,1
2026-05-14,COVER_CLOSE,23689.599609375,-6803.050855823018,1
2026-05-14,OPEN,23689.599609375,746.0767948712589,1
2026-05-19,ROLL_CALL,23618.0,-80.92186928762158,1
2026-05-21,COVER_CLOSE,23654.69921875,-602.9966278010145,1
2026-05-21,OPEN,23654.69921875,885.8509265579041,1
2026-05-25,ROLL_PUT,24031.69921875,1417.788571066095,1
2026-05-27,ROLL_CALL,23907.150390625,466.76869397805626,1
2026-05-29,ROLL_CALL,23547.75,4137.503119020112,1
2026-05-29,COVER_CLOSE,23547.75,-10233.555226640548,1
2026-06-04,OPEN,23416.55078125,725.2422182809346,1
2026-06-08,ROLL_CALL,23123.0,1415.3395977152022,1
2026-06-09,ROLL_PUT,23242.099609375,585.0680624718095,1
2026-06-11,ROLL_CALL,23161.599609375,72.52642316920407,1
2026-06-11,COVER_CLOSE,23161.599609375,-1745.2199151114426,1
2026-06-11,OPEN,23161.599609375,801.5453615668562,1
2026-06-12,ROLL_PUT,23622.900390625,5721.670208093178,1
2026-06-15,ROLL_PUT,23853.900390625,6069.0069423925415,1
2026-06-15,FLY_CLOSE,23853.900390625,-13230.405464299307,1
2026-06-18,OPEN,24168.0,874.9049057656312,1
2026-06-19,ROLL_CALL,24013.099609375,875.0882159883645,1
2026-06-23,ROLL_CALL,23824.099609375,1349.3339229927944,1
2026-06-24,ROLL_PUT,24021.650390625,1386.229928139333,1
2026-06-25,COVER_CLOSE,24056.0,-5135.4096001830285,1
2026-06-25,OPEN,24056.0,891.8046022130532,1
2026-06-29,ROLL_CALL,23946.25,182.07921580889598,1
