date,equity,cash
2015-02-02,500000.0,500000.0
2015-02-03,500000.0,500000.0
2015-02-04,500000.0,500000.0
2015-02-05,499418.11247317644,505886.27207932144
2015-02-06,499641.9542167614,508981.10551165923
2015-02-09,498513.7508063996,523131.8718385186
2015-02-10,497699.18632833916,523131.8718385186
2015-02-11,492504.48945588607,492504.48945588607
2015-02-12,491939.06892074144,497579.98333286354
2015-02-13,493475.0167163089,501002.52730580023
2015-02-16,495798.41018637986,501002.52730580023
2015-02-18,496905.31628130627,503139.1627105758
2015-02-19,498079.28947169456,505753.6046352184
2015-02-20,497350.7002031629,509927.32353807567
2015-02-23,498355.0727392214,517278.9473617134
2015-02-24,500243.5095073776,517278.9473617134
2015-02-25,502392.82961574907,517278.9473617134
2015-02-26,501132.16132389416,506272.0082122518
2015-02-27,496040.5085495718,521515.40306413855
2015-03-02,502376.42333096795,521515.40306413855
2015-03-03,502576.2930268046,521515.40306413855
2015-03-04,502702.36704858084,502702.36704858084
2015-03-05,502167.62360980944,505877.9791315044
2015-03-09,501776.6055718228,513512.38338455907
2015-03-10,503799.57142099773,518507.65449397586
2015-03-11,506979.38323876756,518507.65449397586
2015-03-12,502728.88280075876,508735.3077907441
2015-03-13,500382.9737288486,517251.5802195
2015-03-16,504770.24058171664,517251.5802195
2015-03-17,503710.91637902654,517251.5802195
2015-03-18,506501.9698947255,517251.5802195
2015-03-19,507235.6821988403,513260.7198559309
2015-03-20,506868.1098317242,516032.13993891986
2015-03-23,509037.0385384101,519432.91303395457
2015-03-24,510725.8946467299,519432.91303395457
2015-03-25,512044.0897103305,519432.91303395457
2015-03-26,504712.6226122106,507607.8546868325
2015-03-27,505042.7637817431,507607.8546868325
2015-03-30,503724.995888201,511632.63880766515
2015-03-31,505307.3837056043,511632.63880766515
2015-04-01,504843.93412844226,515204.36356128217
2015-04-06,508584.0238316801,508584.0238316801
2015-04-07,508584.0238316801,508584.0238316801
2015-04-08,508584.0238316801,508584.0238316801
2015-04-09,508009.8726429714,514072.8733735091
2015-04-10,508511.5218921318,514072.8733735091
2015-04-13,510198.72166745266,514072.8733735091
2015-04-16,509729.7819065968,513141.98867717903
2015-04-17,509616.8772684609,516649.4102187474
2015-04-20,510215.7942120273,510215.7942120273
2015-04-21,510215.7942120273,510215.7942120273
2015-04-22,510215.7942120273,510215.7942120273
2015-04-23,509720.3563875331,513546.567425586
2015-04-24,509451.43838488584,516044.9287042137
2015-04-27,510531.0451271786,520465.4003218632
2015-04-28,508987.3622539402,520465.4003218632
2015-04-29,512918.8496462023,520465.4003218632
2015-04-30,512814.6115771407,518753.569245547
2015-05-04,513157.2630648546,523617.69833263825
2015-05-05,514197.65108557185,523617.69833263825
2015-05-06,496960.9363087076,496960.9363087076
2015-05-07,496375.5896585781,502442.38681385934
2015-05-08,494667.8671581596,510491.04037270515
2015-05-11,497216.97567372245,525286.8224996992
2015-05-12,477440.67802808585,525286.8224996992
2015-05-13,489105.957080886,489105.957080886
2015-05-14,488620.85400557664,491491.51629792
2015-05-15,488854.39203244704,491491.51629792
2015-05-18,488623.46283247374,493785.3502617903
2015-05-19,489848.7924966883,493785.3502617903
2015-05-20,490261.2971358495,494935.3856516177
2015-05-21,490199.2957540335,493325.4912722741
2015-05-22,490573.3823166242,493325.4912722741
2015-05-25,490919.09151599096,493981.8932625001
2015-05-26,491223.97207624675,494811.65354050073
2015-05-27,491955.5789897022,494811.65354050073
2015-05-28,491667.5093317464,494700.5433032857
2015-05-29,490942.6053475586,497642.3001329819
2015-06-01,493349.0454965382,497642.3001329819
2015-06-02,488926.6780831412,503896.3690398986
2015-06-03,489876.63101525663,489876.63101525663
2015-06-04,489389.56852435874,492672.70849826233
2015-06-05,490127.77607545437,492672.70849826233
2015-06-08,490910.7034022136,493707.0421729362
2015-06-09,492139.30192426546,493896.3190132692
2015-06-10,491318.47610088997,495032.37247105694
2015-06-11,486711.17652462586,493343.09153029765
2015-06-12,487310.6062069334,493343.09153029765
2015-06-15,489515.6996815937,493343.09153029765
2015-06-16,489366.7868971605,495415.16287366085
2015-06-17,489963.56203594117,498446.128630449
2015-06-18,488659.4602567755,495358.78668839694
2015-06-19,488590.28860768996,496940.69406890497
2015-06-22,488149.62673228333,506934.6281315914
2015-06-23,490383.410827906,506934.6281315914
2015-06-24,491338.0292327425,506934.6281315914
2015-06-25,491715.0011597804,497769.0427625627
2015-06-26,492698.53799859533,497769.0427625627
2015-06-29,492921.95711554016,502242.05339616595
2015-06-30,496001.16721266205,503518.5808367423
2015-07-01,494922.3464299708,507864.97346912127
2015-07-02,495794.09471789637,501324.04328536894
2015-07-03,495268.68143286754,505284.5383810164
2015-07-06,498007.8920403562,507122.56477991416
2015-07-07,498941.1859260042,507122.56477991416
2015-07-08,488959.48730573134,488959.48730573134
2015-07-09,488384.2205964452,494157.8418303485
2015-07-10,488274.38714915613,494157.8418303485
2015-07-13,485780.8245297411,501507.0793824729
2015-07-14,486676.2068008792,501507.0793824729
2015-07-15,486129.931734171,486129.931734171
2015-07-16,485591.3744876488,489876.4154585496
2015-07-17,485909.23968571285,489876.4154585496
2015-07-20,487588.2096467563,489876.4154585496
2015-07-21,487197.006651175,493004.54505754675
2015-07-22,481729.7768590109,481729.7768590109
2015-07-23,481148.55792027875,488526.6648079709
2015-07-24,480055.8946819892,495401.95098184264
2015-07-27,479366.437627737,495401.95098184264
2015-07-28,478958.7976461761,495401.95098184264
2015-07-29,481176.2514964916,495401.95098184264
2015-07-30,481830.52966580534,489408.3199613935
2015-07-31,480271.14898106956,495925.6131010405
2015-08-03,483396.6986635588,495925.6131010405
2015-08-04,484051.7505824437,495925.6131010405
2015-08-05,487215.47323274234,500794.0667753682
2015-08-06,488210.0881901769,492368.5844652292
2015-08-07,488648.60388497746,492368.5844652292
2015-08-10,489633.1969408929,494402.6986677407
2015-08-11,490159.06450488704,496988.8788829999
2015-08-12,489878.6807570394,489878.6807570394
2015-08-13,489296.0180649394,496684.79999076115
2015-08-14,483743.88163320813,483743.88163320813
2015-08-17,483743.88163320813,483743.88163320813
2015-08-18,483743.88163320813,483743.88163320813
2015-08-19,483743.88163320813,483743.88163320813
2015-08-20,483181.69964889303,489191.00531319814
2015-08-21,482771.5710639122,492050.7966604053
2015-08-24,469328.2665363514,492050.7966604053
2015-08-25,470859.9203368058,492050.7966604053
2015-08-26,468620.4989358357,492050.7966604053
2015-08-27,470555.24449814216,473097.3861304889
2015-08-28,470822.16334237775,473097.3861304889
2015-08-31,471709.1109098849,473097.3861304889
2015-09-01,471236.71550391195,474687.2640052893
2015-09-02,471795.92398217495,475929.23346273805
2015-09-03,469881.2943662835,472311.0064298099
2015-09-04,469495.65011856135,475128.3285263748
2015-09-07,471209.3199627346,477387.8622392636
2015-09-08,468954.062043796,480467.35277880187
2015-09-09,466788.04460364685,485427.73799831426
2015-09-10,468146.35849646654,470890.0780214787
2015-09-11,468750.01769910136,470890.0780214787
2015-09-14,469218.6659865268,471317.65750653733
2015-09-15,469548.2196777998,471317.65750653733
2015-09-16,469966.838794264,471317.65750653733
2015-09-18,469865.6596581135,469865.6596581135
2015-09-21,469865.6596581135,469865.6596581135
2015-09-22,469865.6596581135,469865.6596581135
2015-09-23,469865.6596581135,469865.6596581135
2015-09-24,469375.7400662857,472507.0922823192
2015-09-28,470585.4472919027,473061.9478712995
2015-09-29,470840.6840498569,473061.9478712995
2015-09-30,469717.6936648191,474942.609065665
2015-10-01,470898.0486635067,474395.4404359738
2015-10-05,470040.44922847336,478952.1347183393
2015-10-06,471426.1988186221,478952.1347183393
2015-10-07,473468.5270070424,480991.6190666216
2015-10-08,473431.30183658877,478029.50809284474
2015-10-09,474177.0125547914,478029.50809284474
2015-10-12,475722.1209424711,478029.50809284474
2015-10-13,476118.1419681899,478029.50809284474
2015-10-14,476099.9931267658,478283.9517459424
2015-10-15,475202.27812817995,478667.8844625346
2015-10-16,474748.1235049802,481008.84877806675
2015-10-19,476182.2852739315,482071.7631859593
2015-10-20,477035.3714295179,482071.7631859593
2015-10-21,477656.64595382375,482071.7631859593
2015-10-23,480219.42358607246,480219.42358607246
2015-10-26,480219.42358607246,480219.42358607246
2015-10-27,480219.42358607246,480219.42358607246
2015-10-28,480219.42358607246,480219.42358607246
2015-10-29,479634.5418949379,485833.78997632134
2015-10-30,479210.2963386625,489686.48456050357
2015-11-02,481270.62646291824,489686.48456050357
2015-11-03,485936.5860726643,491037.4641526393
2015-11-04,486582.388238852,492818.711191363
2015-11-05,481904.87149442796,493304.28488524596
2015-11-06,482795.61862479075,493304.28488524596
2015-11-09,484521.99012120324,496926.523927453
2015-11-10,476109.5145956844,496926.523927453
2015-11-13,472054.0729890896,472054.0729890896
2015-11-16,472054.0729890896,472054.0729890896
2015-11-17,472054.0729890896,472054.0729890896
2015-11-18,472054.0729890896,472054.0729890896
2015-11-19,471519.5623764688,476304.1851787653
2015-11-20,471878.82862522325,476304.1851787653
2015-11-23,472767.3137956611,476304.1851787653
2015-11-24,472897.94671467476,477424.0823248228
2015-11-26,471767.0378245526,479736.2995678215
2015-11-27,470627.4062600327,488525.956191675
2015-11-30,474065.7892212198,488525.956191675
2015-12-01,476447.69781950605,488525.956191675
2015-12-02,477159.96208711737,488525.956191675
2015-12-03,470502.8790183985,474881.1613373437
2015-12-04,468608.69068076875,479401.86814604327
2015-12-07,470213.868136088,481443.62876157655
2015-12-08,469905.78363236564,469905.78363236564
2015-12-09,469905.78363236564,469905.78363236564
2015-12-10,469375.30856939335,473667.5989340253
2015-12-11,468620.2398501426,477303.0676411772
2015-12-14,469846.1550311998,477303.0676411772
2015-12-15,468722.2323822259,480971.2507083315
2015-12-16,467389.82708302746,467389.82708302746
2015-12-17,466656.00953751634,474233.25583505863
2015-12-18,465920.1222362439,484298.80916453275
2015-12-21,462795.98924702255,489103.2487993782
2015-12-22,466304.31277417036,489103.2487993782
2015-12-23,460980.00951296795,460980.00951296795
2015-12-24,460448.45716697536,464616.4721120702
2015-12-28,460602.89960116684,466847.66360706394
2015-12-29,461241.8702789698,466847.66360706394
2015-12-30,461699.2800829605,466847.66360706394
2015-12-31,461080.7682076268,468411.8116712555
2016-01-04,457014.0705782468,457014.0705782468
2016-01-05,457014.0705782468,457014.0705782468
2016-01-06,457014.0705782468,457014.0705782468
2016-01-07,456488.0166225987,461104.0848685807
2016-01-08,457085.12937793176,461104.0848685807
2016-01-11,458441.76788563025,461104.0848685807
2016-01-12,458279.64017006964,462221.7884090799
2016-01-13,458514.05466695403,462221.7884090799
2016-01-14,458628.71523239167,462458.0821597724
2016-01-15,456959.7756224517,467780.46755618375
2016-01-18,458975.5759051477,476125.4920201587
2016-01-19,453162.8660293865,453162.8660293865
2016-01-20,453162.8660293865,453162.8660293865
2016-01-21,452616.8364848186,458113.50332051277
2016-01-22,450383.22178445733,467675.56986366573
2016-01-25,453275.9222880294,467675.56986366573
2016-01-27,455886.50551700225,467675.56986366573
2016-01-28,455760.9192281992,460495.1764721884
2016-01-29,453785.5155886119,469230.60768628516
2016-02-01,456577.56489639916,469230.60768628516
2016-02-02,453528.4148788214,478879.7762317189
2016-02-03,451257.5661564336,478879.7762317189
2016-02-04,453175.4447507785,457968.17116357945
2016-02-05,453417.3046017641,461576.5490003939
2016-02-08,452186.9455231453,465854.62691926194
2016-02-09,450037.7856073306,475115.3700017388
2016-02-10,449971.74566688616,475115.3700017388
2016-02-11,431926.8242022108,436435.0745272873
2016-02-12,432269.10408720054,436435.0745272873
2016-02-15,431162.57906934776,442079.7381949582
2016-02-16,428225.4469688333,448052.9617838303
2016-02-17,430307.446766988,448052.9617838303
2016-02-18,428438.6064858213,432055.25071016065
2016-02-19,428777.945538996,432055.25071016065
2016-02-22,430204.7966139193,432055.25071016065
2016-02-23,429844.7953274001,433361.32940826705
2016-02-24,429840.8231034795,436164.5587125426
2016-02-25,429800.15047725814,433496.2480229269
2016-02-26,430164.72569414607,435208.4848093645
2016-02-29,431430.96044912696,435208.4848093645
2016-03-01,429507.2466611022,443937.6876504242
2016-03-02,431722.74238926044,456159.15309642005
2016-03-03,435120.74838732596,438390.99501942366
2016-03-04,435552.0133188614,438390.99501942366
2016-03-08,437003.30827506114,438390.99501942366
2016-03-09,437147.73513006995,438442.20635185036
2016-03-10,436595.40427938814,440062.02027441066
2016-03-11,438240.0938671657,440062.02027441066
2016-03-14,438748.3977547775,440119.9285944119
2016-03-15,438946.54201684304,440322.2981832238
2016-03-16,439555.3481401792,440322.2981832238
2016-03-17,438641.2021941922,443237.94173231244
2016-03-18,438422.82302926184,445462.6693703476
2016-03-21,439288.31231184024,450993.17844342254
2016-03-22,440533.3665830561,450993.17844342254
2016-03-23,443231.2238726251,450993.17844342254
2016-03-28,446824.5262058262,446824.5262058262
2016-03-29,446824.5262058262,446824.5262058262
2016-03-30,446824.5262058262,446824.5262058262
2016-03-31,446277.668027948,451157.17900647584
2016-04-01,448490.98137117014,451157.17900647584
2016-04-04,450130.69098789786,451157.17900647584
2016-04-05,447768.0297339431,454935.31648816605
2016-04-06,448561.96678528265,454935.31648816605
2016-04-07,447600.58880847075,453570.6763595977
2016-04-08,448179.4271223572,453570.6763595977
2016-04-11,447329.162688032,464266.9532718785
2016-04-12,450037.5943560118,468524.68954525265
2016-04-13,452617.43764046155,468524.68954525265
2016-04-18,450781.23923184763,450781.23923184763
2016-04-20,450781.23923184763,450781.23923184763
2016-04-21,450241.776741983,455161.5255874787
2016-04-22,450796.1916215801,455161.5255874787
2016-04-25,451567.91089106916,456613.9940402689
2016-04-26,449813.9038299442,461001.0576435784
2016-04-27,451042.3465139873,461001.0576435784
2016-04-28,446780.5989139281,451145.6781305298
2016-04-29,447177.0419458945,451145.6781305298
2016-05-02,448472.5431062143,451592.9158027901
2016-05-03,448112.3757542515,453969.5489141199
2016-05-04,448661.36991805775,456612.44922886475
2016-05-05,448276.2052838766,453459.30484742974
2016-05-06,449955.4738809946,453459.30484742974
2016-05-09,449083.89709193236,457998.65762451803
2016-05-10,450805.19550235535,457998.65762451803
2016-05-11,450945.14363570703,457998.65762451803
2016-05-12,451696.09401559876,459404.43605139235
2016-05-13,450274.51043956936,466278.06040965527
2016-05-16,454359.56609652453,466278.06040965527
2016-05-17,454288.60162632895,471874.16604953917
2016-05-18,455833.10289524327,471874.16604953917
2016-05-19,450536.0736524701,454929.6268876382
2016-05-20,450009.4475862078,457983.35605164553
2016-05-23,451802.26455553627,457983.35605164553
2016-05-24,453441.0401870087,457983.35605164553
2016-05-25,444651.75252986664,444651.75252986664
2016-05-26,444127.082326389,447537.70361883397
2016-05-27,443082.2046653171,451715.27004808985
2016-05-30,445420.9355835499,451715.27004808985
2016-05-31,446328.1340475224,451715.27004808985
2016-06-01,447419.10258488427,451715.27004808985
2016-06-02,446661.4390656551,450660.5627897489
2016-06-03,446950.0382996635,450660.5627897489
2016-06-06,448493.71897355845,450660.5627897489
2016-06-07,447936.96229925443,452265.72479405237
2016-06-08,448774.91954334767,452265.72479405237
2016-06-09,447072.6126206459,450658.1676815568
2016-06-10,447847.16635568975,450658.1676815568
2016-06-13,448042.430766506,453073.9647089809
2016-06-14,448692.53139722376,453073.9647089809
2016-06-15,446125.5147288336,455734.3349630994
2016-06-16,446439.5174163706,450559.4551162873
2016-06-17,446278.4735020163,451741.30410961946
2016-06-20,446619.8028002799,456172.97717920085
2016-06-21,446894.7564944723,456172.97717920085
2016-06-22,450139.5242557675,457587.10739329533
2016-06-23,450295.0239353779,460289.43781013973
2016-06-24,442837.8691759554,460289.43781013973
2016-06-27,443358.43161905237,460289.43781013973
2016-06-28,445248.9628226966,460289.43781013973
2016-06-29,447395.25995538884,447395.25995538884
2016-06-30,446862.4214188642,450874.3621571333
2016-07-01,446378.0125341753,452010.0836415003
2016-07-04,447032.7962915872,454712.64754512097
2016-07-05,447428.5786543002,454712.64754512097
2016-07-07,448144.6729741048,452199.00079995027
2016-07-08,448783.6638931968,452199.00079995027
2016-07-11,446485.3147831226,459435.5764226244
2016-07-12,447501.63074767287,447501.63074767287
2016-07-13,447501.63074767287,447501.63074767287
2016-07-14,446965.20721018646,452252.6713012607
2016-07-15,447568.48386759876,452252.6713012607
2016-07-18,447996.591062864,454118.72226442647
2016-07-19,448825.2154316199,454118.72226442647
2016-07-20,449167.2615332067,454118.72226442647
2016-07-21,449149.60895778384,453286.1645459235
2016-07-22,449783.9145593686,453286.1645459235
2016-07-25,451505.0080027405,455811.954748772
2016-07-26,449877.5336203961,457040.8736799818
2016-07-27,451168.2340063659,457040.8736799818
2016-07-28,450503.1530959382,455845.12330495415
2016-07-29,450163.50560986466,457489.66828710586
2016-08-01,451501.80933772074,457489.66828710586
2016-08-02,451560.3761831289,459140.84024298366
2016-08-03,449048.0346371853,449048.0346371853
2016-08-04,448299.65815539035,457052.8353298794
2016-08-05,442877.80045478133,442877.80045478133
2016-08-08,442877.80045478133,442877.80045478133
2016-08-09,442877.80045478133,442877.80045478133
2016-08-10,442877.80045478133,442877.80045478133
2016-08-11,442338.63585240854,447200.8625827266
2016-08-16,443938.3129085754,448442.2824416568
2016-08-17,444210.04904957785,448442.2824416568
2016-08-18,443683.4179160162,451869.8911658117
2016-08-19,444281.6724999913,451869.8911658117
2016-08-22,445326.5113965624,458431.38370582473
2016-08-23,446720.48481299344,458431.38370582473
2016-08-24,449218.9870230208,458431.38370582473
2016-08-25,449633.57000434917,458085.72218811925
2016-08-26,450002.6201829093,458085.72218811925
2016-08-29,452230.4347191315,458085.72218811925
2016-08-30,445299.0870561619,445299.0870561619
2016-08-31,445299.0870561619,445299.0870561619
2016-09-01,444766.71037982305,450488.5843771061
2016-09-02,445609.17469465925,450488.5843771061
2016-09-06,442286.64711390296,442286.64711390296
2016-09-07,442286.64711390296,442286.64711390296
2016-09-08,441754.49072126066,446362.28083209577
2016-09-09,439485.5302499816,453552.4185816119
2016-09-12,439539.47254959354,453552.4185816119
2016-09-14,440374.20781764877,453552.4185816119
2016-09-15,440033.2834076915,445480.5676072234
2016-09-16,440332.3953955438,445480.5676072234
2016-09-19,441198.7419684399,448133.83383076487
2016-09-20,441224.9844103561,448133.83383076487
2016-09-21,441940.42667674733,449509.0778870231
2016-09-22,439737.19768809516,444707.5020580182
2016-09-23,439538.61424109945,445843.31665117515
2016-09-26,438774.04127517453,453896.8214257155
2016-09-27,440318.13769266626,453896.8214257155
2016-09-28,440351.057690369,453896.8214257155
2016-09-29,439701.008563746,444398.41458415426
2016-09-30,440154.0747717043,444398.41458415426
2016-10-03,438914.04100969026,451418.360995403
2016-10-04,440548.52374508773,451418.360995403
2016-10-05,442700.00573733554,451418.360995403
2016-10-06,441897.0883723262,445679.48513044347
2016-10-07,442349.28759332,445679.48513044347
2016-10-10,443408.30948812084,445679.48513044347
2016-10-13,442366.38043953007,446152.1176364564
2016-10-14,442585.17166176817,446152.1176364564
2016-10-17,443309.25720225467,448158.36916626483
2016-10-18,435608.2060241682,435608.2060241682
2016-10-19,435608.2060241682,435608.2060241682
2016-10-20,435071.664736374,439939.4552836927
2016-10-21,435411.3572388988,439939.4552836927
2016-10-24,437020.60735786095,439939.4552836927
2016-10-25,437141.1152746752,440501.5602873229
2016-10-26,436996.26704311004,442644.9212617677
2016-10-27,436903.963122201,440777.87709981867
2016-10-28,437022.6951416816,440777.87709981867
2016-11-01,439271.6497507526,440777.87709981867
2016-11-02,438785.0102973108,442443.4257156799
2016-11-03,439060.23072511505,443535.50338450074
2016-11-04,439402.21258583746,444828.46697628323
2016-11-07,438857.2680915139,446354.1618130484
2016-11-08,438038.85191421834,450500.8947840311
2016-11-09,434207.1854258812,450500.8947840311
2016-11-10,436798.3160887495,442286.088614965
2016-11-11,430974.9861425059,430974.9861425059
2016-11-15,430974.9861425059,430974.9861425059
2016-11-16,430974.9861425059,430974.9861425059
2016-11-17,430443.77244478953,435160.46767128614
2016-11-18,430796.2075351947,435160.46767128614
2016-11-21,429686.7585388339,440133.09336284205
2016-11-22,427906.67784655665,440133.09336284205
2016-11-23,427320.89753303304,444283.6621426634
2016-11-24,427746.84027601394,431885.62632093736
2016-11-25,425903.73429544433,439444.4202614442
2016-11-28,428805.45650929894,439444.4202614442
2016-11-29,430078.1088347911,439444.4202614442
2016-11-30,430428.07230262633,447824.1689964449
2016-12-01,430000.53940864286,433787.8854709306
2016-12-02,429341.7099635774,437871.04644272284
2016-12-05,430970.10386015405,437871.04644272284
2016-12-06,431843.34477382543,437871.04644272284
2016-12-07,433467.90080734604,437871.04644272284
2016-12-08,428941.1458275005,432833.90043180884
2016-12-09,429541.14624510246,432833.90043180884
2016-12-12,430748.2738983753,434633.1961483293
2016-12-13,432062.00613935915,434975.6842885107
2016-12-14,432674.49202018057,434975.6842885107
2016-12-15,431888.1577358708,436616.3640277777
2016-12-16,432180.4444521548,436616.3640277777
2016-12-19,433645.3983148696,438971.40109947853
2016-12-20,434725.442510273,438971.40109947853
2016-12-21,435063.45634262,439683.7067680966
2016-12-22,433034.64536453545,436891.9398117791
2016-12-23,434375.39395399846,436891.9398117791
2016-12-26,434684.8930511725,439551.1630697798
2016-12-27,427350.6800173606,427350.6800173606
2016-12-28,427350.6800173606,427350.6800173606
2016-12-29,426807.80665423174,432493.1448492014
2016-12-30,426529.93871623185,437564.42703455547
2017-01-02,428667.7370689787,437564.42703455547
2017-01-03,429700.39434169355,437564.42703455547
2017-01-04,430733.5258463897,437564.42703455547
2017-01-05,430263.51190491277,437789.3263969012
2017-01-06,430464.17951472866,437789.3263969012
2017-01-09,432321.170131087,439892.82002419827
2017-01-10,431770.3921852879,443076.6454630197
2017-01-11,427066.86318607855,427066.86318607855
2017-01-12,426523.0164429605,432864.90604590764
2017-01-13,426942.4646373573,432864.90604590764
2017-01-16,428485.8168783976,432864.90604590764
2017-01-17,429007.69038985175,432864.90604590764
2017-01-18,429671.5383735141,432864.90604590764
2017-01-19,429718.0672094333,434690.4500520198
2017-01-20,428514.0700389606,428514.0700389606
2017-01-23,428514.0700389606,428514.0700389606
2017-01-24,428514.0700389606,428514.0700389606
2017-01-25,428514.0700389606,428514.0700389606
2017-01-27,428514.0700389606,428514.0700389606
2017-01-30,428514.0700389606,428514.0700389606
2017-01-31,428514.0700389606,428514.0700389606
2017-02-01,428514.0700389606,428514.0700389606
2017-02-02,427989.4971294851,432130.47267502797
2017-02-03,428521.3518104834,432130.47267502797
2017-02-06,429530.87038310885,432926.714880405
2017-02-07,429422.0599172637,432926.714880405
2017-02-08,429930.6111699181,432926.714880405
2017-02-09,429879.0442317505,434176.7020024178
2017-02-10,430027.9410630689,434176.7020024178
2017-02-13,430972.2410860705,434176.7020024178
2017-02-14,431445.66483578837,434176.7020024178
2017-02-15,431348.03418564075,436259.80098263273
2017-02-16,429293.0798279963,435239.1899285736
2017-02-17,429151.92621447827,436735.18594257225
2017-02-20,430969.2726684657,439519.8011082438
2017-02-21,431461.2637979032,441369.9861167892
2017-02-22,431978.9179729179,431978.9179729179
2017-02-23,431447.897308978,436478.72317002044
2017-02-27,432601.02305208915,437885.4150158046
2017-02-28,432979.7020715048,439714.0457271378
2017-03-01,430630.46448629483,430630.46448629483
2017-03-02,429669.627474231,446953.84067042527
2017-03-03,429336.7641617629,429336.7641617629
2017-03-06,429336.7641617629,429336.7641617629
2017-03-07,429336.7641617629,429336.7641617629
2017-03-08,429336.7641617629,429336.7641617629
2017-03-09,428604.02381795185,439443.8110218594
2017-03-10,429119.6013301984,439443.8110218594
2017-03-14,421562.22684237873,439443.8110218594
2017-03-15,421903.3072368926,439443.8110218594
2017-03-16,414413.901996199,421897.88789270184
2017-03-17,415912.0532905528,421897.88789270184
2017-03-20,416715.1468016962,424492.5085021026
2017-03-21,417738.5496145467,424492.5085021026
2017-03-22,413983.9188042095,413983.9188042095
2017-03-23,413460.11768287723,418066.13832732727
2017-03-24,413970.1143786342,418066.13832732727
2017-03-27,413255.4105953203,420834.7983545635
2017-03-28,412851.85060101096,422710.4444996655
2017-03-29,411845.3092623217,411845.3092623217
2017-03-30,411179.06744195847,417834.2964509689
2017-03-31,412008.00141867,417834.2964509689
2017-04-03,412389.86506973486,423337.82878501
2017-04-05,415331.3770933899,426841.1912032756
2017-04-06,415745.8559254275,420238.4442781902
2017-04-07,415765.18066408974,423849.6080336659
2017-04-10,417701.11589993804,423849.6080336659
2017-04-11,416665.8466088112,423849.6080336659
2017-04-12,420282.4942161852,423849.6080336659
2017-04-13,419073.15937170817,428513.47889986733
2017-04-17,421992.84324703325,428513.47889986733
2017-04-18,420719.6786140586,420719.6786140586
2017-04-19,420719.6786140586,420719.6786140586
2017-04-20,420182.0647878916,425797.5803937915
2017-04-21,420757.57751489436,427455.1947062068
2017-04-24,418407.84505440714,418407.84505440714
2017-04-25,418407.84505440714,418407.84505440714
2017-04-26,418407.84505440714,418407.84505440714
2017-04-27,417613.01689112623,428452.522419047
2017-04-28,416888.79419313127,433296.9939780818
2017-05-02,420623.10701903485,433296.9939780818
2017-05-03,421788.29924195516,433296.9939780818
2017-05-04,420457.765181851,425792.03717605426
2017-05-05,419677.27272424765,419677.27272424765
2017-05-08,419677.27272424765,419677.27272424765
2017-05-09,419677.27272424765,419677.27272424765
2017-05-10,419677.27272424765,419677.27272424765
2017-05-11,418923.64225998364,428390.555397787
2017-05-12,419422.29233933036,428390.555397787
2017-05-15,421960.6135899027,428390.555397787
2017-05-16,419189.5476265007,419189.5476265007
2017-05-17,419189.5476265007,419189.5476265007
2017-05-18,418640.82436566055,423918.1138046819
2017-05-19,418975.1675005664,423918.1138046819
2017-05-22,420014.95671712223,423918.1138046819
2017-05-23,420564.2295502567,424944.21265497716
2017-05-24,420760.6752349427,420760.6752349427
2017-05-25,420214.3901166398,425191.67500946164
2017-05-26,418217.88431455055,430957.8098949021
2017-05-29,420485.57451655297,430957.8098949021
2017-05-30,420352.8162844431,420352.8162844431
2017-05-31,420352.8162844431,420352.8162844431
2017-06-01,419635.8645104874,426991.8365233115
2017-06-02,420827.3359622417,426991.8365233115
2017-06-05,421828.4941242051,429161.2332155254
2017-06-06,421470.2967712438,429161.2332155254
2017-06-07,423876.9091404064,429161.2332155254
2017-06-08,423190.26659902546,430913.56318096054
2017-06-09,423738.7630759447,430913.56318096054
2017-06-12,424397.4049565562,433780.9011290184
2017-06-13,425934.9010441891,433780.9011290184
2017-06-14,426842.53068180743,433780.9011290184
2017-06-15,426795.0576287026,435862.845922385
2017-06-16,427310.2141277323,435862.845922385
2017-06-19,425640.1296143677,425640.1296143677
2017-06-20,425640.1296143677,425640.1296143677
2017-06-21,425640.1296143677,425640.1296143677
2017-06-22,424829.5849195819,439012.6860379864
2017-06-23,422324.5504081616,422324.5504081616
2017-06-27,422324.5504081616,422324.5504081616
2017-06-28,422324.5504081616,422324.5504081616
2017-06-29,421542.26952878,435211.04491351545
2017-06-30,420991.6730395349,420991.6730395349
2017-07-03,420991.6730395349,420991.6730395349
2017-07-04,420991.6730395349,420991.6730395349
2017-07-05,420991.6730395349,420991.6730395349
2017-07-06,420223.43439057167,431631.69095122104
2017-07-07,420743.30693747423,431631.69095122104
2017-07-10,416330.91228460945,416330.91228460945
2017-07-11,416330.91228460945,416330.91228460945
2017-07-12,416330.91228460945,416330.91228460945
2017-07-13,415785.6305754863,421446.6551196319
2017-07-14,416232.29816618504,421446.6551196319
2017-07-17,417558.50110818713,421446.6551196319
2017-07-18,414152.1186001443,414152.1186001443
2017-07-19,414152.1186001443,414152.1186001443
2017-07-20,413622.07143367105,419979.7808196866
2017-07-21,413432.82075980055,421745.1324538614
2017-07-24,414236.0751570875,414236.0751570875
2017-07-25,414236.0751570875,414236.0751570875
2017-07-26,414236.0751570875,414236.0751570875
2017-07-27,413574.6516160646,421129.4362669313
2017-07-28,413857.5742271844,421129.4362669313
2017-07-31,415170.3155047199,423547.33875893545
2017-08-01,414606.43878653494,414606.43878653494
2017-08-02,414606.43878653494,414606.43878653494
2017-08-03,413828.85757307924,423641.7750640937
2017-08-04,413564.2001230373,428378.81314543716
2017-08-07,417717.0997544303,428378.81314543716
2017-08-08,409754.66594373505,409754.66594373505
2017-08-09,409754.66594373505,409754.66594373505
2017-08-10,409212.46426063485,415911.4912463867
2017-08-11,405853.4710911755,405853.4710911755
2017-08-14,405853.4710911755,405853.4710911755
2017-08-16,405853.4710911755,405853.4710911755
2017-08-17,405158.48034984316,411806.10981044295
2017-08-18,404395.07670673897,418492.7570959082
2017-08-21,407022.2377611776,429944.48402602534
2017-08-22,408693.7878755807,429944.48402602534
2017-08-23,396482.0214105421,396482.0214105421
2017-08-24,395940.6577626789,400293.7996888606
2017-08-28,396136.0011599503,402926.8266547594
2017-08-29,392182.17872759234,392182.17872759234
2017-08-30,392182.17872759234,392182.17872759234
2017-08-31,391643.7940751327,395635.4088710766
2017-09-01,390850.72596855665,398161.5123684452
2017-09-04,391970.77767303446,398161.5123684452
2017-09-05,393131.188514723,398161.5123684452
2017-09-06,393072.97762864816,399165.4699504055
2017-09-07,393352.41735781636,397257.48705617187
2017-09-08,393859.1734422623,397257.48705617187
2017-09-11,394887.7660076476,399170.2687612037
2017-09-12,396014.96072997554,402669.9834868597
2017-09-13,396706.4340648401,402669.9834868597
2017-09-14,397359.0327088157,401956.69731263834
2017-09-15,397677.30625234713,401956.69731263834
2017-09-18,397553.2720611689,404177.6158893922
2017-09-19,399172.2406965772,404177.6158893922
2017-09-20,399756.6237014434,404177.6158893922
2017-09-21,399715.21366695414,406262.7380132365
2017-09-22,395240.02069593634,406262.7380132365
2017-09-25,392053.86011761194,406262.7380132365
2017-09-26,391714.7215094565,406262.7380132365
2017-09-27,386591.12364435045,406262.7380132365
2017-09-28,385413.210511953,389711.24648299
2017-09-29,385378.84211667435,390970.28778539493
2017-10-03,385947.9442847749,395543.628981007
2017-10-04,386058.76170096564,386058.76170096564
2017-10-05,385529.68046487425,390890.9648990559
2017-10-06,384543.9277443023,396353.8441300882
2017-10-09,386840.6929777197,396353.8441300882
2017-10-10,388302.24270846625,396353.8441300882
2017-10-11,389528.93403486104,396353.8441300882
2017-10-12,386743.066976844,391919.1347629971
2017-10-13,386155.46912416996,397032.46460435865
2017-10-16,388668.13032157876,402674.4862408095
2017-10-17,390597.8166213262,402674.4862408095
2017-10-18,390926.2343269904,402674.4862408095
2017-10-19,385917.3202504055,390835.17782939936
2017-10-23,387412.48148504324,390835.17782939936
2017-10-24,388621.6457755577,392117.6034165449
2017-10-25,388622.8244861263,394663.6269126389
2017-10-26,387749.1245368247,393469.09136202664
2017-10-27,390333.7672293542,393469.09136202664
2017-10-30,391460.0793998226,393469.09136202664
2017-10-31,391519.1458605324,393469.09136202664
2017-11-01,390372.1753410563,397204.319702634
2017-11-02,389732.15482592565,396382.8004340827
2017-11-03,390309.1397378871,396382.8004340827
2017-11-06,392073.7895607658,396382.8004340827
2017-11-07,389159.48050861666,389159.48050861666
2017-11-08,389159.48050861666,389159.48050861666
2017-11-09,388611.83727334,393628.2721238042
2017-11-10,389468.2050824011,393628.2721238042
2017-11-13,389310.0030647877,389310.0030647877
2017-11-14,389310.0030647877,389310.0030647877
2017-11-15,389310.0030647877,389310.0030647877
2017-11-16,388772.9753727138,393296.1194879437
2017-11-17,389113.0386646947,396623.7392084524
2017-11-20,390951.22425866383,396623.7392084524
2017-11-21,391538.0826853774,398206.12903159886
2017-11-22,392221.4105688162,392221.4105688162
2017-11-23,391691.68629263237,397665.6470813722
2017-11-24,391500.15978702414,399271.0946689098
2017-11-27,393273.2218873441,399271.0946689098
2017-11-28,393727.8736543173,399271.0946689098
2017-11-29,395390.1599771261,399271.0946689098
2017-11-30,386413.10028422956,393635.7905687144
2017-12-01,383248.14806050103,383248.14806050103
2017-12-04,383248.14806050103,383248.14806050103
2017-12-05,383248.14806050103,383248.14806050103
2017-12-06,383248.14806050103,383248.14806050103
2017-12-07,382589.71472262155,388070.02458432177
2017-12-08,381258.6381671094,397243.9300948361
2017-12-11,386172.50168245693,404985.61360944726
2017-12-12,377145.5810114923,377145.5810114923
2017-12-13,377145.5810114923,377145.5810114923
2017-12-14,376602.5830340626,382288.45626673056
2017-12-15,375934.3395949784,387553.8301655791
2017-12-18,377313.685966419,377313.685966419
2017-12-19,377313.685966419,377313.685966419
2017-12-20,377313.685966419,377313.685966419
2017-12-21,376794.09791667934,381450.8237721214
2017-12-22,376696.226556477,382530.54156731715
2017-12-26,378345.57070240413,384940.315979258
2017-12-27,378036.4750702742,386183.1870185627
2017-12-28,377880.4600769745,381871.50672220555
2017-12-29,379255.6147137831,381871.50672220555
2018-01-02,379638.27170495887,382944.68303428043
2018-01-03,380177.59999163385,382944.68303428043
2018-01-04,379022.60043161386,383266.8868536821
2018-01-05,378815.7058086739,386001.2846189151
2018-01-08,380463.453435982,388753.99871009286
2018-01-09,381230.2060468758,381230.2060468758
2018-01-10,381230.2060468758,381230.2060468758
2018-01-11,380680.8567512262,386342.39926369896
2018-01-12,380147.17169944674,380147.17169944674
2018-01-15,380147.17169944674,380147.17169944674
2018-01-16,380147.17169944674,380147.17169944674
2018-01-17,380147.17169944674,380147.17169944674
2018-01-18,379615.8306036167,385136.9743348605
2018-01-19,376540.6545777288,376540.6545777288
2018-01-22,376540.6545777288,376540.6545777288
2018-01-23,376540.6545777288,376540.6545777288
2018-01-24,376540.6545777288,376540.6545777288
2018-01-25,375795.22406964866,384573.70373761415
2018-01-29,376294.21806388936,376294.21806388936
2018-01-30,376294.21806388936,376294.21806388936
2018-01-31,376294.21806388936,376294.21806388936
2018-02-01,375563.46339913615,384147.3181360266
2018-02-02,366117.308361079,384147.3181360266
2018-02-05,363268.75336057215,384147.3181360266
2018-02-06,359884.27784873516,384147.3181360266
2018-02-07,359310.0476982534,384147.3181360266
2018-02-08,356687.16474914143,359616.0164057956
2018-02-09,355790.7149807476,363728.88811851526
2018-02-12,355585.2646381435,366277.70265703177
2018-02-14,357881.7368683374,366277.70265703177
2018-02-15,357770.3190667722,359490.5051011202
2018-02-16,357359.12358361663,360782.6907142608
2018-02-19,357873.0398636338,361982.7228209192
2018-02-20,358539.5744466916,361982.7228209192
2018-02-21,359004.6201857072,361982.7228209192
2018-02-22,358917.4831353368,363725.46337795956
2018-02-23,357892.2622845156,368097.03447415243
2018-02-26,359406.946410981,373530.06044487073
2018-02-27,360195.087278146,373530.06044487073
2018-02-28,358685.38941725704,378113.95029176975
2018-03-01,357832.8502795304,360407.4639941274
2018-03-05,358047.7004205143,362280.02481923625
2018-03-06,359055.68830945255,365692.69085990917
2018-03-07,358994.7981012827,358994.7981012827
2018-03-08,358447.81185558,363729.6529316738
2018-03-09,358795.4061255405,363729.6529316738
2018-03-12,356657.6466487311,373378.8293024378
2018-03-13,358949.6751765927,373378.8293024378
2018-03-14,360258.79309086094,373378.8293024378
2018-03-15,357876.17210858496,362975.36082034203
2018-03-16,355313.53490501666,372153.8629263518
2018-03-19,357666.36994974397,357666.36994974397
2018-03-20,357666.36994974397,357666.36994974397
2018-03-21,357666.36994974397,357666.36994974397
2018-03-22,357181.4654433534,360044.3734901557
2018-03-23,356379.07592047704,363058.7232536656
2018-03-26,355082.81152491795,366421.26730891195
2018-03-27,355243.3114238794,369412.7973203494
2018-03-28,355860.98828509473,369412.7973203494
2018-04-02,362758.7052207287,362758.7052207287
2018-04-03,362758.7052207287,362758.7052207287
2018-04-04,362758.7052207287,362758.7052207287
2018-04-05,362313.16065874265,363903.5767118863
2018-04-06,362548.4574829111,363903.5767118863
2018-04-09,362737.63056968583,364204.83152107266
2018-04-10,362969.7000901165,364204.83152107266
2018-04-11,363320.0842144406,364172.1915918691
2018-04-12,362362.4776135804,364930.69572914793
2018-04-13,362593.57534900587,364930.69572914793
2018-04-16,363043.20610067836,365825.9511148166
2018-04-17,364271.49483569653,365825.9511148166
2018-04-18,364844.12732019287,365825.9511148166
2018-04-19,363948.4063793746,368634.3789238914
2018-04-20,364296.43053094693,368634.3789238914
2018-04-23,365683.0740904704,368634.3789238914
2018-04-24,366623.36825566617,369054.2827408666
2018-04-25,366976.5325137507,369409.97803768545
2018-04-26,366112.17240435124,371433.0419698531
2018-04-27,366193.3356668627,375944.3727963247
2018-04-30,369187.46449861844,381381.345892578
2018-05-02,370222.54453508044,381381.345892578
2018-05-03,370753.587782977,376075.0156653565
2018-05-04,372887.52436992334,372887.52436992334
2018-05-07,372887.52436992334,372887.52436992334
2018-05-08,372887.52436992334,372887.52436992334
2018-05-09,372887.52436992334,372887.52436992334
2018-05-10,372076.8178129492,384116.6806388091
2018-05-11,368083.2370110423,368083.2370110423
2018-05-14,368083.2370110423,368083.2370110423
2018-05-15,368083.2370110423,368083.2370110423
2018-05-16,368083.2370110423,368083.2370110423
2018-05-17,367369.66913954174,375696.52131834213
2018-05-18,364316.15190156095,364316.15190156095
2018-05-21,364316.15190156095,364316.15190156095
2018-05-22,364316.15190156095,364316.15190156095
2018-05-23,364316.15190156095,364316.15190156095
2018-05-24,363776.68359676644,369684.9741608072
2018-05-25,362758.8361869298,375614.1877094301
2018-05-28,364108.3063158061,364108.3063158061
2018-05-29,364108.3063158061,364108.3063158061
2018-05-30,364108.3063158061,364108.3063158061
2018-05-31,363587.1112248948,368285.7908742007
2018-06-01,363605.85715364857,369232.3560448034
2018-06-04,364351.08711453126,372190.8085423408
2018-06-05,364774.0388170859,375697.9585899932
2018-06-06,360193.0537604894,360193.0537604894
2018-06-07,359709.37504985405,362011.84691986785
2018-06-08,360090.0499745622,362011.84691986785
2018-06-11,360613.7793554513,362011.84691986785
2018-06-12,360209.9095651012,362868.0328284979
2018-06-13,360739.52726094174,362868.0328284979
2018-06-14,360158.36499000713,362685.0096137147
2018-06-15,360550.51783573616,362685.0096137147
2018-06-18,361448.3547970593,362685.0096137147
2018-06-19,361058.99045645836,364053.8376956412
2018-06-20,360984.02825473616,364644.43149858376
2018-06-21,360791.99997771945,366726.1844201994
2018-06-22,360398.15951087506,372048.47414620605
2018-06-25,360300.55843757297,375046.8936550842
2018-06-26,362450.5138567135,375046.8936550842
2018-06-27,354281.21505895094,354281.21505895094
2018-06-28,353794.3949221529,356772.6698960939
2018-06-29,350790.38205907407,350790.38205907407
2018-07-02,350790.38205907407,350790.38205907407
2018-07-03,350790.38205907407,350790.38205907407
2018-07-04,350790.38205907407,350790.38205907407
2018-07-05,350129.95894008386,355928.3181196047
2018-07-06,350419.28922621335,355928.3181196047
2018-07-09,349892.08039252495,362936.7461435301
2018-07-10,349873.1316569237,349873.1316569237
2018-07-11,349873.1316569237,349873.1316569237
2018-07-12,349388.51096979977,352752.76377201464
2018-07-13,349630.04872844665,352752.76377201464
2018-07-16,349418.85017215455,354997.54509233875
2018-07-17,349060.39099101827,357574.9894045451
2018-07-18,349884.71441404725,357574.9894045451
2018-07-19,349136.4986146264,351838.6735547527
2018-07-20,349619.63361830695,351838.6735547527
2018-07-23,349774.6146246209,354951.50028646615
2018-07-24,350053.72246064135,350053.72246064135
2018-07-25,350053.72246064135,350053.72246064135
2018-07-26,349411.72214303043,355313.12133573537
2018-07-27,347378.2078739233,347378.2078739233
2018-07-30,347378.2078739233,347378.2078739233
2018-07-31,347378.2078739233,347378.2078739233
2018-08-01,347378.2078739233,347378.2078739233
2018-08-02,346839.56407937745,353053.94648783933
2018-08-03,344132.8528849002,344132.8528849002
2018-08-06,344132.8528849002,344132.8528849002
2018-08-07,344132.8528849002,344132.8528849002
2018-08-08,344132.8528849002,344132.8528849002
2018-08-09,343471.3993994814,349633.0895628615
2018-08-10,343010.0094026088,352449.99134534947
2018-08-13,343484.62280844874,343484.62280844874
2018-08-14,343484.62280844874,343484.62280844874
2018-08-16,342998.0629411374,345957.122720634
2018-08-17,341806.09247953055,348987.8902701371
2018-08-20,341647.0686043658,341647.0686043658
2018-08-21,341647.0686043658,341647.0686043658
2018-08-23,341154.82703777374,344210.90821768594
2018-08-24,341447.44149646076,344210.90821768594
2018-08-27,339345.32095530775,339345.32095530775
2018-08-28,339345.32095530775,339345.32095530775
2018-08-29,339345.32095530775,339345.32095530775
2018-08-30,338849.7749106986,341847.37831729866
2018-08-31,339076.5112782375,341847.37831729866
2018-09-03,338138.7373568145,344919.28691689693
2018-09-04,337960.4844372586,337960.4844372586
2018-09-05,337960.4844372586,337960.4844372586
2018-09-06,337473.6645536642,340241.75428611605
2018-09-07,337630.04851392645,341003.34277480317
2018-09-10,333623.1117734791,333623.1117734791
2018-09-11,333623.1117734791,333623.1117734791
2018-09-12,333623.1117734791,333623.1117734791
2018-09-14,333623.1117734791,333623.1117734791
2018-09-17,333623.1117734791,333623.1117734791
2018-09-18,333623.1117734791,333623.1117734791
2018-09-19,333623.1117734791,333623.1117734791
2018-09-21,333623.1117734791,333623.1117734791
2018-09-24,333623.1117734791,333623.1117734791
2018-09-25,333623.1117734791,333623.1117734791
2018-09-26,333623.1117734791,333623.1117734791
2018-09-27,333178.75231626886,334957.11179286824
2018-09-28,333362.8836983684,334957.11179286824
2018-10-01,333617.97605209,334957.11179286824
2018-10-03,333497.3299243873,335859.9724803524
2018-10-04,331018.17906302627,333669.5925762666
2018-10-05,328262.5735980772,343717.94902667875
2018-10-08,329840.1506329953,343717.94902667875
2018-10-09,332485.4468929895,343717.94902667875
2018-10-10,325927.209700638,325927.209700638
2018-10-11,325480.5875527267,326884.79705196735
2018-10-12,324232.0312347047,330082.5613377711
2018-10-15,325773.5277761801,330082.5613377711
2018-10-16,326214.93952734716,332196.0766345321
2018-10-17,324949.8382285226,334207.7315967536
2018-10-19,323209.0129526352,323209.0129526352
2018-10-22,323209.0129526352,323209.0129526352
2018-10-23,323209.0129526352,323209.0129526352
2018-10-24,323209.0129526352,323209.0129526352
2018-10-25,322763.93620586494,324326.1559055523
2018-10-26,322573.48321791436,324910.2771579237
2018-10-29,321578.76618811925,326952.2141851394
2018-10-30,322060.16477140045,326952.2141851394
2018-10-31,321568.21655215276,329657.77673726424
2018-11-01,321710.81521363853,323233.33697134745
2018-11-02,321433.78816749423,324511.92053669796
2018-11-05,323085.0024504944,324511.92053669796
2018-11-06,323374.9365179888,324511.92053669796
2018-11-07,323435.814404288,324643.9258724783
2018-11-09,323712.9139343929,323712.9139343929
2018-11-12,323712.9139343929,323712.9139343929
2018-11-13,323712.9139343929,323712.9139343929
2018-11-14,323712.9139343929,323712.9139343929
2018-11-15,323267.6058519193,324759.710628588
2018-11-16,323196.2664891242,325179.6828732785
2018-11-19,323746.22559155355,325752.03747651
2018-11-20,323129.4962840245,326579.64074227755
2018-11-21,323258.17263106996,327837.16928975907
2018-11-22,322233.34967500163,323743.63156531216
2018-11-26,322416.4184641469,324602.54188235657
2018-11-27,322731.58366298233,325142.1186303331
2018-11-28,323559.5330530467,325234.3504205592
2018-11-29,321861.0473746635,324876.3624162576
2018-11-30,322793.07752733346,324876.3624162576
2018-12-03,323506.23503558285,324876.3624162576
2018-12-04,324182.7738324715,324876.3624162576
2018-12-05,323641.0345773293,325348.86718243087
2018-12-06,319428.3963541797,322530.3711283786
2018-12-07,318971.73985396454,324993.93119265704
2018-12-10,313104.5098252251,313104.5098252251
2018-12-11,313104.5098252251,313104.5098252251
2018-12-12,313104.5098252251,313104.5098252251
2018-12-13,312660.27423728723,314250.87020702346
2018-12-14,312834.0300044301,314250.87020702346
2018-12-17,313064.63409692387,314573.8419860804
2018-12-18,313368.21026470204,314573.8419860804
2018-12-19,313424.0527932525,315113.82494314515
2018-12-20,312882.8131657506,314484.9467195411
2018-12-21,312170.882353839,317445.90676574636
2018-12-24,313481.89980698633,320239.0156127508
2018-12-26,313465.3413415674,320239.0156127508
2018-12-27,311780.45810713636,313295.5551428058
2018-12-28,311643.9885500838,313746.9364674489
2018-12-31,312295.82378941635,313746.9364674489
2019-01-02,312381.53380468243,314016.6360170103
2019-01-03,310958.1441419904,312527.1700947327
2019-01-04,311170.625796997,312527.1700947327
2019-01-07,311590.8981207018,312695.8137512695
2019-01-08,311632.93061262317,312989.03834288125
2019-01-09,312179.52696364577,313180.71927652275
2019-01-10,311194.2497394798,314049.6939646022
2019-01-11,312209.7928075663,314049.6939646022
2019-01-14,312318.3908678119,315055.51705094794
2019-01-15,309269.5936741881,319614.9405534222
2019-01-16,310764.86963031546,319614.9405534222
2019-01-17,310865.5609564101,313199.1490683417
2019-01-18,311123.20692844427,313199.1490683417
2019-01-21,311157.40676729276,314268.0602137545
2019-01-22,312438.22394247714,314559.9610993853
2019-01-23,311615.33805758,316957.34067694505
2019-01-24,311566.8856677034,314371.86121656117
2019-01-25,311564.8291376323,316209.74537816655
2019-01-28,311614.16050458135,311614.16050458135
2019-01-29,311614.16050458135,311614.16050458135
2019-01-30,311614.16050458135,311614.16050458135
2019-01-31,311129.1133371731,314365.5768343804
2019-02-01,311012.5394094621,315037.17398303753
2019-02-04,312078.7667607573,315037.17398303753
2019-02-05,312140.03580189124,316540.7540733917
2019-02-06,310689.3958339876,310689.3958339876
2019-02-07,310202.0384952356,313348.012766516
2019-02-08,309025.01598582364,316896.7180290093
2019-02-11,310509.6108327038,320945.9390817306
2019-02-12,312007.7429590829,312007.7429590829
2019-02-14,311516.46887326054,314085.40575843694
2019-02-15,311553.92008615844,314085.40575843694
2019-02-18,310824.6515063396,317624.81043586455
2019-02-19,311623.6475392498,318672.87331862136
2019-02-20,306808.6511997913,306808.6511997913
2019-02-21,306316.31425263593,309447.9988252832
2019-02-22,306573.4179709374,309447.9988252832
2019-02-25,306814.95604637323,311538.1301612876
2019-02-26,307116.5482754806,312180.44703628717
2019-02-27,307122.2202277365,312852.17682040064
2019-02-28,306562.5726372247,309435.98948022065
2019-03-01,307105.04313238844,310455.92059296946
2019-03-05,307076.3394330968,314334.2194216198
2019-03-06,307190.95444374724,307190.95444374724
2019-03-07,306704.04589106614,309846.6028804101
2019-03-08,307354.53266953427,309846.6028804101
2019-03-11,307068.1446201487,311784.5586582585
2019-03-12,306132.45812774,306132.45812774
2019-03-13,306132.45812774,306132.45812774
2019-03-14,305642.41734693426,308985.8976219054
2019-03-15,305681.5670924425,311627.2891799595
2019-03-18,307412.8948670462,311627.2891799595
2019-03-19,307262.5185352323,307262.5185352323
2019-03-20,307262.5185352323,307262.5185352323
2019-03-22,307262.5185352323,307262.5185352323
2019-03-25,307262.5185352323,307262.5185352323
2019-03-26,307262.5185352323,307262.5185352323
2019-03-27,307262.5185352323,307262.5185352323
2019-03-28,306650.5158952472,310754.12792570674
2019-04-01,307174.74091640726,315065.45367318776
2019-04-02,308640.9427920258,319799.31180145673
2019-04-03,303778.91211311956,326230.3319014423
2019-04-04,302031.78914524603,305475.99118085817
2019-04-05,301795.31403176894,307193.4014790632
2019-04-08,301812.33149768156,308025.16286002897
2019-04-09,302315.5229985591,309021.1931342215
2019-04-10,301501.9715514848,311344.86041370535
2019-04-11,302641.21510026517,305833.77542897995
2019-04-12,302518.6876663394,306485.5672418773
2019-04-15,303144.65285849484,308058.12017623667
2019-04-16,302454.9978963316,302454.9978963316
2019-04-18,301960.42120105994,305399.38180592255
2019-04-22,300862.1137909322,311415.08445888053
2019-04-23,301985.481251225,311415.08445888053
2019-04-24,295789.19674259535,295789.19674259535
2019-04-25,295300.37040017237,298256.27676973864
2019-04-26,295146.34700180986,300567.61213903344
2019-04-30,297039.46734901576,300567.61213903344
2019-05-02,297371.6846693701,300319.2641043211
2019-05-03,297814.5702524576,300319.2641043211
2019-05-06,297057.6935961043,303117.97968410194
2019-05-07,296272.8431633006,296272.8431633006
2019-05-08,296272.8431633006,296272.8431633006
2019-05-09,295780.0070486486,298914.519693452
2019-05-10,296061.82003323763,298914.519693452
2019-05-13,295473.90565702657,301929.8675133571
2019-05-14,294730.59853071097,301929.8675133571
2019-05-15,296485.4701477088,301929.8675133571
2019-05-16,293756.85208116274,296914.35283527366
2019-05-17,292663.60551196436,302116.89245780744
2019-05-20,291293.25593464746,302116.89245780744
2019-05-21,292083.6726870604,302116.89245780744
2019-05-22,292497.8287993753,302116.89245780744
2019-05-23,292190.2704889389,293931.4533308247
2019-05-24,291571.7249448091,295591.05612366245
2019-05-27,292516.4959781534,296598.70624609344
2019-05-28,293160.82671637234,296598.70624609344
2019-05-29,293359.8329250535,296598.70624609344
2019-05-30,293217.9388350394,294646.37438140664
2019-05-31,293358.2410534262,294646.37438140664
2019-06-03,293473.50334268605,295174.61386275577
2019-06-04,293674.6623442804,295174.61386275577
2019-06-06,292064.31064398855,293503.9678993098
2019-06-07,292257.79443262564,293503.9678993098
2019-06-10,292490.3065911849,293655.3634723126
2019-06-11,292653.7943630734,293601.7338407046
2019-06-12,292766.54460020975,293601.7338407046
2019-06-13,292189.1390302786,293483.8834288248
2019-06-14,292059.46753703145,293785.0523235574
2019-06-17,292234.6787441283,295388.6641883633
2019-06-18,294531.30662740924,295388.6641883633
2019-06-19,294840.0935944545,295388.6641883633
2019-06-20,293170.9504347617,295843.36966497573
2019-06-21,292684.6430932914,298534.70932225144
2019-06-24,295130.6010286362,299006.1400965793
2019-06-25,294192.527680185,300443.7066544044
2019-06-26,293965.25327614177,302347.6207302547
2019-06-27,294438.58028564637,297292.4146032101
2019-06-28,294691.7359690331,297292.4146032101
2019-07-01,295437.2111961774,297292.4146032101
2019-07-02,295809.60270400014,297905.23768554034
2019-07-03,296282.13641088514,297905.23768554034
2019-07-04,296077.9062936032,298571.9198140036
2019-07-05,295584.8967382237,303912.3378452481
2019-07-08,297874.10418287147,303912.3378452481
2019-07-09,298104.538197652,303912.3378452481
2019-07-10,297964.16907050175,303912.3378452481
2019-07-11,297191.04300282773,298825.30209459394
2019-07-12,297434.54062583105,298825.30209459394
2019-07-15,298027.0756340696,298825.30209459394
2019-07-16,297707.9446993153,299273.6258075636
2019-07-17,297960.4845122316,299273.6258075636
2019-07-18,297121.23616086185,300054.1806713371
2019-07-19,295345.9944134026,306235.2979834086
2019-07-22,296956.5960039049,296956.5960039049
2019-07-23,296956.5960039049,296956.5960039049
2019-07-24,296956.5960039049,296956.5960039049
2019-07-25,296474.3620022216,299285.7159388438
2019-07-26,296647.7542233866,299285.7159388438
2019-07-29,297013.5577008647,300773.4317512646
2019-07-30,296942.2144461261,303815.71009094437
2019-07-31,297083.5626760547,303815.71009094437
2019-08-01,296350.3355494758,299500.763713048
2019-08-02,296687.75317782856,299500.763713048
2019-08-05,297021.9473292228,301735.6292550197
2019-08-06,295112.6868144732,303921.99225921044
2019-08-07,294562.08608841896,294562.08608841896
2019-08-08,294081.85441418045,296748.6760143501
2019-08-09,293723.37312793115,298148.01499837433
2019-08-13,291736.93021970417,302770.58404801873
2019-08-14,290543.4239282805,305985.1454074998
2019-08-16,292873.25479135814,292873.25479135814
2019-08-19,292873.25479135814,292873.25479135814
2019-08-20,292873.25479135814,292873.25479135814
2019-08-21,292873.25479135814,292873.25479135814
2019-08-22,292387.8172450224,294978.47125190956
2019-08-23,291979.07031925494,297171.3178330129
2019-08-26,291316.5410285455,306233.7295692501
2019-08-27,293383.57717271295,306233.7295692501
2019-08-28,293131.66680041514,306233.7295692501
2019-08-29,289201.46302637097,290669.82149653323
2019-08-30,288926.2763503298,291534.4793397222
2019-09-03,287905.9812282705,294166.64824866864
2019-09-04,288355.6488826256,294166.64824866864
2019-09-05,288506.42704871483,290148.877727223
2019-09-06,288343.49393890006,290975.60794103926
2019-09-09,289032.40754940547,291465.11011017277
2019-09-11,290073.24498021684,291465.11011017277
2019-09-12,289450.8100148778,291758.01287887857
2019-09-13,289606.67416557163,293226.5409426659
2019-09-16,290127.7696341421,294044.8761078432
2019-09-17,286862.04967949935,300464.218630114
2019-09-18,287964.0898705807,300464.218630114
2019-09-19,286561.94391740253,288361.47745620896
2019-09-20,282724.40544425376,288361.47745620896
2019-09-23,280559.2189348748,288361.47745620896
2019-09-24,280557.4083800099,288361.47745620896
2019-09-25,281627.73861808574,288361.47745620896
2019-09-26,279093.25259282626,280784.68735348
2019-09-27,279286.4307255207,280784.68735348
2019-09-30,279672.1814809855,280921.27739773237
2019-10-01,279567.07289994496,281369.084993218
2019-10-03,279442.22262584296,280858.07973488414
2019-10-04,279233.98183993244,281473.813072142
2019-10-07,279824.14325901173,281868.16972270963
2019-10-09,279495.65936671605,282812.31788450514
2019-10-10,279235.72963730537,280780.5839338938
2019-10-11,279404.3637339434,280780.5839338938
2019-10-14,279734.08074459055,280853.5868346965
2019-10-15,279718.03306471166,281068.6606866169
2019-10-16,280057.7636154184,281068.6606866169
2019-10-17,279204.5831146079,280768.47512950614
2019-10-18,279289.89221648447,280768.47512950614
2019-10-22,280171.1046821942,280768.47512950614
2019-10-23,280746.5156307539,280768.47512950614
2019-10-24,279925.1806672515,281565.4309963851
2019-10-25,280072.4344350833,281565.4309963851
2019-10-29,279290.2016185733,284128.40504522406
2019-10-30,279947.61360658973,285473.8890531845
2019-10-31,279851.91162468854,281525.9745814122
2019-11-01,280015.5062662496,281525.9745814122
2019-11-04,280349.8858888138,281782.63007289375
2019-11-05,280605.9131504013,281782.63007289375
2019-11-06,280993.8718672478,281738.8414163878
2019-11-07,280107.2281547578,283027.23292501457
2019-11-08,279663.91169137444,286090.7623686917
2019-11-11,281899.51545349444,286090.7623686917
2019-11-13,281920.2521287108,288838.6800223823
2019-11-14,281281.108306263,284854.7537174179
2019-11-15,281657.0622249756,284854.7537174179
2019-11-18,282499.24550907285,284854.7537174179
2019-11-19,282631.4895173608,285925.43017719197
2019-11-20,282704.24033362686,287390.3879575412
2019-11-21,282506.0448461,286528.01416986284
2019-11-22,282031.2857165849,288900.41047362215
2019-11-25,277523.1499903083,277523.1499903083
2019-11-26,277523.1499903083,277523.1499903083
2019-11-27,277523.1499903083,277523.1499903083
2019-11-28,277032.0998903435,280110.5005763687
2019-11-29,274656.24536488217,274656.24536488217
2019-12-02,274656.24536488217,274656.24536488217
2019-12-03,274656.24536488217,274656.24536488217
2019-12-04,274656.24536488217,274656.24536488217
2019-12-05,274095.36354157736,277601.48998379504
2019-12-06,273121.53640443686,282702.18593208113
2019-12-09,275888.7102406842,282702.18593208113
2019-12-10,275552.74673233205,275552.74673233205
2019-12-11,275552.74673233205,275552.74673233205
2019-12-12,274982.8801057516,278600.59317587805
2019-12-13,273683.05239605054,286936.6683553993
2019-12-16,274281.0575643405,286936.6683553993
2019-12-17,276662.2297386115,276662.2297386115
2019-12-18,276662.2297386115,276662.2297386115
2019-12-19,276087.3224327596,279436.08311338956
2019-12-20,276512.16500958445,279436.08311338956
2019-12-23,277995.0066788305,279436.08311338956
2019-12-24,277732.020875205,280619.44103380496
2019-12-26,276657.5348822433,279180.85142077535
2019-12-27,275000.11734306754,283049.9417156438
2019-12-30,277106.94093872054,283049.9417156438
2019-12-31,274787.5028981135,274787.5028981135
2020-01-01,274787.5028981135,274787.5028981135
2020-01-02,274301.32984380086,276814.8017575157
2020-01-03,273713.29302119405,278377.33087836753
2020-01-06,270735.0939652912,278377.33087836753
2020-01-07,270913.0909820973,270913.0909820973
2020-01-08,270913.0909820973,270913.0909820973
2020-01-09,270468.2760881357,272132.20954504627
2020-01-10,270554.79586029926,272132.20954504627
2020-01-13,270622.1043839588,273137.8860398339
2020-01-14,271005.7912816953,273137.8860398339
2020-01-15,271473.0026930692,273137.8860398339
2020-01-16,270966.07817180676,272647.00275862444
2020-01-17,271133.84020701953,272647.00275862444
2020-01-20,271043.99243016477,273673.4188026425
2020-01-21,271149.73185896385,275105.3930697617
2020-01-22,271602.9789162003,276273.27273132
2020-01-23,270325.6907472913,271943.7411799207
2020-01-24,270157.71906495,272880.83733504504
2020-01-27,269560.53182573436,274328.37188231363
2020-01-28,269485.7537278806,276102.0067313378
2020-01-29,269477.18119016476,276102.0067313378
2020-01-30,269709.3062898039,271804.9646789547
2020-01-31,269486.69310171215,272371.59512207523
2020-02-03,267299.01073609747,267299.01073609747
2020-02-04,267299.01073609747,267299.01073609747
2020-02-05,267299.01073609747,267299.01073609747
2020-02-06,266857.54861203715,268228.00918852724
2020-02-07,267020.4265841473,268228.00918852724
2020-02-10,267157.8168079137,268851.5695095323
2020-02-11,266811.126361901,269324.26520414976
2020-02-12,266345.64354789176,270289.6310448689
2020-02-13,266109.500607238,267803.99446034495
2020-02-14,265952.07690387324,268207.60952279036
2020-02-17,266452.35970130796,268800.5644042641
2020-02-18,266555.3763707692,269250.0911541968
2020-02-19,265663.22572872945,270413.31890348956
2020-02-20,265615.19008797326,267307.98241223226
2020-02-24,264726.051955915,270377.48210721154
2020-02-25,265634.80471339397,270377.48210721154
2020-02-26,265616.6094500377,274288.07563883235
2020-02-27,265562.4005172359,266859.39055936
2020-02-28,263603.1241243134,274477.1222761711
2020-03-02,265384.7202846359,265384.7202846359
2020-03-03,265384.7202846359,265384.7202846359
2020-03-04,265384.7202846359,265384.7202846359
2020-03-05,264938.5127555652,266310.9529469927
2020-03-06,264203.36633012677,269650.5716721218
2020-03-09,264240.39884729596,269650.5716721218
2020-03-11,264401.6871136566,269650.5716721218
2020-03-12,259990.7835383369,261477.79220544768
2020-03-13,258961.45259806194,264280.6676150862
2020-03-16,249429.64594957692,276743.1027319617
2020-03-17,249049.82054836373,249049.82054836373
2020-03-18,249049.82054836373,249049.82054836373
2020-03-19,248603.83145401,250174.95302457013
2020-03-20,246836.34862510243,254456.55896296736
2020-03-23,226128.9011357397,226128.9011357397
2020-03-24,226128.9011357397,226128.9011357397
2020-03-25,226128.9011357397,226128.9011357397
2020-03-26,225683.08458215816,227241.14209697332
2020-03-27,225920.23990738197,227241.14209697332
2020-03-30,226191.2380019389,227816.85618092897
2020-03-31,225754.21593188192,228325.2597064677
2020-04-01,226081.61049975234,229010.69174558946
2020-04-03,226854.44615425542,226854.44615425542
2020-04-07,226854.44615425542,226854.44615425542
2020-04-08,226854.44615425542,226854.44615425542
2020-04-09,226409.52320047637,227992.1289296655
2020-04-13,227358.74389684314,227992.1289296655
2020-04-15,227588.46024539846,227903.94312578402
2020-04-16,226899.4510745625,228387.43550155862
2020-04-17,227112.21754822365,228667.38516518738
2020-04-20,227971.34859553294,228667.38516518738
2020-04-21,227978.83038729985,228678.80540983065
2020-04-22,228004.5024925842,228590.71178095666
2020-04-23,227246.50709432154,228702.66582540036
2020-04-24,228346.229246357,228583.7929810229
2020-04-27,228512.02209213952,228583.7929810229
2020-04-28,228364.97918200004,228392.57879423638
2020-04-29,228179.0644330394,228199.85572199876
2020-04-30,227125.21540635373,228631.4725720837
2020-05-04,226649.30976255826,230821.33767482694
2020-05-05,227513.4685048605,231705.69504189244
2020-05-06,228819.7278248313,231705.69504189244
2020-05-07,228896.42979946797,230540.13785234134
2020-05-08,230128.45859934387,230540.13785234134
2020-05-11,230379.93549354875,230540.13785234134
2020-05-12,230490.29480233623,230540.13785234134
2020-05-13,230298.19906166714,230363.2300027948
2020-05-14,229215.08452505924,230853.8436430067
2020-05-15,229425.31601260824,230853.8436430067
2020-05-18,229182.5593500682,232290.1616062922
2020-05-19,229509.9229844224,232290.1616062922
2020-05-20,228988.00316574628,233680.86743693193
2020-05-21,229235.3746153077,230874.36795412828
2020-05-22,229466.49831858746,230874.36795412828
2020-05-26,230050.51829492563,230921.6718135139
2020-05-27,229209.97721792178,232073.64527335617
2020-05-28,228162.64929778088,229753.45921751432
2020-05-29,228382.79224909528,229753.45921751432
2020-06-01,228350.20909367,231109.29975690777
2020-06-02,230066.31724765702,231461.033697551
2020-06-03,230190.28831800408,231711.5134198529
2020-06-04,229670.26085235266,231110.11026625658
2020-06-05,229544.82968450547,231604.77643613107
2020-06-08,230306.1179886004,231604.77643613107
2020-06-09,230094.9509120045,231716.0128756386
2020-06-10,230478.03869829272,231716.0128756386
2020-06-11,229115.57177571213,230561.15512362221
2020-06-12,229580.0265417764,230561.15512362221
2020-06-15,229670.0923165146,230679.33489513304
2020-06-16,230121.76814134445,230610.56930900688
2020-06-17,230243.39487171324,230610.56930900688
2020-06-18,229034.7763855384,230808.89368493264
2020-06-19,228638.37202104216,231827.28594122396
2020-06-22,229516.46936362062,232625.10502459237
2020-06-23,229429.6029429105,235016.5030784663
2020-06-24,228171.4063644776,237957.26839259645
2020-06-25,228568.6436963451,230325.54729450442
2020-06-26,228356.40055728605,231026.35324898452
2020-06-29,229481.62814114545,231026.35324898452
2020-06-30,229661.22606236863,231180.60104824434
2020-07-01,229420.60702779578,231995.67364736702
2020-07-02,228271.65112471514,229594.02714964323
2020-07-03,228387.7329263153,229594.02714964323
2020-07-06,228041.8301226509,231067.49475308164
2020-07-07,228806.0880303424,231067.49475308164
2020-07-08,228732.6916849443,231067.49475308164
2020-07-09,228890.50762251962,230679.71793255175
2020-07-10,228960.08682814622,230679.71793255175
2020-07-13,229903.20935449473,230679.71793255175
2020-07-14,228728.75484667404,232466.87883875484
2020-07-15,229250.45454736444,232466.87883875484
2020-07-16,228055.6336186653,229587.20958601878
2020-07-17,227455.20777509653,231106.3401065554
2020-07-20,227886.73950001528,233560.74966269528
2020-07-21,227810.13392632926,227810.13392632926
2020-07-22,227810.13392632926,227810.13392632926
2020-07-23,227367.56550316288,228620.00272360735
2020-07-24,227465.44509484203,228620.00272360735
2020-07-27,227533.7028631575,229102.44121079645
2020-07-28,226361.07961271013,230721.35567203755
2020-07-29,225913.53324454385,231714.37785287108
2020-07-30,224076.46759255973,225611.25891246807
2020-07-31,224231.5214197124,225611.25891246807
2020-08-03,223917.36818848152,227271.6055227821
2020-08-04,220831.76683457586,231297.6037356313
2020-08-05,221971.0488744135,231297.6037356313
2020-08-06,220540.52065999652,221924.6115841136
2020-08-07,220697.87734180313,221924.6115841136
2020-08-10,220840.14473243238,221916.20408462186
2020-08-11,221082.68214636884,221975.8905354117
2020-08-12,221264.93998730567,221975.8905354117
2020-08-13,220646.49906203808,222253.12254053692
2020-08-14,220135.46709794563,223858.3234893909
2020-08-17,220961.97985114413,223858.3234893909
2020-08-18,219443.66060434838,226370.0750297338
2020-08-19,220060.1766114339,226370.0750297338
2020-08-20,219662.50688256964,220958.52381610847
2020-08-21,219503.3136134915,221505.4098319041
2020-08-24,219867.3126074505,222364.015161203
2020-08-25,220552.5942396715,222364.015161203
2020-08-26,220700.3992289576,223225.20262055862
2020-08-27,220485.3563242876,221777.05214040962
2020-08-28,220276.36987963362,222744.1422044767
2020-08-31,216527.0348748178,216527.0348748178
2020-09-01,216527.0348748178,216527.0348748178
2020-09-02,216527.0348748178,216527.0348748178
2020-09-03,216080.70364689114,217542.1236512462
2020-09-04,214953.49972436932,220630.2562417864
2020-09-07,215911.19263532216,220630.2562417864
2020-09-08,216330.77771378413,222067.5410137896
2020-09-09,217180.1320703844,222067.5410137896
2020-09-10,213066.02542236715,214258.65628928298
2020-09-11,213304.96383047907,214258.65628928298
2020-09-14,213641.22703539656,214258.65628928298
2020-09-15,213589.54993768237,214186.68314194446
2020-09-16,213380.33636904293,214683.81647001632
2020-09-17,212148.21038338367,213435.85495770516
2020-09-18,212280.091424028,213435.85495770516
2020-09-21,211140.61502925094,216883.70486220872
2020-09-22,211318.47353543062,211318.47353543062
2020-09-23,211318.47353543062,211318.47353543062
2020-09-24,210873.2927929545,212214.61278412276
2020-09-25,209710.7877754814,215102.42101480864
2020-09-28,210949.469227365,219243.61316809864
2020-09-29,211648.08632579583,219243.61316809864
2020-09-30,212612.59795423137,219243.61316809864
2020-10-01,211815.8155146584,213443.8740977463
2020-10-05,212381.38824980782,213559.27463073446
2020-10-06,211972.25952268473,214589.82671759996
2020-10-07,212186.15043932633,215416.83705461022
2020-10-08,211584.59096450973,213183.59193707266
2020-10-09,211794.68386425663,213183.59193707266
2020-10-12,212086.24452380376,213300.04454321312
2020-10-13,212327.25891886177,213300.04454321312
2020-10-14,212333.22720593712,213390.64025448335
2020-10-15,209452.1876293928,211028.2548107808
2020-10-16,209574.80304337738,211028.2548107808
2020-10-19,209633.8047191194,211981.09119337169
2020-10-20,210608.61408965223,211981.09119337169
2020-10-21,210778.43606391564,212109.64838729115
2020-10-22,210189.32399937944,211907.9044463899
2020-10-23,211326.20830864093,211907.9044463899
2020-10-26,211307.9879786587,212025.56367519315
2020-10-27,211149.28220358133,212135.86134931954
2020-10-28,210434.26488433205,212854.30913252494
2020-10-29,209525.05458886482,211192.4267147701
2020-10-30,209861.34242246105,211192.4267147701
2020-11-02,210397.99140544058,211192.4267147701
2020-11-03,210184.6278665007,211640.95986650075
2020-11-04,210075.76340096034,212596.65471993125
2020-11-05,208089.81959841467,209525.5260637934
2020-11-06,207545.34117015498,211029.75328387428
2020-11-09,207600.7552631048,214240.40411954635
2020-11-10,207384.73093550678,207384.73093550678
2020-11-11,207384.73093550678,207384.73093550678
2020-11-12,206940.25370744057,208379.44147081132
2020-11-13,207047.07139820326,208379.44147081132
2020-11-17,206900.67566126992,209440.5787025427
2020-11-18,207042.69498950837,210527.14042922808
2020-11-19,203660.9949257388,205384.2585101089
2020-11-20,203590.27762006156,205801.6536697248
2020-11-23,204045.52574684276,206530.50228322652
2020-11-24,204594.55669990697,207486.49533677674
2020-11-25,201862.71684852467,210549.28774976064
2020-11-26,202113.62169816275,203532.23122247998
2020-11-27,202289.96611018397,203532.23122247998
2020-12-01,202688.5774861774,203841.37471245893
2020-12-02,202898.37557640954,203841.37471245893
2020-12-03,202305.22562914595,203756.80652305178
2020-12-04,201912.81397891307,204888.35549849566
2020-12-07,202751.5976347745,206206.98432027246
2020-12-08,203398.2572323711,206206.98432027246
2020-12-09,203213.17096497142,208721.47176455226
2020-12-10,202608.22368271413,203805.0770100774
2020-12-11,202765.2947003379,203805.0770100774
2020-12-14,202926.88255296403,203999.96386834327
2020-12-15,203103.419405563,203999.96386834327
2020-12-16,202938.5313480568,204899.8265549939
2020-12-17,202267.1622124233,203855.3105595897
2020-12-18,202923.5319620587,203855.3105595897
2020-12-21,199315.78218051,199315.78218051
2020-12-22,199315.78218051,199315.78218051
2020-12-23,199315.78218051,199315.78218051
2020-12-24,198871.62302075987,200418.71103588497
2020-12-28,199253.13335435363,200844.30350301674
2020-12-29,199346.7766403001,201138.89220763175
2020-12-30,199562.57140649436,201478.87933333966
2020-12-31,199080.34369307727,200373.51317760732
2021-01-01,199175.77975379812,200373.51317760732
2021-01-04,199145.9349154498,201177.42631654858
2021-01-05,199278.04418378006,201553.549264128
2021-01-06,199409.48616487734,201553.549264128
2021-01-07,199007.42094850552,200664.69069445363
2021-01-08,198435.91462294487,202462.54561945694
2021-01-11,199175.51073519193,205359.22992842452
2021-01-12,199911.8053847843,207559.87000152748
2021-01-13,200580.6946521722,207559.87000152748
2021-01-14,200673.2294520201,202181.15321776108
2021-01-15,200037.3342895955,204162.4706750006
2021-01-18,200703.8784832905,206604.3772555871
2021-01-19,201582.03380913433,209676.72571337043
2021-01-20,199988.39564102047,199988.39564102047
2021-01-21,199543.063590387,201083.68184924094
2021-01-22,198746.670642997,203724.2223987073
2021-01-25,199781.24427114174,207608.92566097403
2021-01-27,201542.564793199,207608.92566097403
2021-01-28,200024.6133304758,201441.3589510846
2021-01-29,199436.9561205132,203247.08162602922
2021-02-01,187736.90799473942,203247.08162602922
2021-02-02,179906.38305056127,203247.08162602922
2021-02-03,176760.7364943539,203247.08162602922
2021-02-04,172589.30356266716,173991.23878462162
2021-02-05,172771.49622861293,173991.23878462162
2021-02-08,172945.5590397054,174570.79840795498
2021-02-09,173304.58101131686,174570.79840795498
2021-02-10,173621.08236048822,174570.79840795498
2021-02-11,173061.01588913114,174637.09413984083
2021-02-12,173257.67942956445,174637.09413984083
2021-02-15,173672.7115256171,174746.30643013626
2021-02-16,173999.9129866007,174746.30643013626
2021-02-17,173975.98551490842,174657.2815130146
2021-02-18,173053.7865905565,174531.57164874184
2021-02-19,172904.7669052678,174951.4836404799
2021-02-22,172926.46191250777,177035.84138850894
2021-02-23,173594.130436308,177035.84138850894
2021-02-24,172407.8950867636,179181.1838767249
2021-02-25,172105.30268438061,173408.09485113632
2021-02-26,169877.00087777953,179259.25044688903
2021-03-01,173098.14630018457,181392.49848526687
2021-03-02,173814.0169335978,184430.11653765372
2021-03-03,167986.09214326038,167986.09214326038
2021-03-04,167542.89904617082,169040.108752321
2021-03-05,167366.36397120965,169707.29768161086
2021-03-08,168405.31334018102,169707.29768161086
2021-03-09,168177.3615362869,169929.5273884772
2021-03-10,168218.42510561703,170197.9995600681
2021-03-12,168359.86935890772,168359.86935890772
2021-03-15,168359.86935890772,168359.86935890772
2021-03-16,168359.86935890772,168359.86935890772
2021-03-17,168359.86935890772,168359.86935890772
2021-03-18,167914.76645871653,169478.9738277012
2021-03-19,167565.41806176826,170337.36698658907
2021-03-22,168642.5026666993,170337.36698658907
2021-03-23,169022.20586149755,170567.7388959551
2021-03-24,167962.1886915454,171885.2875974497
2021-03-25,166607.56853853946,168206.83983608516
2021-03-26,166267.40950249252,169355.45969311922
2021-03-30,167489.3467217249,170932.32657276647
2021-03-31,167374.12608260062,171956.07026526405
2021-04-01,166602.11390022593,167915.79252068466
2021-04-05,166927.97883559897,168592.2882210563
2021-04-06,167238.57182544982,168592.2882210563
2021-04-07,166862.1855399851,169034.6949457023
2021-04-08,166129.7663408214,167778.66693069626
2021-04-09,166390.1349902198,167778.66693069626
2021-04-12,163480.51426664487,174983.1871443208
2021-04-13,160265.0685859924,179877.62712117925
2021-04-15,161079.19882029702,162701.0103656851
2021-04-16,161258.9840353127,162701.0103656851
2021-04-19,161316.45178147653,163677.1738850299
2021-04-20,161647.17290938535,164079.20827862647
2021-04-22,161369.93463755512,163004.48513084438
2021-04-23,161544.85192256968,163004.48513084438
2021-04-26,162086.67421576052,163004.48513084438
2021-04-27,161904.71672867544,163546.77924436802
2021-04-28,161807.99555517474,164698.19821446223
2021-04-29,161695.71209112668,163171.5563480178
2021-04-30,161330.0544979402,164931.33637269321
2021-05-03,162732.97267142875,164931.33637269321
2021-05-04,162930.6439935722,165924.76617721224
2021-05-05,163003.88930403139,166293.9754297307
2021-05-06,161926.89935377814,163260.34290030642
2021-05-07,161815.02549942618,163697.84381182515
2021-05-10,162244.3325417237,164241.06182996396
2021-05-11,162348.41419460063,164241.06182996396
2021-05-12,163155.63287447035,164710.74356050958
2021-05-14,163674.10820302906,163674.10820302906
2021-05-17,163674.10820302906,163674.10820302906
2021-05-18,163674.10820302906,163674.10820302906
2021-05-19,163674.10820302906,163674.10820302906
2021-05-20,163230.20221617533,164872.76115222627
2021-05-21,162022.5500523177,168251.01680645059
2021-05-24,163779.62118898286,168251.01680645059
2021-05-25,164475.4719453591,168251.01680645059
2021-05-26,164865.00266508438,169821.83042717696
2021-05-27,165146.84461493613,166604.83589269634
2021-05-28,164992.1186223314,167266.0962526886
2021-05-31,165979.38434432738,168020.48393157087
2021-06-01,166280.1738428351,168020.48393157087
2021-06-02,166926.26453226732,168020.48393157087
2021-06-03,165998.43416742692,167708.391570163
2021-06-04,166138.46345739564,167708.391570163
2021-06-07,166673.9469630628,167708.391570163
2021-06-08,166884.08572304613,167708.391570163
2021-06-09,166752.4378785821,167989.98248185168
2021-06-10,166006.6941259377,167527.33252550408
2021-06-11,166237.0103972806,167527.33252550408
2021-06-14,166722.1222735931,167480.9019559864
2021-06-15,166777.47199335913,167522.79247663915
2021-06-16,166420.7236778356,167865.08623712027
2021-06-17,165589.15911783234,167013.63084560997
2021-06-18,166387.54049272306,167013.63084560997
2021-06-21,166376.37013185208,167120.31335174115
2021-06-22,166525.81268669313,167120.31335174115
2021-06-23,166194.57991470478,167260.0976363261
2021-06-24,164881.44403075243,166129.7539415296
2021-06-25,164900.87506740974,166311.41699901983
2021-06-28,165300.93751749545,166311.41699901983
2021-06-29,164667.1192012262,166965.5455129917
2021-06-30,164151.41425160304,164151.41425160304
2021-07-01,163721.61349197253,164636.9965828856
2021-07-02,163443.2382889523,165114.1835512162
2021-07-05,162836.76563644432,162836.76563644432
2021-07-06,162836.76563644432,162836.76563644432
2021-07-07,162836.76563644432,162836.76563644432
2021-07-08,162379.96128759964,164536.26370216245
2021-07-09,162302.8685113677,164878.46669383053
2021-07-12,162982.65981740173,164878.46669383053
2021-07-13,162111.95748564292,166431.10762186736
2021-07-14,162083.14610248333,162083.14610248333
2021-07-15,161627.35336211178,163760.72685297602
2021-07-16,161794.63003326685,163760.72685297602
2021-07-19,159770.72581707433,159770.72581707433
2021-07-20,159770.72581707433,159770.72581707433
2021-07-22,159342.2981606376,160431.4456751128
2021-07-23,159461.81220214293,160431.4456751128
2021-07-26,159841.9038530427,160431.4456751128
2021-07-27,159685.08954344352,160492.98379251154
2021-07-28,159628.0315447981,160627.20298674327
2021-07-29,158531.88312218516,159522.65552631786
2021-07-30,158618.98569662447,159522.65552631786
2021-08-02,158507.9668411926,159988.20496111552
2021-08-03,157140.79405309103,157140.79405309103
2021-08-04,157140.79405309103,157140.79405309103
2021-08-05,156711.64647777917,157862.94277572396
2021-08-06,156725.1813857556,158031.7629903324
2021-08-09,157191.7527637836,158031.7629903324
2021-08-10,157329.9748346142,158031.7629903324
2021-08-11,157527.3058974635,158031.7629903324
2021-08-12,156460.88281428727,157504.29571515464
2021-08-13,155824.28484533046,158939.18008436097
2021-08-16,156604.76556307424,158939.18008436097
2021-08-17,157089.33996858733,159688.08322947205
2021-08-18,157538.5726279262,159688.08322947205
2021-08-20,156210.54170559687,156210.54170559687
2021-08-23,156210.54170559687,156210.54170559687
2021-08-24,156210.54170559687,156210.54170559687
2021-08-25,156210.54170559687,156210.54170559687
2021-08-26,155781.61350371625,156750.65956111
2021-08-27,155842.1446745466,156750.65956111
2021-08-30,154422.45904014434,154422.45904014434
2021-08-31,154422.45904014434,154422.45904014434
2021-09-01,154422.45904014434,154422.45904014434
2021-09-02,153991.359966722,155170.78960805078
2021-09-03,153674.7935671188,155816.37443472675
2021-09-06,154135.9447415062,156242.93430320927
2021-09-07,154270.80763605083,156242.93430320927
2021-09-08,154453.84460839274,156242.93430320927
2021-09-09,153940.55094274646,154925.9188766143
2021-09-13,154252.5440308461,154925.9188766143
2021-09-14,154447.9085698572,154925.9188766143
2021-09-15,154100.35674651185,155307.0615385387
2021-09-16,153024.58547406178,154207.92236223767
2021-09-17,153146.4484288316,154207.92236223767
2021-09-20,152028.26217358766,152028.26217358766
2021-09-21,152028.26217358766,152028.26217358766
2021-09-22,152028.26217358766,152028.26217358766
2021-09-23,151598.01529757204,152565.02427841583
2021-09-24,151680.1478595705,152565.02427841583
2021-09-27,151967.52724955112,152565.02427841583
2021-09-28,151882.70483799395,152716.0284013006
2021-09-29,151971.34511340628,152787.05888373472
2021-09-30,151019.26609463364,151889.66133506285
2021-10-01,150847.53880441785,152315.32540939414
2021-10-04,150412.85605983454,153131.05186942234
2021-10-05,149356.36034308223,149356.36034308223
2021-10-06,149356.36034308223,149356.36034308223
2021-10-07,148926.91698586242,149654.19093284974
2021-10-08,148718.97661297454,150035.91047099984
2021-10-11,148958.46195889227,150236.36572232028
2021-10-12,149211.1987115185,150236.36572232028
2021-10-13,148944.59346746086,151854.34989341168
2021-10-14,148349.07120763272,149331.47088445342
2021-10-18,148463.47903202596,149648.61375681093
2021-10-19,148832.67042579246,149648.61375681093
2021-10-20,148068.59052188066,150389.68222279497
2021-10-21,146948.66954958433,147821.39157775036
2021-10-22,147271.31953052967,147821.39157775036
2021-10-25,147285.06652679216,147797.49910352408
2021-10-26,146853.92253556335,148020.13758603713
2021-10-27,147131.83119319775,148020.13758603713
2021-10-28,142738.04462951608,143827.161129549
2021-10-29,142419.63022890565,144750.65867197452
2021-11-01,141274.8628273009,146483.84042598613
2021-11-02,142046.89871124795,146483.84042598613
2021-11-03,142614.14505876726,146483.84042598613
2021-11-04,142703.5634069605,143780.93382974286
2021-11-08,142805.94911063628,144230.8371391465
2021-11-09,143051.10272237015,144230.8371391465
2021-11-10,143243.403947982,144230.8371391465
2021-11-11,141808.2266983645,142723.59684180573
2021-11-12,141409.3786735364,143828.81859045575
2021-11-15,142324.789916733,143828.81859045575
2021-11-16,142128.8846463782,144202.37862031607
2021-11-17,141891.3709361534,144922.00602865426
2021-11-18,140679.0403064839,141586.46003846257
2021-11-22,139876.3169737481,143976.72129482444
2021-11-23,139601.15195771615,143976.72129482444
2021-11-24,140658.64238011482,143976.72129482444
2021-11-25,139318.979225706,140508.22061046882
2021-11-26,137181.71476031328,145583.67343350165
2021-11-29,139196.8030932308,145583.67343350165
2021-11-30,139960.7183185267,147040.3728275267
2021-12-01,138053.89659513498,138053.89659513498
2021-12-02,137623.38014023352,138549.86315994794
2021-12-03,137344.42213413582,139334.53977002267
2021-12-06,137474.042644449,141422.2136707826
2021-12-07,134991.92313593827,144347.73460536337
2021-12-08,130518.31143879723,130518.31143879723
2021-12-09,130088.74472201821,131079.42660895706
2021-12-10,130240.11313701088,131079.42660895706
2021-12-13,130387.44830287258,131222.8046893769
2021-12-14,130577.04027617862,131222.8046893769
2021-12-15,130467.31682957672,131468.9798472173
2021-12-16,129874.3610386752,130808.39794467473
2021-12-17,129428.65558248483,131872.57467977202
2021-12-20,129466.61953734331,134788.58222557392
2021-12-21,128768.00573344035,134788.58222557392
2021-12-22,126630.79355741657,139379.81410233353
2021-12-23,125691.13600545636,126826.21428672751
2021-12-24,126273.35671816078,126826.21428672751
2021-12-27,126558.6063749365,126826.21428672751
2021-12-28,126384.19742824239,126760.08342437485
2021-12-29,126530.24154189443,126760.08342437485
2021-12-30,125823.33773262402,126749.49051828157
2021-12-31,125643.61105462913,127277.55873133667
2022-01-03,125866.63954380623,128591.08362217121
2022-01-04,126226.41222340189,129960.84779762416
2022-01-05,126934.1914213166,131580.51928303222
2022-01-06,124440.98954294754,125575.07575264649
2022-01-07,124553.46610499844,125575.07575264649
2022-01-10,124495.66601406442,126311.18129429668
2022-01-11,124846.66703237742,126311.18129429668
2022-01-12,124691.18027198617,127591.16831981316
2022-01-13,124364.13637639744,125273.27063378527
2022-01-14,124746.1368150347,125273.27063378527
2022-01-17,125047.77543136476,125079.36197247401
2022-01-18,124744.93126020179,124993.87812635834
2022-01-19,124351.07773834385,125144.83776740657
2022-01-20,122863.509812226,123836.84129834316
2022-01-21,122530.301601448,124532.40681375477
2022-01-24,120190.14723787479,120190.14723787479
2022-01-25,120190.14723787479,120190.14723787479
2022-01-27,119758.77513300662,120734.66980078159
2022-01-28,119873.02348838023,120734.66980078159
2022-01-31,119692.873354558,121313.46229760695
2022-02-01,119524.4909726875,122765.55316190733
2022-02-02,119632.73417668625,125387.70062428653
2022-02-03,116553.05012765895,117447.9725676857
2022-02-04,116717.56818544735,117447.9725676857
2022-02-07,116363.73687020673,118570.50183224659
2022-02-08,116741.85962176204,118570.50183224659
2022-02-09,115700.8634248975,119941.92085202255
2022-02-10,114648.89532282132,115611.84745228951
2022-02-11,114428.61836607534,116483.46929043416
2022-02-14,113729.48275618875,122073.15419107107
2022-02-15,103038.71696319405,122073.15419107107
2022-02-16,104861.46753167719,122073.15419107107
2022-02-17,105415.01752493776,106411.10243319125
2022-02-18,105569.24025102518,106411.10243319125
2022-02-21,105712.2374484709,106412.05023321912
2022-02-22,105840.38904327521,106439.10301099652
2022-02-23,106033.12920991669,106439.10301099652
2022-02-24,101796.66759150881,102809.26842864655
2022-02-25,101151.2095809773,104457.89457446545
2022-02-28,102272.24216232591,104924.21265185569
2022-03-02,102676.84913391057,105232.48228004578
2022-03-03,102089.39751899951,103017.91166563219
2022-03-04,101874.65857786556,103536.94704757264
2022-03-07,101934.98853149143,104964.9341050406
2022-03-08,102013.91341829413,104964.9341050406
2022-03-09,99907.13415898256,107958.3420280672
2022-03-10,98365.56929951173,99435.14910485121
2022-03-11,98546.00955169367,99435.14910485121
2022-03-14,98639.66349466855,99713.7573425089
2022-03-15,98756.10870358265,99793.54135290436
2022-03-16,98843.03855347725,100020.64426875608
2022-03-17,97470.93509831215,98489.679234345
2022-03-21,97756.87709892924,98565.85965747663
2022-03-22,97577.97527291985,98642.03980530155
2022-03-23,97859.97521006086,98642.03980530155
2022-03-24,97274.40056891346,98187.81439779607
2022-03-25,97391.40099660358,98187.81439779607
2022-03-28,98123.13983081757,98187.81439779607
2022-03-29,97968.11163495944,97994.46269453365
2022-03-30,97772.8390018544,97811.7714987908
2022-03-31,96966.75946775787,97996.82030838692
2022-04-01,96728.50727875861,98754.4185742156
2022-04-04,96871.4663116661,100807.78764605263
2022-04-05,98384.43928199362,100807.78764605263
2022-04-06,97345.6719159205,102421.88059580691
2022-04-07,96094.07174236378,97078.39588248411
2022-04-08,96024.7684503316,97387.73325910218
2022-04-11,96138.89165669697,97534.45788454755
2022-04-12,95964.30892466921,98098.35492114643
2022-04-13,96376.0388501177,98191.22158261183
2022-04-18,96327.04985251582,96327.04985251582
2022-04-19,96327.04985251582,96327.04985251582
2022-04-20,96327.04985251582,96327.04985251582
2022-04-21,95897.60757085777,96958.11427378679
2022-04-22,95419.29337897638,97975.80963120946
2022-04-25,95622.8533765319,100081.29232205443
2022-04-26,93351.12688773421,103127.01442016989
2022-04-27,93769.82273330125,105441.5954090114
2022-04-28,91582.33175827829,92420.17692514455
2022-04-29,91471.00824467992,92639.99651141855
2022-05-02,91736.81884346805,92614.29324766451
2022-05-04,91231.41088935277,94392.88986001197
2022-05-05,91657.10219470134,92721.29688214083
2022-05-06,91123.04702440604,94114.31109117449
2022-05-09,91895.82463506468,95039.1228307025
2022-05-10,92223.35640406044,95716.6483266782
2022-05-11,92851.98290575099,96449.09411974545
2022-05-12,90828.78791251889,91898.68453429114
2022-05-13,90938.45863656154,91898.68453429114
2022-05-16,91291.33498020262,91898.68453429114
2022-05-17,90193.25211430756,94180.68695136312
2022-05-18,90777.17030010353,94180.68695136312
2022-05-19,84975.2704647229,85997.91044718894
2022-05-20,83871.89428758337,88547.60354046206
2022-05-23,85147.35640432035,88547.60354046206
2022-05-24,85394.08067072397,88547.60354046206
2022-05-25,85483.45278228016,89731.17890233878
2022-05-26,84892.26990878547,85822.26062851095
2022-05-27,84713.59302525398,86191.20670034342
2022-05-30,84654.34720490251,87427.23285053964
2022-05-31,84899.52351427915,87427.23285053964
2022-06-01,85615.38191440424,87427.23285053964
2022-06-02,85344.99215608262,86282.63780995217
2022-06-03,85573.48346932924,86282.63780995217
2022-06-06,85901.90499036858,86282.63780995217
2022-06-07,85673.21600736966,86464.82794433333
2022-06-08,85673.71600869857,86462.04856724326
2022-06-09,84988.15044208894,85916.00047514413
2022-06-10,84641.7285319722,86914.66925841502
2022-06-13,84475.51351209536,90849.57476516181
2022-06-14,86356.59371137111,90849.57476516181
2022-06-15,86759.37589352936,92885.24171294551
2022-06-16,87136.15604819036,88264.07448679792
2022-06-17,87570.81066439771,88190.87673613265
2022-06-20,87849.23968687703,88190.87673613265
2022-06-21,87103.76604468394,88718.87704391101
2022-06-22,86504.06965587592,89635.4686313938
2022-06-23,85764.44206777759,86817.37746395574
2022-06-24,85659.75955057095,87028.36405042728
2022-06-27,86108.65163605011,87316.95088376237
2022-06-28,86338.39420996158,87316.95088376237
2022-06-29,86527.19664911393,87316.95088376237
2022-06-30,85930.61424367952,87056.89337962639
2022-07-01,86050.71749996016,87056.89337962639
2022-07-04,86409.86656937156,87056.89337962639
2022-07-05,86569.4908502417,87056.89337962639
2022-07-06,86271.16504861199,87336.64207265936
2022-07-07,85330.7978702253,86237.72446765269
2022-07-08,85309.8247299534,86415.89818306058
2022-07-11,86179.70704347652,86415.89818306058
2022-07-12,85883.45029829294,86444.46586195973
2022-07-13,85733.25620755348,86501.50953391638
2022-07-14,85265.43831398115,86278.47112829734
2022-07-15,85113.46001301834,86644.90445156545
2022-07-18,84859.70029282672,88254.98631934433
2022-07-19,85707.19455267808,89247.7870576409
2022-07-20,85700.89832314922,85700.89832314922
2022-07-21,85268.83289034382,86361.562817007
2022-07-22,84973.11803945327,87179.69810221235
2022-07-25,84899.01009366054,87941.15748237282
2022-07-26,83279.02807823935,83279.02807823935
2022-07-27,83279.02807823935,83279.02807823935
2022-07-28,82850.06955968995,83706.78736038065
2022-07-29,82221.66640026683,85192.15228691767
2022-08-01,82657.28506514434,87556.74558035104
2022-08-02,83148.38636255515,87556.74558035104
2022-08-03,83879.2899565015,87556.74558035104
2022-08-04,83398.78767232299,84395.644368943
2022-08-05,83499.23534229059,84395.644368943
2022-08-08,83526.9353398172,84725.93498646085
2022-08-10,84163.74594975573,84725.93498646085
2022-08-11,83241.16430784075,84165.1612257843
2022-08-12,83351.51371098842,84165.1612257843
2022-08-16,83285.88399160132,84743.85942746159
2022-08-17,83387.37896727432,85368.84488300647
2022-08-18,82808.25411401909,83826.33837054226
2022-08-19,82267.02951909543,85647.19730487658
2022-08-22,81865.12861466977,81865.12861466977
2022-08-23,81865.12861466977,81865.12861466977
2022-08-24,81865.12861466977,81865.12861466977
2022-08-25,81434.2233335775,82640.53261989426
2022-08-26,81597.71046657718,82640.53261989426
2022-08-29,81442.44292113766,83573.3589798334
2022-08-30,74804.7228291271,74804.7228291271
2022-09-01,74374.7247410984,75398.82131548457
2022-09-02,74484.7333789417,75398.82131548457
2022-09-05,74594.11724742562,75545.03110265861
2022-09-06,74757.67444461862,75545.03110265861
2022-09-07,74891.72649914715,75545.03110265861
2022-09-08,73975.79665230672,74944.1135081199
2022-09-09,74074.89316959828,74944.1135081199
2022-09-12,74139.7001191278,75165.05458219057
2022-09-13,74019.11485577503,75679.03717110858
2022-09-14,74215.7962853468,75679.03717110858
2022-09-15,72915.15977285586,73738.65109047976
2022-09-16,72069.81846124276,75978.3735353131
2022-09-19,72886.30915519893,75978.3735353131
2022-09-20,71856.95257413942,78252.90721152627
2022-09-21,72501.91326722207,78252.90721152627
2022-09-22,71480.05773298367,72377.22928719781
2022-09-23,70917.47003314155,73977.63308973084
2022-09-26,71243.79452853082,77617.76530089568
2022-09-27,72229.73176869383,77617.76530089568
2022-09-28,74093.31346092274,80540.6633648297
2022-09-29,74249.01390273389,75203.99176499246
2022-09-30,73582.8725136436,76782.15714489833
2022-10-03,73033.41702615816,78478.98916649858
2022-10-04,69498.73202527798,69498.73202527798
2022-10-06,69068.51536368058,70056.97949032905
2022-10-07,69259.69825933766,70056.97949032905
2022-10-10,69347.57682605894,70141.36573186959
2022-10-11,68985.03286157778,71070.63856521805
2022-10-12,68678.03366167955,71479.83053878194
2022-10-13,68415.05904878755,69416.03787511948
2022-10-14,68156.56345943424,69985.01436235406
2022-10-17,68810.21892399671,70472.37832627492
2022-10-18,68806.98933642318,71383.76140736928
2022-10-19,69439.25103012148,71383.76140736928
2022-10-20,68763.41389775206,69738.48612933797
2022-10-21,68897.58631471013,69738.48612933797
2022-10-24,69098.27683186928,69891.98552394901
2022-10-25,69464.42001598245,69891.98552394901
2022-10-27,68882.95957729654,69898.97359810842
2022-10-28,69084.64014222861,69898.97359810842
2022-10-31,68797.4880870292,70681.26957471932
2022-11-01,69039.75992046215,71432.50930725984
2022-11-02,69682.07749289574,71432.50930725984
2022-11-03,69617.45376019055,70693.03833554345
2022-11-04,69714.24985601525,70693.03833554345
2022-11-07,69747.65348774989,71078.9520846093
2022-11-09,70123.28024341661,71078.9520846093
2022-11-10,69204.88855593279,70014.99141711232
2022-11-11,67610.78880746898,67610.78880746898
2022-11-14,67610.78880746898,67610.78880746898
2022-11-15,67610.78880746898,67610.78880746898
2022-11-16,67610.78880746898,67610.78880746898
2022-11-17,67180.73747818443,67998.65618918554
2022-11-18,67216.64427411355,67998.65618918554
2022-11-21,66843.03307331188,69121.19492243638
2022-11-22,66653.32112938842,69121.19492243638
2022-11-23,66755.86404627016,69579.96130896629
2022-11-24,63430.41948662822,64575.25967725116
2022-11-25,63550.19620743787,64575.25967725116
2022-11-28,63665.5356736656,64512.62287842969
2022-11-29,63734.30450928135,64705.72419477321
2022-11-30,63546.83661751918,65392.42801139587
2022-12-01,62880.56939781568,63647.57592031999
2022-12-02,62554.52731012781,64266.61024031869
2022-12-05,63054.470192729976,64266.61024031869
2022-12-06,63007.07514160305,64725.34919439389
2022-12-07,63069.68808753987,65797.54421723909
2022-12-08,62528.336378683874,63531.43931735049
2022-12-09,62809.51151958813,63669.74069763836
2022-12-12,63142.69334266933,63669.74069763836
2022-12-13,62845.0079359622,63710.294648019364
2022-12-14,62690.41131863367,63816.02958622144
2022-12-15,59543.30808056271,60409.76761929799
2022-12-16,59125.892020579064,61381.97371395547
2022-12-19,58785.58637119714,62153.378811119816
2022-12-20,59241.290358479746,62153.378811119816
2022-12-21,57558.23634376471,57558.23634376471
2022-12-22,57128.34912397699,57966.21074922948
2022-12-23,55443.85171445763,55443.85171445763
2022-12-26,55443.85171445763,55443.85171445763
2022-12-27,55443.85171445763,55443.85171445763
2022-12-28,55443.85171445763,55443.85171445763
2022-12-29,55014.40654499696,56018.48124983102
2022-12-30,54860.79063383607,56348.14005912601
2023-01-02,54947.88046491484,56527.37464805961
2023-01-03,55140.93865350534,56527.37464805961
2023-01-04,54803.0853477024,57265.798014858396
2023-01-05,54118.8112976467,55125.89253618699
2023-01-06,53832.740793974466,55774.699311524484
2023-01-09,52877.235165167775,57152.22999964231
2023-01-10,52462.1982452159,58978.124463848704
2023-01-11,53162.99946061366,58978.124463848704
2023-01-12,53017.85115968447,53935.88431436419
2023-01-13,52866.36835577362,54262.609830173846
2023-01-16,53371.065534563364,54262.609830173846
2023-01-17,53284.85448084271,54486.34851566768
2023-01-18,53345.06505740735,54929.293713814644
2023-01-19,52672.66335140959,53584.48449799258
2023-01-20,52858.208767612145,53682.3485784836
2023-01-23,53065.20721406567,53634.23177768351
2023-01-24,53251.769286137365,53634.23177768351
2023-01-25,52483.37264914213,54173.94080881927
2023-01-27,49999.30053946374,49999.30053946374
2023-01-30,49999.30053946374,49999.30053946374
2023-01-31,49999.30053946374,49999.30053946374
2023-02-01,49999.30053946374,49999.30053946374
2023-02-02,49569.46910503119,50467.6981973068
2023-02-03,48672.096064645804,52654.59941936196
2023-02-06,49105.067846075,52654.59941936196
2023-02-07,49483.655315969685,53799.64400206843
2023-02-08,48999.011390252905,48999.011390252905
2023-02-09,48570.47035786982,49598.56323652608
2023-02-10,48661.46994870632,49598.56323652608
2023-02-13,48661.12768436506,50062.56447508292
2023-02-14,47902.07978937373,51105.542666804795
2023-02-15,48043.46371872083,51968.52905566285
2023-02-16,47862.26853558504,48736.276036765084
2023-02-17,47591.250417273746,49062.95313826403
2023-02-20,47708.890547386545,49831.734344537785
2023-02-21,48106.55835149664,49831.734344537785
2023-02-22,46340.38421933288,46340.38421933288
2023-02-23,45908.64481474992,47039.81199532282
2023-02-24,46352.784706445615,47039.81199532282
2023-02-27,46276.32671522922,47319.66249518304
2023-02-28,46132.20632427095,47834.36707832534
2023-03-01,45117.4906164754,48804.995950989905
2023-03-02,44053.943283035005,45248.87997396914
2023-03-03,43264.15199779752,47366.74163948315
2023-03-06,43459.28885703264,43459.28885703264
2023-03-08,43459.28885703264,43459.28885703264
2023-03-09,43030.68985121041,44060.89328023207
2023-03-10,42554.58331905094,45036.77823015077
2023-03-13,42163.18537866016,48558.22043289754
2023-03-14,42339.73399182143,42339.73399182143
2023-03-15,42339.73399182143,42339.73399182143
2023-03-16,41909.73560597885,42974.37961751628
2023-03-17,41635.6661353298,43424.78584868311
2023-03-20,41673.6131050375,43848.410816985066
2023-03-21,41425.924496047264,44547.761475255924
2023-03-22,41759.40821983523,44547.761475255924
2023-03-23,41808.33336765585,42654.03424953261
2023-03-24,41613.60469135623,43157.50045621118
2023-03-27,42027.65430233817,43157.50045621118
2023-03-28,42272.68321449232,43157.50045621118
2023-03-29,41868.68904980666,43486.0026082394
2023-03-31,39772.547679659925,39772.547679659925
2023-04-03,39772.547679659925,39772.547679659925
2023-04-05,39772.547679659925,39772.547679659925
2023-04-06,39342.33804711787,40362.75790928924
2023-04-10,39777.95250072928,40362.75790928924
2023-04-11,39651.05437534789,40590.13260412789
2023-04-12,39737.40168270461,40758.641554915004
2023-04-13,39538.01489036928,40559.66444556483
2023-04-17,39625.7915775855,40966.708764525916
2023-04-18,39659.400925048874,41532.632333098445
2023-04-19,39761.011877313955,41629.99064948524
2023-04-20,39252.15933721449,40070.6586175288
2023-04-21,39426.7316440863,40070.6586175288
2023-04-24,39354.03517566545,40467.417644607165
2023-04-25,39555.3125699074,40467.417644607165
2023-04-26,39586.49259644181,40607.41967073857
2023-04-27,38814.49103279938,39747.330818920236
2023-04-28,38422.13394935794,41046.77782319851
2023-05-02,39226.806596745286,41553.535795959804
2023-05-03,39044.87257095619,41553.535795959804
2023-05-04,38877.8881788298,39966.947417580996
2023-05-05,37413.83188432168,37413.83188432168
2023-05-08,37413.83188432168,37413.83188432168
2023-05-09,37413.83188432168,37413.83188432168
2023-05-10,37413.83188432168,37413.83188432168
2023-05-11,36982.18387336551,38127.75626814689
2023-05-12,37097.523622318855,38127.75626814689
2023-05-15,37037.78276420878,38550.66242885076
2023-05-16,36642.568034264026,39504.6330075175
2023-05-17,35695.111996910506,35695.111996910506
2023-05-18,35265.007684472774,36159.40344970312
2023-05-19,35070.62553075761,36424.61992417059
2023-05-22,35135.62122268532,37210.885108091454
2023-05-23,35302.66500396679,37350.05747679826
2023-05-24,35135.88231319391,37350.05747679826
2023-05-25,34771.512540828844,36050.68801808077
2023-05-26,34196.8813356491,37621.41551067292
2023-05-29,34915.53176425671,38648.6651211607
2023-05-30,34646.435313395676,34646.435313395676
2023-05-31,34646.435313395676,34646.435313395676
2023-06-01,34216.09973759238,35312.40050534764
2023-06-02,34340.44246237064,35502.678976168
2023-06-05,34758.183332967004,35583.850299534766
2023-06-06,34905.49677655139,35583.850299534766
2023-06-07,34406.609267138534,36389.88883458128
2023-06-08,32774.20806247389,33758.16386037882
2023-06-09,32484.771919120274,34401.76907315367
2023-06-12,32939.39757949769,34401.76907315367
2023-06-13,31872.337052964373,31872.337052964373
2023-06-14,31872.337052964373,31872.337052964373
2023-06-15,31443.190298622223,32219.93896088784
2023-06-16,30829.54046510887,33536.84126045739
2023-06-19,30179.260171577836,30179.260171577836
2023-06-20,30179.260171577836,30179.260171577836
2023-06-21,30179.260171577836,30179.260171577836
2023-06-22,29747.886871839495,30540.717354817723
2023-06-23,29724.793267802506,31071.109943071548
2023-06-26,30127.607671684156,31071.109943071548
2023-06-27,28643.25379954344,28643.25379954344
2023-06-28,28643.25379954344,28643.25379954344
2023-06-30,28643.25379954344,28643.25379954344
2023-07-03,28643.25379954344,28643.25379954344
2023-07-04,28643.25379954344,28643.25379954344
2023-07-05,28643.25379954344,28643.25379954344
2023-07-06,28211.889040711372,29563.092094097254
2023-07-07,27544.87899880834,31212.540309759497
2023-07-10,28445.466309814987,31212.540309759497
2023-07-11,28003.782321150215,31871.175478650704
2023-07-12,28457.278731980703,31871.175478650704
2023-07-13,28018.337622265455,29318.690476945943
2023-07-14,27678.033049379876,30517.915066810514
2023-07-17,27559.087454188597,27559.087454188597
2023-07-18,27559.087454188597,27559.087454188597
2023-07-19,27559.087454188597,27559.087454188597
2023-07-20,27129.164325517926,28190.170927725914
2023-07-21,25861.156359850356,30818.078567318094
2023-07-24,26334.690060448786,26334.690060448786
2023-07-25,26334.690060448786,26334.690060448786
2023-07-26,26334.690060448786,26334.690060448786
2023-07-27,25905.26388964384,27034.50734706805
2023-07-28,26218.014067684857,27034.50734706805
2023-07-31,26302.219591547473,27059.759246072546
2023-08-01,26436.015460947183,27059.759246072546
2023-08-02,25288.949326798942,28258.033345645606
2023-08-03,23810.94545350335,24743.319297534155
2023-08-04,23715.40648018804,25344.087263265763
2023-08-07,24043.412593983237,25882.333750642592
2023-08-08,24207.709868511294,25882.333750642592
2023-08-09,24640.369931133486,25882.333750642592
2023-08-10,23464.360637042344,24395.1590955271
2023-08-11,23350.031814301827,24956.58832361025
2023-08-14,24018.954648122974,24956.58832361025
2023-08-16,24308.343742183955,24956.58832361025
2023-08-17,23397.466234755433,24599.728910190497
2023-08-18,23440.682696831107,24787.79989854254
2023-08-21,23809.938812255397,24906.99743279919
2023-08-22,24023.91593133286,24906.99743279919
2023-08-23,23912.66548604588,24847.82836124651
2023-08-24,23149.442745721717,24283.639596833917
2023-08-25,22972.677553138208,25171.669924643047
2023-08-28,23366.914386326884,25171.669924643047
2023-08-29,23354.396268632714,25254.402623745376
2023-08-30,23600.93441477416,25254.402623745376
2023-08-31,23156.266393179016,24245.03997404791
2023-09-01,21970.889177857294,21970.889177857294
2023-09-04,21970.889177857294,21970.889177857294
2023-09-05,21970.889177857294,21970.889177857294
2023-09-06,21970.889177857294,21970.889177857294
2023-09-07,21537.752819910085,22628.870330355287
2023-09-08,21315.72188109919,23327.219217533097
2023-09-11,20754.589294053465,20754.589294053465
2023-09-12,20754.589294053465,20754.589294053465
2023-09-13,20754.589294053465,20754.589294053465
2023-09-14,20324.91605102486,21346.885114709396
2023-09-15,20201.221063124674,21679.705166916236
2023-09-18,20088.502754761135,22117.727401412645
2023-09-20,18011.95081221732,22117.727401412645
2023-09-21,14895.159459554241,15674.173578338723
2023-09-22,14707.699238916673,15855.8177148268
2023-09-25,15181.119576799754,15855.8177148268
2023-09-26,15084.405551437065,15784.420727979912
2023-09-27,15162.199735416454,15784.420727979912
2023-09-28,13870.265786803822,14649.100877519782
2023-09-29,13652.643094818397,15299.154803007626
2023-10-03,13770.44950245156,15928.308083351994
2023-10-04,13524.783103855218,17013.348944286845
2023-10-05,12165.876893744902,13161.196190961797
2023-10-06,11826.645749163245,13637.034064838534
2023-10-09,11683.340402014577,14417.301806571993
2023-10-10,10741.053459779727,16243.06501732672
2023-10-11,10142.391652866654,10142.391652866654
2023-10-12,9712.994660534583,10638.71138672065
2023-10-13,9847.111126342834,10638.71138672065
2023-10-16,9906.759275626155,10680.891872050284
2023-10-17,9729.336964127018,10618.299812588766
2023-10-18,9534.236380225466,11032.326375140656
2023-10-19,9035.288691895294,10058.516843616193
2023-10-20,9005.526446839307,10230.487008863109
2023-10-23,7777.603645133307,7777.603645133307
2023-10-25,7777.603645133307,7777.603645133307
2023-10-26,7349.304823414097,8198.300447719605
2023-10-27,7009.905122150611,9345.08477856898
2023-10-30,7668.625168831303,9972.455278429996
2023-10-31,7778.398760123089,9972.455278429996
2023-11-01,7208.411862965087,10905.36093166666
2023-11-02,6264.082440263692,7327.883109349638
2023-11-03,6122.969716328781,7490.65769163161
2023-11-06,6047.100099057612,8665.634583621351
2023-11-07,6476.07976357854,8665.634583621351
2023-11-08,7074.554610608804,8665.634583621351
2023-11-09,6568.640116673805,7588.283361617022
2023-11-10,6666.936316831078,7588.283361617022
2023-11-13,6992.6516903838265,7588.283361617022
2023-11-15,6454.774008016881,8420.41829627236
2023-11-16,5676.253765794869,6608.6763446187915
2023-11-17,5832.281115743657,6608.6763446187915
2023-11-20,5892.89880386111,6588.431995857477
2023-11-21,5979.318891031298,6588.431995857477
2023-11-22,6102.818364382621,6485.127673844916
2023-11-23,5479.7251925271885,6388.5073132858215
2023-11-24,6039.689988616052,6388.5073132858215
2023-11-28,6057.904887843865,6294.787460853811
2023-11-29,5403.680576243691,6966.642666132433
2023-11-30,4994.390308832009,5957.626100521918
2023-12-01,4760.985585700896,6984.13401264637
2023-12-04,3654.387795620247,6984.13401264637
2023-12-05,2966.222343175031,6984.13401264637
2023-12-06,2602.0853135305288,6984.13401264637
2023-12-07,1497.044379452393,2431.476664549018
2023-12-08,1301.2372620781646,2623.424411556111
2023-12-11,1800.1890085676378,2623.424411556111
2023-12-12,1746.8262970550297,2623.424411556111
2023-12-13,1930.7390617204119,2623.424411556111
2023-12-14,583.0462056857641,1514.3034004791389
2023-12-15,-389.9922345556197,3812.9048943695134
2023-12-18,280.9514623163004,3812.9048943695134
2023-12-19,932.0429399888212,3812.9048943695134
2023-12-20,-4397.821227757946,-4397.821227757946
2023-12-21,-4828.442887403493,-3766.229243367651
2023-12-22,-4974.88393410968,-3654.7993932219
2023-12-26,-4591.46740963266,-3367.4416019658433
2023-12-27,-4931.798372656742,-2103.7536459547555
2023-12-28,-5500.956481009395,-4612.94330412584
2023-12-29,-5460.223650876391,-4612.94330412584
2024-01-01,-5150.378417368471,-4612.94330412584
2024-01-02,-5080.6213103582995,-4569.817009892639
2024-01-03,-5323.45262897347,-4253.990963915166
2024-01-04,-6584.327820576818,-5552.066323936874
2024-01-05,-6468.446207659577,-5552.066323936874
2024-01-08,-6671.90966011974,-4800.706993225995
2024-01-09,-6470.084324147503,-4800.706993225995
2024-01-10,-6552.383122213263,-4606.629684135311
2024-01-11,-7098.215174383429,-6131.395529510647
2024-01-12,-7461.82204915564,-4872.37752579972
2024-01-15,-6820.081147569657,-2842.411471305291
2024-01-16,-6942.072407338248,-2842.411471305291
2024-01-17,-17810.331590490252,-2842.411471305291
2024-01-18,-21659.505719533496,-20626.763065215535
2024-01-19,-21978.865133688167,-19986.33112217769
2024-01-23,-23714.700444716975,-17247.930766561654
2024-01-24,-24801.69991742765,-14788.786223398849
2024-01-25,-24323.05295951705,-23168.96513587248
2024-01-29,-24975.147756889764,-21414.657306404486
2024-01-30,-26072.077101634382,-19730.239141584017
2024-01-31,-26099.283410311233,-17669.46663749774
2024-02-01,-26050.602978701583,-25014.208167097848
2024-02-02,-26213.683054958517,-24708.53846034249
2024-02-05,-25656.49920584834,-24708.53846034249
2024-02-06,-25671.09145837724,-24617.704726917098
2024-02-07,-25334.94286731625,-24617.704726917098
2024-02-08,-26582.6449428099,-25584.669357717514
2024-02-09,-26468.30985825611,-25584.669357717514
2024-02-12,-26363.814924286886,-25500.429043127057
2024-02-13,-26400.069357375032,-25545.842752009594
2024-02-14,-26423.605003819506,-25450.319950487024
2024-02-15,-27246.94348011681,-26247.79879046136
2024-02-16,-27004.512106111535,-26140.74364326506
2024-02-19,-26785.37151930172,-26154.713830885295
2024-02-20,-26812.597073940506,-26238.166137056065
2024-02-21,-26676.93803743912,-26324.587494453834
2024-02-22,-27645.11515953395,-26488.30076771307
2024-02-23,-27448.77269261235,-26488.30076771307
2024-02-26,-27047.768956579053,-26479.65154230299
2024-02-27,-26965.814687295282,-26632.08360455042
2024-02-28,-27576.452715395797,-26119.927085720064
2024-02-29,-28122.39387974504,-27044.181926712314
2024-03-01,-29364.344872673668,-23766.231600315652
2024-03-04,-28192.716078725192,-22247.31239684259
2024-03-05,-28100.984688087505,-22247.31239684259
2024-03-06,-26871.154430941722,-22247.31239684259
2024-03-07,-27032.275645952526,-26023.885257479007
2024-03-11,-27124.793167164065,-25322.847394205633
2024-03-12,-26614.449751989203,-25322.847394205633
2024-03-13,-28603.073470661573,-28603.073470661573
2024-03-14,-29033.29791015459,-27840.108223426858
2024-03-15,-29288.390372685142,-27385.38943893504
2024-03-18,-28585.809043868787,-27385.38943893504
2024-03-19,-29184.740646509927,-25705.843795557634
2024-03-20,-28734.973662894976,-25705.843795557634
2024-03-21,-30678.284403316287,-29802.91306498685
2024-03-22,-30543.76443559714,-29802.91306498685
2024-03-26,-30170.169268526563,-29802.91306498685
2024-03-27,-30306.034926811608,-29879.31112980943
2024-03-28,-31464.61764687519,-30522.435013352948
2024-04-01,-31200.72851273245,-30401.421644993727
2024-04-02,-31044.851378824118,-30401.421644993727
2024-04-03,-30637.871701291897,-30401.421644993727
2024-04-04,-31596.428959178207,-30596.29726168512
2024-04-05,-31482.651786304097,-30596.29726168512
2024-04-08,-31468.679300880885,-30267.814650910528
2024-04-09,-31308.537924437176,-30267.814650910528
2024-04-10,-31212.003518186204,-30060.619133784367
2024-04-12,-32731.78987183646,-32731.78987183646
2024-04-15,-32731.78987183646,-32731.78987183646
2024-04-16,-32731.78987183646,-32731.78987183646
2024-04-18,-33161.90184914832,-32162.58518288387
2024-04-19,-33452.09011300253,-31587.571985223865
2024-04-22,-33096.16393515136,-30407.205647969855
2024-04-23,-32706.956193924696,-30407.205647969855
2024-04-24,-32436.340759351402,-29650.252947927616
2024-04-25,-33316.302442784356,-32821.82590193894
2024-04-26,-33567.39227491818,-32547.487540572052
2024-04-29,-33992.91093544989,-32019.800006876492
2024-04-30,-33604.2874147774,-32019.800006876492
2024-05-02,-33919.02752589729,-33415.68307308817
2024-05-03,-34239.35704123483,-33044.22111619367
2024-05-06,-34087.15509642132,-33010.39163557137
2024-05-07,-34205.75459292604,-32362.21575452839
2024-05-08,-33987.3607567261,-32362.21575452839
2024-05-09,-35252.57663007531,-34715.7458303412
2024-05-10,-35472.08385964675,-34639.66543988464
2024-05-13,-35164.190655497936,-34639.66543988464
2024-05-14,-35309.49787520003,-34413.523927611815
2024-05-15,-35012.217322846285,-34413.523927611815
2024-05-16,-36100.29618959497,-35470.434980356935
2024-05-17,-35983.56687380403,-35470.434980356935
2024-05-21,-35930.42469376322,-35544.27813467682
2024-05-22,-36018.74818024608,-35601.45986567487
2024-05-23,-37856.84593814084,-37350.029744871536
2024-05-24,-37799.56149708392,-37350.029744871536
2024-05-27,-37603.56998430171,-37350.029744871536
2024-05-28,-37737.455639223735,-37444.01292448726
2024-05-29,-37933.18951773415,-37366.68122387878
2024-05-30,-39106.318756446475,-38597.23960147114
2024-05-31,-39061.07770518052,-38597.23960147114
2024-06-03,-41492.80026520318,-41492.80026520318
2024-06-04,-41492.80026520318,-41492.80026520318
2024-06-05,-41492.80026520318,-41492.80026520318
2024-06-06,-41907.65332807593,-41419.3085342459
2024-06-07,-42140.16312984022,-41092.97801278853
2024-06-10,-41670.404430560084,-41092.97801278853
2024-06-11,-41527.261633537884,-41092.97801278853
2024-06-12,-41392.30134192289,-41092.97801278853
2024-06-13,-42103.875415830415,-41591.69840961316
2024-06-14,-42018.57383882109,-41591.69840961316
2024-06-18,-41744.693777964465,-41591.69840961316
2024-06-19,-41690.88084427043,-41591.69840961316
2024-06-20,-42669.29180948031,-42163.37557524027
2024-06-21,-42558.07688745266,-42163.37557524027
2024-06-24,-42351.28463275606,-42163.37557524027
2024-06-25,-42303.775679898594,-42163.37557524027
2024-06-26,-42471.32834781677,-42291.63924561327
2024-06-27,-43421.22976821922,-42949.09871298186
2024-06-28,-43324.0598885055,-42949.09871298186
2024-07-01,-43129.5435760048,-42949.09871298186
2024-07-02,-43023.31786090992,-42949.09871298186
2024-07-03,-43149.09916403808,-43149.09839854797
2024-07-04,-44163.68092716921,-43810.98523124264
2024-07-05,-44106.718580379675,-43810.98523124264
2024-07-08,-43822.95165684956,-43810.98523124264
2024-07-09,-44024.8357384398,-43996.07537119877
2024-07-10,-44281.773835242246,-44138.02814782599
2024-07-11,-45062.4749294192,-44568.54965852233
2024-07-12,-45868.95269204687,-45868.95269204687
2024-07-15,-45868.95269204687,-45868.95269204687
2024-07-16,-45868.95269204687,-45868.95269204687
2024-07-18,-46283.177677490305,-45739.07328366297
2024-07-19,-47390.490731748985,-47390.490731748985
2024-07-22,-47390.490731748985,-47390.490731748985
2024-07-23,-47390.490731748985,-47390.490731748985
2024-07-24,-47390.490731748985,-47390.490731748985
2024-07-25,-47805.14193147484,-47413.82854903771
2024-07-26,-49116.29458339492,-49116.29458339492
2024-07-29,-49116.29458339492,-49116.29458339492
2024-07-30,-49116.29458339492,-49116.29458339492
2024-07-31,-49116.29458339492,-49116.29458339492
2024-08-01,-49531.131922150365,-49037.64965896026
2024-08-02,-50112.127458223214,-48044.92164106657
2024-08-05,-50698.965225104446,-48044.92164106657
2024-08-06,-50766.170829824994,-48044.92164106657
2024-08-07,-50369.84247246823,-48044.92164106657
2024-08-08,-51533.348903532766,-50995.09241461045
2024-08-09,-51807.43143253304,-50624.40794516223
2024-08-12,-51344.786240098234,-50624.40794516223
2024-08-13,-51699.201133598806,-50317.611635303816
2024-08-14,-51435.4872944987,-50317.611635303816
2024-08-16,-52412.709229228894,-52412.709229228894
2024-08-19,-52412.709229228894,-52412.709229228894
2024-08-20,-52412.709229228894,-52412.709229228894
2024-08-21,-52412.709229228894,-52412.709229228894
2024-08-22,-52827.70952803349,-52280.43636323033
2024-08-23,-52754.64075963,-52280.43636323033
2024-08-26,-52706.8212553629,-52318.273913205914
2024-08-27,-52614.516367415636,-52318.273913205914
2024-08-28,-52531.11891442533,-52318.273913205914
2024-08-29,-53496.8637569941,-53027.78881278683
2024-08-30,-53451.70529975377,-53027.78881278683
2024-09-02,-53427.53625122357,-53148.179683860704
2024-09-03,-53157.275088547496,-53148.179683860704
2024-09-04,-53353.69781853211,-53346.143291656386
2024-09-05,-54363.22286152913,-53854.471383453994
2024-09-06,-54899.605451201605,-52792.61434790889
2024-09-09,-54366.785412697165,-52792.61434790889
2024-09-10,-54799.86537807167,-52275.04013035216
2024-09-11,-54941.277219424315,-54941.277219424315
2024-09-12,-55356.167162246704,-54930.44907963227
2024-09-13,-55163.423497518605,-54930.44907963227
2024-09-16,-55055.66404050847,-54930.44907963227
2024-09-17,-55017.46725062161,-54930.44907963227
2024-09-18,-54995.77089537024,-54930.44907963227
2024-09-19,-55785.163190671265,-55255.12360431805
2024-09-20,-56633.47850387719,-53579.78048368644
2024-09-23,-56480.13534875966,-56480.13534875966
2024-09-24,-56480.13534875966,-56480.13534875966
2024-09-25,-56480.13534875966,-56480.13534875966
2024-09-26,-56894.859472754484,-56420.84559006563
2024-09-27,-56846.22275133421,-56420.84559006563
2024-09-30,-57360.654361352914,-55270.78689486197
2024-10-01,-57089.06046465674,-55270.78689486197
2024-10-03,-58374.52550225003,-57906.83266042139
2024-10-04,-58621.51082589437,-57654.21158436381
2024-10-07,-58466.1376582152,-57242.589974234616
2024-10-08,-58977.67860357543,-56879.703072846314
2024-10-09,-58581.53719304439,-56879.703072846314
2024-10-10,-59057.56748134712,-58580.63014855099
2024-10-11,-58817.52619004678,-58580.63014855099
2024-10-14,-58929.23450439051,-58719.16962765948
2024-10-15,-58882.32775011975,-58719.16962765948
2024-10-16,-59058.768562060264,-58839.40778289266
2024-10-17,-60134.55556890057,-59662.91433952922
2024-10-18,-60098.001714757826,-59662.91433952922
2024-10-21,-59809.46345277774,-59662.91433952922
2024-10-22,-60105.48881128418,-59567.91026212676
2024-10-23,-59970.212813473794,-59567.91026212676
2024-10-24,-60876.289903125755,-60376.998705327984
2024-10-25,-61062.01207359909,-60043.270833693154
2024-10-28,-61219.42955102047,-59853.43557235936
2024-10-29,-61309.04291460394,-59628.32745742
2024-10-30,-61303.8539273764,-59424.84099341802
2024-10-31,-61499.11765409182,-61018.27238848534
2024-11-01,-61655.98244349523,-60966.782503220806
2024-11-04,-62318.11044490162,-60104.886842327665
2024-11-05,-63443.35510314735,-63443.35510314735
2024-11-06,-63443.35510314735,-63443.35510314735
2024-11-07,-63858.69950311234,-63377.961406711314
2024-11-08,-63801.01359667835,-63377.961406711314
2024-11-11,-63603.06219518458,-63377.961406711314
2024-11-12,-63971.245302219664,-62952.97727839389
2024-11-13,-64294.64471754764,-61287.213017346985
2024-11-14,-64671.720991825,-64205.02768248827
2024-11-18,-64637.88475157944,-64331.56626901572
2024-11-19,-64603.594833874646,-64331.56626901572
2024-11-21,-65518.572059588,-64020.2398603921
2024-11-22,-68811.67340541103,-54404.41970917408
2024-11-25,-66312.22315940206,-66312.22315940206
2024-11-26,-66312.22315940206,-66312.22315940206
2024-11-27,-66312.22315940206,-66312.22315940206
2024-11-28,-66757.26163603942,-65356.86764083123
2024-11-29,-67088.67159842061,-64482.527045941984
2024-12-02,-66340.18881793303,-63570.88087561201
2024-12-03,-66108.31021150069,-62366.53824033928
2024-12-04,-64942.35021512547,-62366.53824033928
2024-12-05,-65887.56459316317,-64551.63235608736
2024-12-06,-65579.19256996312,-64551.63235608736
2024-12-09,-65224.56764496994,-64501.601898183304
2024-12-10,-65031.37560204661,-64501.601898183304
2024-12-11,-64875.30241828054,-64501.601898183304
2024-12-12,-65743.00709805882,-64200.37786617054
2024-12-13,-65674.11428423807,-63297.3664925608
2024-12-16,-64966.991771564804,-63297.3664925608
2024-12-17,-67479.33538690509,-60209.33476042643
2024-12-18,-67490.75311488894,-57442.07991157006
2024-12-19,-69610.36834446946,-68120.10558155362
2024-12-20,-69697.53958250432,-66474.83118545823
2024-12-23,-68753.36941938695,-66101.88268011634
2024-12-24,-68193.77930823334,-66101.88268011634
2024-12-26,-68115.01968860994,-66541.87635704924
2024-12-27,-67540.74163145968,-66541.87635704924
2024-12-30,-67328.8813050664,-66322.44188244773
2024-12-31,-67000.56443689675,-66322.44188244773
2025-01-01,-67011.39279414617,-66379.69914286205
2025-01-02,-71591.84376817726,-70322.93419589143
2025-01-03,-71636.60886084315,-69575.42317613239
2025-01-06,-72171.14386075953,-65257.51124560005
2025-01-07,-72503.39889552192,-65257.51124560005
2025-01-08,-71354.83787269951,-65257.51124560005
2025-01-09,-70811.26269712979,-69403.344675299
2025-01-10,-70922.99497351253,-69093.76116392073
2025-01-13,-71152.54232856983,-66765.1025289162
2025-01-14,-71185.70684195393,-66765.1025289162
2025-01-15,-70287.80542833394,-66765.1025289162
2025-01-16,-71593.25133355489,-70158.53235195414
2025-01-17,-71602.51609922346,-69883.97424100361
2025-01-20,-70959.87991744313,-69870.32546907537
2025-01-21,-71751.90596564188,-68501.7389017852
2025-01-22,-72006.5955069656,-67762.91413807077
2025-01-23,-72229.89824922917,-70714.53838630953
2025-01-24,-72361.30314336676,-70153.89086603085
2025-01-27,-72321.85802954083,-68198.01934323071
2025-01-28,-72580.80210969009,-68198.01934323071
2025-01-29,-74708.28860573823,-64174.648358889695
2025-01-30,-72276.7826157562,-70673.15490525118
2025-01-31,-72889.67545583236,-68685.02814074975
2025-02-01,-71495.92601344666,-68685.02814074975
2025-02-03,-71519.03612975228,-67929.49844834351
2025-02-04,-74223.47083783774,-62609.388165662545
2025-02-05,-72980.65501323092,-62609.388165662545
2025-02-06,-73925.10539523231,-72269.06018172366
2025-02-07,-73230.14846184479,-72269.06018172366
2025-02-10,-73315.77485412364,-71713.55084959933
2025-02-11,-74417.47272203944,-68760.06297803839
2025-02-12,-73437.22734051256,-68760.06297803839
2025-02-13,-73513.5818244794,-71950.98545321751
2025-02-14,-73585.16190732124,-71360.47300897256
2025-02-17,-72348.89913000877,-71360.47300897256
2025-02-18,-72055.22658793471,-71360.47300897256
2025-02-19,-71856.88080853886,-71360.47300897256
2025-02-20,-72737.14748707686,-71216.86275341861
2025-02-21,-72578.49781172884,-70875.88067081179
2025-02-24,-72802.35421634605,-68636.45921784044
2025-02-25,-71685.01371873655,-68636.45921784044
2025-02-27,-71470.14393269649,-70066.5909748672
2025-02-28,-73264.89781665042,-65042.4352903266
2025-03-03,-71452.39734652807,-65042.4352903266
2025-03-04,-70895.77878714142,-63025.74224118566
2025-03-05,-74784.56034751367,-74784.56034751367
2025-03-06,-75228.77501626646,-73865.04316295538
2025-03-07,-75089.9149485321,-73865.04316295538
2025-03-10,-74940.30621090776,-73409.66267437123
2025-03-11,-74678.61719928839,-73409.66267437123
2025-03-12,-74052.38302976328,-73409.66267437123
2025-03-13,-74964.53819693717,-73467.4649832456
2025-03-17,-74684.40913949354,-73292.01818709093
2025-03-18,-76257.26306026749,-68647.0524515478
2025-03-19,-75314.19511265971,-67247.22108899588
2025-03-20,-75523.96838002668,-73846.21894627965
2025-03-21,-75774.15586344303,-72764.96710656767
2025-03-24,-75805.77755669029,-69380.76168082406
2025-03-25,-74808.70944593067,-69380.76168082406
2025-03-26,-75557.9568618834,-67049.08357141593
2025-03-27,-75258.46949511203,-73718.89182453525
2025-03-28,-75408.13409028026,-73320.00186004661
2025-04-01,-75309.06579339027,-71370.97197083243
2025-04-02,-76047.51231650249,-69826.06776708599
2025-04-03,-76021.54279059364,-74391.62032084563
2025-04-04,-77302.25640870808,-70764.91946561592
2025-04-07,-79865.50871859687,-70764.91946561592
2025-04-08,-79772.39813665535,-79772.39813665535
2025-04-09,-79772.39813665535,-79772.39813665535
2025-04-11,-79772.39813665535,-79772.39813665535
2025-04-15,-79772.39813665535,-79772.39813665535
2025-04-16,-79772.39813665535,-79772.39813665535
2025-04-17,-80218.18241641823,-78664.98283713213
2025-04-21,-79654.96812080464,-78356.35757001121
2025-04-22,-79337.75923490248,-78356.35757001121
2025-04-23,-79302.02492265485,-78010.70180074
2025-04-24,-79826.15720411285,-78282.903816923
2025-04-25,-79906.00211341218,-77580.99075746306
2025-04-28,-79589.2806778029,-76912.1823585874
2025-04-29,-78901.50050899177,-76912.1823585874
2025-04-30,-78379.83175555003,-76912.1823585874
2025-05-02,-77927.3918077509,-77927.3918077509
2025-05-05,-77927.3918077509,-77927.3918077509
2025-05-06,-77927.3918077509,-77927.3918077509
2025-05-07,-77927.3918077509,-77927.3918077509
2025-05-08,-78371.528219563,-76984.49544001085
2025-05-09,-77635.81044871596,-76734.75587341096
2025-05-12,-83946.31287813069,-70748.64217962766
2025-05-13,-86355.73371431913,-65483.69414274938
2025-05-14,-82535.65994574374,-65483.69414274938
2025-05-15,-85403.99566109227,-83968.95991326825
2025-05-16,-85230.00345834829,-83968.95991326825
2025-05-19,-84767.389016844,-83934.05833663484
2025-05-20,-84990.57475262831,-83254.97090475501
2025-05-21,-84785.09853529463,-83254.97090475501
2025-05-22,-85311.9606986072,-83869.07507783716
2025-05-23,-85566.7217000881,-82983.36896007709
2025-05-26,-84601.02845633595,-82519.00176077856
2025-05-27,-84646.62264850577,-82197.982722094
2025-05-28,-84462.4061055041,-81823.21567106433
2025-05-29,-84645.60261509381,-83011.16110235786
2025-05-30,-84481.90330160926,-83011.16110235786
2025-06-02,-84063.44772031803,-82809.7712108193
2025-06-03,-84122.06936289545,-82382.34431989583
2025-06-04,-83761.58036385695,-82382.34431989583
2025-06-05,-84601.76878464791,-83132.67253122682
2025-06-06,-84696.12676118565,-82342.10742071796
2025-06-09,-82653.30285569407,-82482.53191547796
2025-06-10,-82519.7512737801,-82482.53191547796
2025-06-11,-82701.81319866305,-82679.22568007236
2025-06-12,-83739.52834409272,-81964.4282275181
2025-06-13,-84224.53525074481,-80621.85052116092
2025-06-16,-84866.59620405786,-78479.09238724248
2025-06-17,-83452.02382957515,-78479.09238724248
2025-06-18,-83087.79341760866,-76947.94281295863
2025-06-19,-82445.12579226556,-80970.70683239705
2025-06-20,-83405.06006831935,-77459.61950644296
2025-06-23,-83691.22863239014,-75415.059707236
2025-06-24,-82202.8047648827,-75415.059707236
2025-06-25,-83966.39585636478,-83966.39585636478
2025-06-26,-84411.73787552281,-82743.06002488831
2025-06-27,-84432.11137781385,-82515.99120070515
2025-06-30,-84193.37606311687,-82169.8322245254
2025-07-01,-83537.30128126408,-82169.8322245254
2025-07-02,-83626.30648529746,-81911.5794516107
2025-07-03,-84331.99075497623,-82834.19787359792
2025-07-04,-83918.2858224753,-82834.19787359792
2025-07-07,-83449.4808197187,-82834.19787359792
2025-07-08,-83540.79951285946,-82847.3228397823
2025-07-09,-83406.2357651113,-82847.3228397823
2025-07-10,-84341.23778117957,-82913.07794958938
2025-07-11,-84831.29466746385,-81284.79347077165
2025-07-14,-83594.95552291542,-80161.49633523241
2025-07-15,-84117.03670160609,-78981.84393000086
2025-07-16,-83405.09122111651,-78981.84393000086
2025-07-17,-83980.53464507459,-82551.43168973888
2025-07-18,-83856.9423714358,-81615.43022991672
2025-07-21,-83611.68879279894,-81061.43765616108
2025-07-22,-83124.55159173139,-81061.43765616108
2025-07-23,-83384.61701366256,-79872.4840548741
2025-07-24,-83709.73494155299,-82153.79329221987
2025-07-25,-85729.99946703875,-85729.99946703875
2025-07-28,-85729.99946703875,-85729.99946703875
2025-07-29,-85729.99946703875,-85729.99946703875
2025-07-30,-85729.99946703875,-85729.99946703875
2025-07-31,-86176.98410163003,-84680.56133406638
2025-08-01,-86611.83451218087,-82358.58154129348
2025-08-04,-87884.71345461917,-79990.86633197001
2025-08-05,-86921.16200755778,-79990.86633197001
2025-08-06,-87602.81487912279,-87602.81487912279
2025-08-07,-88050.49277854439,-86352.75689457722
2025-08-08,-88915.21989938189,-83430.94953312466
2025-08-11,-92002.91731617582,-92002.91731617582
2025-08-12,-92002.91731617582,-92002.91731617582
2025-08-13,-92002.91731617582,-92002.91731617582
2025-08-14,-92447.31727764459,-90998.99930791557
2025-08-18,-92701.36633651728,-89321.7245765957
2025-08-19,-92324.7138031,-87786.97918255687
2025-08-20,-91810.80164601888,-86212.61641596361
2025-08-21,-91548.1532622423,-90145.39468281981
2025-08-22,-92059.43153672545,-88561.12353818511
2025-08-25,-90929.1448801155,-88561.12353818511
2025-08-26,-91082.77495186593,-86029.49664743406
2025-08-28,-91425.14966752988,-90042.9420404418
2025-08-29,-91324.3347892552,-90042.9420404418
2025-09-01,-91244.01512593986,-89691.3852651883
2025-09-02,-90850.53072320804,-89691.3852651883
2025-09-03,-90788.2494273634,-89206.23998790028
2025-09-04,-91240.6526257735,-89855.47980891904
2025-09-05,-91059.42127208448,-89855.47980891904
2025-09-08,-90602.72309133504,-89855.47980891904
2025-09-09,-90549.32023846394,-89757.39347520594
2025-09-10,-90508.3823695001,-89545.62912692931
2025-09-11,-91038.21829823757,-89394.49991714733
2025-09-12,-91174.81146442897,-88723.77880751634
2025-09-15,-90536.89629554201,-88723.77880751634
2025-09-16,-90294.33333286493,-87637.27141383849
2025-09-17,-90012.24329668305,-86694.0032746394
2025-09-18,-90635.80220456363,-88956.23301967054
2025-09-19,-90907.5951322366,-88256.02843195804
2025-09-22,-90296.47462478343,-86740.96364204018
2025-09-23,-89696.75460342446,-86740.96364204018
2025-09-24,-89806.8947657273,-89806.8947657273
2025-09-25,-90252.45299725515,-88663.60623378704
2025-09-26,-91189.73439884008,-85275.01864575161
2025-09-29,-89930.18601011622,-89930.18601011622
2025-09-30,-89930.18601011622,-89930.18601011622
2025-10-01,-89930.18601011622,-89930.18601011622
2025-10-03,-89930.18601011622,-89930.18601011622
2025-10-06,-89930.18601011622,-89930.18601011622
2025-10-07,-89930.18601011622,-89930.18601011622
2025-10-08,-89930.18601011622,-89930.18601011622
2025-10-09,-90373.39264048208,-89067.70533310348
2025-10-10,-90688.32559130288,-88402.54563423613
2025-10-13,-90047.57510366743,-88402.54563423613
2025-10-14,-90431.760228933,-87244.0163779883
2025-10-15,-91862.75205310817,-91862.75205310817
2025-10-16,-92307.07875105886,-91086.36789639063
2025-10-17,-92631.44314523104,-90241.0352293588
2025-10-20,-92158.3341534846,-88981.38250368221
2025-10-21,-91418.39569890751,-88981.38250368221
2025-10-23,-91440.14329964502,-89982.01337171742
2025-10-24,-91590.60365882181,-89476.1637380854
2025-10-27,-91262.85102783682,-88775.3731236151
2025-10-28,-89929.79923125899,-88775.3731236151
2025-10-29,-90010.22479950527,-88500.06990940419
2025-10-30,-92338.08185374625,-90618.48919353304
2025-10-31,-92823.26300868642,-89241.45038486164
2025-11-03,-91896.03776872104,-89241.45038486164
2025-11-04,-92190.67960741238,-87038.88870019127
2025-11-06,-92363.3449611942,-91096.66686542738
2025-11-07,-92186.57965029308,-91096.66686542738
2025-11-10,-91806.28099954415,-91096.66686542738
2025-11-11,-92188.39108798098,-90339.4045323563
2025-11-12,-92595.17036656753,-88157.44422341528
2025-11-13,-92707.28965091528,-91096.22554301831
2025-11-14,-92399.74702228734,-91096.22554301831
2025-11-17,-91993.7357547603,-90741.39311860195
2025-11-18,-92318.2090949959,-90333.40695962177
2025-11-19,-92592.22341590133,-89366.07292900953
2025-11-20,-94345.11694709334,-92955.8912620926
2025-11-21,-94578.3338084389,-91846.52826775107
2025-11-24,-93929.84608786709,-90097.7748276524
2025-11-25,-93595.27235109844,-93595.27235109844
2025-11-26,-93595.27235109844,-93595.27235109844
2025-11-27,-94041.45878416224,-92488.0190603265
2025-11-28,-93675.19945359355,-92488.0190603265
2025-12-01,-93335.34816308126,-92431.1628576337
2025-12-02,-93774.56604976676,-91550.42302509936
2025-12-03,-93303.83145025875,-91215.88784035212
2025-12-04,-93737.22229818307,-92348.27130768228
2025-12-05,-94299.8565733984,-90919.23493147764
2025-12-08,-96841.70058655327,-96841.70058655327
2025-12-09,-96841.70058655327,-96841.70058655327
2025-12-10,-96841.70058655327,-96841.70058655327
2025-12-11,-97288.91252543949,-95678.74434062028
2025-12-12,-97665.56297106131,-94656.10356723233
2025-12-15,-96743.27767822983,-94656.10356723233
2025-12-16,-97771.40426808351,-92881.31611172414
2025-12-17,-97157.13215662367,-92080.6474172552
2025-12-18,-96911.97941794479,-95262.73073501582
2025-12-19,-97251.10588023576,-94198.70779552887
2025-12-22,-97176.02315883881,-90933.74325000659
2025-12-23,-96470.27526764874,-90933.74325000659
2025-12-24,-94617.38186337608,-90933.74325000659
2025-12-26,-95488.94790904282,-95488.94790904282
2025-12-29,-95488.94790904282,-95488.94790904282
2025-12-30,-95488.94790904282,-95488.94790904282
2025-12-31,-95488.94790904282,-95488.94790904282
2026-01-01,-95928.77516540424,-94493.54327460048
2026-01-02,-96460.9050154101,-92786.21486395728
2026-01-05,-96041.6870976852,-92223.00061677158
2026-01-06,-95574.53751529321,-91307.27341370279
2026-01-07,-95608.34611187533,-95608.34611187533
2026-01-08,-96046.39632933363,-94687.0922468853
2026-01-09,-96610.98698063608,-92991.10806483147
2026-01-12,-95951.57356860011,-92991.10806483147
2026-01-13,-95269.17422740259,-92991.10806483147
2026-01-14,-94850.49086279709,-92620.07514441547
2026-01-16,-94500.25903079982,-94500.25903079982
2026-01-19,-94500.25903079982,-94500.25903079982
2026-01-20,-94500.25903079982,-94500.25903079982
2026-01-21,-94500.25903079982,-94500.25903079982
2026-01-22,-94939.01827400023,-93825.71162287491
2026-01-23,-95404.0459733319,-91932.50048737867
2026-01-27,-95029.91450472655,-91932.50048737867
2026-01-28,-97639.98489335683,-97639.98489335683
2026-01-29,-98077.17970321114,-96941.46155410717
2026-01-30,-98076.30822241887,-96668.87249631011
2026-02-02,-98325.94444802903,-95067.13036157121
2026-02-03,-112626.51259656533,-95067.13036157121
2026-02-04,-113461.61985332657,-95067.13036157121
2026-02-05,-110420.9584006446,-109088.78317903267
2026-02-06,-110281.23591171131,-109088.78317903267
2026-02-09,-110098.53515450473,-108708.96474193841
2026-02-10,-109937.16701544638,-108533.33668528301
2026-02-11,-109578.21998195695,-108533.33668528301
2026-02-12,-110586.39648407833,-109362.28148785786
2026-02-13,-111434.27571301453,-107090.44610849732
2026-02-16,-111471.66013215951,-106012.93618335974
2026-02-17,-110812.31230963879,-106012.93618335974
2026-02-18,-109904.69881833767,-104823.63193581074
2026-02-19,-113399.32478118704,-112001.70701856955
2026-02-20,-113231.80744050175,-112001.70701856955
2026-02-23,-112951.8757782086,-111602.17584327441
2026-02-24,-113904.33343073078,-110543.73090808757
2026-02-25,-113129.02912787456,-110543.73090808757
2026-02-26,-113356.84029157537,-112252.70669997139
2026-02-27,-113972.12023894701,-110464.50155513082
2026-03-02,-113296.99101215118,-107491.3304510994
2026-03-04,-111583.33238101669,-101583.15443175234
2026-03-05,-118423.88203527385,-117226.62296078
2026-03-06,-119096.3167992397,-115345.70795891606
2026-03-09,-119229.67693254711,-109627.98844368468
2026-03-10,-122219.03813783926,-106047.1577068509
2026-03-11,-121140.60541092174,-106047.1577068509
2026-03-12,-124328.86050853516,-123142.06661943939
2026-03-13,-125377.96259553346,-119881.62411113139
2026-03-16,-126119.54134769423,-117736.59088248033
2026-03-17,-126489.45891845375,-115083.06709269634
2026-03-18,-127605.56689137651,-110140.72540926034
2026-03-19,-143614.30136305757,-142411.92512725046
2026-03-20,-143487.07278354908,-142411.92512725046
2026-03-23,-143882.22609125933,-140849.86630232385
2026-03-24,-146184.7611450273,-138247.64874511294
2026-03-25,-149325.04296405904,-131862.62816848382
2026-03-27,-150694.74901045518,-150694.74901045518
2026-03-30,-150694.74901045518,-150694.74901045518
2026-04-01,-150694.74901045518,-150694.74901045518
2026-04-02,-151134.71850020884,-149742.90131394315
2026-04-06,-150648.84663008887,-149584.32320023573
2026-04-07,-150567.31846563707,-149402.6109195528
2026-04-08,-152753.35655842492,-144487.2036364109
2026-04-09,-153162.75385685507,-151837.40751318217
2026-04-10,-153315.0164853615,-151287.9063545198
2026-04-13,-152357.29979548408,-151287.9063545198
2026-04-15,-152030.76924638354,-151246.3418997511
2026-04-16,-152467.17382018664,-151188.4682757303
2026-04-17,-152268.08445148275,-151188.4682757303
2026-04-20,-151711.02553391233,-151188.4682757303
2026-04-21,-151858.94322046114,-150986.25864812935
2026-04-22,-151511.13785834023,-151068.09362779616
2026-04-23,-152487.03921850023,-151158.68357091286
2026-04-24,-152284.09026679353,-150688.4871097889
2026-04-27,-151463.36276178245,-150688.4871097889
2026-04-28,-151111.61195211744,-150688.4871097889
2026-04-29,-151086.47151832824,-150794.3660848367
2026-04-30,-151923.99304383295,-150538.42284361116
2026-05-04,-151099.53239126378,-150538.42284361116
2026-05-05,-150965.97481411605,-150538.42284361116
2026-05-06,-151177.2382335382,-150367.74067441386
2026-05-07,-151761.25992411806,-150491.58589134688
2026-05-08,-150907.52785886475,-150577.6821605749
2026-05-11,-151214.76576671225,-150306.73597392443
2026-05-12,-152291.80885041063,-148365.60854427348
2026-05-13,-151560.15398957898,-148365.60854427348
2026-05-14,-153340.26305625678,-152156.23373576946
2026-05-15,-153202.51368125892,-152156.23373576946
2026-05-18,-152710.84835588752,-152156.23373576946
2026-05-19,-152802.29539457845,-152237.15560505708
2026-05-20,-152575.56398201035,-152237.15560505708
2026-05-21,-153280.49079622253,-151954.30130630019
2026-05-22,-153070.60338805968,-151954.30130630019
2026-05-25,-153412.73029431692,-150536.51273523408
2026-05-26,-153251.08781479808,-150536.51273523408
2026-05-27,-152986.5626623956,-150069.74404125602
2026-05-29,-156165.79614887646,-156165.79614887646
2026-06-01,-156165.79614887646,-156165.79614887646
2026-06-02,-156165.79614887646,-156165.79614887646
2026-06-03,-156165.79614887646,-156165.79614887646
2026-06-04,-156604.40518398676,-155440.55393059552
2026-06-05,-156457.70964713662,-155440.55393059552
2026-06-08,-156674.3146051024,-154025.2143328803
2026-06-09,-156550.22043092258,-153440.1462704085
2026-06-10,-154777.50092825052,-153440.1462704085
2026-06-11,-155552.84296344325,-154311.29440078387
2026-06-12,-157233.17492002604,-148589.62419269068
2026-06-15,-155751.02271459746,-155751.02271459746
2026-06-16,-155751.02271459746,-155751.02271459746
2026-06-17,-155751.02271459746,-155751.02271459746
2026-06-18,-156189.92918512615,-154876.11780883183
2026-06-19,-156514.3756277813,-154001.02959284346
2026-06-22,-155747.00968528364,-154001.02959284346
2026-06-23,-155727.3770454485,-152651.69566985068
2026-06-24,-156720.04123263017,-151265.46574171135
2026-06-25,-156841.5017472949,-155509.0707396813
2026-06-29,-156234.3175360297,-155326.99152387242
