date,ticker,order,gross,outcome,net
2023-08-08,ABB.ST,0,-0.007617262938679259,STOP,-0.01151726293867926
2023-08-09,ABB.ST,0,-0.005932605686306935,STOP,-0.009832605686306936
2023-08-11,ABB.ST,1,0.012360654454852682,EOD,0.008460654454852681
2023-08-14,ABB.ST,7,-0.0009555515782421198,EOD,-0.00485555157824212
2023-08-16,ABB.ST,0,-0.0036144578313253017,EOD,-0.0075144578313253016
2023-08-18,ABB.ST,0,0.0034687657961167684,EOD,-0.00043123420388323144
2023-08-21,ABB.ST,0,-0.008814902442011552,STOP,-0.012714902442011553
2023-08-22,ABB.ST,6,-0.003423805129326496,EOD,-0.007323805129326496
2023-08-23,ABB.ST,0,-0.0019503127419291388,EOD,-0.005850312741929139
2023-08-24,ABB.ST,0,-0.00507615673567996,STOP,-0.00897615673567996
2023-08-25,ABB.ST,4,0.0007295422764181936,EOD,-0.0031704577235818062
2023-08-29,ABB.ST,1,-0.0038387131305105404,STOP,-0.00773871313051054
2023-08-30,ABB.ST,0,-0.005983724444814542,STOP,-0.009883724444814543
2023-08-31,ABB.ST,0,-0.005265633685330062,STOP,-0.009165633685330063
2023-09-01,ABB.ST,0,-0.003831432184220329,STOP,-0.007731432184220329
2023-09-04,ABB.ST,0,-0.005989458640528911,STOP,-0.009889458640528911
2023-09-06,ABB.ST,1,0.009671179741227665,EOD,0.005771179741227665
2023-09-07,ABB.ST,1,-0.009069183276775084,STOP,-0.012969183276775084
2023-09-11,ABB.ST,0,-0.006079766356478888,STOP,-0.009979766356478889
2023-09-14,ABB.ST,1,0.008968625207413483,EOD,0.005068625207413483
2023-09-15,ABB.ST,0,-0.006832571684661226,STOP,-0.010732571684661227
2023-09-18,ABB.ST,4,0.0014616470243986601,EOD,-0.0024383529756013397
2023-09-20,ABB.ST,5,-0.001718590008426224,EOD,-0.005618590008426224
2023-09-21,ABB.ST,6,-0.003940901732797153,EOD,-0.007840901732797154
2023-09-27,ABB.ST,0,0.0012833675363628227,EOD,-0.002616632463637177
2023-09-28,ABB.ST,2,0.00408469628816821,EOD,0.00018469628816821047
2023-09-29,ABB.ST,1,-0.010395553161676063,STOP,-0.014295553161676064
2023-10-02,ABB.ST,0,-0.0065276818117527835,EOD,-0.010427681811752784
2023-10-03,ABB.ST,0,-0.005815392649731299,STOP,-0.0097153926497313
2023-10-04,ABB.ST,0,0.0005080835527235816,EOD,-0.003391916447276418
2023-10-05,ABB.ST,0,-0.006059060488520118,STOP,-0.009959060488520119
2023-10-06,ABB.ST,2,0.0,EOD,-0.0039
2023-10-10,ABB.ST,0,-0.0010009857116487497,EOD,-0.0049009857116487495
2023-10-11,ABB.ST,0,0.007248172587465795,EOD,0.0033481725874657956
2023-10-12,ABB.ST,0,-0.005155844951816979,STOP,-0.00905584495181698
2023-10-18,ABB.ST,0,-0.01239454656047112,EOD,-0.01629454656047112
2023-10-19,ABB.ST,0,-0.006706008803273766,EOD,-0.010606008803273767
2023-10-23,ABB.ST,1,0.007385070143266503,EOD,0.0034850701432665035
2023-10-24,ABB.ST,6,-0.002715177934141333,EOD,-0.006615177934141333
2023-10-25,ABB.ST,4,0.0,EOD,-0.0039
2023-10-26,ABB.ST,0,0.007324963767620929,EOD,0.003424963767620929
2023-10-27,ABB.ST,0,-0.004044216836570302,EOD,-0.007944216836570303
2023-10-31,ABB.ST,0,0.0029498689233580233,EOD,-0.0009501310766419765
2023-11-01,ABB.ST,4,0.000797073101519219,EOD,-0.003102926898480781
2023-11-02,ABB.ST,0,-0.0031413932121237,EOD,-0.0070413932121237
2023-11-08,ABB.ST,0,0.006892830068389477,EOD,0.0029928300683894774
2023-11-09,ABB.ST,1,0.004094181559604504,EOD,0.0001941815596045041
2023-11-13,ABB.ST,0,-0.005102040816326481,STOP,-0.009002040816326481
2023-11-14,ABB.ST,0,0.008633886540011737,EOD,0.004733886540011737
2023-11-15,ABB.ST,0,-0.0032475339310804596,EOD,-0.0071475339310804594
2023-11-17,ABB.ST,0,-0.0032233767228282417,EOD,-0.0071233767228282415
2023-11-20,ABB.ST,0,-0.007699965366415262,STOP,-0.011599965366415263
2023-11-21,ABB.ST,1,0.002763140132255204,EOD,-0.0011368598677447958
2023-11-22,ABB.ST,0,0.001242544750456931,EOD,-0.002657455249543069
2023-11-24,ABB.ST,0,-0.0004952493697341076,EOD,-0.004395249369734107
2023-11-29,ABB.ST,0,0.0017374341465270504,EOD,-0.0021625658534729494
2023-11-30,ABB.ST,0,0.009194334436928076,EOD,0.005294334436928076
2023-12-01,ABB.ST,0,-0.0026122205831676792,EOD,-0.006512220583167679
2023-12-05,ABB.ST,0,0.011444965141634178,EOD,0.007544965141634178
2023-12-06,ABB.ST,4,-0.0028208314684299296,EOD,-0.006720831468429929
2023-12-07,ABB.ST,0,-0.005885122579660673,STOP,-0.009785122579660674
2023-12-08,ABB.ST,0,0.011339519132928855,EOD,0.007439519132928855
2023-12-11,ABB.ST,0,0.020299856500504587,EOD,0.016399856500504587
2023-12-12,ABB.ST,5,-0.00519419118422404,EOD,-0.00909419118422404
2023-12-13,ABB.ST,1,-0.0051824872830814606,STOP,-0.009082487283081461
2023-12-15,ABB.ST,1,-0.007384175068333332,STOP,-0.011284175068333333
2023-12-18,ABB.ST,0,-0.006527107756382988,STOP,-0.010427107756382989
2023-12-19,ABB.ST,1,0.00045149482399819973,EOD,-0.0034485051760018
2023-12-27,ABB.ST,0,0.000456648874500587,EOD,-0.003443351125499413
2023-12-29,ABB.ST,0,0.007907817333336009,EOD,0.004007817333336009
2024-01-04,ABB.ST,1,0.00022815057770975145,EOD,-0.0036718494222902484
2024-01-10,ABB.ST,0,-0.004569339602974454,STOP,-0.008469339602974454
2024-01-12,ABB.ST,0,-0.0020380296287255684,EOD,-0.005938029628725568
2024-01-16,ABB.ST,0,-0.0018194639261692735,EOD,-0.005719463926169273
2024-01-17,ABB.ST,0,-0.0018319631055279118,EOD,-0.005731963105527912
2024-01-18,ABB.ST,2,0.010991499104179514,EOD,0.007091499104179514
2024-01-22,ABB.ST,0,0.0018428651963160458,EOD,-0.002057134803683954
2024-01-25,ABB.ST,4,0.0006829463211555087,EOD,-0.003217053678844491
2024-01-26,ABB.ST,0,0.006805807810977171,EOD,0.0029058078109771715
2024-01-29,ABB.ST,0,0.0040332026882821115,EOD,0.00013320268828211166
2024-02-01,ABB.ST,4,-0.011386056641211506,EOD,-0.015286056641211507
2024-02-02,ABB.ST,6,-0.001746383540466745,EOD,-0.005646383540466745
2024-02-07,ABB.ST,3,-0.0015370700457502107,EOD,-0.0054370700457502105
2024-02-08,ABB.ST,0,-0.0004374720071982363,EOD,-0.004337472007198236
2024-02-14,ABB.ST,0,0.008273499698544962,EOD,0.004373499698544962
2024-02-16,ABB.ST,0,0.008275036102431743,EOD,0.004375036102431743
2024-02-19,ABB.ST,0,0.004457665201248462,EOD,0.0005576652012484621
2024-02-20,ABB.ST,6,-0.004439759204049931,STOP,-0.008339759204049932
2024-02-21,ABB.ST,0,-0.006967943978078428,STOP,-0.010867943978078429
2024-02-22,ABB.ST,5,-0.0010460251046024993,EOD,-0.004946025104602499
2024-02-23,ABB.ST,2,0.007235569143747123,EOD,0.0033355691437471227
2024-02-26,ABB.ST,4,-0.0014789387439395618,EOD,-0.005378938743939562
2024-02-27,ABB.ST,0,-0.004441572842969421,STOP,-0.008341572842969422
2024-02-28,ABB.ST,0,-0.000210894350361146,EOD,-0.004110894350361146
2024-02-29,ABB.ST,1,0.004828927922514659,EOD,0.0009289279225146588
2024-03-04,ABB.ST,0,-0.00545074654825084,STOP,-0.00935074654825084
2024-03-05,ABB.ST,1,-0.003966584335040491,STOP,-0.007866584335040491
2024-03-06,ABB.ST,1,-0.006112972035824171,STOP,-0.010012972035824172
2024-03-07,ABB.ST,0,0.001052410005423221,EOD,-0.0028475899945767788
2024-03-08,ABB.ST,1,-0.001046462981946883,EOD,-0.004946462981946883
2024-03-11,ABB.ST,2,0.003570639923670793,EOD,-0.00032936007632920674
2024-03-12,ABB.ST,5,0.009587341018233886,EOD,0.005687341018233886
2024-03-13,ABB.ST,1,0.007192766042126708,EOD,0.0032927660421267083
2024-03-14,ABB.ST,0,-0.002820862242431499,EOD,-0.006720862242431499
2024-03-15,ABB.ST,5,0.0014098936697508613,EOD,-0.0024901063302491385
2024-03-18,ABB.ST,1,0.001606401190700213,EOD,-0.002293598809299787
2024-03-19,ABB.ST,0,-0.007410338033069008,STOP,-0.011310338033069009
2024-03-20,ABB.ST,0,0.0006034757378503564,EOD,-0.0032965242621496435
2024-03-22,ABB.ST,6,0.0043877387989865735,EOD,0.00048773879898657366
2024-03-26,ABB.ST,0,0.003039513677811634,EOD,-0.000860486322188366
2024-03-27,ABB.ST,3,0.0004024390483525764,EOD,-0.0034975609516474234
2024-03-28,ABB.ST,0,-0.006033789071490991,STOP,-0.009933789071490992
2024-04-03,ABB.ST,0,-0.007468675282677251,STOP,-0.011368675282677251
2024-04-04,ABB.ST,0,-0.005868118863679106,STOP,-0.009768118863679107
2024-04-05,ABB.ST,7,0.00020272877760052488,EOD,-0.003697271222399475
2024-04-09,ABB.ST,3,-0.005885984051577253,STOP,-0.009785984051577254
2024-04-10,ABB.ST,5,-0.008888876558554304,STOP,-0.012788876558554305
2024-04-15,ABB.ST,0,0.002796631800669358,EOD,-0.0011033681993306418
2024-04-16,ABB.ST,0,-0.0056090109015976,EOD,-0.0095090109015976
2024-04-17,ABB.ST,0,0.0007977540912513792,EOD,-0.0031022459087486206
2024-04-19,ABB.ST,1,0.009039525033839535,EOD,0.005139525033839535
2024-04-23,ABB.ST,1,-0.003016660157324269,EOD,-0.006916660157324269
2024-04-24,ABB.ST,0,0.0007524914078891332,EOD,-0.0031475085921108667
2024-04-25,ABB.ST,2,0.0015054342420304234,EOD,-0.0023945657579695764
2024-04-26,ABB.ST,0,0.010490889376463697,EOD,0.006590889376463697
2024-04-29,ABB.ST,5,0.0007366932119015068,EOD,-0.003163306788098493
2024-05-03,ABB.ST,4,-0.0025964843886631117,EOD,-0.0064964843886631115
2024-05-06,ABB.ST,0,0.0022189575335025413,EOD,-0.0016810424664974585
2024-05-07,ABB.ST,0,-0.006245452354124992,STOP,-0.010145452354124992
2024-05-08,ABB.ST,0,-0.00035960482315988695,EOD,-0.004259604823159887
2024-05-10,ABB.ST,0,-0.0014194248183511116,EOD,-0.005319424818351111
2024-05-13,ABB.ST,0,0.006718615615547652,EOD,0.002818615615547652
2024-05-21,ABB.ST,0,0.0070997512010404495,EOD,0.0031997512010404497
2024-05-23,ABB.ST,1,0.005948258501196069,EOD,0.002048258501196069
2024-05-27,ABB.ST,0,0.0038194656372070312,EOD,-8.053436279296857e-05
2024-05-28,ABB.ST,0,-0.004147880193869469,STOP,-0.00804788019386947
2024-05-29,ABB.ST,0,-0.00034760548930268254,EOD,-0.004247605489302682
2024-05-30,ABB.ST,5,-0.0006918443542323072,EOD,-0.004591844354232307
2024-06-03,ABB.ST,0,-0.01100795346631167,STOP,-0.014907953466311671
2024-06-04,ABB.ST,3,-0.0024205123702765174,EOD,-0.006320512370276517
2024-06-05,ABB.ST,0,0.00449045869764686,EOD,0.0005904586976468599
2024-06-07,ABB.ST,5,0.0037325264349319376,EOD,-0.00016747356506806223
2024-06-12,ABB.ST,0,0.008119059022089203,EOD,0.0042190590220892036
2024-06-18,ABB.ST,1,0.005664717277169107,EOD,0.001764717277169107
2024-06-20,ABB.ST,0,-0.00432176810413798,EOD,-0.00822176810413798
2024-06-24,ABB.ST,1,-0.007094615214579769,EOD,-0.01099461521457977
2024-06-25,ABB.ST,6,-0.0020534088927091076,EOD,-0.0059534088927091075
2024-07-01,ABB.ST,7,0.0,EOD,-0.0039
2024-07-03,ABB.ST,1,-0.006793478401712294,STOP,-0.010693478401712295
2024-07-04,ABB.ST,0,0.00340136054421758,EOD,-0.00049863945578242
2024-07-05,ABB.ST,1,-0.0060748831155080785,STOP,-0.00997488311550808
2024-07-08,ABB.ST,0,0.00682826917608903,EOD,0.0029282691760890303
2024-07-09,ABB.ST,0,-0.0030497928765500504,EOD,-0.00694979287655005
2024-07-10,ABB.ST,7,0.0016954900317003307,EOD,-0.002204509968299669
2024-07-11,ABB.ST,0,0.00201818408392751,EOD,-0.0018818159160724898
2024-07-12,ABB.ST,0,0.02004677662783716,EOD,0.01614677662783716
2024-07-15,ABB.ST,0,-0.00876627339945213,STOP,-0.01266627339945213
2024-07-16,ABB.ST,1,0.005240767007827829,EOD,0.0013407670078278292
2024-07-18,ABB.ST,5,-0.005163511187607606,EOD,-0.009063511187607606
2024-07-19,ABB.ST,0,0.0,EOD,-0.0039
2024-07-22,ABB.ST,0,0.004799430366464019,EOD,0.0008994303664640194
2024-07-23,ABB.ST,0,0.005733599349177831,EOD,0.0018335993491778316
2024-07-24,ABB.ST,1,-0.01270898927414299,STOP,-0.01660898927414299
2024-07-26,ABB.ST,0,0.014796929465435094,EOD,0.010896929465435093
2024-07-30,ABB.ST,2,-0.0023809939014668435,EOD,-0.006280993901466843
2024-07-31,ABB.ST,0,-0.007080263183752988,STOP,-0.010980263183752989
2024-08-05,ABB.ST,0,0.0003700058527786876,EOD,-0.0035299941472213122
2024-08-07,ABB.ST,0,-0.007746241446832558,STOP,-0.011646241446832559
2024-08-08,ABB.ST,1,0.015515262283183784,EOD,0.011615262283183783
2024-08-09,ABB.ST,0,-0.0036205646480943487,EOD,-0.007520564648094349
2024-08-12,ABB.ST,2,0.0003618165908971793,EOD,-0.0035381834091028205
2024-08-13,ABB.ST,1,-0.007168458781361964,STOP,-0.011068458781361964
2024-08-15,ABB.ST,4,-0.00565573042783829,STOP,-0.009555730427838291
2024-08-16,ABB.ST,0,-0.002442471012294445,EOD,-0.006342471012294445
2024-08-19,ABB.ST,0,0.001047915904082597,EOD,-0.002852084095917403
2024-08-21,ABB.ST,1,-0.0020906136010997445,EOD,-0.005990613601099744
2024-08-22,ABB.ST,0,0.001735508467224145,EOD,-0.002164491532775855
2024-08-23,ABB.ST,0,-0.005886363439432607,EOD,-0.009786363439432608
2024-08-26,ABB.ST,0,0.0,EOD,-0.0039
2024-08-27,ABB.ST,0,-0.0027738828359888945,STOP,-0.006673882835988894
2024-08-28,ABB.ST,0,0.0017277125450765318,EOD,-0.002172287454923468
2024-08-29,ABB.ST,1,0.0044719220446503005,EOD,0.0005719220446503007
2024-08-30,ABB.ST,0,0.004104009001641984,EOD,0.00020400900164198408
2024-09-02,ABB.ST,6,0.003058187058762707,EOD,-0.0008418129412372929
2024-09-03,ABB.ST,0,-0.006072833434663916,STOP,-0.009972833434663916
2024-09-04,ABB.ST,0,0.0,EOD,-0.0039
2024-09-06,ABB.ST,4,-0.010702818874954168,STOP,-0.014602818874954168
2024-09-09,ABB.ST,0,0.00035488327838084643,EOD,-0.0035451167216191534
2024-09-10,ABB.ST,0,-0.005629859376466428,EOD,-0.009529859376466429
2024-09-16,ABB.ST,0,-0.0003527552152227109,EOD,-0.004252755215222711
2024-09-17,ABB.ST,0,0.009824518571820207,EOD,0.005924518571820207
2024-09-19,ABB.ST,1,0.007248793570767242,EOD,0.0033487935707672426
2024-09-23,ABB.ST,0,-0.0017265193006290591,EOD,-0.005626519300629059
2024-09-25,ABB.ST,0,0.015363605646200096,EOD,0.011463605646200095
2024-09-26,ABB.ST,1,-0.003659368200866986,EOD,-0.007559368200866986
2024-10-01,ABB.ST,0,-0.00335008375209378,EOD,-0.00725008375209378
2024-10-02,ABB.ST,0,-0.004995005198049185,STOP,-0.008895005198049186
2024-10-04,ABB.ST,4,0.004058104970969589,EOD,0.0001581049709695895
2024-10-08,ABB.ST,1,0.007417335280449411,EOD,0.003517335280449411
2024-10-09,ABB.ST,2,0.00600596503054307,EOD,0.0021059650305430703
2024-10-11,ABB.ST,1,0.0026640637464774297,EOD,-0.00123593625352257
2024-10-14,ABB.ST,0,-0.0019665883038758603,EOD,-0.00586658830387586
2024-10-16,ABB.ST,3,0.001677289465825682,EOD,-0.0022227105341743178
2024-10-17,ABB.ST,2,-0.000980131671233675,EOD,-0.004880131671233675
2024-10-18,ABB.ST,0,-0.009878168848919566,STOP,-0.013778168848919567
2024-10-21,ABB.ST,0,-0.008278145695364225,STOP,-0.012178145695364226
2024-10-24,ABB.ST,0,-0.003035392568244144,EOD,-0.006935392568244144
2024-10-25,ABB.ST,0,0.002697194121734192,EOD,-0.0012028058782658077
2024-10-28,ABB.ST,3,-0.005679858866646681,STOP,-0.009579858866646682
2024-10-31,ABB.ST,0,-0.005723946825021087,STOP,-0.009623946825021087
2024-11-01,ABB.ST,1,0.0016784156100846381,EOD,-0.0022215843899153617
2024-11-04,ABB.ST,0,-0.0016688918218087379,EOD,-0.005568891821808738
2024-11-05,ABB.ST,0,0.017970029605605342,EOD,0.014070029605605341
2024-11-06,ABB.ST,0,-0.019110294079685675,STOP,-0.023010294079685675
2024-11-07,ABB.ST,2,-0.009006072203079585,EOD,-0.012906072203079585
2024-11-11,ABB.ST,4,-0.004137550159260539,EOD,-0.00803755015926054
2024-11-13,ABB.ST,0,-0.00424832612081294,STOP,-0.00814832612081294
2024-11-14,ABB.ST,0,-0.002254467655495196,EOD,-0.006154467655495196
2024-11-15,ABB.ST,0,-0.007744414145700262,EOD,-0.011644414145700263
2024-11-20,ABB.ST,0,-0.0058536188389227695,STOP,-0.00975361883892277
2024-11-21,ABB.ST,2,0.009464732226672767,EOD,0.0055647322266727675
2024-11-22,ABB.ST,0,-0.007694754547769911,STOP,-0.011594754547769912
2024-11-26,ABB.ST,0,-0.004878048780487809,STOP,-0.00877804878048781
2024-11-28,ABB.ST,0,-0.0029363585529669223,EOD,-0.006836358552966922
2024-11-29,ABB.ST,6,-0.0012895693047088042,EOD,-0.005189569304708804
2024-12-02,ABB.ST,1,0.009572431583999563,EOD,0.0056724315839995635
2024-12-03,ABB.ST,4,0.0003140895271127597,EOD,-0.00358591047288724
2024-12-04,ABB.ST,0,0.002178009397401315,EOD,-0.001721990602598685
2024-12-06,ABB.ST,0,0.008730862757688973,EOD,0.004830862757688973
2024-12-11,ABB.ST,0,0.007495296080540559,EOD,0.003595296080540559
2024-12-16,ABB.ST,0,-0.005971163862892204,STOP,-0.009871163862892204
2024-12-17,ABB.ST,0,0.00031518153244025626,EOD,-0.0035848184675597436
2024-12-18,ABB.ST,0,-0.0034612197236900677,STOP,-0.0073612197236900675
2024-12-20,ABB.ST,5,0.010716616289498049,EOD,0.006816616289498049
2024-12-23,ABB.ST,0,0.0016550810655351356,EOD,-0.0022449189344648643
2024-12-27,ABB.ST,0,-0.004290388755672447,STOP,-0.008190388755672448
2025-01-08,ABB.ST,0,-0.0016339869281045694,EOD,-0.005533986928104569
2025-01-09,ABB.ST,2,-0.0016350556571588237,EOD,-0.0055350556571588235
2025-01-13,ABB.ST,6,-0.005993965588202754,EOD,-0.009893965588202755
2025-01-14,ABB.ST,4,-0.010589053864230147,STOP,-0.014489053864230148
2025-01-15,ABB.ST,2,0.01067026432863405,EOD,0.0067702643286340495
2025-01-16,ABB.ST,5,-0.005247642294341381,EOD,-0.009147642294341382
2025-01-17,ABB.ST,0,0.00064781885826104,EOD,-0.00325218114173896
2025-01-20,ABB.ST,0,-0.006435006687748768,STOP,-0.010335006687748768
2025-01-21,ABB.ST,2,0.008376308487888284,EOD,0.0044763084878882845
2025-01-22,ABB.ST,0,0.01816479339895105,EOD,0.01426479339895105
2025-01-31,ABB.ST,0,-0.004916420747271499,EOD,-0.0088164207472715
2025-02-03,ABB.ST,1,-0.0006700576449958362,EOD,-0.004570057644995836
2025-02-04,ABB.ST,1,0.002686428285225695,EOD,-0.001213571714774305
2025-02-06,ABB.ST,0,0.001680672268907557,EOD,-0.0022193277310924428
2025-02-07,ABB.ST,2,-0.00533157637778825,EOD,-0.00923157637778825
2025-02-10,ABB.ST,4,0.00033358552507634087,EOD,-0.003566414474923659
2025-02-11,ABB.ST,0,-0.002982087252772714,EOD,-0.006882087252772714
2025-02-12,ABB.ST,0,-0.009907530121999741,STOP,-0.013807530121999742
2025-02-13,ABB.ST,5,-0.001960163644402879,EOD,-0.005860163644402879
2025-02-14,ABB.ST,0,-0.0013128467280489886,EOD,-0.005212846728048988
2025-02-17,ABB.ST,0,0.006849334839238663,EOD,0.0029493348392386634
2025-02-18,ABB.ST,0,0.01683396668752879,EOD,0.012933966687528789
2025-02-20,ABB.ST,1,-0.011753436572197296,STOP,-0.015653436572197296
2025-02-25,ABB.ST,0,-0.009152583752648269,STOP,-0.01305258375264827
2025-02-27,ABB.ST,0,-0.00881656886174187,STOP,-0.01271656886174187
2025-03-03,ABB.ST,2,-0.00929436215845525,STOP,-0.01319436215845525
2025-03-05,ABB.ST,0,-0.011200602276181804,STOP,-0.015100602276181804
2025-03-07,ABB.ST,0,0.006403371589774665,EOD,0.0025033715897746648
2025-03-11,ABB.ST,0,-0.005704121581160848,EOD,-0.009604121581160849
2025-03-12,ABB.ST,1,-0.007431019314084519,STOP,-0.01133101931408452
2025-03-13,ABB.ST,0,-0.013844601508913756,STOP,-0.017744601508913757
2025-03-14,ABB.ST,1,0.004654559138436154,EOD,0.0007545591384361542
2025-03-17,ABB.ST,1,0.0031903363240415317,EOD,-0.0007096636759584682
2025-03-18,ABB.ST,2,-0.009113128977152996,STOP,-0.013013128977152996
2025-03-19,ABB.ST,0,0.023028632110816405,EOD,0.019128632110816404
2025-04-01,ABB.ST,0,-0.00616572679582128,STOP,-0.010065726795821281
2025-04-07,ABB.ST,0,0.004150337406565674,EOD,0.00025033740656567414
2025-04-08,ABB.ST,1,0.008172660931937248,EOD,0.004272660931937248
2025-04-15,ABB.ST,0,0.008208220427458723,EOD,0.0043082204274587236
2025-04-23,ABB.ST,0,-0.006860358867256,EOD,-0.010760358867256
2025-04-25,ABB.ST,1,0.005976095617529875,EOD,0.0020760956175298753
2025-04-28,ABB.ST,5,-0.0011857828132719739,EOD,-0.005085782813271974
2025-04-30,ABB.ST,0,-0.012088795144136855,STOP,-0.015988795144136855
2025-05-02,ABB.ST,3,0.004198496578303956,EOD,0.00029849657830395646
2025-05-05,ABB.ST,0,0.008371431922456596,EOD,0.004471431922456596
2025-05-07,ABB.ST,1,0.0007715342593941354,EOD,-0.0031284657406058644
2025-05-08,ABB.ST,0,-0.004905614313089668,EOD,-0.008805614313089669
2025-05-12,ABB.ST,0,0.001479927606836906,EOD,-0.0024200723931630938
2025-05-14,ABB.ST,5,-0.001461543281773503,EOD,-0.005361543281773503
2025-05-15,ABB.ST,0,0.01611719376001597,EOD,0.012217193760015968
2025-05-19,ABB.ST,7,0.00036196807211785753,EOD,-0.0035380319278821423
2025-05-20,ABB.ST,0,0.004698184805268735,EOD,0.0007981848052687349
2025-05-22,ABB.ST,0,-0.006197527397398983,STOP,-0.010097527397398984
2025-05-26,ABB.ST,2,-0.004723903535181817,STOP,-0.008623903535181818
2025-05-27,ABB.ST,0,0.011260465822638954,EOD,0.007360465822638954
2025-05-28,ABB.ST,0,-0.00789089593177017,STOP,-0.01179089593177017
2025-05-30,ABB.ST,0,-0.015936232521612914,STOP,-0.019836232521612915
2025-06-02,ABB.ST,7,-0.0036995932118425445,EOD,-0.007599593211842544
2025-06-03,ABB.ST,5,0.003680529830959456,EOD,-0.00021947016904054397
2025-06-04,ABB.ST,0,0.005828801834300901,EOD,0.0019288018343009009
2025-06-05,ABB.ST,0,-0.005757488804089772,EOD,-0.009657488804089773
2025-06-09,ABB.ST,0,-0.0010818168271710116,EOD,-0.004981816827171011
2025-06-10,ABB.ST,0,-0.0007168896309364126,EOD,-0.004616889630936412
2025-06-11,ABB.ST,0,-0.00750527404415513,STOP,-0.011405274044155131
2025-06-12,ABB.ST,4,0.009458007134385937,EOD,0.0055580071343859375
2025-06-13,ABB.ST,0,-0.005351409437477028,EOD,-0.009251409437477029
2025-06-16,ABB.ST,0,0.012464388006243388,EOD,0.008564388006243387
2025-06-17,ABB.ST,0,-0.01318137529791874,STOP,-0.01708137529791874
2025-06-18,ABB.ST,0,-0.005359056922862093,STOP,-0.009259056922862094
2025-06-19,ABB.ST,0,0.0025225665118242535,EOD,-0.0013774334881757463
2025-06-26,ABB.ST,0,-0.005893208484403778,STOP,-0.009793208484403779
2025-06-27,ABB.ST,1,0.016863945043395834,EOD,0.012963945043395833
2025-07-02,ABB.ST,0,0.009625711968025863,EOD,0.005725711968025863
2025-07-03,ABB.ST,0,-0.006302584986270787,STOP,-0.010202584986270788
2025-07-09,ABB.ST,0,0.003551136286667589,EOD,-0.00034886371333241097
2025-07-10,ABB.ST,0,0.0017476406477918704,EOD,-0.0021523593522081294
2025-07-14,ABB.ST,0,0.007027406736149322,EOD,0.003127406736149322
2025-07-15,ABB.ST,0,0.0034423407917383297,EOD,-0.0004576592082616701
2025-07-16,ABB.ST,3,-0.006842285609045429,STOP,-0.01074228560904543
2025-07-17,ABB.ST,5,0.010580373116782171,EOD,0.0066803731167821715
2025-07-21,ABB.ST,0,-0.009360374414976613,STOP,-0.013260374414976614
2025-07-23,ABB.ST,0,0.006696447903838498,EOD,0.0027964479038384985
2025-07-24,ABB.ST,0,-0.008077061673855579,STOP,-0.01197706167385558
2025-07-25,ABB.ST,4,-0.0018808968762245026,EOD,-0.0057808968762245025
2025-07-29,ABB.ST,0,-0.005322422423101436,STOP,-0.009222422423101437
2025-07-30,ABB.ST,0,0.0034418212844442575,EOD,-0.0004581787155557423
2025-08-04,ABB.ST,0,0.0022117289321681444,EOD,-0.0016882710678318555
2025-08-07,ABB.ST,0,-0.00031607492239194013,EOD,-0.00421607492239194
2025-08-08,ABB.ST,0,0.004094449741633754,EOD,0.0001944497416337546
2025-08-12,ABB.ST,0,0.0031328319603929344,EOD,-0.0007671680396070654
2025-08-13,ABB.ST,0,-0.005581357497577488,STOP,-0.009481357497577489
2025-08-14,ABB.ST,7,-0.0009336688589046682,EOD,-0.004833668858904668
2025-08-19,ABB.ST,4,0.005937480926513583,EOD,0.0020374809265135832
2025-08-20,ABB.ST,0,-0.00467144182960999,EOD,-0.008571441829609991
2025-08-22,ABB.ST,0,0.010695168171634073,EOD,0.006795168171634073
2025-08-25,ABB.ST,2,-0.0024976204291516924,EOD,-0.006397620429151692
2025-08-26,ABB.ST,4,0.0015566624564065101,EOD,-0.0023433375435934897
2025-09-03,ABB.ST,0,-0.00031808557715351515,EOD,-0.004218085577153515
2025-09-04,ABB.ST,0,0.005584915850828764,EOD,0.0016849158508287646
2025-09-05,ABB.ST,5,-0.007368818925732601,STOP,-0.011268818925732602
2025-09-08,ABB.ST,4,0.004879555148819881,EOD,0.000979555148819881
2025-09-11,ABB.ST,2,0.0,EOD,-0.0039
2025-09-12,ABB.ST,5,-0.0020977290423260797,EOD,-0.0059977290423260795
2025-09-16,ABB.ST,0,-0.006304431297017188,STOP,-0.010204431297017189
2025-09-18,ABB.ST,0,-0.0033251983873285873,EOD,-0.007225198387328587
2025-09-19,ABB.ST,0,0.0,EOD,-0.0039
2025-09-22,ABB.ST,0,0.0017991187511712248,EOD,-0.002100881248828775
2025-09-24,ABB.ST,0,-0.008026105048872134,STOP,-0.011926105048872135
2025-09-26,ABB.ST,0,-0.002088341830366325,EOD,-0.005988341830366325
2025-09-29,ABB.ST,1,-0.003846117730676779,EOD,-0.007746117730676779
2025-09-30,ABB.ST,0,-0.006211198064494217,STOP,-0.010111198064494217
2025-10-01,ABB.ST,1,0.0017783228048893207,EOD,-0.002121677195110679
2025-10-02,ABB.ST,1,0.003496450019731423,EOD,-0.0004035499802685768
2025-10-03,ABB.ST,0,-0.005467608335206875,STOP,-0.009367608335206876
2025-10-06,ABB.ST,1,0.0005757403872921341,EOD,-0.0033242596127078658
2025-10-07,ABB.ST,1,-0.005480312509847596,STOP,-0.009380312509847596
2025-10-09,ABB.ST,3,-0.002575089832573374,EOD,-0.006475089832573374
2025-10-10,ABB.ST,5,-0.006312804037392428,STOP,-0.010212804037392428
2025-10-13,ABB.ST,7,0.001152056112964317,EOD,-0.002747943887035683
2025-10-14,ABB.ST,5,0.003749604116519256,EOD,-0.00015039588348074364
2025-10-15,ABB.ST,0,-0.004557123542298869,STOP,-0.00845712354229887
2025-10-17,ABB.ST,2,-0.004873800885744739,EOD,-0.00877380088574474
2025-10-22,ABB.ST,0,-0.006918402821305736,STOP,-0.010818402821305736
2025-10-23,ABB.ST,4,-0.004957660308288925,STOP,-0.008857660308288925
2025-10-24,ABB.ST,0,0.0034542666324537397,EOD,-0.00044573336754626016
2025-10-28,ABB.ST,0,0.00142369015552668,EOD,-0.0024763098444733197
2025-10-30,ABB.ST,0,-0.004240881957114584,EOD,-0.008140881957114585
2025-11-04,ABB.ST,5,-0.004054427877141387,EOD,-0.007954427877141387
2025-11-06,ABB.ST,6,-0.006810832772895514,EOD,-0.010710832772895515
2025-11-10,ABB.ST,0,-0.0020771875579562726,EOD,-0.0059771875579562725
2025-11-11,ABB.ST,0,-0.0026642804292698052,STOP,-0.006564280429269805
2025-11-12,ABB.ST,0,0.0023543800449878916,EOD,-0.0015456199550121083
2025-11-14,ABB.ST,0,0.007500750349720642,EOD,0.003600750349720642
2025-11-17,ABB.ST,5,-0.006253649976998177,STOP,-0.010153649976998178
2025-11-18,ABB.ST,5,-0.01383763785696035,STOP,-0.01773763785696035
2025-11-19,ABB.ST,1,0.0055987178630443335,EOD,0.0016987178630443337
2025-11-20,ABB.ST,0,-0.006632535803640871,EOD,-0.010532535803640872
2025-11-21,ABB.ST,0,-0.005225889189196753,EOD,-0.009125889189196754
2025-11-24,ABB.ST,4,0.005178228054346867,EOD,0.0012782280543468675
2025-11-25,ABB.ST,3,-0.005449554524649236,STOP,-0.009349554524649237
2025-11-26,ABB.ST,4,0.005697133122891662,EOD,0.0017971331228916624
2025-11-27,ABB.ST,1,0.0011865733884370844,EOD,-0.0027134266115629154
2025-11-28,ABB.ST,0,0.00323912274365612,EOD,-0.00066087725634388
2025-12-01,ABB.ST,0,-0.00591715976331364,STOP,-0.00981715976331364
2025-12-02,ABB.ST,0,-0.002949852507374673,EOD,-0.006849852507374673
2025-12-04,ABB.ST,6,-0.0014624159371917633,EOD,-0.005362415937191763
2025-12-05,ABB.ST,0,-0.006086974213088792,EOD,-0.009986974213088792
2025-12-08,ABB.ST,1,0.0014492753623187582,EOD,-0.0024507246376812416
2025-12-11,ABB.ST,5,-0.003206080104771969,EOD,-0.007106080104771969
2025-12-12,ABB.ST,0,-0.011258643086609954,STOP,-0.015158643086609955
2025-12-15,ABB.ST,0,0.005851375282117877,EOD,0.0019513752821178768
2025-12-16,ABB.ST,0,-0.005256973788127284,EOD,-0.009156973788127284
2025-12-18,ABB.ST,0,0.011929615704220575,EOD,0.008029615704220575
2025-12-19,ABB.ST,0,-0.007042235863993995,STOP,-0.010942235863993996
2025-12-22,ABB.ST,0,-0.005544278804736846,STOP,-0.009444278804736847
2025-12-23,ABB.ST,2,-0.0008725648738224789,EOD,-0.004772564873822479
2025-12-29,ABB.ST,5,-0.0026110367919625066,EOD,-0.006511036791962506
2025-12-30,ABB.ST,0,0.004660664609404286,EOD,0.000760664609404286
2026-01-09,ABB.ST,2,-0.0028885036532060315,EOD,-0.006788503653206031
2026-01-12,ABB.ST,6,0.00287438924272454,EOD,-0.00102561075727546
2026-01-14,ABB.ST,0,-0.007986361271540177,STOP,-0.011886361271540177
2026-01-15,ABB.ST,5,0.002264416468125363,EOD,-0.0016355835318746367
2026-01-16,ABB.ST,7,-0.0008446461155300344,EOD,-0.004744646115530034
2026-01-20,ABB.ST,6,0.0002890349812589843,EOD,-0.0036109650187410155
2026-01-23,ABB.ST,0,0.002941176470588225,EOD,-0.000958823529411775
2026-01-26,ABB.ST,0,0.006101032863050637,EOD,0.0022010328630506374
2026-01-27,ABB.ST,2,-0.0014116317977644899,EOD,-0.00531163179776449
2026-01-29,ABB.ST,0,-0.0036505707861391734,EOD,-0.007550570786139173
2026-01-30,ABB.ST,5,-0.004159100734976273,EOD,-0.008059100734976274
2026-02-04,ABB.ST,1,-0.011403953194109917,EOD,-0.015303953194109918
2026-02-06,ABB.ST,3,0.005161290322580614,EOD,0.0012612903225806141
2026-02-09,ABB.ST,2,0.011173246699986539,EOD,0.007273246699986539
2026-02-10,ABB.ST,0,-0.006246876371174825,STOP,-0.010146876371174826
2026-02-11,ABB.ST,1,0.003760340995114797,EOD,-0.0001396590048852028
2026-02-12,ABB.ST,5,-0.00861432464965628,STOP,-0.01251432464965628
2026-02-13,ABB.ST,6,0.00665847646616835,EOD,0.0027584764661683506
2026-02-16,ABB.ST,0,-0.0012204051381559111,EOD,-0.005120405138155911
2026-02-18,ABB.ST,0,0.010309308468223533,EOD,0.006409308468223533
2026-02-20,ABB.ST,0,-0.006570897370549278,STOP,-0.010470897370549279
2026-02-23,ABB.ST,5,-0.0024425989616717603,EOD,-0.00634259896167176
2026-02-24,ABB.ST,1,0.009030953329782765,EOD,0.005130953329782765
2026-02-25,ABB.ST,0,-0.00047853958452714895,EOD,-0.004378539584527149
2026-02-26,ABB.ST,0,-0.007864676507494561,STOP,-0.011764676507494562
2026-02-27,ABB.ST,0,0.002138260654633628,EOD,-0.0017617393453663718
2026-03-04,ABB.ST,1,-0.001746025692466957,EOD,-0.005646025692466957
2026-03-05,ABB.ST,0,-0.007460830525895856,STOP,-0.011360830525895857
2026-03-09,ABB.ST,0,0.015315520480622347,EOD,0.011415520480622346
2026-03-12,ABB.ST,0,-0.011700303869069617,STOP,-0.015600303869069618
2026-03-13,ABB.ST,1,-0.01071514558626685,STOP,-0.01461514558626685
2026-03-16,ABB.ST,4,-0.005288355757335883,EOD,-0.009188355757335884
2026-03-17,ABB.ST,3,-0.0002538870400233817,EOD,-0.0041538870400233815
2026-03-18,ABB.ST,0,-0.008180435902077732,EOD,-0.012080435902077732
2026-03-20,ABB.ST,3,-0.00791213803604185,STOP,-0.01181213803604185
2026-03-23,ABB.ST,2,0.03302010145763412,EOD,0.02912010145763412
2026-03-24,ABB.ST,6,0.003108839914588657,EOD,-0.0007911600854113429
2026-03-25,ABB.ST,0,-0.0025265286276943133,EOD,-0.006426528627694313
2026-03-30,ABB.ST,0,-0.003212884088437118,EOD,-0.007112884088437118
2026-03-31,ABB.ST,0,-0.00026597367956282536,EOD,-0.004165973679562825
2026-04-02,ABB.ST,0,-0.004664389275558234,EOD,-0.008564389275558235
2026-04-07,ABB.ST,0,-0.006931995396742607,STOP,-0.010831995396742608
2026-04-09,ABB.ST,1,0.01163633404356057,EOD,0.00773633404356057
2026-04-10,ABB.ST,1,-0.0004738502822532187,EOD,-0.0043738502822532185
2026-04-13,ABB.ST,1,0.00478354453672214,EOD,0.0008835445367221398
2026-04-14,ABB.ST,0,0.0009420487299447444,EOD,-0.0029579512700552554
2026-04-15,ABB.ST,0,-0.0014127762803621824,EOD,-0.005312776280362182
2026-04-16,ABB.ST,3,-0.0053851984960857635,STOP,-0.009285198496085764
2026-04-17,ABB.ST,0,0.03310637780131698,EOD,0.029206377801316977
2026-04-20,ABB.ST,0,-0.011818209561434645,STOP,-0.015718209561434646
2026-04-23,ABB.ST,0,0.012992719262680197,EOD,0.009092719262680196
2026-04-24,ABB.ST,3,0.004830944744218302,EOD,0.000930944744218302
2026-04-27,ABB.ST,3,-0.0069899121336374215,STOP,-0.010889912133637422
2026-04-28,ABB.ST,1,-0.006804227528502849,STOP,-0.01070422752850285
2026-04-29,ABB.ST,0,-0.007305774233706153,STOP,-0.011205774233706153
2026-04-30,ABB.ST,0,0.006603566103037473,EOD,0.0027035661030374728
2026-05-04,ABB.ST,1,-0.011516301912506521,EOD,-0.015416301912506522
2026-05-05,ABB.ST,0,0.021199130399324195,EOD,0.017299130399324195
2026-05-06,ABB.ST,0,0.0024640907741915186,EOD,-0.0014359092258084813
2026-05-08,ABB.ST,1,0.009527767646688945,EOD,0.005627767646688945
2026-05-11,ABB.ST,3,0.005679488423871781,EOD,0.0017794884238717815
2026-05-12,ABB.ST,0,-0.010543414595148959,STOP,-0.01444341459514896
2026-05-13,ABB.ST,0,-0.009330641183601718,STOP,-0.013230641183601718
2026-05-18,ABB.ST,0,-0.011009161868469675,STOP,-0.014909161868469675
2026-05-19,ABB.ST,0,-0.016175253880446938,STOP,-0.02007525388044694
2026-05-20,ABB.ST,2,0.0031230481743143024,EOD,-0.0007769518256856974
2026-05-21,ABB.ST,0,0.0049352754972393775,EOD,0.0010352754972393777
2026-05-22,ABB.ST,0,0.003419110313185758,EOD,-0.00048088968681424173
2026-05-25,ABB.ST,7,0.0004955401387511937,EOD,-0.003404459861248806
2026-05-26,ABB.ST,5,-0.0014866204162536922,EOD,-0.005386620416253692
2026-05-29,ABB.ST,2,0.001621439644190037,EOD,-0.002278560355809963
2026-06-01,ABB.ST,0,-0.007218780861030116,STOP,-0.011118780861030117
2026-06-02,ABB.ST,1,0.014940239043824688,EOD,0.011040239043824687
2026-06-03,ABB.ST,1,-0.002453385672227637,EOD,-0.006353385672227637
2026-06-08,ABB.ST,3,0.0004094415701765275,EOD,-0.0034905584298234723
2026-06-09,ABB.ST,0,-0.00652797251600179,STOP,-0.01042797251600179
2026-06-10,ABB.ST,5,-0.007946504001555055,STOP,-0.011846504001555055
2026-06-11,ABB.ST,0,0.0033229617933865363,EOD,-0.0005770382066134635
2026-06-15,ABB.ST,0,-0.007886741954467924,STOP,-0.011786741954467925
2026-06-16,ABB.ST,0,-0.002014504456679167,EOD,-0.005914504456679167
2026-06-17,ABB.ST,0,0.007964161274265802,EOD,0.004064161274265802
2026-06-18,ABB.ST,1,0.0024166263895601947,EOD,-0.0014833736104398051
2026-06-22,ABB.ST,0,0.016369764082811766,EOD,0.012469764082811766
2026-06-24,ABB.ST,2,-0.012464046021092967,STOP,-0.016364046021092968
2026-06-29,ABB.ST,0,-0.004904364884747436,STOP,-0.008804364884747437
2026-06-30,ABB.ST,1,-0.0023786869647954845,EOD,-0.006278686964795484
2026-07-01,ABB.ST,1,-0.014657210401891274,STOP,-0.018557210401891275
2026-07-02,ABB.ST,0,-0.0058422590068160085,EOD,-0.00974225900681601
2026-07-03,ABB.ST,4,0.007684918347742542,EOD,0.003784918347742542
2023-08-08,ADDT-B.ST,2,-0.009013850222773456,STOP,-0.012913850222773457
2023-08-10,ADDT-B.ST,0,0.009989533048154975,EOD,0.006089533048154975
2023-08-14,ADDT-B.ST,0,-0.001043280915107081,EOD,-0.004943280915107081
2023-08-16,ADDT-B.ST,0,0.0,EOD,-0.0039
2023-08-18,ADDT-B.ST,7,0.001095273502503602,EOD,-0.002804726497496398
2023-08-21,ADDT-B.ST,1,-0.008705147317462636,STOP,-0.012605147317462637
2023-08-23,ADDT-B.ST,0,-0.004870179331227464,EOD,-0.008770179331227465
2023-08-25,ADDT-B.ST,0,-0.004991731225956086,EOD,-0.008891731225956087
2023-08-29,ADDT-B.ST,2,0.009782625281292479,EOD,0.005882625281292479
2023-09-01,ADDT-B.ST,1,-0.003227492546668209,EOD,-0.007127492546668209
2023-09-04,ADDT-B.ST,0,-0.0015957609136053597,EOD,-0.0054957609136053595
2023-09-05,ADDT-B.ST,1,-0.006349190202339594,EOD,-0.010249190202339595
2023-09-06,ADDT-B.ST,1,0.0010609917678630065,EOD,-0.0028390082321369933
2023-09-08,ADDT-B.ST,5,-0.005885451474844872,EOD,-0.009785451474844872
2023-09-13,ADDT-B.ST,3,-0.011223344748882869,STOP,-0.01512334474888287
2023-09-14,ADDT-B.ST,5,0.0039325671249561545,EOD,3.256712495615464e-05
2023-09-15,ADDT-B.ST,1,-0.012087895320011977,STOP,-0.015987895320011977
2023-09-20,ADDT-B.ST,0,0.013589998944154136,EOD,0.009689998944154135
2023-09-21,ADDT-B.ST,5,-0.008465011432467029,STOP,-0.01236501143246703
2023-09-25,ADDT-B.ST,5,0.0005726852304190899,EOD,-0.00332731476958091
2023-09-27,ADDT-B.ST,0,-0.008571428571428563,EOD,-0.012471428571428564
2023-09-28,ADDT-B.ST,0,-0.007437088266942893,STOP,-0.011337088266942894
2023-09-29,ADDT-B.ST,0,-0.011242271324437225,STOP,-0.015142271324437226
2023-10-02,ADDT-B.ST,0,0.0005682164972478088,EOD,-0.003331783502752191
2023-10-03,ADDT-B.ST,1,-0.013682975940699116,STOP,-0.017582975940699117
2023-10-05,ADDT-B.ST,0,-0.005134108041103147,EOD,-0.009034108041103148
2023-10-09,ADDT-B.ST,1,-0.01567032443656502,EOD,-0.01957032443656502
2023-10-10,ADDT-B.ST,0,0.005730659025787954,EOD,0.0018306590257879543
2023-10-11,ADDT-B.ST,5,-0.006810425476878268,EOD,-0.010710425476878269
2023-10-12,ADDT-B.ST,0,-0.017524710296105694,STOP,-0.021424710296105695
2023-10-18,ADDT-B.ST,0,-0.015499069762557882,STOP,-0.019399069762557883
2023-10-20,ADDT-B.ST,0,-0.0019366546467989298,EOD,-0.00583665464679893
2023-10-23,ADDT-B.ST,0,-0.00834405023295115,STOP,-0.01224405023295115
2023-10-25,ADDT-B.ST,1,0.0037759982791849556,EOD,-0.00012400172081504426
2023-10-26,ADDT-B.ST,0,0.0006301581943208845,EOD,-0.0032698418056791153
2023-10-27,ADDT-B.ST,7,0.001243762092329126,EOD,-0.002656237907670874
2023-10-30,ADDT-B.ST,0,-0.012239902537983127,STOP,-0.016139902537983128
2023-10-31,ADDT-B.ST,7,-0.0024420582895047227,EOD,-0.0063420582895047225
2023-11-02,ADDT-B.ST,1,0.00917431192660545,EOD,0.00527431192660545
2023-11-07,ADDT-B.ST,1,0.01583575922722691,EOD,0.011935759227226908
2023-11-08,ADDT-B.ST,2,-0.004640300587534174,EOD,-0.008540300587534175
2023-11-09,ADDT-B.ST,4,0.006932391137667526,EOD,0.0030323911376675264
2023-11-14,ADDT-B.ST,0,0.0776470408720129,EOD,0.0737470408720129
2023-11-15,ADDT-B.ST,0,-0.004232820379670987,EOD,-0.008132820379670988
2023-11-17,ADDT-B.ST,0,0.0005230444828023817,EOD,-0.003376955517197618
2023-11-20,ADDT-B.ST,0,0.01725040773190667,EOD,0.013350407731906669
2023-11-22,ADDT-B.ST,1,-0.009557389970355157,EOD,-0.013457389970355157
2023-11-23,ADDT-B.ST,0,-0.0065822939329509556,EOD,-0.010482293932950956
2023-11-24,ADDT-B.ST,3,0.002979176373878234,EOD,-0.0009208236261217658
2023-11-27,ADDT-B.ST,0,-0.0156097412109375,STOP,-0.0195097412109375
2023-11-29,ADDT-B.ST,0,-0.013446199737089826,STOP,-0.017346199737089826
2023-11-30,ADDT-B.ST,4,-0.014170055492260358,STOP,-0.01807005549226036
2023-12-01,ADDT-B.ST,0,0.002554931056704346,EOD,-0.0013450689432956539
2023-12-05,ADDT-B.ST,0,0.03384618514623394,EOD,0.029946185146233942
2023-12-06,ADDT-B.ST,0,0.014619883258364164,EOD,0.010719883258364163
2023-12-07,ADDT-B.ST,0,0.0038647490423082687,EOD,-3.5250957691731165e-05
2023-12-08,ADDT-B.ST,0,-0.011417668560077754,STOP,-0.015317668560077755
2023-12-11,ADDT-B.ST,0,0.010436418009453385,EOD,0.0065364180094533856
2023-12-13,ADDT-B.ST,5,-0.008411229213821536,EOD,-0.012311229213821537
2023-12-14,ADDT-B.ST,1,0.009883184581851001,EOD,0.005983184581851001
2023-12-15,ADDT-B.ST,0,-0.0008771795975534014,EOD,-0.004777179597553401
2023-12-18,ADDT-B.ST,0,-0.018453480203867056,STOP,-0.022353480203867057
2023-12-19,ADDT-B.ST,0,-0.007887831182425753,EOD,-0.011787831182425754
2023-12-22,ADDT-B.ST,3,0.0,EOD,-0.0039
2024-01-08,ADDT-B.ST,3,0.003762877563508793,EOD,-0.00013712243649120683
2024-01-16,ADDT-B.ST,0,0.0,EOD,-0.0039
2024-01-17,ADDT-B.ST,0,-0.009756097560975618,EOD,-0.013656097560975619
2024-01-18,ADDT-B.ST,0,0.0029041182333069404,EOD,-0.0009958817666930594
2024-01-23,ADDT-B.ST,1,-0.007699740519816589,STOP,-0.01159974051981659
2024-01-24,ADDT-B.ST,2,-0.004803074037741717,EOD,-0.008703074037741718
2024-01-25,ADDT-B.ST,0,0.011494223474170395,EOD,0.007594223474170395
2024-01-26,ADDT-B.ST,3,0.0028462563379529904,EOD,-0.0010537436620470094
2024-01-29,ADDT-B.ST,5,0.0028382503350943278,EOD,-0.001061749664905672
2024-01-30,ADDT-B.ST,0,-0.010232543945312478,STOP,-0.014132543945312478
2024-01-31,ADDT-B.ST,2,0.0037105184152204096,EOD,-0.00018948158477959023
2024-02-01,ADDT-B.ST,0,0.041095890410958846,EOD,0.037195890410958846
2024-02-06,ADDT-B.ST,7,0.004452359629674829,EOD,0.0005523596296748293
2024-02-07,ADDT-B.ST,0,0.03037973395882787,EOD,0.02647973395882787
2024-02-08,ADDT-B.ST,5,-0.004101722672200769,EOD,-0.00800172267220077
2024-02-09,ADDT-B.ST,0,-0.00654131669497382,EOD,-0.01044131669497382
2024-02-13,ADDT-B.ST,0,-0.012531328640288941,STOP,-0.016431328640288942
2024-02-16,ADDT-B.ST,0,-0.0008431574654945706,EOD,-0.00474315746549457
2024-02-19,ADDT-B.ST,0,-0.007620673475928319,STOP,-0.01152067347592832
2024-02-20,ADDT-B.ST,0,-0.009282687545325685,STOP,-0.013182687545325686
2024-02-21,ADDT-B.ST,0,-0.011082719675499009,STOP,-0.01498271967549901
2024-02-23,ADDT-B.ST,4,-0.010152258707482376,STOP,-0.014052258707482376
2024-03-01,ADDT-B.ST,7,-0.0017226266224866782,EOD,-0.005622626622486678
2024-03-05,ADDT-B.ST,0,-0.007798973258046904,STOP,-0.011698973258046905
2024-03-06,ADDT-B.ST,7,-0.0026455295213496655,EOD,-0.006545529521349665
2024-03-07,ADDT-B.ST,1,0.016000027126736205,EOD,0.012100027126736204
2024-03-08,ADDT-B.ST,0,0.01650739835853332,EOD,0.01260739835853332
2024-03-12,ADDT-B.ST,3,-0.013054830113837346,STOP,-0.016954830113837346
2024-03-13,ADDT-B.ST,2,0.0017108378582690875,EOD,-0.0021891621417309123
2024-03-14,ADDT-B.ST,1,-0.003398418919758117,EOD,-0.007298418919758117
2024-03-15,ADDT-B.ST,0,0.003389843439651763,EOD,-0.0005101565603482369
2024-03-18,ADDT-B.ST,1,-0.006728368725745448,EOD,-0.010628368725745449
2024-03-19,ADDT-B.ST,1,0.013547828067683731,EOD,0.00964782806768373
2024-03-20,ADDT-B.ST,0,0.01089685992547107,EOD,0.00699685992547107
2024-03-21,ADDT-B.ST,1,-0.008130081300813052,STOP,-0.012030081300813053
2024-03-22,ADDT-B.ST,0,0.0024252470425147887,EOD,-0.001474752957485211
2024-03-25,ADDT-B.ST,0,-0.011208979253605755,STOP,-0.015108979253605756
2024-03-27,ADDT-B.ST,0,-0.007275617774355703,STOP,-0.011175617774355703
2024-04-02,ADDT-B.ST,0,-0.009031248571054529,EOD,-0.01293124857105453
2024-04-05,ADDT-B.ST,3,0.005059009121758162,EOD,0.0011590091217581625
2024-04-08,ADDT-B.ST,0,0.004166666666666652,EOD,0.00026666666666665204
2024-04-09,ADDT-B.ST,3,-0.007475095635156248,STOP,-0.011375095635156249
2024-04-10,ADDT-B.ST,0,-0.013125500033578152,STOP,-0.017025500033578153
2024-04-15,ADDT-B.ST,0,-0.0017346450333304286,EOD,-0.0056346450333304285
2024-04-16,ADDT-B.ST,2,-0.0017543591951069137,EOD,-0.0056543591951069136
2024-04-17,ADDT-B.ST,0,-0.00784650322955538,STOP,-0.01174650322955538
2024-04-18,ADDT-B.ST,1,-0.006118921051573301,STOP,-0.010018921051573301
2024-04-19,ADDT-B.ST,2,0.0026361635704599262,EOD,-0.0012638364295400736
2024-04-23,ADDT-B.ST,0,0.013852800641741103,EOD,0.009952800641741102
2024-04-24,ADDT-B.ST,0,0.011804397503296649,EOD,0.007904397503296648
2024-04-26,ADDT-B.ST,1,0.013066201743250128,EOD,0.009166201743250127
2024-04-30,ADDT-B.ST,1,0.00866551115058467,EOD,0.004765511150584671
2024-05-02,ADDT-B.ST,0,-0.01643599957576347,STOP,-0.020335999575763472
2024-05-03,ADDT-B.ST,0,0.01041670667904504,EOD,0.00651670667904504
2024-05-08,ADDT-B.ST,0,0.0016820600981966027,EOD,-0.002217939901803397
2024-05-10,ADDT-B.ST,1,0.013355579577321475,EOD,0.009455579577321474
2024-05-14,ADDT-B.ST,4,-0.004970989969273809,STOP,-0.00887098996927381
2024-05-15,ADDT-B.ST,0,-0.006661077706305418,STOP,-0.010561077706305419
2024-05-17,ADDT-B.ST,0,0.01383235904911051,EOD,0.009932359049110509
2024-05-20,ADDT-B.ST,0,0.01435403030670468,EOD,0.010454030306704679
2024-05-21,ADDT-B.ST,1,0.0,EOD,-0.0039
2024-05-22,ADDT-B.ST,4,0.003855050206358346,EOD,-4.494979364165399e-05
2024-05-23,ADDT-B.ST,1,-0.00763941976033089,EOD,-0.01153941976033089
2024-05-24,ADDT-B.ST,0,-0.0007727268117689867,EOD,-0.0046727268117689865
2024-05-27,ADDT-B.ST,6,-0.003088755957408318,EOD,-0.006988755957408318
2024-05-30,ADDT-B.ST,0,-0.004934198039885596,STOP,-0.008834198039885596
2024-05-31,ADDT-B.ST,0,0.010594972160481664,EOD,0.006694972160481664
2024-06-04,ADDT-B.ST,0,-0.015510216537786947,STOP,-0.019410216537786948
2024-06-05,ADDT-B.ST,0,-0.001632628148915849,EOD,-0.005532628148915849
2024-06-11,ADDT-B.ST,2,0.006269556676566257,EOD,0.002369556676566257
2024-06-12,ADDT-B.ST,0,0.03849114884473703,EOD,0.03459114884473703
2024-06-17,ADDT-B.ST,5,0.009870942155516538,EOD,0.005970942155516538
2024-06-19,ADDT-B.ST,6,-0.00149922756666232,EOD,-0.00539922756666232
2024-06-20,ADDT-B.ST,0,0.0007380524244695597,EOD,-0.00316194757553044
2024-06-25,ADDT-B.ST,0,-0.012715011122253705,STOP,-0.016615011122253706
2024-06-26,ADDT-B.ST,0,-0.0015048680017093474,EOD,-0.005404868001709347
2024-06-27,ADDT-B.ST,6,-0.0037678975998395314,EOD,-0.007667897599839531
2024-07-03,ADDT-B.ST,0,-0.00898874118533477,STOP,-0.01288874118533477
2024-07-04,ADDT-B.ST,0,0.003723008106018444,EOD,-0.00017699189398155592
2024-07-05,ADDT-B.ST,3,-0.00877832461617778,STOP,-0.01267832461617778
2024-07-08,ADDT-B.ST,0,-0.0014684064076608827,EOD,-0.0053684064076608825
2024-07-11,ADDT-B.ST,0,0.013542365325419414,EOD,0.009642365325419414
2024-07-12,ADDT-B.ST,0,0.030605832040482284,EOD,0.026705832040482283
2024-07-15,ADDT-B.ST,1,-0.0060864271541429815,EOD,-0.009986427154142982
2024-07-16,ADDT-B.ST,7,0.0012240649602346387,EOD,-0.002675935039765361
2024-07-17,ADDT-B.ST,5,-0.0133333148378314,STOP,-0.0172333148378314
2024-07-18,ADDT-B.ST,0,0.01501501501501501,EOD,0.011115015015015009
2024-07-19,ADDT-B.ST,6,0.001182015081852228,EOD,-0.002717984918147772
2024-07-22,ADDT-B.ST,1,0.001177838307701462,EOD,-0.002722161692298538
2024-07-24,ADDT-B.ST,2,-0.0011750702222574905,EOD,-0.00507507022225749
2024-07-26,ADDT-B.ST,0,0.007710484851172428,EOD,0.003810484851172428
2024-07-30,ADDT-B.ST,1,0.0029342724055714253,EOD,-0.0009657275944285745
2024-07-31,ADDT-B.ST,0,-0.0005794096174923657,EOD,-0.004479409617492366
2024-08-01,ADDT-B.ST,3,-0.00635841678332727,STOP,-0.01025841678332727
2024-08-05,ADDT-B.ST,0,-0.010210535264113862,EOD,-0.014110535264113863
2024-08-07,ADDT-B.ST,0,-0.010113722348869758,STOP,-0.014013722348869759
2024-08-08,ADDT-B.ST,3,0.009505703238218643,EOD,0.005605703238218644
2024-08-09,ADDT-B.ST,0,-0.006828094735197077,STOP,-0.010728094735197077
2024-08-12,ADDT-B.ST,6,-0.007398255060541703,STOP,-0.011298255060541704
2024-08-19,ADDT-B.ST,0,0.0037429247242923847,EOD,-0.00015707527570761517
2024-08-20,ADDT-B.ST,0,-0.01109059160759096,STOP,-0.014990591607590961
2024-08-21,ADDT-B.ST,0,-0.012955003235314955,STOP,-0.016855003235314955
2024-08-22,ADDT-B.ST,0,0.0037013622586998807,EOD,-0.00019863774130011915
2024-08-23,ADDT-B.ST,3,0.003076923076922977,EOD,-0.0008230769230770226
2024-08-28,ADDT-B.ST,1,-0.0012292375660327703,EOD,-0.00512923756603277
2024-08-30,ADDT-B.ST,0,-0.01092234841277584,STOP,-0.01482234841277584
2024-09-02,ADDT-B.ST,1,0.02151198565242396,EOD,0.01761198565242396
2024-09-03,ADDT-B.ST,0,-0.00720295416007144,STOP,-0.01110295416007144
2024-09-04,ADDT-B.ST,4,-0.0006253336369186346,EOD,-0.0045253336369186345
2024-09-06,ADDT-B.ST,0,-0.009842520079225592,STOP,-0.013742520079225592
2024-09-09,ADDT-B.ST,0,-0.006506181001010303,STOP,-0.010406181001010303
2024-09-12,ADDT-B.ST,0,-0.0025806057837701735,EOD,-0.006480605783770173
2024-09-16,ADDT-B.ST,0,-0.005154658940003776,STOP,-0.009054658940003776
2024-09-19,ADDT-B.ST,0,0.0019493376455856914,EOD,-0.0019506623544143084
2024-09-25,ADDT-B.ST,2,0.0026701861704647722,EOD,-0.0012298138295352276
2024-09-27,ADDT-B.ST,1,-0.005909449358103891,EOD,-0.009809449358103892
2024-09-30,ADDT-B.ST,5,0.0013167361097299324,EOD,-0.0025832638902700674
2024-10-02,ADDT-B.ST,0,0.012599428766803422,EOD,0.008699428766803421
2024-10-03,ADDT-B.ST,3,-0.0026299088706229767,EOD,-0.0065299088706229766
2024-10-04,ADDT-B.ST,4,-0.01185772737530233,EOD,-0.01575772737530233
2024-10-09,ADDT-B.ST,0,0.010673823673538863,EOD,0.006773823673538863
2024-10-11,ADDT-B.ST,0,0.010135135135135087,EOD,0.006235135135135087
2024-10-14,ADDT-B.ST,6,0.0046822538343958,EOD,0.0007822538343958
2024-10-15,ADDT-B.ST,0,-0.007827768586782358,EOD,-0.011727768586782358
2024-10-17,ADDT-B.ST,0,-0.0033046925969257845,EOD,-0.007204692596925784
2024-10-18,ADDT-B.ST,0,0.0019880918746995047,EOD,-0.0019119081253004952
2024-10-23,ADDT-B.ST,5,0.002033918994968298,EOD,-0.001866081005031702
2024-10-24,ADDT-B.ST,1,-0.01824565686677626,EOD,-0.02214565686677626
2024-10-25,ADDT-B.ST,0,0.01718213058419238,EOD,0.013282130584192378
2024-10-28,ADDT-B.ST,0,0.01756760880753805,EOD,0.013667608807538048
2024-10-30,ADDT-B.ST,1,-0.009927200128452496,STOP,-0.013827200128452496
2024-10-31,ADDT-B.ST,0,-0.01270059543953983,EOD,-0.01660059543953983
2024-11-01,ADDT-B.ST,0,-0.0013271197895967646,EOD,-0.005227119789596764
2024-11-04,ADDT-B.ST,2,-0.0025889572587985965,EOD,-0.006488957258798596
2024-11-05,ADDT-B.ST,0,0.007105883869774621,EOD,0.003205883869774621
2024-11-07,ADDT-B.ST,0,-0.0012961564762581368,EOD,-0.005196156476258137
2024-11-11,ADDT-B.ST,3,-0.00834405023295115,EOD,-0.01224405023295115
2024-11-14,ADDT-B.ST,0,-0.005972089679560311,STOP,-0.009872089679560311
2024-11-15,ADDT-B.ST,0,-0.00799997965494792,STOP,-0.01189997965494792
2024-11-21,ADDT-B.ST,0,0.011846668628865409,EOD,0.007946668628865408
2024-11-22,ADDT-B.ST,0,0.012898804189547475,EOD,0.008998804189547474
2024-11-25,ADDT-B.ST,6,0.0019960282479469793,EOD,-0.0019039717520530205
2024-11-26,ADDT-B.ST,0,-0.004608275025469788,EOD,-0.008508275025469789
2024-11-28,ADDT-B.ST,0,-0.005932721915554384,STOP,-0.009832721915554385
2024-12-02,ADDT-B.ST,0,0.021897830912970706,EOD,0.017997830912970705
2024-12-03,ADDT-B.ST,3,0.010322620022681361,EOD,0.0064226200226813615
2024-12-04,ADDT-B.ST,0,0.010766385514528576,EOD,0.006866385514528576
2024-12-06,ADDT-B.ST,0,0.005105316319961695,EOD,0.0012053163199616948
2024-12-11,ADDT-B.ST,1,0.007087668332122821,EOD,0.003187668332122821
2024-12-13,ADDT-B.ST,5,-0.005141407585971369,EOD,-0.00904140758597137
2024-12-16,ADDT-B.ST,0,0.014157093265375176,EOD,0.010257093265375175
2024-12-17,ADDT-B.ST,1,-0.011428590804811511,STOP,-0.015328590804811512
2024-12-18,ADDT-B.ST,0,0.0018879991395925888,EOD,-0.002012000860407411
2024-12-19,ADDT-B.ST,0,-0.012666244948122962,STOP,-0.016566244948122963
2024-12-20,ADDT-B.ST,7,-0.002633271313736585,EOD,-0.006533271313736585
2024-12-23,ADDT-B.ST,0,0.004632673196337533,EOD,0.0007326731963375336
2024-12-27,ADDT-B.ST,0,-0.009842520079225592,STOP,-0.013742520079225592
2024-12-30,ADDT-B.ST,2,-0.005940553772174062,EOD,-0.009840553772174063
2025-01-02,ADDT-B.ST,4,-0.005228778116064148,EOD,-0.009128778116064148
2025-01-03,ADDT-B.ST,0,0.001969816452701334,EOD,-0.0019301835472986658
2025-01-08,ADDT-B.ST,1,-0.009204530566031877,STOP,-0.013104530566031877
2025-01-13,ADDT-B.ST,5,0.006284980268531193,EOD,0.002384980268531193
2025-01-15,ADDT-B.ST,4,0.02170971736456484,EOD,0.01780971736456484
2025-01-16,ADDT-B.ST,0,0.007194284809849849,EOD,0.0032942848098498493
2025-01-17,ADDT-B.ST,0,0.0,EOD,-0.0039
2025-01-21,ADDT-B.ST,1,0.003866018784238312,EOD,-3.39812157616878e-05
2025-01-22,ADDT-B.ST,0,-0.0043969658395770495,EOD,-0.00829696583957705
2025-01-23,ADDT-B.ST,1,0.0006309533344834861,EOD,-0.0032690466655165137
2025-01-28,ADDT-B.ST,0,0.004484285207381644,EOD,0.0005842852073816443
2025-01-30,ADDT-B.ST,7,0.0006250381469725674,EOD,-0.0032749618530274324
2025-01-31,ADDT-B.ST,4,-0.0012315083482680178,EOD,-0.005131508348268018
2025-02-03,ADDT-B.ST,2,0.015180226463198165,EOD,0.011280226463198165
2025-02-05,ADDT-B.ST,1,0.0012594266020071743,EOD,-0.0026405733979928256
2025-02-06,ADDT-B.ST,5,0.008079571790376772,EOD,0.004179571790376772
2025-02-07,ADDT-B.ST,0,-0.009202453987730008,EOD,-0.013102453987730009
2025-02-10,ADDT-B.ST,0,0.01474197697478763,EOD,0.010841976974787629
2025-02-11,ADDT-B.ST,6,0.0,EOD,-0.0039
2025-02-13,ADDT-B.ST,1,0.014757969835156537,EOD,0.010857969835156536
2025-02-14,ADDT-B.ST,1,-0.0005814308343932151,EOD,-0.004481430834393215
2025-02-17,ADDT-B.ST,0,0.0005797455276268515,EOD,-0.0033202544723731483
2025-02-20,ADDT-B.ST,0,0.004705900304457611,EOD,0.000805900304457611
2025-02-21,ADDT-B.ST,1,-0.008715862561316623,STOP,-0.012615862561316624
2025-02-24,ADDT-B.ST,2,-0.0011848160226682891,EOD,-0.005084816022668289
2025-02-25,ADDT-B.ST,0,-0.0077060051883501846,STOP,-0.011606005188350185
2025-02-26,ADDT-B.ST,0,-0.010191828040402862,STOP,-0.014091828040402862
2025-02-28,ADDT-B.ST,0,-0.004920067784305648,EOD,-0.008820067784305649
2025-03-03,ADDT-B.ST,0,-0.007352922614470181,STOP,-0.011252922614470182
2025-03-12,ADDT-B.ST,3,-0.004007954956298354,EOD,-0.007907954956298355
2025-03-13,ADDT-B.ST,0,-0.015374351322996138,STOP,-0.01927435132299614
2025-03-14,ADDT-B.ST,2,0.003326679905840235,EOD,-0.0005733200941597646
2025-03-17,ADDT-B.ST,6,0.0006562080545984283,EOD,-0.0032437919454015715
2025-03-18,ADDT-B.ST,0,0.009061449168183744,EOD,0.005161449168183744
2025-03-19,ADDT-B.ST,0,0.006353240398838,EOD,0.0024532403988380006
2025-03-27,ADDT-B.ST,0,0.006081039841110636,EOD,0.002181039841110636
2025-03-28,ADDT-B.ST,0,-0.008730610115890935,STOP,-0.012630610115890936
2025-03-31,ADDT-B.ST,5,0.001367968210785886,EOD,-0.002532031789214114
2025-04-01,ADDT-B.ST,1,0.0006742470847533877,EOD,-0.003225752915246612
2025-04-02,ADDT-B.ST,6,0.006648936440039055,EOD,0.002748936440039055
2025-04-03,ADDT-B.ST,0,0.0033444816053511683,EOD,-0.0005555183946488315
2025-04-04,ADDT-B.ST,0,-0.0172185834669909,STOP,-0.0211185834669909
2025-04-07,ADDT-B.ST,2,0.002232165665043695,EOD,-0.0016678343349563049
2025-04-08,ADDT-B.ST,3,0.0007220657293547372,EOD,-0.0031779342706452626
2025-04-09,ADDT-B.ST,0,-0.02988331585949855,STOP,-0.03378331585949855
2025-04-14,ADDT-B.ST,5,0.003419972711606878,EOD,-0.00048002728839312194
2025-04-15,ADDT-B.ST,0,0.00862643051150358,EOD,0.00472643051150358
2025-04-22,ADDT-B.ST,7,-0.002713662910768355,EOD,-0.006613662910768355
2025-04-23,ADDT-B.ST,0,0.007246316354496463,EOD,0.003346316354496463
2025-04-24,ADDT-B.ST,1,0.006535947712418277,EOD,0.0026359477124182776
2025-04-25,ADDT-B.ST,2,-0.0069708877201658526,EOD,-0.010870887720165853
2025-04-29,ADDT-B.ST,0,0.0006333509017182326,EOD,-0.003266649098281767
2025-04-30,ADDT-B.ST,1,0.009328358031916117,EOD,0.005428358031916118
2025-05-02,ADDT-B.ST,2,0.0012157869194053816,EOD,-0.002684213080594618
2025-05-05,ADDT-B.ST,0,0.0012135736925888985,EOD,-0.0026864263074111014
2025-05-06,ADDT-B.ST,5,0.006031362977042987,EOD,0.002131362977042987
2025-05-07,ADDT-B.ST,4,-0.007747336281971551,EOD,-0.011647336281971551
2025-05-08,ADDT-B.ST,0,0.0023337757848171936,EOD,-0.0015662242151828062
2025-05-12,ADDT-B.ST,0,0.004529942045980562,EOD,0.0006299420459805619
2025-05-15,ADDT-B.ST,3,0.012950381272105238,EOD,0.009050381272105237
2025-05-19,ADDT-B.ST,2,0.007905103603814023,EOD,0.004005103603814023
2025-05-21,ADDT-B.ST,0,-0.007914041519433868,STOP,-0.011814041519433868
2025-05-26,ADDT-B.ST,0,-0.014002298611129671,STOP,-0.01790229861112967
2025-05-28,ADDT-B.ST,2,-0.004781847203614853,EOD,-0.008681847203614854
2025-06-02,ADDT-B.ST,0,-0.00851060119443392,EOD,-0.01241060119443392
2025-06-03,ADDT-B.ST,3,0.009756134777534342,EOD,0.005856134777534342
2025-06-04,ADDT-B.ST,0,0.00538918500888852,EOD,0.0014891850088885198
2025-06-05,ADDT-B.ST,0,-0.0011828042567237906,EOD,-0.0050828042567237905
2025-06-09,ADDT-B.ST,0,-0.007021632481561291,STOP,-0.010921632481561291
2025-06-12,ADDT-B.ST,2,-0.010480869175260588,EOD,-0.014380869175260588
2025-06-16,ADDT-B.ST,1,0.010088214269564855,EOD,0.006188214269564855
2025-06-17,ADDT-B.ST,0,-0.009428032322161273,STOP,-0.013328032322161273
2025-06-18,ADDT-B.ST,1,-0.0038023199740929714,STOP,-0.007702319974092971
2025-06-23,ADDT-B.ST,0,0.003186743272468595,EOD,-0.0007132567275314047
2025-06-26,ADDT-B.ST,0,0.00747661649995135,EOD,0.0035766164999513498
2025-06-27,ADDT-B.ST,0,0.0006064651741490845,EOD,-0.0032935348258509153
2025-06-30,ADDT-B.ST,0,-0.00842871224460362,STOP,-0.01232871224460362
2025-07-03,ADDT-B.ST,0,0.0018371282679199297,EOD,-0.00206287173208007
2025-07-07,ADDT-B.ST,3,-0.0067318903660633644,EOD,-0.010631890366063365
2025-07-09,ADDT-B.ST,1,-0.0012338815515128276,EOD,-0.0051338815515128275
2025-07-10,ADDT-B.ST,0,0.00303214080355807,EOD,-0.0008678591964419299
2025-07-11,ADDT-B.ST,0,-0.007855003333884114,STOP,-0.011755003333884115
2025-07-15,ADDT-B.ST,0,-0.002318805197010887,EOD,-0.006218805197010887
2025-07-17,ADDT-B.ST,1,-0.0005848310147112956,EOD,-0.0044848310147112954
2025-07-23,ADDT-B.ST,0,-0.0058858153968461835,STOP,-0.009785815396846184
2025-07-29,ADDT-B.ST,1,-0.010746286876166078,STOP,-0.014646286876166079
2025-07-30,ADDT-B.ST,0,0.0012084407748773618,EOD,-0.002691559225122638
2025-08-04,ADDT-B.ST,0,0.006150061269760254,EOD,0.0022500612697602543
2025-08-07,ADDT-B.ST,1,0.010791385004946807,EOD,0.006891385004946808
2025-08-08,ADDT-B.ST,0,-0.004132213538743934,EOD,-0.008032213538743935
2025-08-14,ADDT-B.ST,0,-0.006470624138327219,STOP,-0.01037062413832722
2025-08-19,ADDT-B.ST,1,0.02681763955994665,EOD,0.022917639559946648
2025-08-20,ADDT-B.ST,1,0.0023202388018275233,EOD,-0.0015797611981724765
2025-08-22,ADDT-B.ST,0,0.018128690663834046,EOD,0.014228690663834045
2025-08-27,ADDT-B.ST,1,0.0,EOD,-0.0039
2025-08-28,ADDT-B.ST,0,-0.006520396352253877,STOP,-0.010420396352253877
2025-09-03,ADDT-B.ST,2,-0.011186997273143318,STOP,-0.015086997273143318
2025-09-05,ADDT-B.ST,3,0.0012383711965460176,EOD,-0.0026616288034539822
2025-09-08,ADDT-B.ST,4,-0.005524824617588853,STOP,-0.009424824617588853
2025-09-09,ADDT-B.ST,2,-0.007850259685046046,STOP,-0.011750259685046047
2025-09-10,ADDT-B.ST,0,-0.01434554161084467,STOP,-0.01824554161084467
2025-09-11,ADDT-B.ST,0,0.0,EOD,-0.0039
2025-09-12,ADDT-B.ST,4,-0.005959475457765984,EOD,-0.009859475457765984
2025-09-15,ADDT-B.ST,0,-0.013033157040688081,STOP,-0.016933157040688082
2025-09-16,ADDT-B.ST,0,-0.010632032010108872,STOP,-0.014532032010108872
2025-09-18,ADDT-B.ST,0,-0.00919117664245861,EOD,-0.01309117664245861
2025-09-19,ADDT-B.ST,0,-0.0049140235673305055,EOD,-0.008814023567330506
2025-09-23,ADDT-B.ST,1,-0.010397534851634194,EOD,-0.014297534851634194
2025-09-26,ADDT-B.ST,5,-0.0012803902186275806,EOD,-0.0051803902186275804
2025-10-01,ADDT-B.ST,3,0.007208327658783986,EOD,0.0033083276587839864
2025-10-02,ADDT-B.ST,0,-0.01665602819894485,STOP,-0.02055602819894485
2025-10-03,ADDT-B.ST,0,-0.006485084434441735,STOP,-0.010385084434441735
2025-10-06,ADDT-B.ST,3,0.004599191604979014,EOD,0.000699191604979014
2025-10-07,ADDT-B.ST,0,-0.0006548189045508801,EOD,-0.00455481890455088
2025-10-08,ADDT-B.ST,0,-0.009026493231335198,EOD,-0.012926493231335198
2025-10-14,ADDT-B.ST,7,0.0033579584989613664,EOD,-0.0005420415010386334
2025-10-15,ADDT-B.ST,0,-0.007279987154745982,STOP,-0.011179987154745982
2025-10-16,ADDT-B.ST,5,0.001977607500283307,EOD,-0.0019223924997166927
2025-10-17,ADDT-B.ST,3,0.0033288948745604507,EOD,-0.0005711051254395491
2025-10-20,ADDT-B.ST,0,-0.006583278737203102,STOP,-0.010483278737203103
2025-10-21,ADDT-B.ST,6,0.005167978268646012,EOD,0.001267978268646012
2025-10-22,ADDT-B.ST,2,0.0025857088763050484,EOD,-0.0013142911236949514
2025-10-23,ADDT-B.ST,2,-0.015281173024028871,EOD,-0.019181173024028872
2025-10-27,ADDT-B.ST,0,-0.010179622444564052,STOP,-0.014079622444564052
2025-10-30,ADDT-B.ST,1,-0.004294459805166739,EOD,-0.00819445980516674
2025-11-04,ADDT-B.ST,1,0.0031847133757962887,EOD,-0.0007152866242037112
2025-11-05,ADDT-B.ST,3,0.013249249864451862,EOD,0.009349249864451861
2025-11-10,ADDT-B.ST,0,0.009487665667880396,EOD,0.005587665667880396
2025-11-11,ADDT-B.ST,0,0.0024690981264468004,EOD,-0.0014309018735531994
2025-11-12,ADDT-B.ST,0,0.0006120324801173194,EOD,-0.0032879675198826805
2025-11-14,ADDT-B.ST,6,0.0006376967014061208,EOD,-0.003262303298593879
2025-11-17,ADDT-B.ST,5,-0.006345177419239234,STOP,-0.010245177419239235
2025-11-19,ADDT-B.ST,0,0.012475337218730509,EOD,0.008575337218730508
2025-11-21,ADDT-B.ST,0,-0.0019468075267712326,EOD,-0.005846807526771232
2025-11-25,ADDT-B.ST,3,-0.01025644938151038,STOP,-0.01415644938151038
2025-11-27,ADDT-B.ST,0,0.0018855297389088754,EOD,-0.0020144702610911244
2025-11-28,ADDT-B.ST,1,-0.01046796189737409,STOP,-0.01436796189737409
2025-12-01,ADDT-B.ST,0,-0.0036719147315675826,EOD,-0.0075719147315675825
2025-12-02,ADDT-B.ST,0,-0.007955861943252596,STOP,-0.011855861943252596
2025-12-03,ADDT-B.ST,0,-0.00678169460803113,STOP,-0.010681694608031131
2025-12-04,ADDT-B.ST,1,0.002408151004131165,EOD,-0.001491848995868835
2025-12-08,ADDT-B.ST,4,-0.007902754114029298,STOP,-0.011802754114029299
2025-12-10,ADDT-B.ST,1,-0.001233026831104156,EOD,-0.005133026831104156
2025-12-11,ADDT-B.ST,0,0.0012011828723255125,EOD,-0.0026988171276744874
2025-12-12,ADDT-B.ST,0,-0.012396640616231691,STOP,-0.016296640616231692
2025-12-15,ADDT-B.ST,0,-0.009461892642015468,STOP,-0.013361892642015469
2025-12-18,ADDT-B.ST,5,-0.0018507281953230592,EOD,-0.005750728195323059
2025-12-19,ADDT-B.ST,0,0.003080714667889062,EOD,-0.000819285332110938
2025-12-23,ADDT-B.ST,0,-0.003046922494838844,EOD,-0.006946922494838844
2025-12-29,ADDT-B.ST,5,0.0006127825084907279,EOD,-0.003287217491509272
2025-12-30,ADDT-B.ST,2,0.0018360040573066616,EOD,-0.002063995942693338
2026-01-07,ADDT-B.ST,0,0.007812518626452158,EOD,0.003912518626452159
2026-01-09,ADDT-B.ST,6,0.003039513677811634,EOD,-0.000860486322188366
2026-01-15,ADDT-B.ST,7,0.0,EOD,-0.0039
2026-01-20,ADDT-B.ST,0,0.00801601184171763,EOD,0.00411601184171763
2026-01-21,ADDT-B.ST,0,-0.007289535382494106,STOP,-0.011189535382494106
2026-01-29,ADDT-B.ST,1,0.0013586749482916716,EOD,-0.0025413250517083283
2026-02-04,ADDT-B.ST,0,0.025948062656667714,EOD,0.022048062656667713
2026-02-06,ADDT-B.ST,1,0.03478810744889471,EOD,0.03088810744889471
2026-02-10,ADDT-B.ST,1,-0.010975628364376933,STOP,-0.014875628364376933
2026-02-13,ADDT-B.ST,0,0.005072942721871865,EOD,0.001172942721871865
2026-02-17,ADDT-B.ST,0,-0.009572431583999674,STOP,-0.013472431583999675
2026-02-18,ADDT-B.ST,0,0.006913832825442334,EOD,0.0030138328254423344
2026-02-19,ADDT-B.ST,0,0.011207893677217973,EOD,0.007307893677217973
2026-02-20,ADDT-B.ST,0,-0.008557512854783123,STOP,-0.012457512854783123
2026-02-23,ADDT-B.ST,0,-0.007430321660942374,STOP,-0.011330321660942375
2026-02-24,ADDT-B.ST,4,-0.0012353116478192039,EOD,-0.005135311647819204
2026-02-27,ADDT-B.ST,0,0.0066185687347406486,EOD,0.0027185687347406487
2026-03-02,ADDT-B.ST,0,-0.010359610870208424,EOD,-0.014259610870208425
2026-03-04,ADDT-B.ST,1,0.004402496529825051,EOD,0.0005024965298250509
2026-03-05,ADDT-B.ST,0,-0.013775810834581237,STOP,-0.017675810834581238
2026-03-09,ADDT-B.ST,0,-0.015003281187028206,STOP,-0.018903281187028206
2026-03-10,ADDT-B.ST,2,-0.0076190282428075795,EOD,-0.01151902824280758
2026-03-11,ADDT-B.ST,5,-0.005144714159214248,EOD,-0.009044714159214248
2026-03-12,ADDT-B.ST,0,0.00641436843585752,EOD,0.0025143684358575205
2026-03-13,ADDT-B.ST,1,-0.00708310419767999,STOP,-0.010983104197679991
2026-03-16,ADDT-B.ST,4,-0.005832852478762085,EOD,-0.009732852478762086
2026-03-17,ADDT-B.ST,2,-0.0045632136642361765,STOP,-0.008463213664236177
2026-03-18,ADDT-B.ST,0,-0.014705804876763762,STOP,-0.018605804876763762
2026-03-20,ADDT-B.ST,3,-0.008660912717493696,STOP,-0.012560912717493697
2026-03-23,ADDT-B.ST,2,-0.015182864326508172,STOP,-0.019082864326508173
2026-03-25,ADDT-B.ST,0,-0.00860929173349545,STOP,-0.01250929173349545
2026-03-26,ADDT-B.ST,0,0.013166557474406204,EOD,0.009266557474406203
2026-03-27,ADDT-B.ST,5,0.0019467085080271396,EOD,-0.0019532914919728602
2026-03-30,ADDT-B.ST,0,0.022020785554907052,EOD,0.01812078555490705
2026-03-31,ADDT-B.ST,2,0.00189276373348779,EOD,-0.00200723626651221
2026-04-09,ADDT-B.ST,4,-0.0018915702409368906,EOD,-0.0057915702409368905
2026-04-10,ADDT-B.ST,1,0.013732815169484436,EOD,0.009832815169484435
2026-04-13,ADDT-B.ST,1,0.008674158663050102,EOD,0.004774158663050102
2026-04-14,ADDT-B.ST,0,-0.0012048008930252152,EOD,-0.005104800893025215
2026-04-15,ADDT-B.ST,0,-0.005991611962671617,EOD,-0.009891611962671618
2026-04-16,ADDT-B.ST,0,0.019024952475040102,EOD,0.015124952475040102
2026-04-17,ADDT-B.ST,0,0.027697651282350133,EOD,0.023797651282350132
2026-04-20,ADDT-B.ST,0,-0.010668214992475167,STOP,-0.014568214992475167
2026-04-27,ADDT-B.ST,1,-0.011820331182463284,STOP,-0.015720331182463285
2026-04-28,ADDT-B.ST,0,-0.00838822017784302,STOP,-0.01228822017784302
2026-04-30,ADDT-B.ST,0,0.019571846778239754,EOD,0.015671846778239754
2026-05-06,ADDT-B.ST,0,0.004105553948634544,EOD,0.000205553948634544
2026-05-12,ADDT-B.ST,1,-0.006157635699404085,STOP,-0.010057635699404086
2026-05-13,ADDT-B.ST,0,0.0006146656754237867,EOD,-0.003285334324576213
2026-05-18,ADDT-B.ST,5,-0.0006233843424651164,EOD,-0.004523384342465116
2026-05-19,ADDT-B.ST,1,-0.003075030634880127,EOD,-0.006975030634880127
2026-05-21,ADDT-B.ST,0,-0.010119029453822592,EOD,-0.014019029453822593
2026-05-22,ADDT-B.ST,5,0.004722568362349966,EOD,0.0008225683623499661
2026-05-25,ADDT-B.ST,0,0.01567032443656502,EOD,0.011770324436565019
2026-05-27,ADDT-B.ST,0,-0.017006803309531082,STOP,-0.020906803309531083
2026-05-29,ADDT-B.ST,0,-0.005415125830385281,STOP,-0.009315125830385282
2026-06-02,ADDT-B.ST,0,-0.007380148597702307,STOP,-0.011280148597702308
2026-06-03,ADDT-B.ST,0,-0.01105652959469261,STOP,-0.01495652959469261
2026-06-04,ADDT-B.ST,0,-0.008521053738705042,STOP,-0.012421053738705043
2026-06-05,ADDT-B.ST,0,0.005501184981099083,EOD,0.0016011849810990833
2026-06-08,ADDT-B.ST,1,0.025705367420160607,EOD,0.021805367420160607
2026-06-09,ADDT-B.ST,0,-0.0115571409186348,STOP,-0.015457140918634801
2026-06-11,ADDT-B.ST,1,-0.015441631218333751,STOP,-0.019341631218333752
2026-06-12,ADDT-B.ST,0,-0.01406729695264719,STOP,-0.01796729695264719
2026-06-16,ADDT-B.ST,0,-0.0042997354737127624,EOD,-0.008199735473712763
2026-06-17,ADDT-B.ST,0,-0.006802664597938435,STOP,-0.010702664597938435
2026-06-22,ADDT-B.ST,7,-0.0006119390970719119,EOD,-0.004511939097071912
2026-06-23,ADDT-B.ST,1,-0.0018599072912698356,EOD,-0.005759907291269835
2026-06-24,ADDT-B.ST,2,0.02230487137331938,EOD,0.01840487137331938
2026-06-25,ADDT-B.ST,0,-0.009009009009009028,STOP,-0.012909009009009029
2026-06-30,ADDT-B.ST,1,-0.002920560799724581,EOD,-0.006820560799724581
2026-07-01,ADDT-B.ST,0,-0.010526333636010632,STOP,-0.014426333636010633
2026-07-02,ADDT-B.ST,0,0.013033157040688081,EOD,0.00913315704068808
2026-07-03,ADDT-B.ST,5,-0.002312103447886571,EOD,-0.006212103447886571
2023-08-08,ALFA.ST,0,-0.015292882538012087,STOP,-0.019192882538012088
2023-08-09,ALFA.ST,0,-0.0018078827090970417,EOD,-0.0057078827090970416
2023-08-10,ALFA.ST,3,-0.005638165397760075,EOD,-0.009538165397760076
2023-08-14,ALFA.ST,0,-0.003123404916459571,EOD,-0.007023404916459571
2023-08-16,ALFA.ST,0,-0.00520833333333337,EOD,-0.009108333333333371
2023-08-21,ALFA.ST,0,-0.009485094850948506,STOP,-0.013385094850948506
2023-08-22,ALFA.ST,0,-0.0008183805388758403,EOD,-0.00471838053887584
2023-08-24,ALFA.ST,0,-0.009940924464487022,STOP,-0.013840924464487023
2023-08-25,ALFA.ST,0,0.004346661442504063,EOD,0.000446661442504063
2023-08-29,ALFA.ST,2,0.0010604291716322933,EOD,-0.0028395708283677065
2023-08-30,ALFA.ST,4,0.008440996143322055,EOD,0.004540996143322055
2023-08-31,ALFA.ST,0,0.0075857298107815385,EOD,0.0036857298107815387
2023-09-01,ALFA.ST,0,-0.0025713551444954685,EOD,-0.006471355144495468
2023-09-04,ALFA.ST,0,-0.009664339248662168,EOD,-0.013564339248662169
2023-09-05,ALFA.ST,3,0.0028277791864155244,EOD,-0.0010722208135844754
2023-09-06,ALFA.ST,0,-0.005402639664433884,STOP,-0.009302639664433884
2023-09-07,ALFA.ST,0,-0.006398771235961109,STOP,-0.01029877123596111
2023-09-11,ALFA.ST,1,-0.0010607103951479901,EOD,-0.00496071039514799
2023-09-13,ALFA.ST,5,-0.0005391795436614499,EOD,-0.00443917954366145
2023-09-14,ALFA.ST,6,-0.006186088941588341,STOP,-0.010086088941588342
2023-09-15,ALFA.ST,0,-0.009538967042228008,STOP,-0.013438967042228009
2023-09-19,ALFA.ST,0,-0.0032301809072173837,STOP,-0.0071301809072173835
2023-09-20,ALFA.ST,0,0.0099516200336498,EOD,0.0060516200336498
2023-09-22,ALFA.ST,5,-0.0032680069911181775,EOD,-0.007168006991118177
2023-09-26,ALFA.ST,0,0.002468441803121779,EOD,-0.0014315581968782206
2023-09-27,ALFA.ST,0,-0.009798601424391817,EOD,-0.013698601424391818
2023-09-28,ALFA.ST,7,0.001362769169576783,EOD,-0.002537230830423217
2023-09-29,ALFA.ST,0,0.008859027632130978,EOD,0.004959027632130978
2023-10-03,ALFA.ST,0,-0.004893931084037795,EOD,-0.008793931084037795
2023-10-05,ALFA.ST,0,0.0016515445187890165,EOD,-0.0022484554812109833
2023-10-06,ALFA.ST,0,0.009769351705605445,EOD,0.005869351705605445
2023-10-10,ALFA.ST,0,0.010848928309104444,EOD,0.006948928309104444
2023-10-11,ALFA.ST,6,-0.001600788701916711,EOD,-0.005500788701916711
2023-10-12,ALFA.ST,0,0.0018353755066427002,EOD,-0.0020646244933572996
2023-10-16,ALFA.ST,1,-0.008231561479750793,EOD,-0.012131561479750794
2023-10-18,ALFA.ST,0,-0.004834778006948759,STOP,-0.00873477800694876
2023-10-26,ALFA.ST,0,0.00697739348359816,EOD,0.00307739348359816
2023-10-27,ALFA.ST,0,-0.006358911343443352,EOD,-0.010258911343443353
2023-10-31,ALFA.ST,0,0.004177109369270182,EOD,0.00027710936927018235
2023-11-02,ALFA.ST,0,-0.0019300032629491204,EOD,-0.00583000326294912
2023-11-08,ALFA.ST,1,-0.004098360655737654,EOD,-0.007998360655737655
2023-11-09,ALFA.ST,1,0.012841563407189227,EOD,0.008941563407189226
2023-11-13,ALFA.ST,0,-0.00863234988307493,STOP,-0.01253234988307493
2023-11-14,ALFA.ST,0,-0.006706008803273766,STOP,-0.010606008803273767
2023-11-15,ALFA.ST,0,-0.013288107733574361,EOD,-0.017188107733574362
2023-11-17,ALFA.ST,0,-0.0007857197552646467,EOD,-0.0046857197552646465
2023-11-20,ALFA.ST,1,0.0005239237177301348,EOD,-0.003376076282269865
2023-11-21,ALFA.ST,3,0.004723137665024968,EOD,0.0008231376650249681
2023-11-22,ALFA.ST,0,0.005161290322580614,EOD,0.0012612903225806141
2023-11-24,ALFA.ST,7,-0.00180920573919785,EOD,-0.00570920573919785
2023-11-27,ALFA.ST,4,0.0015432256233380848,EOD,-0.002356774376661915
2023-11-28,ALFA.ST,4,-0.0030824087518114274,EOD,-0.006982408751811427
2023-11-29,ALFA.ST,3,0.0038629926529891723,EOD,-3.700734701082755e-05
2023-11-30,ALFA.ST,0,-0.0086119402269772,EOD,-0.0125119402269772
2023-12-01,ALFA.ST,0,-0.006851083900572319,STOP,-0.01075108390057232
2023-12-06,ALFA.ST,4,-0.002071512908492612,EOD,-0.005971512908492612
2023-12-08,ALFA.ST,0,0.006532531801037855,EOD,0.0026325318010378554
2023-12-11,ALFA.ST,0,0.0062176007680943,EOD,0.0023176007680943004
2023-12-12,ALFA.ST,0,-0.005368113594035995,EOD,-0.009268113594035995
2023-12-13,ALFA.ST,1,-0.0092284184752367,STOP,-0.0131284184752367
2023-12-15,ALFA.ST,1,-0.007308452584926628,STOP,-0.011208452584926629
2023-12-18,ALFA.ST,0,-0.005810985002283053,STOP,-0.009710985002283054
2023-12-19,ALFA.ST,0,0.0052631731917685,EOD,0.0013631731917685
2023-12-20,ALFA.ST,6,0.002988002169362014,EOD,-0.0009119978306379858
2023-12-22,ALFA.ST,5,-0.0007479887957654308,EOD,-0.004647988795765431
2023-12-27,ALFA.ST,0,-0.001969518184404051,EOD,-0.005869518184404051
2023-12-29,ALFA.ST,1,-0.0027113780389887987,STOP,-0.0066113780389887985
2024-01-08,ALFA.ST,3,0.00025915031121370724,EOD,-0.0036408496887862926
2024-01-10,ALFA.ST,0,-0.006246809832919031,STOP,-0.010146809832919032
2024-01-12,ALFA.ST,5,0.005006571532238047,EOD,0.0011065715322380468
2024-01-16,ALFA.ST,0,0.0032119423711161055,EOD,-0.0006880576288838943
2024-01-18,ALFA.ST,4,0.004884634444962677,EOD,0.0009846344449626768
2024-01-26,ALFA.ST,0,-0.005610407839764742,STOP,-0.009510407839764742
2024-01-30,ALFA.ST,7,0.0018577819259799622,EOD,-0.0020422180740200377
2024-01-31,ALFA.ST,0,-0.00440638087932077,EOD,-0.008306380879320771
2024-02-01,ALFA.ST,0,0.004682669976918907,EOD,0.0007826699769189075
2024-02-02,ALFA.ST,0,-0.0035879660949874603,EOD,-0.00748796609498746
2024-02-07,ALFA.ST,0,-0.002664535125302625,EOD,-0.006564535125302625
2024-02-08,ALFA.ST,0,-0.0007959347249316684,EOD,-0.004695934724931668
2024-02-12,ALFA.ST,3,0.007745710319873034,EOD,0.003845710319873034
2024-02-13,ALFA.ST,3,0.001322751322751392,EOD,-0.0025772486772486078
2024-02-14,ALFA.ST,6,-0.003147080324861329,EOD,-0.007047080324861329
2024-02-15,ALFA.ST,1,-0.010838741179435507,EOD,-0.014738741179435508
2024-02-19,ALFA.ST,6,0.0007957235887765535,EOD,-0.0031042764112234464
2024-02-20,ALFA.ST,0,0.004766916747547034,EOD,0.0008669167475470344
2024-02-21,ALFA.ST,0,0.002367159041526623,EOD,-0.0015328409584733768
2024-02-23,ALFA.ST,0,0.006055867257690917,EOD,0.002155867257690917
2024-02-26,ALFA.ST,5,0.0026109660574411553,EOD,-0.0012890339425588445
2024-02-27,ALFA.ST,1,-0.00701658465463828,STOP,-0.010916584654638281
2024-02-28,ALFA.ST,6,-0.0010402962197253451,EOD,-0.004940296219725345
2024-02-29,ALFA.ST,0,0.004640418507011468,EOD,0.000740418507011468
2024-03-01,ALFA.ST,0,0.004594227582003008,EOD,0.0006942275820030078
2024-03-04,ALFA.ST,0,0.0007552562531452089,EOD,-0.003144743746854791
2024-03-06,ALFA.ST,0,0.005080010002509905,EOD,0.001180010002509905
2024-03-07,ALFA.ST,0,0.006075933915150378,EOD,0.002175933915150378
2024-03-08,ALFA.ST,0,0.0052277209910942535,EOD,0.0013277209910942537
2024-03-11,ALFA.ST,3,0.007156944247579844,EOD,0.003256944247579844
2024-03-12,ALFA.ST,5,0.0031514855587120305,EOD,-0.0007485144412879693
2024-03-13,ALFA.ST,1,-0.006987937099962371,STOP,-0.010887937099962372
2024-03-14,ALFA.ST,0,-0.0016834576960153003,EOD,-0.0055834576960153
2024-03-15,ALFA.ST,0,0.007412662590748242,EOD,0.0035126625907482426
2024-03-18,ALFA.ST,2,-0.0066241264009604395,STOP,-0.01052412640096044
2024-03-19,ALFA.ST,0,0.00835322195704058,EOD,0.00445322195704058
2024-03-20,ALFA.ST,0,0.01014866100798617,EOD,0.006248661007986171
2024-03-21,ALFA.ST,5,0.006902899120727168,EOD,0.0030028991207271686
2024-03-22,ALFA.ST,0,0.0034348522053369024,EOD,-0.00046514779466309743
2024-03-26,ALFA.ST,3,-0.008582723624788846,STOP,-0.012482723624788847
2024-03-28,ALFA.ST,0,-0.006084661034900907,STOP,-0.009984661034900907
2024-04-03,ALFA.ST,2,0.0002378266433189502,EOD,-0.0036621733566810496
2024-04-05,ALFA.ST,5,0.005973715651135025,EOD,0.0020737156511350255
2024-04-09,ALFA.ST,2,0.0007104388331025113,EOD,-0.0031895611668974885
2024-04-10,ALFA.ST,0,-0.004640371229698403,EOD,-0.008540371229698404
2024-04-15,ALFA.ST,0,0.0016305898600883495,EOD,-0.0022694101399116503
2024-04-17,ALFA.ST,0,-0.009826817382852737,STOP,-0.013726817382852738
2024-04-19,ALFA.ST,0,0.006221598807105266,EOD,0.0023215988071052665
2024-04-23,ALFA.ST,2,0.005432258723908179,EOD,0.001532258723908179
2024-04-24,ALFA.ST,1,0.010707649064621405,EOD,0.006807649064621405
2024-04-25,ALFA.ST,0,-0.022602725791060263,STOP,-0.026502725791060264
2024-04-26,ALFA.ST,4,0.0023300277256814717,EOD,-0.0015699722743185282
2024-04-29,ALFA.ST,4,-0.0031400459737688236,EOD,-0.007040045973768823
2024-05-06,ALFA.ST,1,-0.0031645569620253333,EOD,-0.007064556962025333
2024-05-07,ALFA.ST,6,0.0060962661805068485,EOD,0.0021962661805068487
2024-05-08,ALFA.ST,0,-0.011175546932206681,EOD,-0.015075546932206682
2024-05-10,ALFA.ST,0,0.0012340098125749321,EOD,-0.0026659901874250677
2024-05-13,ALFA.ST,6,-0.00328543347744481,EOD,-0.00718543347744481
2024-05-15,ALFA.ST,4,0.005742386706152569,EOD,0.0018423867061525693
2024-05-17,ALFA.ST,5,-0.0016424107996764192,EOD,-0.005542410799676419
2024-05-20,ALFA.ST,5,0.004717923677884706,EOD,0.0008179236778847057
2024-05-21,ALFA.ST,0,0.00612244897959191,EOD,0.0022224489795919103
2024-05-23,ALFA.ST,0,0.002644401498837601,EOD,-0.001255598501162399
2024-05-28,ALFA.ST,0,-0.00449526300958325,STOP,-0.008395263009583251
2024-05-29,ALFA.ST,0,-0.0024681451602273086,EOD,-0.006368145160227308
2024-05-31,ALFA.ST,2,0.0028938082872824733,EOD,-0.0010061917127175265
2024-06-05,ALFA.ST,0,0.0,EOD,-0.0039
2024-06-10,ALFA.ST,0,-0.001248192403326187,EOD,-0.005148192403326187
2024-06-12,ALFA.ST,4,0.009380862800682843,EOD,0.005480862800682843
2024-06-19,ALFA.ST,0,-0.008342232933656435,STOP,-0.012242232933656436
2024-06-20,ALFA.ST,0,-0.00021488204732955651,EOD,-0.004114882047329556
2024-06-24,ALFA.ST,0,0.007478632478632452,EOD,0.0035786324786324522
2024-06-26,ALFA.ST,0,-0.010586491910289264,STOP,-0.014486491910289265
2024-07-01,ALFA.ST,3,0.0014918620444202002,EOD,-0.0024081379555797996
2024-07-02,ALFA.ST,0,-0.007912771939126428,STOP,-0.011812771939126429
2024-07-03,ALFA.ST,0,-0.00506755461476871,EOD,-0.00896755461476871
2024-07-08,ALFA.ST,0,-0.0010745755708518878,EOD,-0.004974575570851888
2024-07-11,ALFA.ST,5,-0.001762087649710864,EOD,-0.005662087649710864
2024-07-12,ALFA.ST,0,0.017586282935454278,EOD,0.013686282935454278
2024-07-16,ALFA.ST,0,0.005237873925241221,EOD,0.0013378739252412212
2024-07-17,ALFA.ST,1,-0.006507592190889366,STOP,-0.010407592190889367
2024-07-18,ALFA.ST,3,-0.0019539598014727266,EOD,-0.0058539598014727265
2024-07-19,ALFA.ST,1,-0.013452889082187891,EOD,-0.01735288908218789
2024-07-22,ALFA.ST,1,0.007767003459580701,EOD,0.0038670034595807016
2024-07-23,ALFA.ST,0,0.0012655686475242511,EOD,-0.0026344313524757487
2024-07-25,ALFA.ST,7,0.0012820643237514417,EOD,-0.002617935676248558
2024-07-26,ALFA.ST,0,0.0008499657698610719,EOD,-0.003050034230138928
2024-07-31,ALFA.ST,0,-0.007768175066721561,STOP,-0.011668175066721562
2024-08-05,ALFA.ST,0,0.007826873720662597,EOD,0.003926873720662597
2024-08-07,ALFA.ST,0,0.0,EOD,-0.0039
2024-08-08,ALFA.ST,4,0.009611011915403367,EOD,0.005711011915403367
2024-08-09,ALFA.ST,0,0.0013506879096119029,EOD,-0.002549312090388097
2024-08-12,ALFA.ST,0,0.0017908837499605035,EOD,-0.0021091162500394963
2024-08-15,ALFA.ST,4,-0.006157946416047166,STOP,-0.010057946416047167
2024-08-19,ALFA.ST,0,0.003280122545463726,EOD,-0.0006198774545362737
2024-08-21,ALFA.ST,1,-0.0060989289333956975,STOP,-0.009998928933395698
2024-08-22,ALFA.ST,0,0.0010876658401628436,EOD,-0.002812334159837156
2024-08-26,ALFA.ST,0,-0.0028927187597340698,EOD,-0.00679271875973407
2024-08-27,ALFA.ST,0,-0.00356666536278738,STOP,-0.00746666536278738
2024-08-28,ALFA.ST,0,0.0013390004359361551,EOD,-0.0025609995640638447
2024-08-29,ALFA.ST,0,0.0070098843527519605,EOD,0.0031098843527519607
2024-08-30,ALFA.ST,0,-0.0013029448501967744,EOD,-0.005202944850196774
2024-09-02,ALFA.ST,4,0.005216244000536774,EOD,0.001316244000536774
2024-09-03,ALFA.ST,0,-0.004326195225632712,STOP,-0.008226195225632713
2024-09-06,ALFA.ST,0,-0.002303086070672866,EOD,-0.006203086070672866
2024-09-09,ALFA.ST,0,0.0015912985149892922,EOD,-0.0023087014850107076
2024-09-10,ALFA.ST,0,-0.007019941260573592,STOP,-0.010919941260573593
2024-09-12,ALFA.ST,0,0.009098992560984787,EOD,0.005198992560984787
2024-09-13,ALFA.ST,0,0.007832911348362392,EOD,0.003932911348362393
2024-09-16,ALFA.ST,0,0.0012998398951082901,EOD,-0.0026001601048917097
2024-09-17,ALFA.ST,0,-0.000428750711749748,EOD,-0.004328750711749748
2024-09-19,ALFA.ST,0,0.007214140679239867,EOD,0.0033141406792398668
2024-09-23,ALFA.ST,1,0.008032102608211078,EOD,0.004132102608211078
2024-09-25,ALFA.ST,0,0.006641785570999925,EOD,0.0027417855709999253
2024-09-26,ALFA.ST,0,-0.0067018436918634405,EOD,-0.010601843691863441
2024-10-01,ALFA.ST,0,-0.010564835591357125,STOP,-0.014464835591357125
2024-10-02,ALFA.ST,0,0.003458824429361629,EOD,-0.000441175570638371
2024-10-04,ALFA.ST,0,-0.005126101983648823,STOP,-0.009026101983648824
2024-10-08,ALFA.ST,2,-0.0008257512417926272,EOD,-0.004725751241792627
2024-10-09,ALFA.ST,0,-0.004132231404958664,STOP,-0.008032231404958665
2024-10-11,ALFA.ST,0,0.008096312637850156,EOD,0.004196312637850156
2024-10-14,ALFA.ST,5,0.0018408547918185025,EOD,-0.0020591452081814973
2024-10-16,ALFA.ST,2,0.0004173240491629482,EOD,-0.0034826759508370516
2024-10-17,ALFA.ST,2,-0.0018648857959013831,EOD,-0.005764885795901383
2024-10-23,ALFA.ST,0,0.0046659855928552485,EOD,0.0007659855928552487
2024-10-25,ALFA.ST,0,0.0018714782863527013,EOD,-0.0020285217136472985
2024-10-28,ALFA.ST,0,0.012310217634664777,EOD,0.008410217634664777
2024-11-04,ALFA.ST,0,-0.003597148085222157,EOD,-0.007497148085222157
2024-11-05,ALFA.ST,0,0.007006343509487811,EOD,0.0031063435094878114
2024-11-06,ALFA.ST,0,-0.019337572060187602,STOP,-0.023237572060187603
2024-11-07,ALFA.ST,0,0.01770481767634413,EOD,0.01380481767634413
2024-11-11,ALFA.ST,0,-0.0014706138803177726,EOD,-0.0053706138803177724
2024-11-13,ALFA.ST,0,-0.005615563938478618,STOP,-0.009515563938478619
2024-11-14,ALFA.ST,4,-0.002345929020759363,EOD,-0.006245929020759363
2024-11-15,ALFA.ST,0,-0.00965250939976725,STOP,-0.013552509399767251
2024-11-18,ALFA.ST,6,0.0,EOD,-0.0039
2024-11-20,ALFA.ST,0,-0.006979669793083287,STOP,-0.010879669793083288
2024-11-21,ALFA.ST,3,0.00803889929096191,EOD,0.00413889929096191
2024-11-26,ALFA.ST,3,-0.0076077895406743146,STOP,-0.011507789540674315
2024-11-27,ALFA.ST,0,0.005753275681358749,EOD,0.0018532756813587495
2024-12-02,ALFA.ST,0,0.020085457043770072,EOD,0.01618545704377007
2024-12-03,ALFA.ST,0,0.009732889348594176,EOD,0.005832889348594176
2024-12-04,ALFA.ST,5,-0.00203541629319437,EOD,-0.00593541629319437
2024-12-06,ALFA.ST,0,0.011449613644720413,EOD,0.0075496136447204135
2024-12-10,ALFA.ST,0,-0.004903951627330816,STOP,-0.008803951627330817
2024-12-11,ALFA.ST,0,-0.0035146002979706825,EOD,-0.007414600297970682
2024-12-13,ALFA.ST,1,-0.008934111577036608,STOP,-0.012834111577036608
2024-12-17,ALFA.ST,1,-0.004689857553627386,STOP,-0.008589857553627386
2024-12-18,ALFA.ST,5,-0.005260942625798681,EOD,-0.009160942625798682
2024-12-20,ALFA.ST,6,0.011297007049607233,EOD,0.007397007049607233
2024-12-23,ALFA.ST,0,-0.0023701919608901667,EOD,-0.0062701919608901665
2024-12-27,ALFA.ST,0,0.0010771219018774758,EOD,-0.002822878098122524
2024-12-30,ALFA.ST,0,-0.0015089064424720355,EOD,-0.005408906442472035
2025-01-02,ALFA.ST,3,0.006840556414138721,EOD,0.002940556414138721
2025-01-08,ALFA.ST,1,0.0021244953772385777,EOD,-0.001775504622761422
2025-01-09,ALFA.ST,3,-0.0010561892827344321,EOD,-0.004956189282734432
2025-01-15,ALFA.ST,0,0.020077693324437984,EOD,0.016177693324437983
2025-01-16,ALFA.ST,0,0.007761656376560344,EOD,0.0038616563765603443
2025-01-20,ALFA.ST,1,-0.005399804991725099,EOD,-0.0092998049917251
2025-01-22,ALFA.ST,0,-0.004503607383891994,EOD,-0.008403607383891995
2025-01-24,ALFA.ST,0,-0.004046944456897683,EOD,-0.007946944456897684
2025-01-28,ALFA.ST,0,-0.010701752942521958,EOD,-0.014601752942521959
2025-01-29,ALFA.ST,2,0.0010235414534287557,EOD,-0.002876458546571244
2025-02-03,ALFA.ST,0,0.0002049940197563771,EOD,-0.0036950059802436227
2025-02-04,ALFA.ST,7,0.0010260619998463394,EOD,-0.0028739380001536604
2025-02-06,ALFA.ST,5,-0.004656110491071397,EOD,-0.008556110491071398
2025-02-10,ALFA.ST,0,0.00021376006698337058,EOD,-0.0036862399330166292
2025-02-17,ALFA.ST,0,0.012019759984714273,EOD,0.008119759984714273
2025-02-18,ALFA.ST,1,0.0033833921001611422,EOD,-0.0005166078998388576
2025-02-20,ALFA.ST,0,0.0066281280843012436,EOD,0.0027281280843012437
2025-02-21,ALFA.ST,0,-0.005494518251149327,STOP,-0.009394518251149328
2025-02-25,ALFA.ST,5,-0.004480490823175032,EOD,-0.008380490823175032
2025-02-26,ALFA.ST,0,0.008691913249597283,EOD,0.004791913249597283
2025-03-03,ALFA.ST,0,-0.007467463001588293,EOD,-0.011367463001588293
2025-03-05,ALFA.ST,0,-0.013636337214218086,STOP,-0.017536337214218087
2025-03-06,ALFA.ST,5,-0.00043445947155462683,EOD,-0.004334459471554627
2025-03-13,ALFA.ST,0,0.005319135264967967,EOD,0.001419135264967967
2025-03-14,ALFA.ST,1,-0.0019715090832078674,EOD,-0.005871509083207867
2025-03-18,ALFA.ST,0,-0.00849671872872415,STOP,-0.012396718728724151
2025-03-19,ALFA.ST,6,0.0015439175484219803,EOD,-0.0023560824515780196
2025-03-25,ALFA.ST,0,0.009717368667585546,EOD,0.005817368667585547
2025-03-27,ALFA.ST,0,0.004446420752062252,EOD,0.0005464207520622525
2025-04-07,ALFA.ST,3,-0.009622918613865439,EOD,-0.01352291861386544
2025-04-08,ALFA.ST,5,-0.014106181292888653,STOP,-0.018006181292888654
2025-04-15,ALFA.ST,0,0.0047846735514507355,EOD,0.0008846735514507357
2025-04-23,ALFA.ST,0,-0.0022443738066941776,EOD,-0.0061443738066941775
2025-04-24,ALFA.ST,5,-0.0005000305175780762,EOD,-0.004400030517578076
2025-04-28,ALFA.ST,4,-0.0066749374710290965,STOP,-0.010574937471029097
2025-04-30,ALFA.ST,0,0.020663280876315415,EOD,0.016763280876315415
2025-05-05,ALFA.ST,0,0.0037027893789187694,EOD,-0.00019721062108123046
2025-05-08,ALFA.ST,0,0.0047763310014261595,EOD,0.0008763310014261597
2025-05-12,ALFA.ST,0,-0.002655022009045216,EOD,-0.006555022009045216
2025-05-13,ALFA.ST,5,-0.0012091898428052694,EOD,-0.005109189842805269
2025-05-14,ALFA.ST,4,-0.0055354700191786455,EOD,-0.009435470019178646
2025-05-15,ALFA.ST,0,0.007018378051333096,EOD,0.0031183780513330964
2025-05-16,ALFA.ST,0,-0.010921191762108928,STOP,-0.014821191762108929
2025-05-19,ALFA.ST,5,0.0021546417768316672,EOD,-0.0017453582231683326
2025-05-20,ALFA.ST,2,0.0054696499238258145,EOD,0.0015696499238258147
2025-05-27,ALFA.ST,1,-0.003150032159181859,EOD,-0.007050032159181859
2025-05-30,ALFA.ST,0,-0.004638656904717431,EOD,-0.008538656904717432
2025-06-03,ALFA.ST,6,0.0059303034941757815,EOD,0.0020303034941757817
2025-06-04,ALFA.ST,0,0.0021812745593090543,EOD,-0.0017187254406909455
2025-06-05,ALFA.ST,0,-0.0014392087126405828,EOD,-0.005339208712640583
2025-06-10,ALFA.ST,0,0.002162407184257198,EOD,-0.001737592815742802
2025-06-13,ALFA.ST,0,0.0009925406860653574,EOD,-0.0029074593139346424
2025-06-16,ALFA.ST,4,-0.008382627823769417,STOP,-0.012282627823769418
2025-06-17,ALFA.ST,0,-0.005959831987361941,EOD,-0.009859831987361942
2025-06-18,ALFA.ST,1,-0.008449289135324944,STOP,-0.012349289135324945
2025-06-19,ALFA.ST,2,0.002752002883021465,EOD,-0.001147997116978535
2025-06-23,ALFA.ST,0,-0.013979046475772083,STOP,-0.017879046475772084
2025-06-27,ALFA.ST,0,0.006783950268922645,EOD,0.002883950268922645
2025-07-01,ALFA.ST,0,-0.009483449450417014,STOP,-0.013383449450417015
2025-07-02,ALFA.ST,0,0.0126928976069145,EOD,0.008792897606914499
2025-07-03,ALFA.ST,0,-0.0017023642661732064,EOD,-0.005602364266173206
2025-07-04,ALFA.ST,2,-0.0024449877750610804,EOD,-0.00634498777506108
2025-07-07,ALFA.ST,0,0.005634462822608155,EOD,0.0017344628226081552
2025-07-08,ALFA.ST,3,0.00850960394815714,EOD,0.004609603948157141
2025-07-09,ALFA.ST,1,0.0007222395641672819,EOD,-0.003177760435832718
2025-07-10,ALFA.ST,0,0.0014197967223139596,EOD,-0.0024802032776860402
2025-07-14,ALFA.ST,3,-0.0011981788033218477,EOD,-0.0050981788033218475
2025-07-15,ALFA.ST,0,0.0009532742866207311,EOD,-0.0029467257133792687
2025-07-16,ALFA.ST,3,-0.0045356742042681475,STOP,-0.008435674204268148
2025-07-17,ALFA.ST,0,0.005363848824681883,EOD,0.001463848824681883
2025-07-22,ALFA.ST,0,-0.01466700214723704,EOD,-0.01856700214723704
2025-07-23,ALFA.ST,6,-0.0023402762194425497,EOD,-0.0062402762194425495
2025-07-29,ALFA.ST,0,0.007770161756812222,EOD,0.003870161756812222
2025-07-30,ALFA.ST,0,0.007037297879203708,EOD,0.003137297879203708
2025-08-06,ALFA.ST,0,-0.003063841221704333,STOP,-0.006963841221704333
2025-08-07,ALFA.ST,0,-0.0026054146653511356,EOD,-0.0065054146653511355
2025-08-12,ALFA.ST,4,-0.00023805308750934895,EOD,-0.004138053087509349
2025-08-14,ALFA.ST,3,-0.00618901705722652,STOP,-0.010089017057226521
2025-08-15,ALFA.ST,0,-0.002830813179360736,EOD,-0.006730813179360736
2025-08-19,ALFA.ST,0,0.036522149441360785,EOD,0.032622149441360784
2025-08-20,ALFA.ST,4,-0.002735382205699466,EOD,-0.006635382205699466
2025-08-22,ALFA.ST,0,0.016914271763392774,EOD,0.013014271763392773
2025-08-26,ALFA.ST,0,-0.00595375779903351,STOP,-0.00985375779903351
2025-08-27,ALFA.ST,0,0.003667215558747383,EOD,-0.00023278444125261668
2025-09-01,ALFA.ST,0,-0.007594908614427465,STOP,-0.011494908614427465
2025-09-03,ALFA.ST,1,0.004913444392852018,EOD,0.001013444392852018
2025-09-04,ALFA.ST,0,-0.010138234784526245,STOP,-0.014038234784526246
2025-09-05,ALFA.ST,0,0.0016166563672777023,EOD,-0.0022833436327222975
2025-09-08,ALFA.ST,3,0.00643091031189269,EOD,0.0025309103118926904
2025-09-10,ALFA.ST,1,-0.005936086994327905,STOP,-0.009836086994327906
2025-09-11,ALFA.ST,5,-0.0018247896991477885,EOD,-0.005724789699147788
2025-09-12,ALFA.ST,0,-0.0040862378955022205,STOP,-0.007986237895502221
2025-09-16,ALFA.ST,0,-0.00617420938674107,STOP,-0.01007420938674107
2025-09-22,ALFA.ST,0,0.003468208092485492,EOD,-0.00043179190751450793
2025-09-23,ALFA.ST,3,0.004328004320010015,EOD,0.00042800432001001507
2025-09-24,ALFA.ST,0,-0.0068259385665528916,STOP,-0.010725938566552892
2025-09-30,ALFA.ST,0,0.009900946649203046,EOD,0.006000946649203046
2025-10-01,ALFA.ST,0,0.0004648574704291253,EOD,-0.0034351425295708745
2025-10-02,ALFA.ST,1,0.00866002373805852,EOD,0.00476002373805852
2025-10-03,ALFA.ST,0,-0.0051236084300306795,EOD,-0.00902360843003068
2025-10-06,ALFA.ST,1,0.0008913200199260896,EOD,-0.0030086799800739103
2025-10-07,ALFA.ST,2,-0.00925928604611348,STOP,-0.01315928604611348
2025-10-10,ALFA.ST,0,-0.0057649802738705125,EOD,-0.009664980273870513
2025-10-13,ALFA.ST,4,0.0019898837903007394,EOD,-0.0019101162096992605
2025-10-14,ALFA.ST,7,0.0011111111111110628,EOD,-0.002788888888888937
2025-10-16,ALFA.ST,0,0.008851515941636023,EOD,0.004951515941636024
2025-10-17,ALFA.ST,3,-0.010790561177326574,STOP,-0.014690561177326575
2025-10-20,ALFA.ST,1,-0.008433240699233124,STOP,-0.012333240699233125
2025-10-21,ALFA.ST,3,0.006796768388580121,EOD,0.0028967683885801213
2025-10-22,ALFA.ST,3,-0.008476404791889824,EOD,-0.012376404791889825
2025-10-23,ALFA.ST,0,0.010266518856170803,EOD,0.006366518856170803
2025-10-24,ALFA.ST,5,0.0057816107216943635,EOD,0.0018816107216943637
2025-10-27,ALFA.ST,0,-0.0038030590310433876,EOD,-0.007703059031043387
2025-10-30,ALFA.ST,0,0.0013158028585869008,EOD,-0.002584197141413099
2025-10-31,ALFA.ST,1,-0.004604266773543975,EOD,-0.008504266773543975
2025-11-04,ALFA.ST,5,-0.005188332633212056,STOP,-0.009088332633212057
2025-11-05,ALFA.ST,2,0.006056555138994613,EOD,0.002156555138994613
2025-11-06,ALFA.ST,0,-0.0037920627609702162,STOP,-0.007692062760970216
2025-11-10,ALFA.ST,4,-0.0015680593616124172,EOD,-0.005468059361612417
2025-11-11,ALFA.ST,0,0.018990169535507695,EOD,0.015090169535507694
2025-11-12,ALFA.ST,6,-0.0026229775017077017,EOD,-0.0065229775017077015
2025-11-13,ALFA.ST,0,-0.01210020685748725,STOP,-0.01600020685748725
2025-11-14,ALFA.ST,0,-0.005952407783731517,STOP,-0.009852407783731518
2025-11-21,ALFA.ST,4,-0.0027675557890669555,EOD,-0.006667555789066955
2025-11-24,ALFA.ST,5,-0.008029364645577797,EOD,-0.011929364645577797
2025-11-25,ALFA.ST,0,0.00045354241957196173,EOD,-0.003446457580428038
2025-11-26,ALFA.ST,0,-0.005851847079385908,EOD,-0.009751847079385909
2025-11-28,ALFA.ST,6,-0.0035769631781837896,EOD,-0.0074769631781837894
2025-12-01,ALFA.ST,0,-0.008950548343320208,STOP,-0.012850548343320209
2025-12-03,ALFA.ST,0,-0.007777777777777772,STOP,-0.011677777777777773
2025-12-04,ALFA.ST,0,0.0032195750582759697,EOD,-0.0006804249417240301
2025-12-10,ALFA.ST,0,0.0032622880378923025,EOD,-0.0006377119621076973
2025-12-11,ALFA.ST,0,-0.004729174869522956,EOD,-0.008629174869522957
2025-12-12,ALFA.ST,0,-0.006645243523077493,STOP,-0.010545243523077494
2025-12-16,ALFA.ST,0,-0.004787839405943961,STOP,-0.008687839405943962
2025-12-18,ALFA.ST,1,0.013087898344780191,EOD,0.00918789834478019
2025-12-19,ALFA.ST,1,-0.0008676657190550552,EOD,-0.004767665719055055
2025-12-22,ALFA.ST,6,-0.0038995196853252034,STOP,-0.007799519685325203
2025-12-23,ALFA.ST,1,-0.0006489028788447815,EOD,-0.004548902878844781
2025-12-29,ALFA.ST,2,0.002808421533134764,EOD,-0.0010915784668652359
2025-12-30,ALFA.ST,0,0.00344457718733171,EOD,-0.0004554228126682899
2026-01-02,ALFA.ST,5,0.0004271287574522109,EOD,-0.003472871242547789
2026-01-07,ALFA.ST,4,0.0037282898841306533,EOD,-0.0001717101158693465
2026-01-09,ALFA.ST,1,0.011921865967047696,EOD,0.008021865967047695
2026-01-12,ALFA.ST,5,0.0004047392976782582,EOD,-0.0034952607023217416
2026-01-13,ALFA.ST,6,-0.005645136679372498,EOD,-0.009545136679372498
2026-01-14,ALFA.ST,0,-0.006180235378378085,EOD,-0.010080235378378086
2026-01-15,ALFA.ST,0,0.007927070851401208,EOD,0.004027070851401208
2026-01-20,ALFA.ST,3,0.007907530008022912,EOD,0.004007530008022912
2026-01-21,ALFA.ST,0,-0.009222084399582497,STOP,-0.013122084399582498
2026-01-22,ALFA.ST,0,0.0003926427354294937,EOD,-0.003507357264570506
2026-01-26,ALFA.ST,0,-0.0027657534182158328,STOP,-0.006665753418215833
2026-01-29,ALFA.ST,0,-0.002716384066248634,EOD,-0.006616384066248634
2026-01-30,ALFA.ST,0,-0.004243850508143576,EOD,-0.008143850508143577
2026-02-04,ALFA.ST,2,-0.008563631765318935,EOD,-0.012463631765318936
2026-02-06,ALFA.ST,0,0.006309112011903872,EOD,0.0024091120119038726
2026-02-10,ALFA.ST,0,-0.0039001560990821194,STOP,-0.007800156099082119
2026-02-11,ALFA.ST,0,0.0015582153387736497,EOD,-0.00234178466122635
2026-02-13,ALFA.ST,4,-0.006661430127630319,STOP,-0.01056143012763032
2026-02-16,ALFA.ST,0,0.00039064884185791016,EOD,-0.0035093511581420897
2026-02-17,ALFA.ST,4,-0.005458065873233386,STOP,-0.009358065873233387
2026-02-18,ALFA.ST,0,0.0050076570200479065,EOD,0.0011076570200479066
2026-02-19,ALFA.ST,6,-0.003061568428401884,EOD,-0.006961568428401884
2026-02-20,ALFA.ST,6,-0.0026737269751390125,EOD,-0.006573726975139012
2026-02-23,ALFA.ST,0,0.010321030682181043,EOD,0.006421030682181043
2026-02-24,ALFA.ST,5,0.0007482686725228671,EOD,-0.0031517313274771327
2026-02-25,ALFA.ST,0,-0.005576208178438624,STOP,-0.009476208178438625
2026-02-26,ALFA.ST,0,-0.006756711089371037,STOP,-0.010656711089371038
2026-03-02,ALFA.ST,0,-0.0026110115296340553,EOD,-0.006511011529634055
2026-03-04,ALFA.ST,1,-0.0019186492259766208,EOD,-0.005818649225976621
2026-03-05,ALFA.ST,0,-0.011367942665344466,STOP,-0.015267942665344467
2026-03-09,ALFA.ST,0,0.006364384018936908,EOD,0.0024643840189369085
2026-03-10,ALFA.ST,0,0.006561102467801394,EOD,0.0026611024678013942
2026-03-11,ALFA.ST,5,-0.0030709704144673555,EOD,-0.006970970414467355
2026-03-12,ALFA.ST,0,0.012185763956881646,EOD,0.008285763956881645
2026-03-13,ALFA.ST,3,-0.010161882133928657,STOP,-0.014061882133928658
2026-03-17,ALFA.ST,3,0.003456197840166375,EOD,-0.0004438021598336247
2026-03-18,ALFA.ST,1,-0.017863855945225993,STOP,-0.021763855945225993
2026-03-23,ALFA.ST,0,-0.010683366751342072,STOP,-0.014583366751342072
2026-03-25,ALFA.ST,0,-0.006907207476548827,STOP,-0.010807207476548827
2026-03-26,ALFA.ST,5,-0.006928359805786988,STOP,-0.010828359805786988
2026-03-30,ALFA.ST,0,-0.004352951555246176,EOD,-0.008252951555246177
2026-03-31,ALFA.ST,0,0.004748701870732397,EOD,0.0008487018707323971
2026-04-02,ALFA.ST,0,-0.0042652428443140655,EOD,-0.008165242844314066
2026-04-07,ALFA.ST,0,-0.0026646828112043552,EOD,-0.006564682811204355
2026-04-09,ALFA.ST,5,-0.0011069660257149172,EOD,-0.005006966025714917
2026-04-10,ALFA.ST,0,-0.0018201673745218416,EOD,-0.0057201673745218415
2026-04-13,ALFA.ST,0,0.0072806694980875886,EOD,0.0033806694980875887
2026-04-15,ALFA.ST,1,-0.0032223198561379673,STOP,-0.007122319856137967
2026-04-16,ALFA.ST,4,0.0010713849748884563,EOD,-0.0028286150251115435
2026-04-17,ALFA.ST,1,-0.006790543171467989,STOP,-0.01069054317146799
2026-04-20,ALFA.ST,0,-0.009424126377072461,STOP,-0.013324126377072462
2026-04-21,ALFA.ST,1,-0.005964955112390369,STOP,-0.00986495511239037
2026-04-22,ALFA.ST,3,-0.016263018017409148,STOP,-0.02016301801740915
2026-04-24,ALFA.ST,3,-0.005886591824118104,STOP,-0.009786591824118104
2026-04-27,ALFA.ST,0,-0.007369196923279309,STOP,-0.01126919692327931
2026-04-28,ALFA.ST,1,-0.007039621857913403,STOP,-0.010939621857913404
2026-04-29,ALFA.ST,0,-0.005229825738594873,STOP,-0.009129825738594874
2026-04-30,ALFA.ST,0,0.02200669064590155,EOD,0.01810669064590155
2026-05-05,ALFA.ST,5,-0.006598196017276847,STOP,-0.010498196017276848
2026-05-06,ALFA.ST,0,0.013571384974888412,EOD,0.009671384974888411
2026-05-11,ALFA.ST,5,0.0003678047287993813,EOD,-0.0035321952712006185
2026-05-12,ALFA.ST,0,-0.005553498578689919,STOP,-0.00945349857868992
2026-05-13,ALFA.ST,0,0.0018518518518517713,EOD,-0.0020481481481482286
2026-05-18,ALFA.ST,0,0.008196766978615377,EOD,0.004296766978615378
2026-05-19,ALFA.ST,1,-0.013513447240365961,STOP,-0.017413447240365962
2026-05-20,ALFA.ST,3,0.005530973202371836,EOD,0.0016309732023718363
2026-05-21,ALFA.ST,0,0.004023431338963768,EOD,0.00012343133896376788
2026-05-27,ALFA.ST,4,-0.010000045211226882,STOP,-0.013900045211226883
2026-05-29,ALFA.ST,0,-0.005742725612168376,EOD,-0.009642725612168376
2026-06-01,ALFA.ST,0,-0.006538508488581729,STOP,-0.01043850848858173
2026-06-02,ALFA.ST,0,0.0030709704144673555,EOD,-0.0008290295855326443
2026-06-03,ALFA.ST,0,0.015442584194032438,EOD,0.011542584194032438
2026-06-04,ALFA.ST,3,-0.004406837103369532,EOD,-0.008306837103369533
2026-06-05,ALFA.ST,0,0.00698527167825147,EOD,0.0030852716782514703
2026-06-08,ALFA.ST,0,0.01164977840064263,EOD,0.00774977840064263
2026-06-10,ALFA.ST,6,-0.009335325294834274,STOP,-0.013235325294834274
2026-06-12,ALFA.ST,0,-0.010824912140927179,STOP,-0.01472491214092718
2026-06-16,ALFA.ST,0,-0.0014689457011232143,EOD,-0.005368945701123214
2026-06-17,ALFA.ST,0,-0.0025518837790887705,EOD,-0.00645188377908877
2026-06-22,ALFA.ST,6,0.006463151859851912,EOD,0.0025631518598519124
2026-06-24,ALFA.ST,0,-0.0035765378332279774,EOD,-0.007476537833227977
2026-06-25,ALFA.ST,6,0.003558718861210064,EOD,-0.00034128113878993584
2026-06-29,ALFA.ST,0,0.000707398941697468,EOD,-0.003192601058302532
2026-06-30,ALFA.ST,0,0.01050788091068311,EOD,0.00660788091068311
2026-07-01,ALFA.ST,5,-0.009678492606686517,STOP,-0.013578492606686518
2026-07-02,ALFA.ST,4,-0.002413003075847797,EOD,-0.006313003075847797
2026-07-03,ALFA.ST,0,0.008219157179740977,EOD,0.004319157179740977
2026-07-07,ALFA.ST,0,-0.005145797598627766,STOP,-0.009045797598627767
2023-08-08,ASSA-B.ST,0,-0.010121457489878583,EOD,-0.014021457489878583
2023-08-09,ASSA-B.ST,0,-0.006055712630119392,STOP,-0.009955712630119393
2023-08-10,ASSA-B.ST,6,-0.004022526047660735,EOD,-0.007922526047660736
2023-08-14,ASSA-B.ST,0,0.0016267147832538242,EOD,-0.0022732852167461756
2023-08-16,ASSA-B.ST,0,-0.00040902291826427906,EOD,-0.004309022918264279
2023-08-18,ASSA-B.ST,1,0.0020955573646677106,EOD,-0.0018044426353322892
2023-08-21,ASSA-B.ST,0,-0.009995872945703699,STOP,-0.0138958729457037
2023-08-22,ASSA-B.ST,1,-0.0036946187714420597,EOD,-0.00759461877144206
2023-08-25,ASSA-B.ST,0,-0.007828569923260309,STOP,-0.01172856992326031
2023-08-30,ASSA-B.ST,0,-0.006075334293563772,STOP,-0.009975334293563773
2023-08-31,ASSA-B.ST,1,0.0016226932920258008,EOD,-0.002277306707974199
2023-09-01,ASSA-B.ST,1,-0.00201045438735592,EOD,-0.00591045438735592
2023-09-04,ASSA-B.ST,1,-0.005973715505931287,EOD,-0.009873715505931288
2023-09-05,ASSA-B.ST,1,-0.000801590974918609,EOD,-0.004701590974918609
2023-09-06,ASSA-B.ST,6,-0.01004823138800337,STOP,-0.013948231388003371
2023-09-07,ASSA-B.ST,1,-0.008921379369746463,STOP,-0.012821379369746463
2023-09-11,ASSA-B.ST,6,-0.003265318578603349,EOD,-0.007165318578603349
2023-09-14,ASSA-B.ST,4,0.0034100075539458263,EOD,-0.0004899924460541735
2023-09-15,ASSA-B.ST,2,-0.006691786125772481,EOD,-0.010591786125772482
2023-09-18,ASSA-B.ST,6,0.0037688186138309376,EOD,-0.00013118138616906218
2023-09-19,ASSA-B.ST,0,-0.013179558929247825,STOP,-0.017079558929247826
2023-09-20,ASSA-B.ST,0,0.010266940451745477,EOD,0.006366940451745477
2023-09-22,ASSA-B.ST,5,-0.0024989841243775457,EOD,-0.0063989841243775455
2023-09-26,ASSA-B.ST,0,-0.007136847061385843,STOP,-0.011036847061385843
2023-09-27,ASSA-B.ST,0,-0.005054747173942387,STOP,-0.008954747173942387
2023-09-28,ASSA-B.ST,5,0.002535886852276903,EOD,-0.001364113147723097
2023-09-29,ASSA-B.ST,0,-0.009174299083588244,STOP,-0.013074299083588245
2023-10-03,ASSA-B.ST,0,-0.00713085986478823,STOP,-0.011030859864788231
2023-10-04,ASSA-B.ST,2,0.0008438689799248333,EOD,-0.0030561310200751665
2023-10-05,ASSA-B.ST,0,-0.0020911751871036666,EOD,-0.005991175187103666
2023-10-06,ASSA-B.ST,6,0.001651565484366735,EOD,-0.002248434515633265
2023-10-09,ASSA-B.ST,1,-0.010309278350515427,STOP,-0.014209278350515428
2023-10-10,ASSA-B.ST,0,0.010224948875255713,EOD,0.006324948875255713
2023-10-11,ASSA-B.ST,4,0.0008080684777462821,EOD,-0.0030919315222537177
2023-10-12,ASSA-B.ST,0,-0.00478855617639351,STOP,-0.008688556176393511
2023-10-19,ASSA-B.ST,0,-0.0071942315966446735,EOD,-0.011094231596644674
2023-10-23,ASSA-B.ST,0,-0.006544502704940003,STOP,-0.010444502704940004
2023-10-24,ASSA-B.ST,6,0.0,EOD,-0.0039
2023-10-26,ASSA-B.ST,1,0.013986000461365,EOD,0.010086000461365
2023-10-30,ASSA-B.ST,1,-0.006000896429319114,STOP,-0.009900896429319114
2023-10-31,ASSA-B.ST,0,0.009778924666669742,EOD,0.005878924666669742
2023-11-01,ASSA-B.ST,5,0.004189359081629318,EOD,0.0002893590816293182
2023-11-02,ASSA-B.ST,0,-0.005275924615139815,EOD,-0.009175924615139816
2023-11-08,ASSA-B.ST,2,0.007774178407214727,EOD,0.003874178407214727
2023-11-10,ASSA-B.ST,7,0.0,EOD,-0.0039
2023-11-14,ASSA-B.ST,0,0.031694382769287266,EOD,0.027794382769287265
2023-11-15,ASSA-B.ST,0,0.004251934804924584,EOD,0.0003519348049245844
2023-11-17,ASSA-B.ST,0,0.003809523809523707,EOD,-9.047619047629265e-05
2023-11-20,ASSA-B.ST,0,-0.003026817366315604,STOP,-0.006926817366315604
2023-11-21,ASSA-B.ST,0,0.0003780949093217245,EOD,-0.0035219050906782753
2023-11-22,ASSA-B.ST,4,-0.0007513606230630243,EOD,-0.004651360623063024
2023-11-24,ASSA-B.ST,0,-0.0018608112291962353,EOD,-0.005760811229196235
2023-11-27,ASSA-B.ST,1,-0.0037174721189591198,STOP,-0.00761747211895912
2023-11-29,ASSA-B.ST,0,0.005594927138572459,EOD,0.0016949271385724588
2023-12-01,ASSA-B.ST,0,0.0,EOD,-0.0039
2023-12-05,ASSA-B.ST,0,0.00037053021777389006,EOD,-0.0035294697822261098
2023-12-06,ASSA-B.ST,3,0.004406949176742669,EOD,0.0005069491767426696
2023-12-07,ASSA-B.ST,0,-0.005865013407374997,STOP,-0.009765013407374998
2023-12-08,ASSA-B.ST,0,0.003652301112431644,EOD,-0.0002476988875683558
2023-12-11,ASSA-B.ST,0,0.009782652924026358,EOD,0.005882652924026358
2023-12-14,ASSA-B.ST,0,0.009305677023310643,EOD,0.005405677023310644
2023-12-15,ASSA-B.ST,0,0.003155658688510421,EOD,-0.0007443413114895788
2023-12-20,ASSA-B.ST,1,0.015082384078966005,EOD,0.011182384078966004
2023-12-22,ASSA-B.ST,3,-0.0017289072575905617,EOD,-0.0056289072575905616
2023-12-27,ASSA-B.ST,0,-0.005136986301369828,EOD,-0.009036986301369829
2023-12-29,ASSA-B.ST,0,-0.0006873271719286533,EOD,-0.004587327171928653
2024-01-04,ASSA-B.ST,1,0.0021390591925691815,EOD,-0.0017609408074308183
2024-01-08,ASSA-B.ST,3,0.007102272573335178,EOD,0.003202272573335178
2024-01-09,ASSA-B.ST,1,-0.005990069635567585,STOP,-0.009890069635567586
2024-01-12,ASSA-B.ST,0,-0.0021008616620902254,EOD,-0.006000861662090225
2024-01-16,ASSA-B.ST,0,-0.0010626560607177593,EOD,-0.004962656060717759
2024-01-18,ASSA-B.ST,1,0.007798587883212749,EOD,0.003898587883212749
2024-01-22,ASSA-B.ST,2,0.0031228100567803896,EOD,-0.0007771899432196102
2024-01-25,ASSA-B.ST,4,0.004553372304619163,EOD,0.0006533723046191634
2024-01-26,ASSA-B.ST,0,-0.0038353404210447195,EOD,-0.007735340421044719
2024-01-29,ASSA-B.ST,3,0.003154659840769458,EOD,-0.0007453401592305417
2024-02-01,ASSA-B.ST,0,0.0017452006980802626,EOD,-0.0021547993019197373
2024-02-06,ASSA-B.ST,6,0.00034772636089464015,EOD,-0.0035522736391053597
2024-02-07,ASSA-B.ST,3,0.0007010592905332125,EOD,-0.0031989407094667873
2024-02-12,ASSA-B.ST,1,0.002097923438865834,EOD,-0.0018020765611341657
2024-02-14,ASSA-B.ST,0,-0.00035225820945983255,EOD,-0.004252258209459832
2024-02-15,ASSA-B.ST,1,-0.0006981228866710376,EOD,-0.004598122886671037
2024-02-16,ASSA-B.ST,0,-0.005210142521014927,STOP,-0.009110142521014927
2024-02-19,ASSA-B.ST,2,0.00802507935794683,EOD,0.0041250793579468295
2024-02-20,ASSA-B.ST,0,0.013797861621992036,EOD,0.009897861621992035
2024-02-23,ASSA-B.ST,0,0.006491266885019664,EOD,0.0025912668850196644
2024-02-28,ASSA-B.ST,3,0.0017053205292738571,EOD,-0.0021946794707261427
2024-02-29,ASSA-B.ST,0,-0.0037099699949936227,EOD,-0.0076099699949936225
2024-03-04,ASSA-B.ST,0,-0.0010158747218745878,EOD,-0.004915874721874588
2024-03-05,ASSA-B.ST,2,0.004067837989936374,EOD,0.00016783798993637387
2024-03-06,ASSA-B.ST,0,-0.010476533178301106,STOP,-0.014376533178301107
2024-03-07,ASSA-B.ST,0,0.00948194522957424,EOD,0.00558194522957424
2024-03-08,ASSA-B.ST,0,0.00799464956326923,EOD,0.0040946495632692296
2024-03-11,ASSA-B.ST,2,0.0016633399529200066,EOD,-0.0022366600470799932
2024-03-12,ASSA-B.ST,0,0.012541213838180632,EOD,0.00864121383818063
2024-03-13,ASSA-B.ST,0,0.00032491251859378956,EOD,-0.0035750874814062103
2024-03-15,ASSA-B.ST,0,0.0019550541396164967,EOD,-0.0019449458603835032
2024-03-19,ASSA-B.ST,0,0.009247088584631413,EOD,0.0053470885846314134
2024-03-20,ASSA-B.ST,0,0.008145976049915626,EOD,0.004245976049915627
2024-03-21,ASSA-B.ST,0,-0.00763356852123398,STOP,-0.01153356852123398
2024-03-22,ASSA-B.ST,0,-0.006993045659087982,STOP,-0.010893045659087983
2024-03-25,ASSA-B.ST,0,-0.004774029095236387,STOP,-0.008674029095236388
2024-03-26,ASSA-B.ST,0,0.01356145148178256,EOD,0.00966145148178256
2024-04-04,ASSA-B.ST,0,0.003898675291171161,EOD,-1.3247088288389705e-06
2024-04-09,ASSA-B.ST,4,-0.006229488185194643,STOP,-0.010129488185194643
2024-04-10,ASSA-B.ST,1,-0.012325617721141602,STOP,-0.016225617721141603
2024-04-11,ASSA-B.ST,7,-0.0074845033658714755,STOP,-0.011384503365871476
2024-04-12,ASSA-B.ST,0,-0.006103417831638258,STOP,-0.010003417831638259
2024-04-15,ASSA-B.ST,0,-0.0009674888895252476,EOD,-0.004867488889525247
2024-04-16,ASSA-B.ST,0,-0.006203049207330058,STOP,-0.010103049207330059
2024-04-17,ASSA-B.ST,0,0.000651194026305868,EOD,-0.003248805973694132
2024-04-19,ASSA-B.ST,0,0.0095867566825929,EOD,0.005686756682592901
2024-04-23,ASSA-B.ST,1,0.005834644385636079,EOD,0.0019346443856360787
2024-04-24,ASSA-B.ST,0,-0.017430581372692155,STOP,-0.021330581372692156
2024-04-25,ASSA-B.ST,0,-0.010749116814969595,STOP,-0.014649116814969596
2024-04-26,ASSA-B.ST,0,0.008078067476202433,EOD,0.004178067476202433
2024-04-29,ASSA-B.ST,0,-0.0049850449665214125,EOD,-0.008885044966521413
2024-05-03,ASSA-B.ST,4,0.004718550181614045,EOD,0.0008185501816140453
2024-05-06,ASSA-B.ST,3,0.0016694490818029983,EOD,-0.0022305509181970015
2024-05-07,ASSA-B.ST,4,0.007613332494209368,EOD,0.0037133324942093685
2024-05-08,ASSA-B.ST,0,0.0013059889977302674,EOD,-0.0025940110022697324
2024-05-10,ASSA-B.ST,0,0.008312040297253631,EOD,0.004412040297253631
2024-05-13,ASSA-B.ST,0,-0.00221583318448082,EOD,-0.00611583318448082
2024-05-15,ASSA-B.ST,4,-0.0015767896259099023,EOD,-0.005476789625909902
2024-05-20,ASSA-B.ST,2,0.0012898867739810083,EOD,-0.0026101132260189916
2024-05-22,ASSA-B.ST,0,0.000964590974176005,EOD,-0.002935409025823995
2024-05-24,ASSA-B.ST,0,0.0035233041093158946,EOD,-0.00037669589068410527
2024-05-27,ASSA-B.ST,6,0.0009568988611443618,EOD,-0.002943101138855638
2024-05-30,ASSA-B.ST,0,0.005575638704697461,EOD,0.001675638704697461
2024-05-31,ASSA-B.ST,4,0.0003256466998633467,EOD,-0.003574353300136653
2024-06-05,ASSA-B.ST,3,-0.0029325314903327904,EOD,-0.00683253149033279
2024-06-07,ASSA-B.ST,6,0.0016181229773462036,EOD,-0.0022818770226537962
2024-06-10,ASSA-B.ST,0,-0.007741915795110854,STOP,-0.011641915795110855
2024-06-12,ASSA-B.ST,4,0.01668800252759195,EOD,0.012788002527591949
2024-06-24,ASSA-B.ST,0,0.0023609180675590036,EOD,-0.0015390819324409962
2024-06-25,ASSA-B.ST,0,-0.00808350941671343,STOP,-0.011983509416713431
2024-06-27,ASSA-B.ST,0,0.0037112217482022647,EOD,-0.00018877825179773513
2024-06-28,ASSA-B.ST,0,-0.0056951832731365615,STOP,-0.009595183273136562
2024-07-03,ASSA-B.ST,1,0.002331717724816107,EOD,-0.0015682822751838929
2024-07-05,ASSA-B.ST,1,-0.0049784270188244495,STOP,-0.00887842701882445
2024-07-08,ASSA-B.ST,0,0.0009987294162536742,EOD,-0.0029012705837463256
2024-07-10,ASSA-B.ST,2,0.003372681281618828,EOD,-0.000527318718381172
2024-07-11,ASSA-B.ST,0,0.013671244371318059,EOD,0.009771244371318058
2024-07-12,ASSA-B.ST,2,0.02260080147380017,EOD,0.01870080147380017
2024-07-16,ASSA-B.ST,0,0.010342638235803836,EOD,0.006442638235803836
2024-07-18,ASSA-B.ST,0,0.012152183065643252,EOD,0.008252183065643251
2024-07-19,ASSA-B.ST,1,-0.006624624932225931,EOD,-0.010524624932225932
2024-07-22,ASSA-B.ST,0,-0.0028310598105183438,EOD,-0.006731059810518344
2024-07-23,ASSA-B.ST,7,-0.0021978405244309496,EOD,-0.006097840524430949
2024-07-24,ASSA-B.ST,1,-0.0022138272612491905,EOD,-0.00611382726124919
2024-07-26,ASSA-B.ST,0,0.014003799253786031,EOD,0.01010379925378603
2024-07-30,ASSA-B.ST,1,0.007802746715431352,EOD,0.0039027467154313525
2024-07-31,ASSA-B.ST,0,-0.0021433318859442885,EOD,-0.006043331885944288
2024-08-05,ASSA-B.ST,0,0.0013418110979355191,EOD,-0.0025581889020644807
2024-08-07,ASSA-B.ST,0,0.0016622341100098748,EOD,-0.002237765889990125
2024-08-08,ASSA-B.ST,0,0.01368950284980186,EOD,0.00978950284980186
2024-08-09,ASSA-B.ST,0,0.0009829219559966962,EOD,-0.0029170780440033036
2024-08-14,ASSA-B.ST,0,0.004198926897094779,EOD,0.00029892689709477924
2024-08-15,ASSA-B.ST,4,-0.008322682952347171,STOP,-0.012222682952347172
2024-08-16,ASSA-B.ST,0,-0.005747184675577333,STOP,-0.009647184675577333
2024-08-19,ASSA-B.ST,0,0.0032051282051281937,EOD,-0.0006948717948718061
2024-08-21,ASSA-B.ST,0,-0.004148014736076067,STOP,-0.008048014736076067
2024-08-22,ASSA-B.ST,0,0.004137453031390015,EOD,0.00023745303139001504
2024-08-23,ASSA-B.ST,0,0.010732400710458556,EOD,0.006832400710458556
2024-08-26,ASSA-B.ST,0,0.0028099420804357234,EOD,-0.0010900579195642765
2024-08-27,ASSA-B.ST,0,-0.004349157884527943,STOP,-0.008249157884527944
2024-08-28,ASSA-B.ST,0,0.007471960788524079,EOD,0.0035719607885240793
2024-08-29,ASSA-B.ST,0,0.012634841613299308,EOD,0.008734841613299307
2024-08-30,ASSA-B.ST,0,0.0042462658315136625,EOD,0.0003462658315136627
2024-09-02,ASSA-B.ST,3,0.004836778000478548,EOD,0.0009367780004785478
2024-09-04,ASSA-B.ST,0,-0.00967648046238323,STOP,-0.01357648046238323
2024-09-05,ASSA-B.ST,0,-0.007610350076103556,STOP,-0.011510350076103557
2024-09-06,ASSA-B.ST,4,-0.014201933282486423,STOP,-0.018101933282486424
2024-09-10,ASSA-B.ST,0,-0.014136466471412978,STOP,-0.01803646647141298
2024-09-11,ASSA-B.ST,3,-0.006817515103221705,STOP,-0.010717515103221706
2024-09-13,ASSA-B.ST,7,0.0,EOD,-0.0039
2024-09-16,ASSA-B.ST,0,-0.0009107097708782597,EOD,-0.0048107097708782595
2024-09-17,ASSA-B.ST,0,0.007224544877465711,EOD,0.003324544877465711
2024-09-19,ASSA-B.ST,0,0.008955223880596996,EOD,0.0050552238805969965
2024-09-23,ASSA-B.ST,0,0.007092180673083925,EOD,0.0031921806730839256
2024-09-25,ASSA-B.ST,0,0.004088767293925821,EOD,0.00018876729392582146
2024-09-30,ASSA-B.ST,2,-0.008153721149490756,STOP,-0.012053721149490756
2024-10-01,ASSA-B.ST,0,-0.009562498557467491,STOP,-0.013462498557467492
2024-10-02,ASSA-B.ST,0,-0.004685230171348809,STOP,-0.00858523017134881
2024-10-04,ASSA-B.ST,4,-0.007094277218694711,STOP,-0.010994277218694712
2024-10-08,ASSA-B.ST,1,-0.0026817457691188373,EOD,-0.006581745769118837
2024-10-09,ASSA-B.ST,1,0.0035692493928709546,EOD,-0.00033075060712904527
2024-10-11,ASSA-B.ST,6,0.0011966031369112784,EOD,-0.0027033968630887214
2024-10-14,ASSA-B.ST,0,0.0029682398875532368,EOD,-0.0009317601124467631
2024-10-16,ASSA-B.ST,0,0.003558664430641789,EOD,-0.00034133556935821065
2024-10-17,ASSA-B.ST,2,-0.003824618465173235,STOP,-0.007724618465173235
2024-10-18,ASSA-B.ST,0,-0.0067409678436683995,STOP,-0.0106409678436684
2024-10-22,ASSA-B.ST,5,-0.0020741102430555935,EOD,-0.005974110243055593
2024-10-24,ASSA-B.ST,5,-0.011589877849879304,STOP,-0.015489877849879305
2024-10-25,ASSA-B.ST,0,0.005106675392610116,EOD,0.0012066753926101162
2024-10-28,ASSA-B.ST,5,0.006185584988263937,EOD,0.002285584988263937
2024-10-31,ASSA-B.ST,0,-0.008982035928143728,STOP,-0.012882035928143729
2024-11-01,ASSA-B.ST,0,-0.0029824039260551993,EOD,-0.006882403926055199
2024-11-04,ASSA-B.ST,0,0.0005921873918397491,EOD,-0.0033078126081602507
2024-11-05,ASSA-B.ST,6,0.005322258214073949,EOD,0.0014222582140739496
2024-11-07,ASSA-B.ST,0,0.006557413433774251,EOD,0.002657413433774251
2024-11-11,ASSA-B.ST,0,-0.000589137575938925,EOD,-0.004489137575938925
2024-11-13,ASSA-B.ST,0,-0.007050944894162359,STOP,-0.01095094489416236
2024-11-14,ASSA-B.ST,0,0.007012157905392558,EOD,0.0031121579053925577
2024-11-15,ASSA-B.ST,0,-0.008206724033529622,STOP,-0.012106724033529623
2024-11-21,ASSA-B.ST,3,0.00030573555991919577,EOD,-0.003594264440080804
2024-11-22,ASSA-B.ST,3,0.004534462077848689,EOD,0.000634462077848689
2024-11-27,ASSA-B.ST,4,-0.0006108176334186366,EOD,-0.004510817633418636
2024-11-28,ASSA-B.ST,0,-0.005398883701022594,STOP,-0.009298883701022595
2024-11-29,ASSA-B.ST,0,0.0066125085925279325,EOD,0.0027125085925279327
2024-12-02,ASSA-B.ST,1,0.005352418602093456,EOD,0.0014524186020934563
2024-12-03,ASSA-B.ST,0,0.007635847587417421,EOD,0.0037358475874174216
2024-12-04,ASSA-B.ST,4,0.005224928281476693,EOD,0.001324928281476693
2024-12-06,ASSA-B.ST,2,0.004634923317957229,EOD,0.0007349233179572293
2024-12-11,ASSA-B.ST,0,0.0032088860638466166,EOD,-0.0006911139361533833
2024-12-13,ASSA-B.ST,1,-0.006088739172740887,STOP,-0.009988739172740888
2024-12-16,ASSA-B.ST,0,-0.0052678321517186655,STOP,-0.009167832151718666
2024-12-17,ASSA-B.ST,1,-0.0038224589450644997,STOP,-0.0077224589450644995
2024-12-18,ASSA-B.ST,0,-0.002339829795992787,EOD,-0.006239829795992787
2024-12-20,ASSA-B.ST,6,-0.004921581277996578,STOP,-0.008821581277996579
2024-12-23,ASSA-B.ST,0,0.003997502288349164,EOD,9.750228834916417e-05
2024-12-27,ASSA-B.ST,0,-0.005799737060700805,STOP,-0.009699737060700805
2024-12-30,ASSA-B.ST,2,-0.001530456018725701,EOD,-0.005430456018725701
2025-01-02,ASSA-B.ST,6,0.0,EOD,-0.0039
2025-01-08,ASSA-B.ST,2,-0.003389849317459559,STOP,-0.007289849317459559
2025-01-15,ASSA-B.ST,0,0.019761664215113273,EOD,0.015861664215113272
2025-01-16,ASSA-B.ST,2,0.004278709792952418,EOD,0.0003787097929524178
2025-01-17,ASSA-B.ST,0,0.006628539462153249,EOD,0.002728539462153249
2025-01-20,ASSA-B.ST,4,0.002684236346045532,EOD,-0.0012157636539544677
2025-01-21,ASSA-B.ST,5,-0.0005935936274150677,EOD,-0.0044935936274150675
2025-01-22,ASSA-B.ST,0,-0.010566498310918826,STOP,-0.014466498310918827
2025-01-27,ASSA-B.ST,1,0.0035831956670688836,EOD,-0.0003168043329311162
2025-01-28,ASSA-B.ST,0,-0.007976402384139547,STOP,-0.011876402384139548
2025-01-30,ASSA-B.ST,0,0.0011761067018700722,EOD,-0.0027238932981299277
2025-01-31,ASSA-B.ST,0,-0.004093549404925123,EOD,-0.007993549404925124
2025-02-03,ASSA-B.ST,4,-0.0012037132445926746,EOD,-0.005103713244592674
2025-02-04,ASSA-B.ST,6,0.003006614496840365,EOD,-0.0008933855031596346
2025-02-06,ASSA-B.ST,5,0.010925663440108035,EOD,0.007025663440108036
2025-02-11,ASSA-B.ST,0,0.008199247819981048,EOD,0.004299247819981048
2025-02-17,ASSA-B.ST,0,0.0024111462928866345,EOD,-0.0014888537071133653
2025-02-18,ASSA-B.ST,4,0.002401644486071053,EOD,-0.001498355513928947
2025-02-20,ASSA-B.ST,0,0.005194049100015752,EOD,0.001294049100015752
2025-02-21,ASSA-B.ST,0,-0.010234871430238157,STOP,-0.014134871430238158
2025-02-25,ASSA-B.ST,0,0.008239187027394346,EOD,0.004339187027394346
2025-02-26,ASSA-B.ST,0,0.003588553316190346,EOD,-0.0003114466838096538
2025-02-27,ASSA-B.ST,0,-0.008682616456540004,STOP,-0.012582616456540005
2025-02-28,ASSA-B.ST,0,-0.00935427326677607,STOP,-0.01325427326677607
2025-03-03,ASSA-B.ST,0,-0.0015151515151514694,EOD,-0.005415151515151469
2025-03-05,ASSA-B.ST,0,0.0006072016112244061,EOD,-0.0032927983887755937
2025-03-06,ASSA-B.ST,5,0.009351451292656465,EOD,0.005451451292656465
2025-03-07,ASSA-B.ST,0,0.011708177199109437,EOD,0.007808177199109438
2025-03-12,ASSA-B.ST,3,-0.010985675829762398,STOP,-0.014885675829762399
2025-03-13,ASSA-B.ST,0,-0.00863394356572178,EOD,-0.01253394356572178
2025-03-18,ASSA-B.ST,0,-0.013790852986895863,STOP,-0.017690852986895864
2025-03-19,ASSA-B.ST,1,0.005759960937500086,EOD,0.0018599609375000862
2025-03-27,ASSA-B.ST,6,0.0006708543621554153,EOD,-0.0032291456378445845
2025-03-28,ASSA-B.ST,0,0.001671681677689385,EOD,-0.002228318322310615
2025-03-31,ASSA-B.ST,0,-0.009345855318772744,STOP,-0.013245855318772745
2025-04-01,ASSA-B.ST,0,-0.010613639160966026,STOP,-0.014513639160966027
2025-04-07,ASSA-B.ST,2,-0.011026592762298004,EOD,-0.014926592762298005
2025-04-08,ASSA-B.ST,5,-0.003345702217414037,EOD,-0.007245702217414037
2025-04-15,ASSA-B.ST,0,0.006739957210435632,EOD,0.002839957210435632
2025-04-16,ASSA-B.ST,0,-0.008164778881360135,STOP,-0.012064778881360136
2025-04-23,ASSA-B.ST,1,-0.017002165879654862,EOD,-0.020902165879654863
2025-04-24,ASSA-B.ST,4,0.00928573608398442,EOD,0.00538573608398442
2025-04-25,ASSA-B.ST,0,0.006245620113561001,EOD,0.0023456201135610014
2025-04-28,ASSA-B.ST,1,-0.0071966267093452885,EOD,-0.01109662670934529
2025-04-30,ASSA-B.ST,1,0.0030959541062676177,EOD,-0.0008040458937323821
2025-05-02,ASSA-B.ST,6,0.00469796609558526,EOD,0.00079796609558526
2025-05-05,ASSA-B.ST,0,-0.0003329098054178914,EOD,-0.004232909805417891
2025-05-07,ASSA-B.ST,0,0.0013449694172609217,EOD,-0.002555030582739078
2025-05-08,ASSA-B.ST,0,-0.00428907385143007,EOD,-0.00818907385143007
2025-05-12,ASSA-B.ST,0,0.003893516034798372,EOD,-6.48396520162766e-06
2025-05-13,ASSA-B.ST,5,0.001606683741603998,EOD,-0.0022933162583960017
2025-05-14,ASSA-B.ST,4,-0.0067458261107742334,STOP,-0.010645826110774234
2025-05-15,ASSA-B.ST,3,0.009406501877677442,EOD,0.0055065018776774425
2025-05-20,ASSA-B.ST,2,-0.0009594445117842021,EOD,-0.004859444511784202
2025-05-21,ASSA-B.ST,6,0.0012982599433963848,EOD,-0.002601740056603615
2025-05-27,ASSA-B.ST,5,-0.007462745682832228,EOD,-0.011362745682832229
2025-05-30,ASSA-B.ST,0,-0.006862765044168717,EOD,-0.010762765044168718
2025-06-04,ASSA-B.ST,0,0.012607891133043614,EOD,0.008707891133043613
2025-06-05,ASSA-B.ST,0,0.0,EOD,-0.0039
2025-06-10,ASSA-B.ST,4,0.001612903225806539,EOD,-0.002287096774193461
2025-06-13,ASSA-B.ST,0,-0.0023095090496044746,EOD,-0.006209509049604474
2025-06-16,ASSA-B.ST,0,0.0013145725603336267,EOD,-0.002585427439666373
2025-06-17,ASSA-B.ST,0,-0.009914077790777465,STOP,-0.013814077790777465
2025-06-19,ASSA-B.ST,2,-0.0023609180675590036,EOD,-0.006260918067559003
2025-06-23,ASSA-B.ST,0,-0.0064582744229304545,STOP,-0.010358274422930455
2025-06-27,ASSA-B.ST,0,0.006058524927601727,EOD,0.0021585249276017274
2025-07-01,ASSA-B.ST,7,0.0010151871166454995,EOD,-0.0028848128833545003
2025-07-02,ASSA-B.ST,3,0.0016795430953906454,EOD,-0.0022204569046093544
2025-07-03,ASSA-B.ST,0,-0.005655396448813854,STOP,-0.009555396448813855
2025-07-07,ASSA-B.ST,0,0.001684068744623568,EOD,-0.002215931255376432
2025-07-08,ASSA-B.ST,7,0.0026765417426670712,EOD,-0.0012234582573329286
2025-07-09,ASSA-B.ST,1,-0.005291025581380615,EOD,-0.009191025581380616
2025-07-10,ASSA-B.ST,0,0.006553079685472918,EOD,0.002653079685472918
2025-07-11,ASSA-B.ST,0,-0.005211746265523232,STOP,-0.009111746265523232
2025-07-14,ASSA-B.ST,0,0.001992713687655412,EOD,-0.001907286312344588
2025-07-15,ASSA-B.ST,0,-0.006568144499178974,EOD,-0.010468144499178975
2025-07-16,ASSA-B.ST,3,-0.004615871918333236,EOD,-0.008515871918333237
2025-07-17,ASSA-B.ST,0,-0.013884603255955308,EOD,-0.01778460325595531
2025-07-21,ASSA-B.ST,0,-0.008722703404887122,STOP,-0.012622703404887123
2025-07-23,ASSA-B.ST,0,0.0009337638404773863,EOD,-0.0029662361595226136
2025-07-24,ASSA-B.ST,0,0.0,EOD,-0.0039
2025-07-25,ASSA-B.ST,0,-0.00617856016242857,STOP,-0.010078560162428571
2025-07-29,ASSA-B.ST,0,0.0042971898910939554,EOD,0.0003971898910939556
2025-07-30,ASSA-B.ST,0,-0.0015323322669482664,EOD,-0.005432332266948266
2025-08-06,ASSA-B.ST,0,-0.007359686757327233,STOP,-0.011259686757327234
2025-08-07,ASSA-B.ST,0,0.011430279734085058,EOD,0.007530279734085058
2025-08-08,ASSA-B.ST,6,-0.00030443258300039133,EOD,-0.004204432583000391
2025-08-12,ASSA-B.ST,6,-0.004869160297616082,STOP,-0.008769160297616083
2025-08-14,ASSA-B.ST,3,-0.003001200370240875,EOD,-0.006901200370240875
2025-08-15,ASSA-B.ST,0,-0.0059772862029813245,STOP,-0.009877286202981325
2025-08-19,ASSA-B.ST,1,0.01464871120025224,EOD,0.01074871120025224
2025-08-20,ASSA-B.ST,2,-0.0050296219142936804,EOD,-0.008929621914293681
2025-08-22,ASSA-B.ST,0,0.013938260733417307,EOD,0.010038260733417306
2025-08-26,ASSA-B.ST,4,-0.002970002862325738,EOD,-0.006870002862325738
2025-08-28,ASSA-B.ST,0,-0.005049041120871567,STOP,-0.008949041120871568
2025-08-29,ASSA-B.ST,3,-0.0044696065933244045,EOD,-0.008369606593324405
2025-09-01,ASSA-B.ST,0,-0.0041728581117268515,STOP,-0.008072858111726852
2025-09-03,ASSA-B.ST,0,-0.0012114609305697854,EOD,-0.005111460930569785
2025-09-04,ASSA-B.ST,0,0.00629300422271073,EOD,0.00239300422271073
2025-09-05,ASSA-B.ST,0,0.0058806232405397285,EOD,0.0019806232405397287
2025-09-08,ASSA-B.ST,3,0.0020384747218202826,EOD,-0.0018615252781797173
2025-09-11,ASSA-B.ST,5,-0.0008805937769222894,EOD,-0.004780593776922289
2025-09-12,ASSA-B.ST,4,-0.004106758350102768,EOD,-0.008006758350102769
2025-09-15,ASSA-B.ST,0,-0.005853087294560133,STOP,-0.009753087294560134
2025-09-16,ASSA-B.ST,0,-0.008813161145097781,STOP,-0.012713161145097782
2025-09-17,ASSA-B.ST,0,-0.00416664850144155,STOP,-0.00806664850144155
2025-09-19,ASSA-B.ST,0,-0.009027987090595602,EOD,-0.012927987090595602
2025-09-23,ASSA-B.ST,0,-0.004243691792621407,EOD,-0.008143691792621408
2025-09-24,ASSA-B.ST,0,-0.006779698634919118,STOP,-0.010679698634919119
2025-09-26,ASSA-B.ST,2,0.0043627108853607766,EOD,0.00046271088536077674
2025-09-29,ASSA-B.ST,1,-0.006435720700271319,EOD,-0.01033572070027132
2025-09-30,ASSA-B.ST,0,0.007402818649345777,EOD,0.0035028186493457772
2025-10-02,ASSA-B.ST,5,0.007344016229226202,EOD,0.0034440162292262025
2025-10-03,ASSA-B.ST,0,0.005148339268949753,EOD,0.0012483392689497533
2025-10-06,ASSA-B.ST,4,-0.00777737266190881,EOD,-0.01167737266190881
2025-10-07,ASSA-B.ST,1,-0.0027133686492020193,EOD,-0.006613368649202019
2025-10-08,ASSA-B.ST,0,0.0033161758982720446,EOD,-0.0005838241017279552
2025-10-10,ASSA-B.ST,0,-0.005959475457765984,STOP,-0.009859475457765984
2025-10-14,ASSA-B.ST,0,-0.011483795294833121,STOP,-0.015383795294833122
2025-10-15,ASSA-B.ST,0,0.005959475457765873,EOD,0.002059475457765873
2025-10-16,ASSA-B.ST,0,0.016883831713277342,EOD,0.012983831713277341
2025-10-17,ASSA-B.ST,2,0.0023529052734374556,EOD,-0.0015470947265625442
2025-10-20,ASSA-B.ST,5,-0.008379063407519927,EOD,-0.012279063407519927
2025-10-21,ASSA-B.ST,0,0.01997750766867945,EOD,0.01607750766867945
2025-10-27,ASSA-B.ST,1,-0.004667798325236894,STOP,-0.008567798325236894
2025-10-28,ASSA-B.ST,0,-0.003865335082490984,STOP,-0.007765335082490984
2025-10-30,ASSA-B.ST,0,-0.0030386908936895773,EOD,-0.006938690893689577
2025-10-31,ASSA-B.ST,2,-0.004716930405779696,EOD,-0.008616930405779696
2025-11-03,ASSA-B.ST,0,-0.001667525309319129,EOD,-0.005567525309319129
2025-11-04,ASSA-B.ST,3,0.004225352112676051,EOD,0.0003253521126760509
2025-11-05,ASSA-B.ST,4,0.001404494382022392,EOD,-0.0024955056179776077
2025-11-06,ASSA-B.ST,0,0.002252852095799618,EOD,-0.001647147904200382
2025-11-10,ASSA-B.ST,3,-0.005332567952790357,STOP,-0.009232567952790358
2025-11-11,ASSA-B.ST,0,0.009859154929577452,EOD,0.005959154929577452
2025-11-12,ASSA-B.ST,0,-0.00027633629511536473,EOD,-0.0041763362951153645
2025-11-13,ASSA-B.ST,0,-0.007728368444132494,STOP,-0.011628368444132495
2025-11-14,ASSA-B.ST,6,0.0039515226144477555,EOD,5.152261444775572e-05
2025-11-19,ASSA-B.ST,1,0.006410202829847167,EOD,0.002510202829847167
2025-11-20,ASSA-B.ST,4,-0.0059983035330045675,STOP,-0.009898303533004568
2025-11-21,ASSA-B.ST,2,0.0025906560515154275,EOD,-0.0013093439484845723
2025-11-24,ASSA-B.ST,6,-0.0017002156811927183,EOD,-0.005600215681192718
2025-11-25,ASSA-B.ST,3,0.002260577350506665,EOD,-0.0016394226494933347
2025-11-26,ASSA-B.ST,1,-0.0005603297642844396,EOD,-0.004460329764284439
2025-11-27,ASSA-B.ST,6,-0.0002788015057493265,EOD,-0.004178801505749326
2025-11-28,ASSA-B.ST,3,-0.003896448494429272,STOP,-0.007796448494429272
2025-12-01,ASSA-B.ST,0,-0.006728411359485764,STOP,-0.010628411359485765
2025-12-03,ASSA-B.ST,3,-0.0053520954830545975,STOP,-0.009252095483054598
2025-12-04,ASSA-B.ST,0,0.003631250818348475,EOD,-0.00026874918165152497
2025-12-05,ASSA-B.ST,0,-0.0016597679212050354,EOD,-0.005559767921205035
2025-12-08,ASSA-B.ST,0,-0.006092528855844326,STOP,-0.009992528855844326
2025-12-10,ASSA-B.ST,0,-0.0056561084996545885,EOD,-0.00955610849965459
2025-12-11,ASSA-B.ST,0,0.017045454545454586,EOD,0.013145454545454585
2025-12-12,ASSA-B.ST,0,-0.006109447847103988,STOP,-0.010009447847103989
2025-12-15,ASSA-B.ST,0,-0.005557099288463041,STOP,-0.009457099288463042
2025-12-18,ASSA-B.ST,5,0.011107928876920914,EOD,0.007207928876920914
2025-12-23,ASSA-B.ST,0,-0.0011207450359340676,EOD,-0.005020745035934067
2025-12-29,ASSA-B.ST,0,0.0008394468821222301,EOD,-0.0030605531178777698
2025-12-30,ASSA-B.ST,0,0.0016759947025575261,EOD,-0.0022240052974424737
2026-01-07,ASSA-B.ST,4,0.007816827743016397,EOD,0.003916827743016397
2026-01-09,ASSA-B.ST,5,-0.002461690047755538,EOD,-0.006361690047755538
2026-01-12,ASSA-B.ST,4,-0.0016401738817910516,EOD,-0.0055401738817910514
2026-01-15,ASSA-B.ST,0,0.021006098286173946,EOD,0.017106098286173946
2026-01-19,ASSA-B.ST,6,0.0010851706181795873,EOD,-0.0028148293818204126
2026-01-21,ASSA-B.ST,0,-0.00661519839370539,STOP,-0.010515198393705391
2026-01-22,ASSA-B.ST,0,-0.0038075179972368867,STOP,-0.0077075179972368865
2026-01-27,ASSA-B.ST,3,-0.002475911682212839,EOD,-0.006375911682212839
2026-01-29,ASSA-B.ST,0,-0.002216032667503476,EOD,-0.006116032667503476
2026-01-30,ASSA-B.ST,1,-0.003591126499913666,EOD,-0.007491126499913666
2026-02-03,ASSA-B.ST,6,-0.011662647594739783,STOP,-0.015562647594739784
2026-02-04,ASSA-B.ST,1,0.020649000625000635,EOD,0.016749000625000635
2026-02-06,ASSA-B.ST,0,0.01911155388220309,EOD,0.015211553882203091
2026-02-11,ASSA-B.ST,4,-0.006423432480958224,EOD,-0.010323432480958225
2026-02-13,ASSA-B.ST,4,-0.009416624904228454,STOP,-0.013316624904228455
2026-02-16,ASSA-B.ST,2,-0.004202800242216753,EOD,-0.008102800242216754
2026-02-18,ASSA-B.ST,0,-0.005292405483731888,STOP,-0.009192405483731889
2026-02-19,ASSA-B.ST,6,-0.006086234004012092,STOP,-0.009986234004012093
2026-02-20,ASSA-B.ST,0,0.006575486374889028,EOD,0.002675486374889028
2026-02-23,ASSA-B.ST,0,-0.0020925655728819548,EOD,-0.005992565572881955
2026-02-24,ASSA-B.ST,2,0.0065223064952204535,EOD,0.0026223064952204536
2026-02-26,ASSA-B.ST,0,0.003930817547191268,EOD,3.0817547191267815e-05
2026-02-27,ASSA-B.ST,0,-0.0007773718520690531,EOD,-0.004677371852069053
2026-03-02,ASSA-B.ST,0,-0.002868334037850362,EOD,-0.006768334037850362
2026-03-04,ASSA-B.ST,1,-0.00843885048527937,STOP,-0.01233885048527937
2026-03-05,ASSA-B.ST,0,-0.013941051493381318,STOP,-0.01784105149338132
2026-03-09,ASSA-B.ST,0,-0.011315417256011262,STOP,-0.015215417256011263
2026-03-10,ASSA-B.ST,0,-0.00841278729291206,STOP,-0.012312787292912061
2026-03-11,ASSA-B.ST,1,-0.007936473610684613,STOP,-0.011836473610684614
2026-03-13,ASSA-B.ST,3,-0.013225922217903197,STOP,-0.017125922217903197
2026-03-16,ASSA-B.ST,3,0.002032555805566272,EOD,-0.001867444194433728
2026-03-17,ASSA-B.ST,0,-0.001739652403982661,EOD,-0.005639652403982661
2026-03-18,ASSA-B.ST,0,-0.01346708368776861,STOP,-0.01736708368776861
2026-03-20,ASSA-B.ST,1,-0.007044373025937967,STOP,-0.010944373025937967
2026-03-23,ASSA-B.ST,1,0.03301886792452824,EOD,0.02911886792452824
2026-03-25,ASSA-B.ST,0,0.005076178674272347,EOD,0.001176178674272347
2026-03-26,ASSA-B.ST,5,-0.005668330384454134,STOP,-0.009568330384454135
2026-03-27,ASSA-B.ST,1,-0.003616581475590297,EOD,-0.007516581475590297
2026-03-30,ASSA-B.ST,0,0.008169477177099038,EOD,0.004269477177099038
2026-03-31,ASSA-B.ST,0,-0.0008910552410743566,EOD,-0.0047910552410743565
2026-04-02,ASSA-B.ST,0,0.008769365526091866,EOD,0.004869365526091866
2026-04-07,ASSA-B.ST,0,-0.010562323204075796,STOP,-0.014462323204075797
2026-04-10,ASSA-B.ST,0,0.0,EOD,-0.0039
2026-04-13,ASSA-B.ST,5,-0.0024725107046273953,EOD,-0.006372510704627395
2026-04-14,ASSA-B.ST,0,0.001086939936098874,EOD,-0.0028130600639011257
2026-04-15,ASSA-B.ST,3,-0.005153307163427989,STOP,-0.00905330716342799
2026-04-16,ASSA-B.ST,2,0.003270679277715738,EOD,-0.000629320722284262
2026-04-17,ASSA-B.ST,0,0.028973768103750075,EOD,0.025073768103750074
2026-04-20,ASSA-B.ST,0,-0.014736858167146427,STOP,-0.018636858167146428
2026-04-21,ASSA-B.ST,0,-0.007673971800271406,STOP,-0.011573971800271407
2026-04-23,ASSA-B.ST,4,-0.005108883914134221,EOD,-0.009008883914134222
2026-04-24,ASSA-B.ST,3,-0.001621638117609847,EOD,-0.005521638117609847
2026-04-27,ASSA-B.ST,1,-0.008103727447535292,STOP,-0.012003727447535292
2026-04-28,ASSA-B.ST,1,-0.013657470408744654,EOD,-0.017557470408744655
2026-04-30,ASSA-B.ST,0,0.0,EOD,-0.0039
2026-05-04,ASSA-B.ST,1,-0.010680123449525958,STOP,-0.014580123449525959
2026-05-06,ASSA-B.ST,0,0.013419031672245563,EOD,0.009519031672245562
2026-05-12,ASSA-B.ST,1,-0.003784535059588756,STOP,-0.007684535059588756
2026-05-18,ASSA-B.ST,3,-0.0072007020233529895,STOP,-0.01110070202335299
2026-05-19,ASSA-B.ST,1,-0.005945303318333095,STOP,-0.009845303318333096
2026-05-20,ASSA-B.ST,6,0.005966586894885717,EOD,0.002066586894885717
2026-05-21,ASSA-B.ST,0,-0.012400389889752894,STOP,-0.016300389889752895
2026-05-22,ASSA-B.ST,4,-0.0064592253893343,STOP,-0.0103592253893343
2026-05-25,ASSA-B.ST,1,-0.0046688241801083885,EOD,-0.00856882418010839
2026-05-27,ASSA-B.ST,0,0.002959455513652287,EOD,-0.0009405444863477127
2026-05-29,ASSA-B.ST,0,0.004832395270374601,EOD,0.0009323952703746011
2026-06-01,ASSA-B.ST,0,-0.010866211043108032,STOP,-0.014766211043108032
2026-06-02,ASSA-B.ST,0,-0.006616578066259371,STOP,-0.010516578066259372
2026-06-04,ASSA-B.ST,0,-0.010274989299480008,STOP,-0.01417498929948001
2026-06-05,ASSA-B.ST,1,0.0018292869009621793,EOD,-0.0020707130990378205
2026-06-08,ASSA-B.ST,2,0.0033961288182895455,EOD,-0.0005038711817104543
2026-06-09,ASSA-B.ST,0,0.004875001603986018,EOD,0.000975001603986018
2026-06-10,ASSA-B.ST,6,-0.008122688745577866,STOP,-0.012022688745577867
2026-06-11,ASSA-B.ST,2,-0.014139536028140776,STOP,-0.018039536028140776
2026-06-12,ASSA-B.ST,0,-0.01782531161973544,STOP,-0.02172531161973544
2026-06-16,ASSA-B.ST,0,-0.0008738357227955351,EOD,-0.004773835722795535
2026-06-17,ASSA-B.ST,1,-0.011333896621062989,STOP,-0.01523389662106299
2026-06-24,ASSA-B.ST,1,0.02595053187056462,EOD,0.02205053187056462
2026-06-26,ASSA-B.ST,0,-0.0046715506671989315,EOD,-0.008571550667198932
2026-06-30,ASSA-B.ST,1,-0.00029198862340329423,EOD,-0.004191988623403294
2026-07-01,ASSA-B.ST,7,0.0017481805495263014,EOD,-0.0021518194504736984
2026-07-02,ASSA-B.ST,4,-0.007265329717105362,STOP,-0.011165329717105363
2026-07-07,ASSA-B.ST,0,-0.004967890550520271,STOP,-0.008867890550520272
2023-08-08,AZN.ST,1,-0.005725833614011466,STOP,-0.009625833614011467
2023-08-09,AZN.ST,2,0.003292723081988802,EOD,-0.0006072769180111978
2023-08-11,AZN.ST,5,-0.0056124133377352114,STOP,-0.009512413337735212
2023-08-14,AZN.ST,5,-0.0052459016393442415,STOP,-0.009145901639344242
2023-08-16,AZN.ST,6,0.0029830957905203626,EOD,-0.0009169042094796373
2023-08-21,AZN.ST,0,-0.003312355084465035,EOD,-0.007212355084465035
2023-08-22,AZN.ST,0,-0.0053156146179401675,STOP,-0.009215614617940168
2023-08-23,AZN.ST,1,-0.00596026490066226,STOP,-0.00986026490066226
2023-08-25,AZN.ST,1,-0.0033377837116155273,STOP,-0.007237783711615527
2023-08-28,AZN.ST,0,0.0,EOD,-0.0039
2023-08-31,AZN.ST,0,-0.0013360053440213404,EOD,-0.00523600534402134
2023-09-01,AZN.ST,0,0.005365526492287165,EOD,0.001465526492287165
2023-09-04,AZN.ST,0,-0.005299768135144101,STOP,-0.009199768135144101
2023-09-05,AZN.ST,0,0.0033222591362125353,EOD,-0.0005777408637874645
2023-09-07,AZN.ST,0,0.016801075268817245,EOD,0.012901075268817244
2023-09-08,AZN.ST,0,-0.0009887936717205559,EOD,-0.004888793671720556
2023-09-12,AZN.ST,0,0.004363880496810912,EOD,0.00046388049681091257
2023-09-13,AZN.ST,0,-0.007037533512064376,STOP,-0.010937533512064376
2023-09-14,AZN.ST,1,0.01172922252010733,EOD,0.007829222520107329
2023-09-15,AZN.ST,0,-0.0006535947712418277,EOD,-0.0045535947712418276
2023-09-20,AZN.ST,0,0.004657351962741085,EOD,0.0007573519627410855
2023-09-22,AZN.ST,1,-0.011056910569105738,EOD,-0.014956910569105739
2023-09-25,AZN.ST,0,-0.00940032414910863,STOP,-0.01330032414910863
2023-09-26,AZN.ST,0,-0.008485639686684032,STOP,-0.012385639686684033
2023-09-27,AZN.ST,5,-0.007241606319947302,STOP,-0.011141606319947303
2023-09-29,AZN.ST,1,-0.004672897196261627,EOD,-0.008572897196261628
2023-10-03,AZN.ST,3,-0.00908173562058523,STOP,-0.01298173562058523
2023-10-04,AZN.ST,5,-0.00033944331296675845,EOD,-0.004239443312966758
2023-10-05,AZN.ST,2,-0.004753820033955858,STOP,-0.008653820033955859
2023-10-06,AZN.ST,5,-0.0060810810810810745,STOP,-0.009981081081081075
2023-10-09,AZN.ST,0,-0.005745184183845842,STOP,-0.009645184183845842
2023-10-10,AZN.ST,0,-0.00841184387617766,STOP,-0.012311843876177661
2023-10-11,AZN.ST,0,-0.005409060175794456,STOP,-0.009309060175794456
2023-10-12,AZN.ST,0,0.00840618695359785,EOD,0.00450618695359785
2023-10-16,AZN.ST,6,0.0030560271646860038,EOD,-0.000843972835313996
2023-10-17,AZN.ST,0,0.010347129506008024,EOD,0.006447129506008024
2023-10-19,AZN.ST,1,-0.009790209790209836,STOP,-0.013690209790209837
2023-10-20,AZN.ST,0,-0.008124337689862204,STOP,-0.012024337689862205
2023-10-24,AZN.ST,1,0.023672883787661414,EOD,0.019772883787661413
2023-10-25,AZN.ST,0,-0.009024644220756661,STOP,-0.012924644220756662
2023-10-26,AZN.ST,1,-0.006966213862765636,EOD,-0.010866213862765636
2023-10-30,AZN.ST,0,0.003939828080229191,EOD,3.982808022919091e-05
2023-10-31,AZN.ST,0,-0.00496453900709215,STOP,-0.008864539007092151
2023-11-01,AZN.ST,0,-0.00913562895291642,STOP,-0.01303562895291642
2023-11-02,AZN.ST,0,-0.005252100840336116,EOD,-0.009152100840336116
2023-11-06,AZN.ST,4,-0.005349500713266786,STOP,-0.009249500713266787
2023-11-07,AZN.ST,4,-0.0003580379520229382,EOD,-0.004258037952022938
2023-11-08,AZN.ST,0,-0.010323958704165137,STOP,-0.014223958704165138
2023-11-13,AZN.ST,0,-0.009750812567713929,STOP,-0.01365081256771393
2023-11-16,AZN.ST,0,0.008218154650728504,EOD,0.004318154650728504
2023-11-21,AZN.ST,6,0.0029951329090227574,EOD,-0.0009048670909772424
2023-11-22,AZN.ST,0,-0.006679035250463872,STOP,-0.010579035250463872
2023-11-23,AZN.ST,0,0.007076350093109918,EOD,0.003176350093109918
2023-11-29,AZN.ST,0,0.006067500948047089,EOD,0.002167500948047089
2023-11-30,AZN.ST,0,0.005249343832020914,EOD,0.0013493438320209142
2023-12-04,AZN.ST,5,0.0029465930018415243,EOD,-0.0009534069981584755
2023-12-06,AZN.ST,1,-0.004431314623338234,STOP,-0.008331314623338235
2023-12-07,AZN.ST,0,-0.006708907938874353,STOP,-0.010608907938874354
2023-12-08,AZN.ST,0,-0.0018747656542932312,EOD,-0.005774765654293231
2023-12-11,AZN.ST,5,0.0,EOD,-0.0039
2023-12-12,AZN.ST,0,-0.004827330115113271,EOD,-0.008727330115113272
2023-12-13,AZN.ST,0,0.005537098560354448,EOD,0.0016370985603544478
2023-12-18,AZN.ST,0,0.004109077325364252,EOD,0.00020907732536425225
2023-12-19,AZN.ST,0,-0.005185185185185182,STOP,-0.009085185185185182
2023-12-21,AZN.ST,0,-0.006651884700665134,STOP,-0.010551884700665135
2023-12-22,AZN.ST,4,-0.004095309009679804,EOD,-0.007995309009679805
2023-12-27,AZN.ST,3,-0.011086474501108667,EOD,-0.014986474501108668
2023-12-28,AZN.ST,4,-0.0007410151908113782,EOD,-0.004641015190811378
2023-12-29,AZN.ST,0,0.004442798963346872,EOD,0.0005427989633468725
2024-01-02,AZN.ST,5,0.01571063207891843,EOD,0.011810632078918429
2024-01-03,AZN.ST,6,0.0,EOD,-0.0039
2024-01-04,AZN.ST,5,0.002478753541076406,EOD,-0.0014212464589235937
2024-01-05,AZN.ST,0,-0.002122391227449616,EOD,-0.006022391227449616
2024-01-09,AZN.ST,5,-0.0031512605042016695,EOD,-0.007051260504201669
2024-01-10,AZN.ST,0,0.0017624250969334732,EOD,-0.0021375749030665267
2024-01-12,AZN.ST,0,-0.00140301648544372,EOD,-0.00530301648544372
2024-01-18,AZN.ST,7,0.00036023054755052186,EOD,-0.003539769452449478
2024-01-19,AZN.ST,0,-0.005338078291814985,EOD,-0.009238078291814986
2024-01-22,AZN.ST,4,-0.004992867332382356,STOP,-0.008892867332382356
2024-01-25,AZN.ST,5,-0.00035945363048162093,EOD,-0.004259453630481621
2024-01-26,AZN.ST,0,-0.004255319148936176,EOD,-0.008155319148936177
2024-01-29,AZN.ST,0,-0.004249291784702569,EOD,-0.00814929178470257
2024-02-01,AZN.ST,0,-0.006810035842293893,STOP,-0.010710035842293894
2024-02-05,AZN.ST,0,-0.004698229129020626,STOP,-0.008598229129020626
2024-02-06,AZN.ST,3,0.005740940078937884,EOD,0.0018409400789378841
2024-02-13,AZN.ST,4,0.002327385570209506,EOD,-0.001572614429790494
2024-02-14,AZN.ST,3,0.0003853564547207089,EOD,-0.003514643545279291
2024-02-15,AZN.ST,5,-0.008042895442359255,STOP,-0.011942895442359255
2024-02-16,AZN.ST,1,0.01630640879787637,EOD,0.01240640879787637
2024-02-23,AZN.ST,0,0.015753938484621255,EOD,0.011853938484621254
2024-02-27,AZN.ST,0,0.004789977892409647,EOD,0.0008899778924096472
2024-03-01,AZN.ST,3,-0.00037565740045075735,EOD,-0.004275657400450757
2024-03-04,AZN.ST,0,-0.0007490636704119424,EOD,-0.004649063670411942
2024-03-05,AZN.ST,2,-0.00037188545927857586,EOD,-0.004271885459278576
2024-03-06,AZN.ST,5,-0.005206396429899618,STOP,-0.009106396429899619
2024-03-07,AZN.ST,3,0.0070710829921845075,EOD,0.0031710829921845077
2024-03-08,AZN.ST,2,-0.00591278640059123,STOP,-0.00981278640059123
2024-03-11,AZN.ST,0,0.008046817849304944,EOD,0.004146817849304944
2024-03-13,AZN.ST,4,-0.0003617945007236001,EOD,-0.0042617945007236
2024-03-15,AZN.ST,0,-0.007905138339920903,STOP,-0.011805138339920904
2024-03-18,AZN.ST,2,0.006195335276967917,EOD,0.0022953352769679173
2024-03-20,AZN.ST,1,-0.0051001821493624755,STOP,-0.009000182149362476
2024-03-21,AZN.ST,0,0.010507246376811663,EOD,0.006607246376811663
2024-03-22,AZN.ST,0,0.0014260249554367554,EOD,-0.0024739750445632444
2024-03-26,AZN.ST,6,0.00178507675830053,EOD,-0.00211492324169947
2024-03-27,AZN.ST,0,-0.0010518934081346076,EOD,-0.0049518934081346075
2024-03-28,AZN.ST,0,-0.006168608636052064,STOP,-0.010068608636052065
2024-04-03,AZN.ST,6,-0.002096436058700246,EOD,-0.005996436058700246
2024-04-04,AZN.ST,0,-0.007562736335510523,EOD,-0.011462736335510523
2024-04-05,AZN.ST,0,-0.004518595759471666,EOD,-0.008418595759471667
2024-04-09,AZN.ST,0,0.005948215535339418,EOD,0.0020482155353394186
2024-04-10,AZN.ST,4,-0.005538248528902723,STOP,-0.009438248528902723
2024-04-11,AZN.ST,0,0.01223657375934728,EOD,0.00833657375934728
2024-04-12,AZN.ST,0,0.0003316749585406953,EOD,-0.0035683250414593045
2024-04-15,AZN.ST,5,-0.003647214854111458,EOD,-0.007547214854111458
2024-04-17,AZN.ST,0,-0.006358768406961146,STOP,-0.010258768406961147
2024-04-22,AZN.ST,1,0.006250000000000089,EOD,0.002350000000000089
2024-04-24,AZN.ST,0,-0.0035506778566817276,EOD,-0.0074506778566817275
2024-04-25,AZN.ST,2,-0.0024308720753570823,EOD,-0.006330872075357082
2024-04-30,AZN.ST,0,0.005413533834586426,EOD,0.001513533834586426
2024-05-02,AZN.ST,0,-0.008944543828264706,STOP,-0.012844543828264707
2024-05-03,AZN.ST,4,-0.00725513905683195,STOP,-0.01115513905683195
2024-05-07,AZN.ST,0,0.003350593968930893,EOD,-0.000549406031069107
2024-05-08,AZN.ST,0,-0.004753416518122444,EOD,-0.008653416518122445
2024-05-10,AZN.ST,2,-0.004150607767565928,EOD,-0.008050607767565929
2024-05-14,AZN.ST,4,-0.006798699379249151,STOP,-0.010698699379249152
2024-05-16,AZN.ST,3,-0.006363636363636349,STOP,-0.01026363636363635
2024-05-21,AZN.ST,5,0.012593703148425783,EOD,0.008693703148425783
2024-05-23,AZN.ST,5,0.0011813349084466296,EOD,-0.0027186650915533702
2024-05-31,AZN.ST,0,0.012322858903265566,EOD,0.008422858903265565
2024-06-04,AZN.ST,0,0.0021090689966858367,EOD,-0.0017909310033141631
2024-06-05,AZN.ST,0,0.0017953321364452268,EOD,-0.002104667863554773
2024-06-07,AZN.ST,5,0.005053507728894235,EOD,0.0011535077288942356
2024-06-10,AZN.ST,0,-0.0055931704445099095,STOP,-0.00949317044450991
2024-06-12,AZN.ST,0,-0.005083732057416301,STOP,-0.008983732057416302
2024-06-14,AZN.ST,0,0.0008960573476701761,EOD,-0.0030039426523298237
2024-06-19,AZN.ST,1,0.0064397424103035394,EOD,0.0025397424103035396
2024-06-24,AZN.ST,0,0.005748865355521993,EOD,0.0018488653555219928
2024-06-25,AZN.ST,0,0.00359281437125758,EOD,-0.00030718562874241986
2024-06-26,AZN.ST,0,-0.007680945347119605,STOP,-0.011580945347119606
2024-06-28,AZN.ST,0,-0.0074805505685218154,STOP,-0.011380550568521816
2024-07-01,AZN.ST,5,-0.008428657435279985,STOP,-0.012328657435279985
2024-07-04,AZN.ST,1,0.0015384615384614886,EOD,-0.0023615384615385112
2024-07-08,AZN.ST,0,0.0015375153751537862,EOD,-0.0023624846248462136
2024-07-10,AZN.ST,1,0.004915514592934045,EOD,0.001015514592934045
2024-07-11,AZN.ST,1,-0.003950167122455217,STOP,-0.007850167122455218
2024-07-12,AZN.ST,4,-0.0005963029218842841,EOD,-0.004496302921884284
2024-07-15,AZN.ST,0,-0.007747318235995282,STOP,-0.011647318235995283
2024-07-16,AZN.ST,0,0.0009038867128652317,EOD,-0.002996113287134768
2024-07-17,AZN.ST,6,0.006293077614623943,EOD,0.0023930776146239433
2024-07-18,AZN.ST,0,-0.007952871870397615,STOP,-0.011852871870397616
2024-07-19,AZN.ST,0,0.0,EOD,-0.0039
2024-07-22,AZN.ST,1,0.001771479185119551,EOD,-0.0021285208148804488
2024-07-23,AZN.ST,0,-0.00382352941176467,EOD,-0.00772352941176467
2024-07-24,AZN.ST,5,0.0014744913005013682,EOD,-0.0024255086994986316
2024-07-26,AZN.ST,5,-0.006438396254023981,EOD,-0.010338396254023982
2024-07-29,AZN.ST,0,0.0020414114902302938,EOD,-0.001858588509769706
2024-07-30,AZN.ST,4,-0.010828211881767635,STOP,-0.014728211881767636
2024-07-31,AZN.ST,0,-0.0020588235294117796,EOD,-0.005958823529411779
2024-08-01,AZN.ST,5,0.009436744323208401,EOD,0.005536744323208402
2024-08-02,AZN.ST,1,-0.006956521739130417,EOD,-0.010856521739130418
2024-08-07,AZN.ST,3,0.004169148302560988,EOD,0.00026914830256098785
2024-08-08,AZN.ST,4,0.010432190760059523,EOD,0.006532190760059523
2024-08-09,AZN.ST,0,0.0035231943628890594,EOD,-0.0003768056371109404
2024-08-12,AZN.ST,3,-0.005832604257801077,STOP,-0.009732604257801078
2024-08-13,AZN.ST,5,-0.0014306151645206988,EOD,-0.005330615164520699
2024-08-15,AZN.ST,4,0.011908137227105264,EOD,0.008008137227105264
2024-08-16,AZN.ST,0,-0.004740658114891216,STOP,-0.008640658114891217
2024-08-19,AZN.ST,0,-0.0048226950354609555,STOP,-0.008722695035460956
2024-08-20,AZN.ST,1,-0.004266211604095571,STOP,-0.008166211604095572
2024-08-21,AZN.ST,1,-0.008022922636103158,EOD,-0.011922922636103159
2024-08-23,AZN.ST,0,-0.004811774695726023,EOD,-0.008711774695726024
2024-08-26,AZN.ST,0,-0.00028352707683587663,EOD,-0.0041835270768358765
2024-08-28,AZN.ST,0,-0.0019701660568534063,EOD,-0.005870166056853406
2024-08-29,AZN.ST,0,0.0028050490883591017,EOD,-0.001094950911640898
2024-08-30,AZN.ST,0,-0.0039095224797542905,EOD,-0.00780952247975429
2024-09-06,AZN.ST,2,0.0011733646230565054,EOD,-0.0027266353769434945
2024-09-09,AZN.ST,6,0.0014551804423748038,EOD,-0.002444819557625196
2024-09-10,AZN.ST,1,0.019981834695731227,EOD,0.016081834695731226
2024-09-11,AZN.ST,4,-0.002399520095980767,EOD,-0.006299520095980767
2024-09-16,AZN.ST,0,-0.00061747452917571,EOD,-0.00451747452917571
2024-09-18,AZN.ST,5,-0.0037406483790524137,EOD,-0.0076406483790524135
2024-09-19,AZN.ST,0,-0.0037232392181197893,STOP,-0.007623239218119789
2024-09-20,AZN.ST,0,-0.008059516429014257,STOP,-0.011959516429014258
2024-09-25,AZN.ST,0,0.005769230769230749,EOD,0.001869230769230749
2024-10-01,AZN.ST,0,0.013573232323232265,EOD,0.009673232323232264
2024-10-02,AZN.ST,0,0.0024607812980621535,EOD,-0.0014392187019378463
2024-10-04,AZN.ST,0,-0.008366904245429185,STOP,-0.012266904245429186
2024-10-07,AZN.ST,5,-0.0021840873634945135,EOD,-0.006084087363494513
2024-10-08,AZN.ST,6,-0.005021971123666091,EOD,-0.008921971123666092
2024-10-09,AZN.ST,0,-0.00250156347717323,EOD,-0.00640156347717323
2024-10-14,AZN.ST,3,0.004022277227722748,EOD,0.00012227722772274827
2024-10-16,AZN.ST,5,0.004272200183094377,EOD,0.00037220018309437695
2024-10-17,AZN.ST,4,-0.0012158054711246535,EOD,-0.005115805471124653
2024-10-18,AZN.ST,0,-0.00786686838124051,STOP,-0.011766868381240511
2024-10-23,AZN.ST,5,-0.006119951040391647,EOD,-0.010019951040391648
2024-10-28,AZN.ST,6,0.004063769928102534,EOD,0.0001637699281025343
2024-10-29,AZN.ST,0,-0.0049443757725586845,STOP,-0.008844375772558685
2024-11-04,AZN.ST,0,-0.0113378684807256,STOP,-0.0152378684807256
2024-11-11,AZN.ST,4,-0.008468595624558928,STOP,-0.012368595624558928
2024-11-13,AZN.ST,0,-0.013541666666666674,STOP,-0.017441666666666675
2024-11-14,AZN.ST,1,0.0031347962382444194,EOD,-0.0007652037617555804
2024-11-19,AZN.ST,0,-0.008934953538241586,STOP,-0.012834953538241586
2024-11-21,AZN.ST,0,0.007483962936564614,EOD,0.0035839629365646145
2024-11-22,AZN.ST,0,0.01810584958217265,EOD,0.01420584958217265
2024-11-26,AZN.ST,5,-0.007508532423208147,EOD,-0.011408532423208148
2024-11-29,AZN.ST,0,-0.0040760869565217295,STOP,-0.00797608695652173
2024-12-02,AZN.ST,3,-0.009734810339040001,STOP,-0.013634810339040002
2024-12-03,AZN.ST,0,0.011405568601140503,EOD,0.0075055686011405035
2024-12-05,AZN.ST,0,-0.0003399048266485849,EOD,-0.004239904826648585
2024-12-06,AZN.ST,0,0.002022244691607611,EOD,-0.001877755308392389
2024-12-10,AZN.ST,1,-0.006018054162487463,STOP,-0.009918054162487464
2024-12-11,AZN.ST,2,0.0030446549391069944,EOD,-0.0008553450608930055
2024-12-16,AZN.ST,0,-0.006464783940115737,STOP,-0.010364783940115738
2024-12-17,AZN.ST,0,0.008953168044077087,EOD,0.005053168044077087
2024-12-20,AZN.ST,6,0.005261311820413894,EOD,0.0013613118204138944
2024-12-23,AZN.ST,0,0.0038022813688212143,EOD,-9.771863117878556e-05
2024-12-27,AZN.ST,7,-0.00034258307639600805,EOD,-0.004242583076396008
2024-12-30,AZN.ST,0,0.0024005486968450285,EOD,-0.0014994513031549713
2025-01-02,AZN.ST,4,0.010616438356164437,EOD,0.006716438356164437
2025-01-07,AZN.ST,5,0.002367264119039536,EOD,-0.0015327358809604638
2025-01-08,AZN.ST,2,-0.0050352467270896595,STOP,-0.00893524672708966
2025-01-09,AZN.ST,0,0.012755958375293641,EOD,0.00885595837529364
2025-01-10,AZN.ST,0,-0.005301524188204065,STOP,-0.009201524188204066
2025-01-13,AZN.ST,1,-0.006677796327211993,STOP,-0.010577796327211994
2025-01-16,AZN.ST,0,0.004070556309362372,EOD,0.00017055630936237218
2025-01-17,AZN.ST,1,-0.003007016371533555,EOD,-0.006907016371533555
2025-01-21,AZN.ST,0,0.012495778453225359,EOD,0.008595778453225358
2025-01-23,AZN.ST,4,-0.006596306068601621,STOP,-0.010496306068601621
2025-01-27,AZN.ST,0,0.006898817345597941,EOD,0.002998817345597941
2025-01-29,AZN.ST,0,-0.0009727626459143934,EOD,-0.004872762645914393
2025-01-30,AZN.ST,4,0.004194901581155319,EOD,0.00029490158115531937
2025-02-03,AZN.ST,4,-0.0019120458891013214,EOD,-0.005812045889101321
2025-02-04,AZN.ST,1,-0.009664948453608213,STOP,-0.013564948453608214
2025-02-05,AZN.ST,4,-0.0016371971185330514,EOD,-0.005537197118533051
2025-02-06,AZN.ST,0,0.009389671361502261,EOD,0.005489671361502261
2025-02-07,AZN.ST,0,-0.005050505050505083,STOP,-0.008950505050505084
2025-02-10,AZN.ST,0,0.00410612760581186,EOD,0.00020612760581186027
2025-02-12,AZN.ST,1,0.014236001265422349,EOD,0.010336001265422348
2025-02-17,AZN.ST,7,0.0012618296529969264,EOD,-0.0026381703470030734
2025-02-18,AZN.ST,4,-0.0012535255405828893,EOD,-0.005153525540582889
2025-02-20,AZN.ST,1,0.00512820512820511,EOD,0.0012282051282051102
2025-02-21,AZN.ST,1,0.005410566518141202,EOD,0.0015105665181412023
2025-02-24,AZN.ST,1,-0.00469777638584401,EOD,-0.008597776385844011
2025-02-25,AZN.ST,0,0.0006220839813375623,EOD,-0.0032779160186624376
2025-02-27,AZN.ST,0,0.0046224961479199855,EOD,0.0007224961479199857
2025-02-28,AZN.ST,0,-0.002460024600245969,EOD,-0.006360024600245969
2025-03-04,AZN.ST,0,-0.0009222256378726978,EOD,-0.004822225637872698
2025-03-07,AZN.ST,6,-0.0015878056525880924,EOD,-0.005487805652588092
2025-03-12,AZN.ST,0,0.006287227001985363,EOD,0.002387227001985363
2025-03-13,AZN.ST,0,0.008354755784061751,EOD,0.004454755784061752
2025-03-14,AZN.ST,7,-0.0006351222610352369,EOD,-0.004535122261035237
2025-03-18,AZN.ST,0,-0.006707122325135706,STOP,-0.010607122325135707
2025-03-19,AZN.ST,0,-0.0035313001605136174,EOD,-0.007431300160513617
2025-03-20,AZN.ST,0,-0.0032051282051281937,EOD,-0.0071051282051281936
2025-03-27,AZN.ST,0,-0.006174957118353364,STOP,-0.010074957118353364
2025-03-28,AZN.ST,0,-0.0010124873439082416,EOD,-0.004912487343908241
2025-04-03,AZN.ST,0,-0.003081136597055778,EOD,-0.006981136597055778
2025-04-08,AZN.ST,0,0.008755234107346688,EOD,0.004855234107346688
2025-04-11,AZN.ST,2,-0.013203883495145674,STOP,-0.017103883495145675
2025-04-14,AZN.ST,5,0.009957870547682823,EOD,0.0060578705476828235
2025-04-15,AZN.ST,0,0.01204365826119691,EOD,0.00814365826119691
2025-04-23,AZN.ST,0,0.002270147559591429,EOD,-0.001629852440408571
2025-04-24,AZN.ST,3,-0.007894736842105288,STOP,-0.011794736842105288
2025-04-25,AZN.ST,0,0.0,EOD,-0.0039
2025-04-28,AZN.ST,0,0.0036927621861151394,EOD,-0.00020723781388486042
2025-04-29,AZN.ST,1,0.03986332574031892,EOD,0.03596332574031892
2025-04-30,AZN.ST,1,0.0014326647564470996,EOD,-0.0024673352435529003
2025-05-05,AZN.ST,3,-0.00035919540229889524,EOD,-0.004259195402298895
2025-05-07,AZN.ST,0,-0.0033333333333332993,EOD,-0.007233333333333299
2025-05-09,AZN.ST,1,0.0030326004548901775,EOD,-0.0008673995451098223
2025-05-12,AZN.ST,0,0.0429184549356223,EOD,0.039018454935622296
2025-05-14,AZN.ST,0,-0.008320726172465931,STOP,-0.012220726172465932
2025-05-15,AZN.ST,0,0.006875477463712754,EOD,0.0029754774637127538
2025-05-16,AZN.ST,0,0.006728971962616903,EOD,0.0028289719626169033
2025-05-20,AZN.ST,5,-0.0007393715341958984,EOD,-0.004639371534195898
2025-05-21,AZN.ST,0,0.0014781966001478075,EOD,-0.0024218033998521923
2025-05-26,AZN.ST,0,-0.00554118950868121,STOP,-0.009441189508681211
2025-05-27,AZN.ST,0,0.0036616623947272053,EOD,-0.00023833760527279448
2025-05-30,AZN.ST,0,0.014006634721710265,EOD,0.010106634721710264
2025-06-03,AZN.ST,5,-0.0018024513338139592,EOD,-0.005702451333813959
2025-06-04,AZN.ST,4,0.004299534217126588,EOD,0.0003995342171265884
2025-06-05,AZN.ST,1,-0.00496277915632759,STOP,-0.008862779156327591
2025-06-10,AZN.ST,5,0.006749555950266384,EOD,0.002849555950266384
2025-06-11,AZN.ST,5,0.00035348179568761573,EOD,-0.003546518204312384
2025-06-12,AZN.ST,6,0.0007037297677692234,EOD,-0.0031962702322307765
2025-06-13,AZN.ST,0,0.0031790886612503844,EOD,-0.0007209113387496155
2025-06-17,AZN.ST,0,-0.008264462809917328,STOP,-0.012164462809917329
2025-06-18,AZN.ST,0,0.0033039647577093323,EOD,-0.0005960352422906675
2025-06-19,AZN.ST,1,0.004393994873672646,EOD,0.0004939948736726466
2025-06-23,AZN.ST,0,0.0,EOD,-0.0039
2025-06-26,AZN.ST,3,-0.006751687921980443,STOP,-0.010651687921980443
2025-06-27,AZN.ST,1,-0.007459903021260761,STOP,-0.011359903021260762
2025-06-30,AZN.ST,2,-0.007121439280359798,STOP,-0.011021439280359799
2025-07-01,AZN.ST,0,-0.005639097744360888,STOP,-0.009539097744360889
2025-07-03,AZN.ST,0,-0.008778346744696464,STOP,-0.012678346744696464
2025-07-04,AZN.ST,0,0.01269130272489738,EOD,0.008791302724897379
2025-07-08,AZN.ST,6,0.0059970014992503096,EOD,0.0020970014992503097
2025-07-10,AZN.ST,0,0.0,EOD,-0.0039
2025-07-15,AZN.ST,0,-0.006128334534967528,STOP,-0.010028334534967528
2025-07-16,AZN.ST,4,0.0,EOD,-0.0039
2025-07-17,AZN.ST,0,-0.01024140453547917,STOP,-0.014141404535479171
2025-07-21,AZN.ST,0,-0.004109077325364252,STOP,-0.008009077325364253
2025-07-22,AZN.ST,4,0.0048853814355505065,EOD,0.0009853814355505067
2025-07-23,AZN.ST,4,0.002178649237472685,EOD,-0.0017213507625273147
2025-07-24,AZN.ST,1,-0.002481389578163795,EOD,-0.006381389578163795
2025-07-25,AZN.ST,0,-0.004987531172069848,STOP,-0.008887531172069849
2025-07-29,AZN.ST,1,0.009094088842252601,EOD,0.005194088842252601
2025-07-30,AZN.ST,0,0.0266528210453445,EOD,0.0227528210453445
2025-08-05,AZN.ST,5,-0.005870165745856304,EOD,-0.009770165745856305
2025-08-06,AZN.ST,5,-0.006922810661128431,STOP,-0.010822810661128432
2025-08-07,AZN.ST,6,0.0010634526763559915,EOD,-0.0028365473236440083
2025-08-11,AZN.ST,0,-0.0006990562740301076,EOD,-0.0045990562740301074
2025-08-12,AZN.ST,0,-0.006276150627615107,STOP,-0.010176150627615108
2025-08-13,AZN.ST,0,0.015463917525773141,EOD,0.01156391752577314
2025-08-14,AZN.ST,0,0.007725898555592803,EOD,0.003825898555592803
2025-08-18,AZN.ST,0,-0.00032938076416333395,EOD,-0.004229380764163334
2025-08-19,AZN.ST,0,-0.004290429042904331,STOP,-0.008190429042904332
2025-08-20,AZN.ST,1,0.006510416666666741,EOD,0.002610416666666741
2025-08-21,AZN.ST,5,0.00516295579219106,EOD,0.0012629557921910598
2025-08-22,AZN.ST,0,-0.007729468599033784,STOP,-0.011629468599033785
2025-08-25,AZN.ST,1,-0.006449532408900338,STOP,-0.010349532408900339
2025-08-26,AZN.ST,0,-0.010676156583629859,STOP,-0.01457615658362986
2025-08-27,AZN.ST,0,-0.00809323405632889,STOP,-0.011993234056328891
2025-09-02,AZN.ST,0,0.0006631299734747298,EOD,-0.00323687002652527
2025-09-03,AZN.ST,0,0.016097240473061714,EOD,0.012197240473061713
2025-09-04,AZN.ST,1,0.00032185387833916224,EOD,-0.0035781461216608376
2025-09-05,AZN.ST,0,-0.006134969325153339,STOP,-0.01003496932515334
2025-09-09,AZN.ST,4,-0.006889763779527547,STOP,-0.010789763779527548
2025-09-11,AZN.ST,3,-0.005597629239381008,STOP,-0.009497629239381009
2025-09-12,AZN.ST,0,-0.007588254701418662,STOP,-0.011488254701418663
2025-09-16,AZN.ST,0,-0.009300723389596977,STOP,-0.013200723389596977
2025-09-17,AZN.ST,3,0.005935754189944076,EOD,0.002035754189944076
2025-09-19,AZN.ST,5,-0.0020797227036395416,EOD,-0.005979722703639541
2025-09-22,AZN.ST,0,0.015336354130359053,EOD,0.011436354130359053
2025-09-24,AZN.ST,6,-0.0014059753954305254,EOD,-0.005305975395430525
2025-09-26,AZN.ST,0,0.00324324324324321,EOD,-0.0006567567567567897
2025-09-30,AZN.ST,3,0.014285714285714235,EOD,0.010385714285714234
2025-10-01,AZN.ST,0,0.05695989214694985,EOD,0.05305989214694985
2025-10-03,AZN.ST,0,0.0069752694990488084,EOD,0.0030752694990488086
2025-10-06,AZN.ST,1,-0.0018587360594795044,EOD,-0.005758736059479504
2025-10-07,AZN.ST,1,0.0006211180124222615,EOD,-0.0032788819875777383
2025-10-08,AZN.ST,0,-0.006447651212772465,STOP,-0.010347651212772466
2025-10-09,AZN.ST,0,0.0067775723967959944,EOD,0.0028775723967959946
2025-10-10,AZN.ST,0,-0.004605465151980348,EOD,-0.008505465151980349
2025-10-14,AZN.ST,0,0.0,EOD,-0.0039
2025-10-17,AZN.ST,5,0.0006305170239595537,EOD,-0.003269482976040446
2025-10-20,AZN.ST,5,-0.007797878976918304,STOP,-0.011697878976918305
2025-10-22,AZN.ST,0,0.0022264631043256156,EOD,-0.0016735368956743843
2025-10-23,AZN.ST,1,-0.0041401273885350864,STOP,-0.008040127388535087
2025-10-27,AZN.ST,4,-0.005093919134033786,STOP,-0.008993919134033787
2025-10-28,AZN.ST,3,-0.0072853975293000195,STOP,-0.01118539752930002
2025-10-30,AZN.ST,0,-0.006435006435006385,STOP,-0.010335006435006386
2025-11-03,AZN.ST,0,-0.007667731629392938,STOP,-0.011567731629392938
2025-11-04,AZN.ST,5,0.0045059542967493815,EOD,0.0006059542967493817
2025-11-05,AZN.ST,2,-0.006698564593301426,STOP,-0.010598564593301427
2025-11-06,AZN.ST,3,0.02065459167461081,EOD,0.01675459167461081
2025-11-07,AZN.ST,0,0.003731343283582156,EOD,-0.000168656716417844
2025-11-10,AZN.ST,0,0.01420630018529967,EOD,0.010306300185299669
2025-11-11,AZN.ST,7,0.00029770765108660946,EOD,-0.0036022923489133904
2025-11-13,AZN.ST,0,-0.004192872117400381,STOP,-0.008092872117400382
2025-11-14,AZN.ST,0,-0.0002973535533750127,EOD,-0.0041973535533750125
2025-11-17,AZN.ST,2,0.005031074282332071,EOD,0.001131074282332071
2025-11-19,AZN.ST,1,0.001472320376914027,EOD,-0.002427679623085973
2025-11-20,AZN.ST,0,-0.00871586287042414,EOD,-0.012615862870424141
2025-11-21,AZN.ST,0,0.015537965406039245,EOD,0.011637965406039244
2025-11-24,AZN.ST,6,0.0002865329512893311,EOD,-0.0036134670487106687
2025-11-25,AZN.ST,1,0.015463917525773141,EOD,0.01156391752577314
2025-11-26,AZN.ST,0,-0.005897219882055604,STOP,-0.009797219882055605
2025-12-01,AZN.ST,0,-0.0071428571428571175,STOP,-0.011042857142857118
2025-12-02,AZN.ST,2,-0.0031958163858222255,EOD,-0.007095816385822225
2025-12-05,AZN.ST,1,-0.00641399416909616,EOD,-0.01031399416909616
2025-12-08,AZN.ST,0,-0.005555555555555536,STOP,-0.009455555555555537
2025-12-09,AZN.ST,0,-0.006092254134029584,STOP,-0.009992254134029585
2025-12-10,AZN.ST,4,-0.007981081879988139,STOP,-0.01188108187998814
2025-12-11,AZN.ST,1,-0.007387706855791931,STOP,-0.011287706855791932
2025-12-12,AZN.ST,0,-0.0065593321407274585,STOP,-0.01045933214072746
2025-12-15,AZN.ST,0,0.012268102932375902,EOD,0.008368102932375901
2025-12-17,AZN.ST,0,-0.004420866489831976,EOD,-0.008320866489831977
2025-12-18,AZN.ST,0,-0.006251860672819243,STOP,-0.010151860672819243
2025-12-19,AZN.ST,6,0.0026525198938991412,EOD,-0.0012474801061008586
2025-12-30,AZN.ST,0,0.0026392961876833265,EOD,-0.0012607038123166733
2026-01-02,AZN.ST,0,-0.012177442737025257,STOP,-0.016077442737025258
2026-01-07,AZN.ST,6,-0.006207674943566555,EOD,-0.010107674943566555
2026-01-08,AZN.ST,0,-0.0036900369003689537,EOD,-0.0075900369003689535
2026-01-09,AZN.ST,0,0.002858776443682043,EOD,-0.001041223556317957
2026-01-12,AZN.ST,0,-0.016528925619834656,STOP,-0.020428925619834656
2026-01-14,AZN.ST,0,-0.003950338600451464,EOD,-0.007850338600451465
2026-01-16,AZN.ST,1,-0.010857142857142899,STOP,-0.0147571428571429
2026-01-26,AZN.ST,2,0.010807565295706922,EOD,0.0069075652957069225
2026-01-27,AZN.ST,6,-0.010011778563015272,STOP,-0.013911778563015273
2026-01-29,AZN.ST,4,-0.0009099181073702889,EOD,-0.004809918107370289
2026-01-30,AZN.ST,0,0.0033465165804684727,EOD,-0.0005534834195315272
2026-02-03,AZN.ST,5,-0.008823529411764675,STOP,-0.012723529411764675
2026-02-04,AZN.ST,0,0.01673140125485517,EOD,0.012831401254855171
2026-02-05,AZN.ST,1,0.012426035502958621,EOD,0.00852603550295862
2026-02-06,AZN.ST,0,-0.012173913043478257,STOP,-0.016073913043478258
2026-02-10,AZN.ST,5,-0.004034582132564801,EOD,-0.007934582132564802
2026-02-11,AZN.ST,1,0.01882487164860236,EOD,0.014924871648602359
2026-02-12,AZN.ST,0,-0.009906439185470517,STOP,-0.013806439185470518
2026-02-13,AZN.ST,0,0.004654983570646198,EOD,0.0007549835706461986
2026-02-17,AZN.ST,0,0.01534320323014815,EOD,0.01144320323014815
2026-02-18,AZN.ST,0,-0.003938041480703647,EOD,-0.007838041480703647
2026-02-19,AZN.ST,4,-0.0071827613727054596,STOP,-0.01108276137270546
2026-02-20,AZN.ST,1,-0.010098325803879926,STOP,-0.013998325803879927
2026-02-23,AZN.ST,5,0.0064446831364124435,EOD,0.0025446831364124437
2026-02-24,AZN.ST,1,-0.003989361702127714,EOD,-0.007889361702127715
2026-02-25,AZN.ST,1,-0.005340453938584733,STOP,-0.009240453938584733
2026-02-26,AZN.ST,0,-0.014167334937182585,STOP,-0.018067334937182586
2026-02-27,AZN.ST,0,0.008567603748326658,EOD,0.004667603748326658
2026-03-02,AZN.ST,0,-0.003990422984836428,EOD,-0.007890422984836429
2026-03-04,AZN.ST,4,-0.012332439678284235,STOP,-0.016232439678284236
2026-03-05,AZN.ST,0,-0.010483870967741948,STOP,-0.014383870967741949
2026-03-09,AZN.ST,0,0.020022883295194527,EOD,0.016122883295194526
2026-03-10,AZN.ST,0,-0.0019369120088544856,EOD,-0.005836912008854485
2026-03-12,AZN.ST,0,-0.0008370535714286031,EOD,-0.004737053571428603
2026-03-13,AZN.ST,4,-0.013558384061981177,STOP,-0.017458384061981178
2026-03-16,AZN.ST,4,-0.0033361134278565574,EOD,-0.007236113427856557
2026-03-17,AZN.ST,0,-0.005560189046427633,STOP,-0.009460189046427633
2026-03-18,AZN.ST,0,-0.006431767337807592,STOP,-0.010331767337807593
2026-03-23,AZN.ST,2,-0.009035266686097332,STOP,-0.012935266686097333
2026-03-24,AZN.ST,7,0.0005780346820809523,EOD,-0.0033219653179190475
2026-03-25,AZN.ST,1,0.009176942930886112,EOD,0.005276942930886112
2026-03-26,AZN.ST,5,-0.009433962264150941,STOP,-0.013333962264150942
2026-03-27,AZN.ST,4,-0.002773155851358844,EOD,-0.006673155851358844
2026-03-30,AZN.ST,0,0.012355848434925765,EOD,0.008455848434925764
2026-03-31,AZN.ST,0,-0.008284339925173745,STOP,-0.012184339925173746
2026-04-01,AZN.ST,2,0.00453575240128079,EOD,0.0006357524012807906
2026-04-02,AZN.ST,0,-0.007127771911298875,EOD,-0.011027771911298875
2026-04-10,AZN.ST,0,-0.0114404576183047,STOP,-0.015340457618304701
2026-04-13,AZN.ST,0,-0.010872447626624204,STOP,-0.014772447626624205
2026-04-14,AZN.ST,5,-0.0005366246310705147,EOD,-0.0044366246310705145
2026-04-16,AZN.ST,4,-0.0018934271030565109,EOD,-0.005793427103056511
2026-04-17,AZN.ST,0,0.011363636363636465,EOD,0.007463636363636465
2026-04-20,AZN.ST,0,-0.012306046013911165,STOP,-0.016206046013911166
2026-04-21,AZN.ST,0,-0.01608944641396237,STOP,-0.019989446413962372
2026-04-22,AZN.ST,0,-0.0016574585635359407,EOD,-0.0055574585635359405
2026-04-23,AZN.ST,0,0.0027800945232137053,EOD,-0.0011199054767862945
2026-04-28,AZN.ST,1,-0.00865051903114189,STOP,-0.01255051903114189
2026-04-30,AZN.ST,1,0.0002885170225044309,EOD,-0.003611482977495569
2026-05-06,AZN.ST,0,0.0017595307917888103,EOD,-0.0021404692082111895
2026-05-08,AZN.ST,4,0.0008933889219773228,EOD,-0.003006611078022677
2026-05-11,AZN.ST,3,0.005910165484633634,EOD,0.002010165484633634
2026-05-12,AZN.ST,0,0.026190476190476097,EOD,0.022290476190476097
2026-05-15,AZN.ST,0,-0.00944746636129401,STOP,-0.013347466361294011
2026-05-18,AZN.ST,0,0.0037956204379561154,EOD,-0.00010437956204388445
2026-05-19,AZN.ST,0,0.007188039102932642,EOD,0.003288039102932642
2026-05-20,AZN.ST,0,0.0022955523672882894,EOD,-0.0016044476327117104
2026-05-21,AZN.ST,0,-0.007696693272519983,STOP,-0.011596693272519984
2026-05-25,AZN.ST,0,0.0014184397163119478,EOD,-0.002481560283688052
2026-05-27,AZN.ST,7,0.0017191977077364307,EOD,-0.002180802292263569
2026-05-29,AZN.ST,5,-0.0080971659919028,STOP,-0.0119971659919028
2026-06-01,AZN.ST,3,-0.004683840749414525,STOP,-0.008583840749414526
2026-06-03,AZN.ST,5,-0.009036144578313254,STOP,-0.012936144578313255
2026-06-04,AZN.ST,0,0.021556886227544814,EOD,0.017656886227544813
2026-06-05,AZN.ST,0,0.0029069767441860517,EOD,-0.0009930232558139481
2026-06-09,AZN.ST,6,-0.0014471780028944004,EOD,-0.0053471780028944
2026-06-11,AZN.ST,2,-0.0023154848046309517,EOD,-0.0062154848046309516
2026-06-12,AZN.ST,0,-0.013490241102181444,STOP,-0.017390241102181445
2026-06-16,AZN.ST,0,-0.006865671641791082,STOP,-0.010765671641791083
2026-06-17,AZN.ST,2,0.007436049970255709,EOD,0.0035360499702557094
2026-06-22,AZN.ST,1,0.01041976778803222,EOD,0.0065197677880322194
2026-06-23,AZN.ST,0,0.01013024602026058,EOD,0.006230246020260581
2026-06-24,AZN.ST,0,0.013940256045519295,EOD,0.010040256045519294
2026-06-25,AZN.ST,0,0.014040999719179936,EOD,0.010140999719179936
2026-06-26,AZN.ST,5,-0.008026570716855752,STOP,-0.011926570716855753
2026-06-30,AZN.ST,1,-0.01047261009667022,STOP,-0.014372610096670221
2026-07-01,AZN.ST,0,-0.009809264305177146,STOP,-0.013709264305177146
2026-07-02,AZN.ST,0,0.02983848891322194,EOD,0.025938488913221938
2026-07-07,AZN.ST,2,0.015803814713896358,EOD,0.011903814713896357
2023-08-08,ATCO-A.ST,0,-0.005788260593713845,STOP,-0.009688260593713846
2023-08-09,ATCO-A.ST,0,-0.006779661016949157,EOD,-0.010679661016949157
2023-08-14,ATCO-A.ST,0,-0.0003455775670790917,EOD,-0.0042455775670790915
2023-08-16,ATCO-A.ST,0,0.0006977728024921692,EOD,-0.0032022271975078306
2023-08-17,ATCO-A.ST,0,-0.008426945222445026,STOP,-0.012326945222445027
2023-08-18,ATCO-A.ST,0,-0.0031971363995892954,EOD,-0.007097136399589295
2023-08-21,ATCO-A.ST,0,-0.002821826430224883,EOD,-0.006721826430224883
2023-08-22,ATCO-A.ST,0,0.005598342098862119,EOD,0.0016983420988621193
2023-08-23,ATCO-A.ST,1,-0.0027711059117419,EOD,-0.0066711059117419
2023-08-25,ATCO-A.ST,0,-0.001712328767123239,EOD,-0.005612328767123239
2023-08-29,ATCO-A.ST,0,0.003692534830658234,EOD,-0.00020746516934176586
2023-08-30,ATCO-A.ST,0,-0.005989976016534948,STOP,-0.009889976016534949
2023-09-01,ATCO-A.ST,1,-0.003091700026156441,EOD,-0.006991700026156441
2023-09-04,ATCO-A.ST,1,-0.006112012879350592,EOD,-0.010012012879350593
2023-09-05,ATCO-A.ST,0,0.00544765243254286,EOD,0.00154765243254286
2023-09-06,ATCO-A.ST,0,0.009827156341932097,EOD,0.0059271563419320975
2023-09-07,ATCO-A.ST,0,-0.007407448508522707,STOP,-0.011307448508522708
2023-09-08,ATCO-A.ST,0,-0.004060955015334211,STOP,-0.007960955015334212
2023-09-11,ATCO-A.ST,0,0.008431703204047292,EOD,0.004531703204047292
2023-09-14,ATCO-A.ST,2,0.010487165221606976,EOD,0.006587165221606976
2023-09-18,ATCO-A.ST,6,-0.0003361549698004396,EOD,-0.004236154969800439
2023-09-20,ATCO-A.ST,0,-0.005776356642763436,STOP,-0.009676356642763437
2023-09-21,ATCO-A.ST,5,-0.010605459170026199,STOP,-0.0145054591700262
2023-09-22,ATCO-A.ST,0,-0.007947435526869495,STOP,-0.011847435526869496
2023-09-25,ATCO-A.ST,0,-0.005538269772649818,STOP,-0.009438269772649818
2023-09-27,ATCO-A.ST,0,-0.006263005675696265,EOD,-0.010163005675696266
2023-09-28,ATCO-A.ST,4,0.0066109740321314,EOD,0.0027109740321314005
2023-09-29,ATCO-A.ST,0,0.005119453924914641,EOD,0.001219453924914641
2023-10-05,ATCO-A.ST,0,0.004106713344703472,EOD,0.00020671334470347223
2023-10-06,ATCO-A.ST,0,0.00956290446475938,EOD,0.005662904464759381
2023-10-10,ATCO-A.ST,0,0.016194394093757225,EOD,0.012294394093757224
2023-10-11,ATCO-A.ST,6,0.0016622341100098748,EOD,-0.002237765889990125
2023-10-12,ATCO-A.ST,0,-0.0055016576279328655,EOD,-0.009401657627932866
2023-10-24,ATCO-A.ST,6,0.003607503448640248,EOD,-0.00029249655135975185
2023-10-25,ATCO-A.ST,0,0.026136837198711182,EOD,0.022236837198711182
2023-10-26,ATCO-A.ST,3,0.007047216652662502,EOD,0.0031472166526625026
2023-10-27,ATCO-A.ST,0,0.002779771871020298,EOD,-0.001120228128979702
2023-10-31,ATCO-A.ST,0,0.0,EOD,-0.0039
2023-11-02,ATCO-A.ST,0,-0.0020243121318186397,EOD,-0.0059243121318186395
2023-11-03,ATCO-A.ST,0,0.0003352534616429814,EOD,-0.0035647465383570184
2023-11-08,ATCO-A.ST,3,-0.001003975251754663,EOD,-0.004903975251754663
2023-11-09,ATCO-A.ST,0,0.02362730816477754,EOD,0.019727308164777538
2023-11-13,ATCO-A.ST,0,-0.0058919404025163935,STOP,-0.009791940402516394
2023-11-14,ATCO-A.ST,0,0.01668294204215992,EOD,0.01278294204215992
2023-11-15,ATCO-A.ST,0,-0.004706620466100264,EOD,-0.008606620466100265
2023-11-17,ATCO-A.ST,0,0.0009437506017837549,EOD,-0.002956249398216245
2023-11-20,ATCO-A.ST,0,0.005312538146972745,EOD,0.0014125381469727452
2023-11-21,ATCO-A.ST,0,-0.006832336046680876,STOP,-0.010732336046680876
2023-11-22,ATCO-A.ST,0,-0.005276263633220757,STOP,-0.009176263633220758
2023-11-23,ATCO-A.ST,0,-0.006150061269760143,STOP,-0.010050061269760144
2023-11-24,ATCO-A.ST,0,0.0012528168786585248,EOD,-0.002647183121341475
2023-11-27,ATCO-A.ST,3,0.000935999354036765,EOD,-0.0029640006459632348
2023-11-28,ATCO-A.ST,0,0.0009368762696198019,EOD,-0.002963123730380198
2023-11-29,ATCO-A.ST,0,0.0012379878951664924,EOD,-0.0026620121048335074
2023-11-30,ATCO-A.ST,1,-0.008876719637906705,EOD,-0.012776719637906706
2023-12-01,ATCO-A.ST,0,-0.007012157905392558,EOD,-0.010912157905392558
2023-12-05,ATCO-A.ST,3,0.0009262683426995988,EOD,-0.002973731657300401
2023-12-06,ATCO-A.ST,0,0.013484598770056477,EOD,0.009584598770056477
2023-12-07,ATCO-A.ST,1,-0.00484400740256874,STOP,-0.00874400740256874
2023-12-08,ATCO-A.ST,0,0.007934011257512363,EOD,0.0040340112575123635
2023-12-11,ATCO-A.ST,0,0.007218026756343976,EOD,0.003318026756343976
2023-12-13,ATCO-A.ST,2,-0.00863607505034314,STOP,-0.01253607505034314
2023-12-15,ATCO-A.ST,0,0.009685904533996537,EOD,0.005785904533996537
2023-12-19,ATCO-A.ST,0,0.004690724347363506,EOD,0.0007907243473635065
2023-12-20,ATCO-A.ST,2,0.00029088036772395576,EOD,-0.003609119632276044
2023-12-22,ATCO-A.ST,4,-0.0029078220928989706,EOD,-0.0068078220928989705
2023-12-27,ATCO-A.ST,0,-0.006340092815652065,EOD,-0.010240092815652066
2023-12-29,ATCO-A.ST,0,0.0020184897107007327,EOD,-0.0018815102892992671
2024-01-08,ATCO-A.ST,3,0.0,EOD,-0.0039
2024-01-10,ATCO-A.ST,0,-0.005497824760307912,STOP,-0.009397824760307913
2024-01-12,ATCO-A.ST,0,0.004524886877828038,EOD,0.0006248868778280384
2024-01-15,ATCO-A.ST,0,-0.007782119293676559,STOP,-0.01168211929367656
2024-01-16,ATCO-A.ST,0,0.003912182841718348,EOD,1.2182841718348138e-05
2024-01-18,ATCO-A.ST,0,-0.000607755099731988,EOD,-0.004507755099731988
2024-01-22,ATCO-A.ST,6,0.00029640220902416026,EOD,-0.0036035977909758396
2024-01-25,ATCO-A.ST,0,-0.021319486506368612,STOP,-0.025219486506368613
2024-01-29,ATCO-A.ST,0,0.012210011982527469,EOD,0.008310011982527468
2024-01-31,ATCO-A.ST,0,0.004210507959351517,EOD,0.0003105079593515173
2024-02-01,ATCO-A.ST,0,0.008651532789005989,EOD,0.004751532789005989
2024-02-06,ATCO-A.ST,5,-0.00029508733630356776,EOD,-0.004195087336303568
2024-02-08,ATCO-A.ST,0,0.010635173127077069,EOD,0.006735173127077069
2024-02-14,ATCO-A.ST,0,-0.005609755965704233,STOP,-0.009509755965704234
2024-02-15,ATCO-A.ST,0,-0.013933201140693074,STOP,-0.017833201140693075
2024-02-16,ATCO-A.ST,0,0.015800057177719262,EOD,0.011900057177719262
2024-02-19,ATCO-A.ST,0,0.006547163081321639,EOD,0.0026471630813216388
2024-02-26,ATCO-A.ST,0,0.010915266015408598,EOD,0.007015266015408598
2024-02-28,ATCO-A.ST,2,0.0016694660926690474,EOD,-0.0022305339073309524
2024-03-05,ATCO-A.ST,0,-0.0052836314355829694,EOD,-0.00918363143558297
2024-03-06,ATCO-A.ST,5,0.002795638708061432,EOD,-0.0011043612919385678
2024-03-07,ATCO-A.ST,3,0.004995887792206055,EOD,0.0010958877922060553
2024-03-08,ATCO-A.ST,0,-0.004905935739744405,EOD,-0.008805935739744405
2024-03-12,ATCO-A.ST,5,-0.007450280725513347,STOP,-0.011350280725513348
2024-03-14,ATCO-A.ST,3,-0.004633365270463208,STOP,-0.008533365270463208
2024-03-15,ATCO-A.ST,0,0.0035412360973978707,EOD,-0.0003587639026021291
2024-03-19,ATCO-A.ST,0,-0.003836650917789619,EOD,-0.007736650917789619
2024-03-20,ATCO-A.ST,0,-0.001648368416251711,EOD,-0.005548368416251711
2024-03-21,ATCO-A.ST,0,-0.0013404825737265424,EOD,-0.005240482573726542
2024-03-22,ATCO-A.ST,0,0.00483607666290875,EOD,0.0009360766629087506
2024-03-26,ATCO-A.ST,7,-0.001881247502147354,EOD,-0.005781247502147354
2024-04-03,ATCO-A.ST,0,-0.0013785497192501106,EOD,-0.00527854971925011
2024-04-04,ATCO-A.ST,1,0.0063483808668003405,EOD,0.0024483808668003407
2024-04-05,ATCO-A.ST,3,-0.00888645418714984,STOP,-0.01278645418714984
2024-04-08,ATCO-A.ST,0,-0.0019073902098943885,EOD,-0.005807390209894388
2024-04-09,ATCO-A.ST,0,-0.005468963448838404,STOP,-0.009368963448838405
2024-04-10,ATCO-A.ST,6,-0.009795934975552756,STOP,-0.013695934975552757
2024-04-12,ATCO-A.ST,0,-0.011342105935475466,STOP,-0.015242105935475467
2024-04-15,ATCO-A.ST,0,-0.010106350513214735,EOD,-0.014006350513214735
2024-04-16,ATCO-A.ST,0,-0.001086644634208156,EOD,-0.004986644634208156
2024-04-17,ATCO-A.ST,0,0.0002728679495651587,EOD,-0.003627132050434841
2024-04-23,ATCO-A.ST,0,0.0053672143968486186,EOD,0.0014672143968486187
2024-04-24,ATCO-A.ST,1,0.07224229075001931,EOD,0.06834229075001931
2024-04-26,ATCO-A.ST,1,0.0031039360333890986,EOD,-0.0007960639666109012
2024-04-29,ATCO-A.ST,0,0.0002560975762244677,EOD,-0.003643902423775532
2024-05-03,ATCO-A.ST,0,0.006675240317113307,EOD,0.002775240317113307
2024-05-07,ATCO-A.ST,6,0.005551380960880925,EOD,0.0016513809608809252
2024-05-10,ATCO-A.ST,0,-0.0054027803071693414,EOD,-0.009302780307169342
2024-05-14,ATCO-A.ST,2,-0.005260536170591412,STOP,-0.009160536170591413
2024-05-15,ATCO-A.ST,4,-0.007980080316786209,STOP,-0.01188008031678621
2024-05-20,ATCO-A.ST,0,-0.005519348151891146,STOP,-0.009419348151891146
2024-05-21,ATCO-A.ST,6,-0.005247391402949941,STOP,-0.009147391402949942
2024-05-22,ATCO-A.ST,0,0.010437406239403924,EOD,0.006537406239403924
2024-05-30,ATCO-A.ST,6,-0.0005030488027185642,EOD,-0.004403048802718564
2024-05-31,ATCO-A.ST,0,0.007779187210829708,EOD,0.003879187210829708
2024-06-05,ATCO-A.ST,0,-0.00197926344974253,EOD,-0.00587926344974253
2024-06-07,ATCO-A.ST,1,0.004422574429898685,EOD,0.0005225744298986848
2024-06-10,ATCO-A.ST,0,-0.009803921568627416,STOP,-0.013703921568627417
2024-06-12,ATCO-A.ST,0,0.006356983138180006,EOD,0.002456983138180006
2024-06-18,ATCO-A.ST,7,-0.000990574315444137,EOD,-0.004890574315444137
2024-06-24,ATCO-A.ST,0,0.008977571330462952,EOD,0.0050775713304629525
2024-06-26,ATCO-A.ST,0,-0.008200765017450928,EOD,-0.012100765017450929
2024-07-03,ATCO-A.ST,0,-0.006031651001001892,EOD,-0.009931651001001893
2024-07-05,ATCO-A.ST,0,-0.004588294287479533,STOP,-0.008488294287479534
2024-07-08,ATCO-A.ST,0,0.00435223159981879,EOD,0.0004522315998187901
2024-07-09,ATCO-A.ST,0,-0.008442025695816757,STOP,-0.012342025695816758
2024-07-11,ATCO-A.ST,0,0.0,EOD,-0.0039
2024-07-12,ATCO-A.ST,0,0.02734478032412424,EOD,0.02344478032412424
2024-07-15,ATCO-A.ST,1,-0.003960411147315934,EOD,-0.007860411147315935
2024-07-19,ATCO-A.ST,0,-0.0206158292022256,STOP,-0.0245158292022256
2024-07-22,ATCO-A.ST,0,-0.0029729894689611847,EOD,-0.0068729894689611845
2024-07-23,ATCO-A.ST,1,0.009196629116096311,EOD,0.005296629116096311
2024-07-25,ATCO-A.ST,6,0.006318647782881159,EOD,0.0024186477828811595
2024-07-26,ATCO-A.ST,0,0.0035373817495747417,EOD,-0.0003626182504252581
2024-07-29,ATCO-A.ST,0,-0.007240498078963875,STOP,-0.011140498078963876
2024-07-30,ATCO-A.ST,5,-0.001605071175844408,EOD,-0.005505071175844408
2024-07-31,ATCO-A.ST,0,-0.0049595245789971765,EOD,-0.008859524578997177
2024-08-05,ATCO-A.ST,0,0.003203279333334086,EOD,-0.0006967206666659139
2024-08-07,ATCO-A.ST,0,0.012942191090061117,EOD,0.009042191090061116
2024-08-08,ATCO-A.ST,1,0.012296218595563069,EOD,0.008396218595563068
2024-08-09,ATCO-A.ST,0,-0.010964364015238037,STOP,-0.014864364015238038
2024-08-12,ATCO-A.ST,2,-0.0036558444550994773,EOD,-0.007555844455099477
2024-08-13,ATCO-A.ST,4,0.001120117305090318,EOD,-0.002779882694909682
2024-08-14,ATCO-A.ST,0,-0.00906839199867493,STOP,-0.01296839199867493
2024-08-15,ATCO-A.ST,4,-0.0043883874841772474,STOP,-0.008288387484177248
2024-08-16,ATCO-A.ST,3,-0.0046409548078225615,STOP,-0.008540954807822562
2024-08-19,ATCO-A.ST,0,-0.005704987961681951,STOP,-0.009604987961681952
2024-08-20,ATCO-A.ST,0,-0.0075655721814922305,STOP,-0.011465572181492231
2024-08-21,ATCO-A.ST,0,-0.004887287137192553,STOP,-0.008787287137192554
2024-08-22,ATCO-A.ST,0,-0.0027166530383561094,EOD,-0.006616653038356109
2024-08-23,ATCO-A.ST,0,0.004611995825566373,EOD,0.0007119958255663731
2024-08-26,ATCO-A.ST,2,-0.005393743435387233,STOP,-0.009293743435387233
2024-08-28,ATCO-A.ST,0,0.004358501980151086,EOD,0.0004585019801510862
2024-08-29,ATCO-A.ST,0,0.009446693657219951,EOD,0.005546693657219951
2024-08-30,ATCO-A.ST,0,-0.004811596581607125,EOD,-0.008711596581607126
2024-09-03,ATCO-A.ST,0,-0.010729614085237982,STOP,-0.014629614085237982
2024-09-04,ATCO-A.ST,1,-0.00935606481449991,EOD,-0.01325606481449991
2024-09-06,ATCO-A.ST,0,-0.008285696847098234,STOP,-0.012185696847098235
2024-09-09,ATCO-A.ST,0,-0.0008500646023155145,EOD,-0.004750064602315514
2024-09-10,ATCO-A.ST,0,-0.011204481792717047,STOP,-0.015104481792717048
2024-09-12,ATCO-A.ST,0,-0.008861844787989015,STOP,-0.012761844787989016
2024-09-13,ATCO-A.ST,6,-0.0008332994249131698,EOD,-0.00473329942491317
2024-09-17,ATCO-A.ST,0,0.005552470661357001,EOD,0.001652470661357001
2024-09-19,ATCO-A.ST,0,0.013961145014891319,EOD,0.010061145014891318
2024-09-23,ATCO-A.ST,1,0.00736291682458079,EOD,0.00346291682458079
2024-09-24,ATCO-A.ST,0,-0.007177065708188657,STOP,-0.011077065708188658
2024-09-25,ATCO-A.ST,0,0.0063677207093388866,EOD,0.0024677207093388867
2024-09-26,ATCO-A.ST,1,-0.0007637164009456354,EOD,-0.004663716400945635
2024-09-27,ATCO-A.ST,6,0.0030387749444884538,EOD,-0.0008612250555115461
2024-10-02,ATCO-A.ST,0,0.004828447005042813,EOD,0.0009284470050428132
2024-10-04,ATCO-A.ST,4,-0.008163296446508261,STOP,-0.012063296446508262
2024-10-08,ATCO-A.ST,1,0.002326847059116899,EOD,-0.001573152940883101
2024-10-09,ATCO-A.ST,0,0.0010285263634919328,EOD,-0.002871473636508067
2024-10-11,ATCO-A.ST,0,0.008831152977881507,EOD,0.004931152977881507
2024-10-14,ATCO-A.ST,0,-0.007411178090858339,STOP,-0.01131117809085834
2024-10-16,ATCO-A.ST,1,-0.0067258539625969505,EOD,-0.010625853962596951
2024-10-18,ATCO-A.ST,0,-0.008105917185964318,EOD,-0.012005917185964318
2024-10-21,ATCO-A.ST,0,-0.006002761820003366,STOP,-0.009902761820003367
2024-10-23,ATCO-A.ST,1,-0.014730372353482069,STOP,-0.01863037235348207
2024-10-24,ATCO-A.ST,0,-0.009657836807248188,EOD,-0.013557836807248189
2024-10-25,ATCO-A.ST,0,-0.00027841341903400707,EOD,-0.004178413419034007
2024-10-28,ATCO-A.ST,0,0.0055325034578146415,EOD,0.0016325034578146417
2024-10-29,ATCO-A.ST,0,-0.008767156731592451,STOP,-0.012667156731592452
2024-10-31,ATCO-A.ST,0,-0.005377848746481617,STOP,-0.009277848746481618
2024-11-01,ATCO-A.ST,1,-0.0039738687056302124,EOD,-0.007873868705630213
2024-11-04,ATCO-A.ST,0,-0.009009043066040445,STOP,-0.012909043066040446
2024-11-05,ATCO-A.ST,0,0.009065190388190425,EOD,0.005165190388190425
2024-11-07,ATCO-A.ST,0,0.024062692362570415,EOD,0.020162692362570414
2024-11-11,ATCO-A.ST,0,0.0010848762767596831,EOD,-0.0028151237232403167
2024-11-13,ATCO-A.ST,0,-0.009563977205300667,STOP,-0.013463977205300667
2024-11-14,ATCO-A.ST,4,-0.005849599174138187,EOD,-0.009749599174138188
2024-11-15,ATCO-A.ST,0,-0.013502075367000654,STOP,-0.017402075367000655
2024-11-21,ATCO-A.ST,3,0.0043617331393484005,EOD,0.00046173313934840064
2024-11-22,ATCO-A.ST,5,0.00028712114426365787,EOD,-0.003612878855736342
2024-11-26,ATCO-A.ST,0,0.0034822451195566373,EOD,-0.00041775488044336253
2024-11-27,ATCO-A.ST,0,-0.0023134407785107003,EOD,-0.0062134407785107
2024-11-29,ATCO-A.ST,6,0.0075209010533110465,EOD,0.0036209010533110467
2024-12-02,ATCO-A.ST,1,0.012003464647883932,EOD,0.008103464647883932
2024-12-03,ATCO-A.ST,2,-0.003359496545413676,EOD,-0.007259496545413676
2024-12-04,ATCO-A.ST,5,0.00027679520313994566,EOD,-0.003623204796860054
2024-12-06,ATCO-A.ST,0,0.0030598222629085736,EOD,-0.0008401777370914262
2024-12-11,ATCO-A.ST,0,-0.004434522284007314,EOD,-0.008334522284007315
2024-12-16,ATCO-A.ST,0,-0.0016896820422490633,EOD,-0.005589682042249063
2024-12-17,ATCO-A.ST,0,-0.000565239390483363,EOD,-0.004465239390483363
2024-12-18,ATCO-A.ST,0,-0.0008462279068229828,EOD,-0.004746227906822983
2024-12-20,ATCO-A.ST,7,-0.002053334414742425,EOD,-0.005953334414742425
2024-12-27,ATCO-A.ST,0,0.0,EOD,-0.0039
2024-12-30,ATCO-A.ST,3,-0.004424778761061954,EOD,-0.008324778761061954
2025-01-02,ATCO-A.ST,3,0.0038011338975694198,EOD,-9.886610243058005e-05
2025-01-03,ATCO-A.ST,0,-0.0014543339667048016,EOD,-0.0053543339667048015
2025-01-08,ATCO-A.ST,0,-0.0019847240793979815,EOD,-0.005884724079397981
2025-01-13,ATCO-A.ST,6,-0.0008571079799106762,EOD,-0.004757107979910676
2025-01-15,ATCO-A.ST,2,0.01494638381766289,EOD,0.011046383817662889
2025-01-17,ATCO-A.ST,0,0.013054086574971757,EOD,0.009154086574971756
2025-01-21,ATCO-A.ST,1,-0.002144246307851594,EOD,-0.006044246307851594
2025-01-22,ATCO-A.ST,0,0.0031881302510363696,EOD,-0.0007118697489636302
2025-01-23,ATCO-A.ST,0,0.002643404790558135,EOD,-0.001256595209441865
2025-01-24,ATCO-A.ST,0,-0.0005195122260551743,EOD,-0.004419512226055174
2025-01-28,ATCO-A.ST,1,-0.02045691236533531,STOP,-0.024356912365335312
2025-01-29,ATCO-A.ST,2,-0.004375187449022655,EOD,-0.008275187449022656
2025-01-31,ATCO-A.ST,0,-0.0013408420707531343,EOD,-0.005240842070753134
2025-02-03,ATCO-A.ST,6,-0.0002731660798916957,EOD,-0.0041731660798916955
2025-02-04,ATCO-A.ST,2,0.009264288546279031,EOD,0.005364288546279032
2025-02-05,ATCO-A.ST,0,0.006535930873366125,EOD,0.002635930873366125
2025-02-06,ATCO-A.ST,6,0.0,EOD,-0.0039
2025-02-10,ATCO-A.ST,6,0.005965326138422267,EOD,0.002065326138422267
2025-02-12,ATCO-A.ST,0,-0.01125405163358173,STOP,-0.01515405163358173
2025-02-13,ATCO-A.ST,0,0.0066489361702126715,EOD,0.0027489361702126716
2025-02-14,ATCO-A.ST,0,-0.007137144532319506,STOP,-0.011037144532319507
2025-02-17,ATCO-A.ST,7,0.0,EOD,-0.0039
2025-02-18,ATCO-A.ST,1,0.013567454605812213,EOD,0.009667454605812212
2025-02-20,ATCO-A.ST,0,0.0061744638737415425,EOD,0.0022744638737415427
2025-02-21,ATCO-A.ST,1,-0.0071750778023904616,STOP,-0.011075077802390462
2025-02-26,ATCO-A.ST,0,0.0018873341023204482,EOD,-0.0020126658976795516
2025-02-27,ATCO-A.ST,0,-0.0075963599136797955,STOP,-0.011496359913679796
2025-02-28,ATCO-A.ST,0,-0.0005469297247876481,EOD,-0.004446929724787648
2025-03-03,ATCO-A.ST,3,-0.012527249320792744,EOD,-0.016427249320792744
2025-03-05,ATCO-A.ST,0,0.01401485624912202,EOD,0.01011485624912202
2025-03-07,ATCO-A.ST,0,0.011025358695112786,EOD,0.007125358695112786
2025-03-12,ATCO-A.ST,3,-0.009792949243904392,STOP,-0.013692949243904393
2025-03-13,ATCO-A.ST,0,0.0,EOD,-0.0039
2025-03-14,ATCO-A.ST,2,0.0016958906846167299,EOD,-0.00220410931538327
2025-03-17,ATCO-A.ST,4,0.001966878952054385,EOD,-0.0019331210479456148
2025-03-25,ATCO-A.ST,0,0.014328321770056052,EOD,0.010428321770056051
2025-03-27,ATCO-A.ST,0,-0.009320523291123428,STOP,-0.013220523291123429
2025-03-28,ATCO-A.ST,0,-0.006340597904938905,STOP,-0.010240597904938906
2025-04-02,ATCO-A.ST,6,0.006585155671709808,EOD,0.0026851556717098083
2025-04-07,ATCO-A.ST,1,0.01366819919691542,EOD,0.00976819919691542
2025-04-08,ATCO-A.ST,3,-0.003869066595734494,EOD,-0.007769066595734494
2025-04-15,ATCO-A.ST,0,-0.000325117365186145,EOD,-0.004225117365186145
2025-04-22,ATCO-A.ST,7,-0.0009993947313365892,EOD,-0.004899394731336589
2025-04-23,ATCO-A.ST,2,-0.013247192580018163,EOD,-0.017147192580018164
2025-04-24,ATCO-A.ST,6,0.004262255058913977,EOD,0.00036225505891397756
2025-04-30,ATCO-A.ST,0,0.020429008343964883,EOD,0.016529008343964882
2025-05-05,ATCO-A.ST,6,-0.0009878771764498806,EOD,-0.00488787717644988
2025-05-08,ATCO-A.ST,0,0.0042919060308437285,EOD,0.00039190603084372864
2025-05-12,ATCO-A.ST,0,0.018838304552590168,EOD,0.014938304552590168
2025-05-15,ATCO-A.ST,1,0.016059334166362182,EOD,0.012159334166362182
2025-05-16,ATCO-A.ST,0,-0.01260507819075829,STOP,-0.01650507819075829
2025-05-19,ATCO-A.ST,7,0.0,EOD,-0.0039
2025-05-20,ATCO-A.ST,2,-0.003921531803827261,EOD,-0.007821531803827261
2025-05-27,ATCO-A.ST,0,-0.0056586553788405825,EOD,-0.009558655378840583
2025-06-03,ATCO-A.ST,1,0.008180628108865884,EOD,0.004280628108865884
2025-06-04,ATCO-A.ST,0,0.006393862142103801,EOD,0.0024938621421038013
2025-06-05,ATCO-A.ST,0,-0.009139596621656865,STOP,-0.013039596621656865
2025-06-10,ATCO-A.ST,0,-0.0063411542127562726,STOP,-0.010241154212756273
2025-06-12,ATCO-A.ST,6,-0.0025739633989356747,EOD,-0.0064739633989356745
2025-06-13,ATCO-A.ST,0,-0.0003268173317504397,EOD,-0.0042268173317504395
2025-06-16,ATCO-A.ST,1,0.0006506578106784122,EOD,-0.0032493421893215876
2025-06-17,ATCO-A.ST,0,-0.00750893857208812,STOP,-0.01140893857208812
2025-06-19,ATCO-A.ST,0,0.0019933757591881207,EOD,-0.0019066242408118791
2025-06-23,ATCO-A.ST,0,-0.010634701742646024,STOP,-0.014534701742646025
2025-06-27,ATCO-A.ST,2,0.007815023929616638,EOD,0.003915023929616638
2025-07-02,ATCO-A.ST,0,0.0122226387428368,EOD,0.0083226387428368
2025-07-03,ATCO-A.ST,5,-0.005980561350511837,EOD,-0.009880561350511838
2025-07-04,ATCO-A.ST,5,-0.0006372903034816968,EOD,-0.004537290303481697
2025-07-07,ATCO-A.ST,0,0.0015938794406868961,EOD,-0.0023061205593131037
2025-07-08,ATCO-A.ST,7,0.0006333509017182326,EOD,-0.003266649098281767
2025-07-09,ATCO-A.ST,0,0.005340911945422411,EOD,0.001440911945422411
2025-07-10,ATCO-A.ST,0,0.002145866533594276,EOD,-0.0017541334664057237
2025-07-15,ATCO-A.ST,0,-0.007460442409053969,EOD,-0.01136044240905397
2025-07-16,ATCO-A.ST,2,-0.005361123223934228,STOP,-0.009261123223934228
2025-07-21,ATCO-A.ST,0,-0.0058574287812254155,EOD,-0.009757428781225416
2025-07-24,ATCO-A.ST,0,-0.009727626651662491,STOP,-0.013627626651662492
2025-07-29,ATCO-A.ST,1,-0.00032724509659121104,EOD,-0.004227245096591211
2025-07-30,ATCO-A.ST,0,-0.00293540077810861,EOD,-0.00683540077810861
2025-08-07,ATCO-A.ST,0,0.011379268251616281,EOD,0.0074792682516162815
2025-08-08,ATCO-A.ST,0,-0.007462624764415282,STOP,-0.011362624764415283
2025-08-14,ATCO-A.ST,3,0.008783804403768913,EOD,0.0048838044037689135
2025-08-19,ATCO-A.ST,0,0.021469284687843926,EOD,0.017569284687843925
2025-08-21,ATCO-A.ST,1,-0.004353711600716403,STOP,-0.008253711600716404
2025-08-22,ATCO-A.ST,0,0.012288215258890123,EOD,0.008388215258890122
2025-08-26,ATCO-A.ST,0,0.001989410117285262,EOD,-0.001910589882714738
2025-08-28,ATCO-A.ST,0,0.001977607500283307,EOD,-0.0019223924997166927
2025-08-29,ATCO-A.ST,5,-0.009198383209958028,STOP,-0.013098383209958028
2025-09-01,ATCO-A.ST,0,-0.007453072796684834,EOD,-0.011353072796684835
2025-09-03,ATCO-A.ST,0,0.002983075439409566,EOD,-0.0009169245605904338
2025-09-04,ATCO-A.ST,1,-0.014230350065822073,STOP,-0.018130350065822073
2025-09-05,ATCO-A.ST,3,0.0,EOD,-0.0039
2025-09-08,ATCO-A.ST,1,0.01527209194073742,EOD,0.01137209194073742
2025-09-11,ATCO-A.ST,5,0.0009562887513399065,EOD,-0.0029437112486600933
2025-09-12,ATCO-A.ST,1,-0.0066308999765456456,EOD,-0.010530899976545646
2025-09-15,ATCO-A.ST,0,-0.00537808343627344,STOP,-0.00927808343627344
2025-09-16,ATCO-A.ST,0,-0.007313156734399806,STOP,-0.011213156734399807
2025-09-18,ATCO-A.ST,0,0.02417304787231611,EOD,0.02027304787231611
2025-09-19,ATCO-A.ST,5,-0.0037129089161747064,EOD,-0.007612908916174706
2025-09-22,ATCO-A.ST,0,-0.005242003556714225,EOD,-0.009142003556714226
2025-09-23,ATCO-A.ST,0,-0.0012303718516603057,EOD,-0.0051303718516603055
2025-09-24,ATCO-A.ST,1,-0.007708911791868389,STOP,-0.01160891179186839
2025-09-29,ATCO-A.ST,1,-0.008267110027076696,STOP,-0.012167110027076697
2025-09-30,ATCO-A.ST,0,0.014687022371176806,EOD,0.010787022371176805
2025-10-01,ATCO-A.ST,0,-0.0009399069519843151,EOD,-0.004839906951984315
2025-10-02,ATCO-A.ST,0,0.0029859660144069267,EOD,-0.0009140339855930732
2025-10-03,ATCO-A.ST,6,-0.002347382105702178,EOD,-0.006247382105702178
2025-10-06,ATCO-A.ST,2,0.0020480170627017458,EOD,-0.001851982937298254
2025-10-07,ATCO-A.ST,5,-0.006102894699989814,STOP,-0.010002894699989814
2025-10-08,ATCO-A.ST,0,0.0038156376471709663,EOD,-8.43623528290335e-05
2025-10-10,ATCO-A.ST,2,-0.0050430500630404,STOP,-0.0089430500630404
2025-10-13,ATCO-A.ST,5,-0.0023951730328405363,EOD,-0.006295173032840536
2025-10-14,ATCO-A.ST,7,0.0009098810490197895,EOD,-0.0029901189509802103
2025-10-15,ATCO-A.ST,2,-0.0115146863699509,STOP,-0.0154146863699509
2025-10-16,ATCO-A.ST,2,0.006308219110898072,EOD,0.0024082191108980725
2025-10-17,ATCO-A.ST,3,-0.008727035820089046,STOP,-0.012627035820089047
2025-10-20,ATCO-A.ST,0,-0.008785197948693702,STOP,-0.012685197948693702
2025-10-21,ATCO-A.ST,6,-0.00543310552155396,STOP,-0.009333105521553961
2025-10-22,ATCO-A.ST,2,0.002719836546041021,EOD,-0.0011801634539589786
2025-10-23,ATCO-A.ST,0,-0.013558300942311807,STOP,-0.017458300942311808
2025-10-24,ATCO-A.ST,2,0.005115896086311134,EOD,0.0012158960863111338
2025-10-27,ATCO-A.ST,0,0.006203858503738946,EOD,0.002303858503738946
2025-10-30,ATCO-A.ST,2,-0.0015133172192389743,EOD,-0.005413317219238974
2025-11-03,ATCO-A.ST,0,-0.007788161993769416,STOP,-0.011688161993769416
2025-11-04,ATCO-A.ST,0,0.0028689635367000754,EOD,-0.0010310364632999244
2025-11-05,ATCO-A.ST,0,0.008582268395013193,EOD,0.004682268395013193
2025-11-06,ATCO-A.ST,0,-0.007878979187453394,STOP,-0.011778979187453395
2025-11-10,ATCO-A.ST,2,-0.006942195430182818,EOD,-0.010842195430182819
2025-11-11,ATCO-A.ST,0,0.00884672288457744,EOD,0.0049467228845774406
2025-11-12,ATCO-A.ST,0,0.0034289468371972998,EOD,-0.00047105316280270006
2025-11-18,ATCO-A.ST,0,-0.006266571034189594,STOP,-0.010166571034189595
2025-11-19,ATCO-A.ST,0,0.0036496553609532967,EOD,-0.00025034463904670314
2025-11-21,ATCO-A.ST,3,0.0013102667214444086,EOD,-0.0025897332785555912
2025-11-25,ATCO-A.ST,0,0.011275773417596113,EOD,0.0073757734175961135
2025-11-27,ATCO-A.ST,0,0.007621447897751654,EOD,0.0037214478977516544
2025-11-28,ATCO-A.ST,0,-0.0003120315242297611,EOD,-0.004212031524229761
2025-12-01,ATCO-A.ST,0,-0.007377786617108084,EOD,-0.011277786617108085
2025-12-02,ATCO-A.ST,1,-0.00216654965585783,EOD,-0.00606654965585783
2025-12-03,ATCO-A.ST,0,0.0,EOD,-0.0039
2025-12-04,ATCO-A.ST,1,-0.00853441436334379,EOD,-0.01243441436334379
2025-12-05,ATCO-A.ST,3,-0.006512675455753625,EOD,-0.010412675455753626
2025-12-11,ATCO-A.ST,0,-0.006279922672982163,EOD,-0.010179922672982164
2025-12-12,ATCO-A.ST,0,-0.007164160885028026,STOP,-0.011064160885028027
2025-12-15,ATCO-A.ST,0,-0.007189916070257318,STOP,-0.011089916070257319
2025-12-18,ATCO-A.ST,0,0.016189232539945975,EOD,0.012289232539945974
2025-12-19,ATCO-A.ST,1,-0.00579443102119781,STOP,-0.00969443102119781
2025-12-23,ATCO-A.ST,0,0.0009083206831206336,EOD,-0.002991679316879366
2025-12-29,ATCO-A.ST,5,-0.0024103278327213262,EOD,-0.006310327832721326
2025-12-30,ATCO-A.ST,0,0.005426553291307368,EOD,0.001526553291307368
2026-01-02,ATCO-A.ST,0,0.0011936552945355228,EOD,-0.002706344705464477
2026-01-05,ATCO-A.ST,0,-0.00028978876194407643,EOD,-0.004189788761944076
2026-01-09,ATCO-A.ST,0,0.006493471806049422,EOD,0.0025934718060494225
2026-01-12,ATCO-A.ST,5,-0.004930206191331887,EOD,-0.008830206191331888
2026-01-15,ATCO-A.ST,5,0.005078839522816292,EOD,0.001178839522816292
2026-01-16,ATCO-A.ST,5,0.0,EOD,-0.0039
2026-01-20,ATCO-A.ST,1,0.02086150518050567,EOD,0.016961505180505668
2026-01-21,ATCO-A.ST,0,-0.007692291502611082,STOP,-0.011592291502611082
2026-01-22,ATCO-A.ST,5,-0.012933264151737234,STOP,-0.016833264151737234
2026-01-26,ATCO-A.ST,1,0.001578963430304281,EOD,-0.002321036569695719
2026-01-27,ATCO-A.ST,1,-0.009893304478424736,STOP,-0.013793304478424737
2026-01-29,ATCO-A.ST,0,-0.015293834237560922,EOD,-0.019193834237560922
2026-01-30,ATCO-A.ST,0,-0.0005435762238946706,EOD,-0.0044435762238946705
2026-02-04,ATCO-A.ST,1,0.004783466300661177,EOD,0.0008834663006611768
2026-02-05,ATCO-A.ST,0,-0.00952878693026915,STOP,-0.013428786930269151
2026-02-06,ATCO-A.ST,0,0.007774782564301308,EOD,0.003874782564301308
2026-02-09,ATCO-A.ST,6,0.0018494377992899214,EOD,-0.0020505622007100785
2026-02-11,ATCO-A.ST,0,0.016561562596294932,EOD,0.012661562596294931
2026-02-13,ATCO-A.ST,0,0.00917912434316781,EOD,0.005279124343167811
2026-02-16,ATCO-A.ST,0,-0.002066162926976145,EOD,-0.005966162926976145
2026-02-17,ATCO-A.ST,5,0.002587322121604174,EOD,-0.0013126778783958256
2026-02-18,ATCO-A.ST,1,-0.003833376045985548,EOD,-0.007733376045985548
2026-02-19,ATCO-A.ST,4,0.0007704630591920392,EOD,-0.0031295369408079607
2026-02-20,ATCO-A.ST,0,-0.006131818942028633,STOP,-0.010031818942028634
2026-02-23,ATCO-A.ST,2,-0.0015372165121761983,EOD,-0.005437216512176198
2026-02-24,ATCO-A.ST,6,-0.0020340397096322294,EOD,-0.005934039709632229
2026-02-25,ATCO-A.ST,0,-0.011823930080581802,STOP,-0.015723930080581802
2026-02-26,ATCO-A.ST,0,-0.008382063013022023,STOP,-0.012282063013022024
2026-03-02,ATCO-A.ST,0,-0.016679760777826735,STOP,-0.020579760777826736
2026-03-04,ATCO-A.ST,1,-0.0002712397618784834,EOD,-0.004171239761878483
2026-03-05,ATCO-A.ST,0,-0.005984799158060161,STOP,-0.009884799158060162
2026-03-09,ATCO-A.ST,5,0.0005865460616751861,EOD,-0.0033134539383248137
2026-03-10,ATCO-A.ST,0,0.007319750834980487,EOD,0.0034197508349804876
2026-03-13,ATCO-A.ST,3,-0.010368680809172859,STOP,-0.01426868080917286
2026-03-16,ATCO-A.ST,4,-0.00585823091902693,EOD,-0.00975823091902693
2026-03-17,ATCO-A.ST,4,-0.008546990865952675,EOD,-0.012446990865952676
2026-03-18,ATCO-A.ST,0,-0.013953452886537043,STOP,-0.017853452886537044
2026-03-23,ATCO-A.ST,0,0.033546325878594185,EOD,0.029646325878594185
2026-03-30,ATCO-A.ST,0,-0.003095016964127284,EOD,-0.006995016964127284
2026-03-31,ATCO-A.ST,0,0.005237158525841279,EOD,0.0013371585258412791
2026-04-02,ATCO-A.ST,0,0.0012038050820264434,EOD,-0.0026961949179735564
2026-04-07,ATCO-A.ST,0,-0.008912655809867664,STOP,-0.012812655809867665
2026-04-08,ATCO-A.ST,4,0.00508902383615184,EOD,0.0011890238361518405
2026-04-09,ATCO-A.ST,3,-0.0019624675724007057,EOD,-0.0058624675724007055
2026-04-10,ATCO-A.ST,1,-0.0025006777208872455,EOD,-0.006400677720887245
2026-04-13,ATCO-A.ST,0,0.007586435103498657,EOD,0.0036864351034986568
2026-04-14,ATCO-A.ST,3,0.001365374066992997,EOD,-0.002534625933007003
2026-04-15,ATCO-A.ST,0,-0.008660384863413362,STOP,-0.012560384863413362
2026-04-17,ATCO-A.ST,0,0.034211258542311995,EOD,0.030311258542311995
2026-04-20,ATCO-A.ST,0,-0.006825954699863357,STOP,-0.010725954699863358
2026-04-23,ATCO-A.ST,5,-0.0013354701072411101,EOD,-0.00523547010724111
2026-04-24,ATCO-A.ST,2,-0.006441207346136291,STOP,-0.010341207346136291
2026-04-29,ATCO-A.ST,2,-0.009974351840634443,STOP,-0.013874351840634444
2026-04-30,ATCO-A.ST,0,0.022000587076212774,EOD,0.018100587076212774
2026-05-04,ATCO-A.ST,1,-0.015891050512221616,STOP,-0.019791050512221617
2026-05-05,ATCO-A.ST,1,0.014773972785605993,EOD,0.010873972785605993
2026-05-06,ATCO-A.ST,0,0.01895602718814393,EOD,0.01505602718814393
2026-05-12,ATCO-A.ST,1,-0.006991051334815479,STOP,-0.01089105133481548
2026-05-18,ATCO-A.ST,0,0.010802955348996335,EOD,0.006902955348996335
2026-05-19,ATCO-A.ST,0,-0.011200529228424183,STOP,-0.015100529228424184
2026-05-20,ATCO-A.ST,0,0.014198765024114657,EOD,0.010298765024114656
2026-05-21,ATCO-A.ST,0,0.003977255387739742,EOD,7.725538773974226e-05
2026-05-25,ATCO-A.ST,0,0.006618846817667334,EOD,0.0027188468176673345
2026-05-27,ATCO-A.ST,4,-0.017336235274575507,STOP,-0.021236235274575507
2026-06-01,ATCO-A.ST,0,-0.011270780695382898,STOP,-0.015170780695382899
2026-06-02,ATCO-A.ST,2,0.028829882868735224,EOD,0.024929882868735223
2026-06-03,ATCO-A.ST,0,0.004405218976219372,EOD,0.0005052189762193718
2026-06-05,ATCO-A.ST,1,-0.0011098609968325235,EOD,-0.005009860996832523
2026-06-08,ATCO-A.ST,2,0.019154895191461296,EOD,0.015254895191461296
2026-06-09,ATCO-A.ST,5,-0.016304347826086918,STOP,-0.02020434782608692
2026-06-10,ATCO-A.ST,5,-0.004993031325849495,EOD,-0.008893031325849496
2026-06-11,ATCO-A.ST,0,0.0019316010453112042,EOD,-0.0019683989546887956
2026-06-12,ATCO-A.ST,0,-0.013333333333333308,STOP,-0.01723333333333331
2026-06-16,ATCO-A.ST,0,0.002341983977754758,EOD,-0.0015580160222452418
2026-06-17,ATCO-A.ST,1,-0.003861998000957212,EOD,-0.007761998000957212
2026-06-25,ATCO-A.ST,0,0.0015432256233380848,EOD,-0.002356774376661915
2026-06-29,ATCO-A.ST,2,0.0034040804695567584,EOD,-0.0004959195304432415
2026-06-30,ATCO-A.ST,0,0.005124263547404695,EOD,0.001224263547404695
2026-07-02,ATCO-A.ST,0,-0.0025866528303474245,EOD,-0.006486652830347424
2026-07-03,ATCO-A.ST,4,0.0035587034016395513,EOD,-0.0003412965983604485
2023-08-11,BOL.ST,2,-0.006770480844020765,STOP,-0.010670480844020766
2023-08-14,BOL.ST,0,-0.011384897548056494,STOP,-0.015284897548056495
2023-08-16,BOL.ST,0,-0.010957957477545688,STOP,-0.014857957477545689
2023-08-17,BOL.ST,0,0.0008703220191470518,EOD,-0.003029677980852948
2023-08-22,BOL.ST,1,-0.0038267735494941224,EOD,-0.007726773549494122
2023-08-25,BOL.ST,0,-0.00938634363546953,EOD,-0.01328634363546953
2023-08-29,BOL.ST,1,0.00207460428980899,EOD,-0.0018253957101910098
2023-08-31,BOL.ST,4,-0.009175912343351689,EOD,-0.01307591234335169
2023-09-01,BOL.ST,0,-0.006574552147347812,EOD,-0.010474552147347813
2023-09-06,BOL.ST,0,0.0033517679890813223,EOD,-0.0005482320109186775
2023-09-08,BOL.ST,0,-0.01189060617436899,STOP,-0.01579060617436899
2023-09-11,BOL.ST,0,-0.006631299600549645,EOD,-0.010531299600549646
2023-09-14,BOL.ST,0,0.015458858386866003,EOD,0.011558858386866003
2023-09-15,BOL.ST,2,-0.01097506645473123,EOD,-0.014875066454731231
2023-09-20,BOL.ST,1,0.019509023697438677,EOD,0.015609023697438676
2023-09-22,BOL.ST,0,-0.007765714257501055,EOD,-0.011665714257501056
2023-09-26,BOL.ST,0,0.002331717724816107,EOD,-0.0015682822751838929
2023-09-28,BOL.ST,2,0.016746869557209276,EOD,0.012846869557209276
2023-09-29,BOL.ST,0,0.005435690510091851,EOD,0.0015356905100918508
2023-10-03,BOL.ST,0,-0.008345566666153936,STOP,-0.012245566666153937
2023-10-04,BOL.ST,0,-0.01285477830890025,STOP,-0.01675477830890025
2023-10-05,BOL.ST,0,-0.005232026305379778,EOD,-0.009132026305379778
2023-10-06,BOL.ST,2,0.008837731674314231,EOD,0.004937731674314231
2023-10-10,BOL.ST,0,0.0034024231114777592,EOD,-0.0004975768885222406
2023-10-12,BOL.ST,0,-0.010563341413067473,STOP,-0.014463341413067474
2023-10-13,BOL.ST,0,-0.008691394632226568,STOP,-0.012591394632226569
2023-10-25,BOL.ST,0,0.009778999021248902,EOD,0.005878999021248902
2023-10-26,BOL.ST,4,0.0026562776121388243,EOD,-0.0012437223878611755
2023-10-27,BOL.ST,0,-0.013937282229965153,STOP,-0.017837282229965154
2023-10-30,BOL.ST,0,-0.008359435198406207,STOP,-0.012259435198406207
2023-10-31,BOL.ST,0,-0.015355354992741321,STOP,-0.019255354992741322
2023-11-01,BOL.ST,4,-0.009024665214972027,EOD,-0.012924665214972028
2023-11-02,BOL.ST,1,-0.010901624090624784,EOD,-0.014801624090624785
2023-11-06,BOL.ST,6,0.0013776266164147177,EOD,-0.002522373383585282
2023-11-08,BOL.ST,4,-0.007331968046481063,EOD,-0.011231968046481064
2023-11-09,BOL.ST,1,0.003063085057714021,EOD,-0.0008369149422859786
2023-11-14,BOL.ST,4,-0.009527211772906163,STOP,-0.013427211772906164
2023-11-15,BOL.ST,0,0.01637398847420557,EOD,0.012473988474205569
2023-11-17,BOL.ST,0,0.011147316536016527,EOD,0.007247316536016527
2023-11-20,BOL.ST,6,0.002359724326424617,EOD,-0.0015402756735753828
2023-11-27,BOL.ST,2,0.001031949708881097,EOD,-0.002868050291118903
2023-11-28,BOL.ST,5,-0.013960766030117644,STOP,-0.017860766030117645
2023-11-29,BOL.ST,0,-0.007331143354945446,EOD,-0.011231143354945447
2023-11-30,BOL.ST,1,-0.017968147198071827,STOP,-0.021868147198071827
2023-12-01,BOL.ST,0,0.0133057059696009,EOD,0.0094057059696009
2023-12-05,BOL.ST,0,-0.010418474988092896,STOP,-0.014318474988092897
2023-12-06,BOL.ST,0,0.004938629629802849,EOD,0.0010386296298028489
2023-12-07,BOL.ST,2,0.0008632596503144185,EOD,-0.0030367403496855813
2023-12-08,BOL.ST,0,0.002370913486981374,EOD,-0.0015290865130186257
2023-12-11,BOL.ST,0,-0.00033626800796249245,EOD,-0.004236268007962492
2023-12-13,BOL.ST,2,-0.0005169690136176408,EOD,-0.004416969013617641
2023-12-14,BOL.ST,0,0.0024271844660195274,EOD,-0.0014728155339804724
2023-12-15,BOL.ST,0,-0.010241058570958028,EOD,-0.014141058570958029
2023-12-18,BOL.ST,0,-0.001101167521770141,EOD,-0.005001167521770141
2023-12-19,BOL.ST,0,-0.002015484950339097,EOD,-0.005915484950339097
2023-12-22,BOL.ST,0,-0.00458637266312234,STOP,-0.00848637266312234
2023-12-27,BOL.ST,1,-0.011664074650077794,EOD,-0.015564074650077794
2023-12-29,BOL.ST,0,-0.006600679377032792,STOP,-0.010500679377032793
2024-01-04,BOL.ST,1,-0.006543432160765361,STOP,-0.010443432160765362
2024-01-05,BOL.ST,0,0.0036189358176050845,EOD,-0.0002810641823949153
2024-01-10,BOL.ST,0,0.00017409785127764366,EOD,-0.003725902148722356
2024-01-18,BOL.ST,2,0.0014432397809605035,EOD,-0.0024567602190394963
2024-01-23,BOL.ST,0,-0.006743233323703968,STOP,-0.010643233323703968
2024-01-24,BOL.ST,1,-0.008967885548835097,EOD,-0.012867885548835098
2024-01-26,BOL.ST,1,0.0069506764992990355,EOD,0.0030506764992990357
2024-01-31,BOL.ST,3,-0.005208267676874545,EOD,-0.009108267676874546
2024-02-01,BOL.ST,0,-0.01155645272657313,STOP,-0.01545645272657313
2024-02-06,BOL.ST,5,0.00792770575114532,EOD,0.00402770575114532
2024-02-08,BOL.ST,0,-0.02221058495655226,EOD,-0.02611058495655226
2024-02-12,BOL.ST,6,-0.011227637995570805,EOD,-0.015127637995570806
2024-02-14,BOL.ST,1,0.008297236498863159,EOD,0.004397236498863159
2024-02-15,BOL.ST,0,0.001840942521221578,EOD,-0.002059057478778422
2024-02-22,BOL.ST,2,-0.008017426160304653,STOP,-0.011917426160304653
2024-02-27,BOL.ST,7,0.0015261117404414826,EOD,-0.0023738882595585173
2024-02-29,BOL.ST,2,0.004979959284954649,EOD,0.0010799592849546494
2024-03-01,BOL.ST,6,0.003378355544685574,EOD,-0.0005216444553144258
2024-03-05,BOL.ST,0,-0.013833594133222715,STOP,-0.017733594133222716
2024-03-06,BOL.ST,0,-0.005458241004206998,EOD,-0.009358241004206999
2024-03-07,BOL.ST,0,0.020454049314204914,EOD,0.016554049314204913
2024-03-08,BOL.ST,0,-0.01585568072440402,STOP,-0.01975568072440402
2024-03-11,BOL.ST,1,0.011951492836717925,EOD,0.008051492836717924
2024-03-12,BOL.ST,0,0.010480642459511635,EOD,0.006580642459511636
2024-03-13,BOL.ST,0,0.02868848046282313,EOD,0.02478848046282313
2024-03-15,BOL.ST,1,-0.0008468834338145603,EOD,-0.00474688343381456
2024-03-20,BOL.ST,0,0.014039387253468982,EOD,0.010139387253468982
2024-03-21,BOL.ST,3,0.01622175873456122,EOD,0.01232175873456122
2024-03-22,BOL.ST,0,-0.005620803896240423,EOD,-0.009520803896240423
2024-03-26,BOL.ST,0,-0.009852978455547556,EOD,-0.013752978455547557
2024-04-02,BOL.ST,0,0.002582370374660803,EOD,-0.001317629625339197
2024-04-03,BOL.ST,1,0.009265156218799975,EOD,0.005365156218799975
2024-04-04,BOL.ST,0,0.00461680525755237,EOD,0.0007168052575523701
2024-04-05,BOL.ST,0,-0.0027633539463621792,EOD,-0.006663353946362179
2024-04-08,BOL.ST,0,-0.00030131280776257707,EOD,-0.004201312807762577
2024-04-09,BOL.ST,5,-0.003197692161382659,EOD,-0.007097692161382659
2024-04-10,BOL.ST,0,-0.01715756302704341,STOP,-0.02105756302704341
2024-04-12,BOL.ST,0,0.005142822265624902,EOD,0.0012428222656249025
2024-04-17,BOL.ST,0,-0.005714285714285672,EOD,-0.009614285714285672
2024-04-18,BOL.ST,0,-0.004843339621171672,EOD,-0.008743339621171672
2024-04-22,BOL.ST,0,-0.014964063905125946,STOP,-0.018864063905125947
2024-04-23,BOL.ST,1,0.004978073812683004,EOD,0.001078073812683004
2024-04-26,BOL.ST,0,0.004524904060796864,EOD,0.000624904060796864
2024-04-29,BOL.ST,2,0.007991165459516614,EOD,0.004091165459516614
2024-04-30,BOL.ST,2,-0.008702779713886666,STOP,-0.012602779713886667
2024-05-03,BOL.ST,2,-0.004486837005412636,EOD,-0.008386837005412637
2024-05-06,BOL.ST,0,-0.006042329497807697,EOD,-0.009942329497807698
2024-05-10,BOL.ST,0,0.0010842881623809308,EOD,-0.002815711837619069
2024-05-20,BOL.ST,0,-0.012476803967949368,STOP,-0.01637680396794937
2024-05-21,BOL.ST,3,0.015530386920964201,EOD,0.0116303869209642
2024-05-23,BOL.ST,1,-0.008101539559534854,EOD,-0.012001539559534855
2024-05-24,BOL.ST,1,-0.001091984465777407,EOD,-0.004991984465777407
2024-05-27,BOL.ST,0,0.0037981385602343654,EOD,-0.00010186143976563446
2024-05-28,BOL.ST,5,-0.006970525746690659,EOD,-0.01087052574669066
2024-05-30,BOL.ST,0,0.01356587411651522,EOD,0.009665874116515219
2024-05-31,BOL.ST,0,-0.008181074175438674,STOP,-0.012081074175438675
2024-06-05,BOL.ST,0,-0.007070135624568152,STOP,-0.010970135624568153
2024-06-10,BOL.ST,4,0.002559709558763279,EOD,-0.0013402904412367208
2024-06-12,BOL.ST,4,0.0014293882717226758,EOD,-0.002470611728277324
2024-06-18,BOL.ST,6,-0.001180619571712671,EOD,-0.005080619571712671
2024-06-19,BOL.ST,2,-0.0020558361439978468,EOD,-0.005955836143997847
2024-06-20,BOL.ST,1,0.0026147410359271817,EOD,-0.0012852589640728182
2024-06-24,BOL.ST,3,0.0008630258564477078,EOD,-0.003036974143552292
2024-06-26,BOL.ST,0,-0.014240956744745348,STOP,-0.01814095674474535
2024-06-28,BOL.ST,0,-0.008494416954687112,STOP,-0.012394416954687112
2024-07-01,BOL.ST,0,-0.011020846657484262,STOP,-0.014920846657484263
2024-07-03,BOL.ST,5,0.0002907999572274722,EOD,-0.0036092000427725276
2024-07-04,BOL.ST,0,0.004861257163601973,EOD,0.0009612571636019732
2024-07-08,BOL.ST,0,-0.005712653427971226,EOD,-0.009612653427971227
2024-07-09,BOL.ST,0,-0.011627924085491848,STOP,-0.015527924085491848
2024-07-10,BOL.ST,0,0.012299736035174869,EOD,0.008399736035174868
2024-07-11,BOL.ST,0,-0.005606952429368484,EOD,-0.009506952429368484
2024-07-12,BOL.ST,0,0.008120957286244623,EOD,0.0042209572862446235
2024-07-16,BOL.ST,0,-0.008045941933818246,EOD,-0.011945941933818247
2024-07-17,BOL.ST,0,-0.009245917800053904,EOD,-0.013145917800053905
2024-07-18,BOL.ST,0,-0.007231703534053668,STOP,-0.011131703534053669
2024-07-22,BOL.ST,0,-0.0015757958374906789,EOD,-0.005475795837490679
2024-07-23,BOL.ST,0,0.0028480819509000277,EOD,-0.0010519180490999721
2024-07-24,BOL.ST,2,0.0012550796396724184,EOD,-0.0026449203603275814
2024-07-25,BOL.ST,4,0.011089987111255084,EOD,0.007189987111255084
2024-07-26,BOL.ST,0,-0.0012445361047928039,EOD,-0.005144536104792804
2024-07-31,BOL.ST,0,0.004923095703124991,EOD,0.0010230957031249913
2024-08-02,BOL.ST,0,-0.013547535840127134,STOP,-0.017447535840127135
2024-08-05,BOL.ST,0,0.0,EOD,-0.0039
2024-08-07,BOL.ST,1,-0.010891048821679017,STOP,-0.014791048821679018
2024-08-08,BOL.ST,1,0.008497620313627774,EOD,0.004597620313627774
2024-08-09,BOL.ST,0,-0.00924393479494634,STOP,-0.013143934794946341
2024-08-12,BOL.ST,0,-0.008867035162664183,STOP,-0.012767035162664184
2024-08-14,BOL.ST,0,-0.003001981097830675,EOD,-0.006901981097830675
2024-08-15,BOL.ST,4,0.009933774834437026,EOD,0.006033774834437026
2024-08-19,BOL.ST,0,0.008425165431278359,EOD,0.004525165431278359
2024-08-20,BOL.ST,0,-0.007682438999277452,STOP,-0.011582438999277453
2024-08-21,BOL.ST,2,-0.009235649351861053,STOP,-0.013135649351861053
2024-08-23,BOL.ST,6,0.003875909773244368,EOD,-2.409022675563168e-05
2024-08-26,BOL.ST,0,0.00414536915710273,EOD,0.00024536915710272975
2024-08-27,BOL.ST,0,-0.00725548199674686,STOP,-0.01115548199674686
2024-08-29,BOL.ST,2,-0.0009667670150502738,EOD,-0.004866767015050274
2024-08-30,BOL.ST,0,-0.0006365760638463724,EOD,-0.004536576063846372
2024-09-02,BOL.ST,4,-0.005436559452085099,EOD,-0.0093365594520851
2024-09-04,BOL.ST,2,-0.005805948634994951,EOD,-0.009705948634994951
2024-09-05,BOL.ST,0,0.007944690131152843,EOD,0.004044690131152843
2024-09-06,BOL.ST,0,-0.00996219112222596,STOP,-0.013862191122225961
2024-09-13,BOL.ST,0,-0.011316934984478055,STOP,-0.015216934984478056
2024-09-16,BOL.ST,0,0.009951935337083606,EOD,0.006051935337083606
2024-09-17,BOL.ST,6,-0.007030485496130834,EOD,-0.010930485496130835
2024-09-18,BOL.ST,3,0.004720141158715219,EOD,0.0008201411587152188
2024-09-19,BOL.ST,0,0.0026041268267580353,EOD,-0.0012958731732419645
2024-09-20,BOL.ST,0,-0.008698394789123487,STOP,-0.012598394789123488
2024-09-23,BOL.ST,5,0.005221952138994457,EOD,0.001321952138994457
2024-09-24,BOL.ST,0,-0.003673131809590502,EOD,-0.007573131809590502
2024-09-26,BOL.ST,0,0.01782531161973533,EOD,0.013925311619735328
2024-09-27,BOL.ST,1,-0.005491311839550206,EOD,-0.009391311839550207
2024-10-01,BOL.ST,3,-0.009261974550018093,EOD,-0.013161974550018093
2024-10-02,BOL.ST,4,-0.00690447023688967,STOP,-0.010804470236889671
2024-10-04,BOL.ST,0,0.00028573172433032923,EOD,-0.0036142682756696706
2024-10-08,BOL.ST,1,-0.007121643609745876,EOD,-0.011021643609745876
2024-10-09,BOL.ST,0,-0.0038518156828704075,EOD,-0.007751815682870407
2024-10-11,BOL.ST,0,0.011904761904761862,EOD,0.008004761904761862
2024-10-18,BOL.ST,1,-0.01018886511743089,STOP,-0.01408886511743089
2024-10-24,BOL.ST,0,-0.014838539198082978,EOD,-0.01873853919808298
2024-10-25,BOL.ST,6,0.0017910629955690816,EOD,-0.0021089370044309183
2024-10-28,BOL.ST,6,-0.006794646360321233,STOP,-0.010694646360321233
2024-10-29,BOL.ST,0,-0.006147558741199988,EOD,-0.010047558741199988
2024-10-31,BOL.ST,3,-0.00839334010586923,STOP,-0.01229334010586923
2024-11-04,BOL.ST,1,-0.008564659906112881,STOP,-0.012464659906112882
2024-11-05,BOL.ST,7,0.001752866272021425,EOD,-0.002147133727978575
2024-11-07,BOL.ST,0,0.019434646598633476,EOD,0.015534646598633475
2024-11-11,BOL.ST,1,-0.013723168066815283,STOP,-0.017623168066815284
2024-11-13,BOL.ST,0,-0.010442999344837833,STOP,-0.014342999344837834
2024-11-14,BOL.ST,4,-0.002242191478733946,EOD,-0.006142191478733946
2024-11-15,BOL.ST,0,0.014175238347303942,EOD,0.010275238347303942
2024-11-25,BOL.ST,0,0.007398255060541814,EOD,0.003498255060541814
2024-11-26,BOL.ST,0,-0.010703363914373099,STOP,-0.0146033639143731
2024-11-27,BOL.ST,0,-0.007366464046675958,STOP,-0.011266464046675959
2024-11-28,BOL.ST,0,-0.0077017866697227655,STOP,-0.011601786669722766
2024-11-29,BOL.ST,6,0.004011069942879031,EOD,0.00011106994287903103
2024-12-02,BOL.ST,0,0.007055177279045255,EOD,0.003155177279045255
2024-12-03,BOL.ST,2,0.00919883116770226,EOD,0.00529883116770226
2024-12-05,BOL.ST,1,-0.009354025577137715,STOP,-0.013254025577137715
2024-12-09,BOL.ST,1,-0.004444444444444473,EOD,-0.008344444444444474
2024-12-10,BOL.ST,2,-0.005690308269587496,EOD,-0.009590308269587497
2024-12-11,BOL.ST,4,0.0006035371476009743,EOD,-0.0032964628523990255
2024-12-13,BOL.ST,0,-0.012128563214232058,STOP,-0.01602856321423206
2024-12-17,BOL.ST,0,-0.008741766780142934,STOP,-0.012641766780142935
2024-12-20,BOL.ST,6,0.008237232289950658,EOD,0.004337232289950658
2024-12-27,BOL.ST,0,0.0070807261120646725,EOD,0.0031807261120646727
2025-01-03,BOL.ST,2,-0.002527607560722789,EOD,-0.006427607560722789
2025-01-09,BOL.ST,0,0.007272708777225301,EOD,0.003372708777225301
2025-01-13,BOL.ST,2,0.003979148284037892,EOD,7.91482840378924e-05
2025-01-14,BOL.ST,4,-0.0002972809680833466,EOD,-0.004197280968083346
2025-01-15,BOL.ST,1,0.013666090374641726,EOD,0.009766090374641725
2025-01-17,BOL.ST,2,-0.0005725213181846378,EOD,-0.004472521318184638
2025-01-20,BOL.ST,0,0.01138952124421344,EOD,0.007489521244213441
2025-01-22,BOL.ST,0,-0.007471281906654137,STOP,-0.011371281906654138
2025-01-23,BOL.ST,4,-0.00555716270957185,EOD,-0.00945716270957185
2025-01-27,BOL.ST,0,0.0,EOD,-0.0039
2025-01-30,BOL.ST,1,0.000596161570882936,EOD,-0.003303838429117064
2025-01-31,BOL.ST,0,-0.009242713655124302,STOP,-0.013142713655124302
2025-02-03,BOL.ST,4,0.011624406183837976,EOD,0.007724406183837977
2025-02-04,BOL.ST,5,0.0014970059880239361,EOD,-0.0024029940119760637
2025-02-06,BOL.ST,0,0.048427567506872604,EOD,0.0445275675068726
2025-02-07,BOL.ST,5,0.004509316199021951,EOD,0.0006093161990219512
2025-02-10,BOL.ST,0,0.005809299230363996,EOD,0.0019092992303639958
2025-02-12,BOL.ST,3,0.0018445644454050392,EOD,-0.0020554355545949607
2025-02-13,BOL.ST,2,-0.0002592846781190872,EOD,-0.004159284678119087
2025-02-17,BOL.ST,0,0.0028401914231497294,EOD,-0.0010598085768502704
2025-02-19,BOL.ST,1,-0.004915896239286899,STOP,-0.0088158962392869
2025-02-20,BOL.ST,0,-0.006439979189559408,EOD,-0.010339979189559409
2025-02-21,BOL.ST,5,-0.0059600617500545905,EOD,-0.009860061750054591
2025-02-24,BOL.ST,0,-0.012300476660442539,STOP,-0.01620047666044254
2025-02-25,BOL.ST,0,-0.005046464532495021,EOD,-0.008946464532495021
2025-02-27,BOL.ST,0,0.0020887409738088447,EOD,-0.001811259026191155
2025-02-28,BOL.ST,1,-0.013907158818326715,STOP,-0.017807158818326715
2025-03-03,BOL.ST,0,-0.0007934893036334323,EOD,-0.004693489303633432
2025-03-07,BOL.ST,0,0.0224658840160612,EOD,0.0185658840160612
2025-03-13,BOL.ST,0,0.00932735563710052,EOD,0.005427355637100521
2025-03-14,BOL.ST,3,-0.009604830018175692,EOD,-0.013504830018175693
2025-03-18,BOL.ST,0,-0.011475895837897654,STOP,-0.015375895837897655
2025-03-25,BOL.ST,5,0.0011141891266974735,EOD,-0.0027858108733025263
2025-03-27,BOL.ST,0,-0.00740101245739222,STOP,-0.01130101245739222
2025-04-07,BOL.ST,0,0.02866709424602787,EOD,0.024767094246027868
2025-04-08,BOL.ST,4,-0.01517285774727073,EOD,-0.01907285774727073
2025-04-14,BOL.ST,1,-0.003144739258122198,EOD,-0.007044739258122198
2025-04-16,BOL.ST,0,-0.007117437722419906,EOD,-0.011017437722419907
2025-04-23,BOL.ST,0,-0.0037427904945893653,EOD,-0.007642790494589365
2025-04-24,BOL.ST,5,0.015959294421158843,EOD,0.012059294421158842
2025-04-28,BOL.ST,4,-0.004988360289680527,EOD,-0.008888360289680527
2025-04-29,BOL.ST,1,-0.008919762464973391,STOP,-0.012819762464973392
2025-05-07,BOL.ST,0,-0.016042841292484677,STOP,-0.019942841292484678
2025-05-08,BOL.ST,0,-0.004033654477415993,EOD,-0.007933654477415994
2025-05-12,BOL.ST,0,-0.008552461522429833,EOD,-0.012452461522429834
2025-05-14,BOL.ST,0,-0.0037975069842760556,EOD,-0.007697506984276055
2025-05-15,BOL.ST,3,0.0051232986425100435,EOD,0.0012232986425100437
2025-05-20,BOL.ST,5,0.0031948881789136685,EOD,-0.0007051118210863313
2025-05-23,BOL.ST,2,-0.01825756561230163,STOP,-0.02215756561230163
2025-05-27,BOL.ST,0,-0.00699739736692695,EOD,-0.01089739736692695
2025-05-30,BOL.ST,0,-0.008586445478046545,STOP,-0.012486445478046546
2025-06-02,BOL.ST,0,0.006646726622028476,EOD,0.002746726622028476
2025-06-04,BOL.ST,0,0.0009791720513161462,EOD,-0.0029208279486838537
2025-06-05,BOL.ST,2,-0.0028985310675825326,EOD,-0.0067985310675825325
2025-06-10,BOL.ST,4,0.0013084523405693105,EOD,-0.0025915476594306893
2025-06-13,BOL.ST,0,-0.010462287254981328,EOD,-0.014362287254981329
2025-06-16,BOL.ST,0,0.00571230394686828,EOD,0.0018123039468682803
2025-06-17,BOL.ST,0,-0.009377154230787887,STOP,-0.013277154230787888
2025-06-18,BOL.ST,0,-0.007920068324066887,STOP,-0.011820068324066887
2025-06-19,BOL.ST,2,-0.007261431586705003,STOP,-0.011161431586705003
2025-06-26,BOL.ST,0,0.02595155709342567,EOD,0.02205155709342567
2025-07-01,BOL.ST,7,0.0,EOD,-0.0039
2025-07-02,BOL.ST,0,0.03639973380432604,EOD,0.03249973380432604
2025-07-08,BOL.ST,0,0.0016485328721520531,EOD,-0.0022514671278479467
2025-07-10,BOL.ST,0,0.0019530454495333416,EOD,-0.0019469545504666582
2025-07-15,BOL.ST,0,-0.006544502487092707,STOP,-0.010444502487092708
2025-07-21,BOL.ST,0,-0.0006342584750889113,EOD,-0.004534258475088911
2025-07-23,BOL.ST,0,0.0037770904732328248,EOD,-0.00012290952676717506
2025-07-25,BOL.ST,1,0.003503204151323658,EOD,-0.000396795848676342
2025-07-29,BOL.ST,2,-0.0066879175271198354,STOP,-0.010587917527119836
2025-07-30,BOL.ST,0,0.010315865775393451,EOD,0.0064158657753934515
2025-08-05,BOL.ST,4,0.0026290448328614158,EOD,-0.001270955167138584
2025-08-06,BOL.ST,0,-0.003570289132503457,EOD,-0.007470289132503457
2025-08-07,BOL.ST,0,0.009983916597473774,EOD,0.006083916597473774
2025-08-08,BOL.ST,0,0.0053610269843331615,EOD,0.0014610269843331617
2025-08-19,BOL.ST,0,0.010828006039759197,EOD,0.006928006039759197
2025-08-20,BOL.ST,4,0.0040983220143140375,EOD,0.0001983220143140377
2025-08-21,BOL.ST,6,-0.0043860412297054285,EOD,-0.00828604122970543
2025-08-22,BOL.ST,6,0.015985282515106336,EOD,0.012085282515106335
2025-08-26,BOL.ST,0,-0.006390767086151827,EOD,-0.010290767086151828
2025-08-27,BOL.ST,4,-0.007584951315852906,STOP,-0.011484951315852907
2025-08-29,BOL.ST,5,-0.0070293955523802465,STOP,-0.010929395552380247
2025-09-01,BOL.ST,0,-0.007308142329749523,STOP,-0.011208142329749524
2025-09-03,BOL.ST,0,0.026219530803401225,EOD,0.022319530803401225
2025-09-05,BOL.ST,0,-0.0008997834386940129,EOD,-0.004799783438694013
2025-09-09,BOL.ST,5,-0.017579842410189506,EOD,-0.021479842410189506
2025-09-10,BOL.ST,4,-0.009226208641415545,EOD,-0.013126208641415546
2025-09-12,BOL.ST,0,-0.007083807505775197,EOD,-0.010983807505775198
2025-09-15,BOL.ST,0,0.01091449028622793,EOD,0.007014490286227929
2025-09-16,BOL.ST,0,-0.006666631283967384,STOP,-0.010566631283967384
2025-09-18,BOL.ST,3,-0.012030445225333142,EOD,-0.015930445225333142
2025-09-22,BOL.ST,0,0.0005789065326520237,EOD,-0.003321093467347976
2025-09-23,BOL.ST,0,0.010312248755584896,EOD,0.0064122487555848965
2025-09-24,BOL.ST,4,-0.005393113716486764,STOP,-0.009293113716486764
2025-09-25,BOL.ST,0,-0.012405544059795992,EOD,-0.016305544059795993
2025-09-26,BOL.ST,6,0.0008146030966351692,EOD,-0.0030853969033648307
2025-09-29,BOL.ST,0,0.029136577702883804,EOD,0.025236577702883803
2025-09-30,BOL.ST,1,-0.005973994267451266,EOD,-0.009873994267451267
2025-10-01,BOL.ST,0,0.0023370394240982417,EOD,-0.001562960575901758
2025-10-02,BOL.ST,4,-0.008702391368907492,STOP,-0.012602391368907492
2025-10-03,BOL.ST,4,0.008640391096529587,EOD,0.004740391096529587
2025-10-06,BOL.ST,1,0.005515197394568405,EOD,0.0016151973945684054
2025-10-07,BOL.ST,4,0.0,EOD,-0.0039
2025-10-10,BOL.ST,0,-0.008610086100861003,EOD,-0.012510086100861004
2025-10-13,BOL.ST,0,0.01380482511816239,EOD,0.009904825118162389
2025-10-14,BOL.ST,0,0.00413326588253371,EOD,0.00023326588253371004
2025-10-17,BOL.ST,3,-0.008958867329373454,STOP,-0.012858867329373455
2025-10-20,BOL.ST,0,-0.009678200140677662,STOP,-0.013578200140677663
2025-10-23,BOL.ST,0,0.018090944996660863,EOD,0.014190944996660862
2025-10-27,BOL.ST,4,-0.004443390714134909,EOD,-0.00834339071413491
2025-10-28,BOL.ST,0,0.02058192911807155,EOD,0.01668192911807155
2025-11-05,BOL.ST,4,0.0014580950267695236,EOD,-0.002441904973230476
2025-11-11,BOL.ST,0,0.003523608073730866,EOD,-0.00037639192626913367
2025-11-12,BOL.ST,0,0.01039741249288717,EOD,0.0064974124928871705
2025-11-13,BOL.ST,3,-0.005434768712212823,STOP,-0.009334768712212824
2025-11-14,BOL.ST,7,0.0002326264362304542,EOD,-0.0036673735637695456
2025-11-18,BOL.ST,0,-0.012780366902668261,STOP,-0.01668036690266826
2025-11-19,BOL.ST,0,0.013758176140424183,EOD,0.009858176140424182
2025-11-21,BOL.ST,0,-0.01142436013413195,STOP,-0.01532436013413195
2025-11-24,BOL.ST,5,0.008841128332213177,EOD,0.0049411283322131775
2025-11-25,BOL.ST,3,-0.0032611086333399486,EOD,-0.007161108633339948
2025-11-26,BOL.ST,2,0.00656107216399171,EOD,0.0026610721639917104
2025-11-28,BOL.ST,1,0.01164348772589996,EOD,0.007743487725899959
2025-12-01,BOL.ST,1,-0.0004380468776995494,EOD,-0.004338046877699549
2025-12-03,BOL.ST,1,-0.0017256650129728879,EOD,-0.005625665012972888
2025-12-04,BOL.ST,2,0.011235981729017297,EOD,0.007335981729017297
2025-12-09,BOL.ST,6,0.007792221003280586,EOD,0.0038922210032805863
2025-12-10,BOL.ST,3,0.006351895146173625,EOD,0.0024518951461736252
2025-12-11,BOL.ST,5,0.010261767322480297,EOD,0.006361767322480298
2025-12-12,BOL.ST,0,-0.015459735575990452,STOP,-0.019359735575990453
2025-12-15,BOL.ST,0,0.004951503684838432,EOD,0.0010515036848384321
2025-12-17,BOL.ST,0,-0.0034441089667951452,EOD,-0.007344108966795145
2025-12-18,BOL.ST,5,-0.0012172978513804722,EOD,-0.005117297851380472
2025-12-19,BOL.ST,0,0.006871512728260365,EOD,0.002971512728260365
2025-12-23,BOL.ST,3,0.0003998034477663559,EOD,-0.003500196552233644
2025-12-30,BOL.ST,0,0.004680234928226001,EOD,0.0007802349282260016
2026-01-02,BOL.ST,0,-0.007240830566611622,EOD,-0.011140830566611623
2026-01-05,BOL.ST,0,-0.0033357818280369544,EOD,-0.007235781828036954
2026-01-08,BOL.ST,2,-0.019168129450158222,STOP,-0.023068129450158223
2026-01-09,BOL.ST,0,0.008880994671403242,EOD,0.004980994671403242
2026-01-12,BOL.ST,7,-0.0031034272292564946,EOD,-0.0070034272292564944
2026-01-13,BOL.ST,6,0.0031034272292564946,EOD,-0.0007965727707435052
2026-01-14,BOL.ST,3,-0.008166022273990547,STOP,-0.012066022273990548
2026-01-15,BOL.ST,0,0.024079806350385535,EOD,0.020179806350385535
2026-01-19,BOL.ST,5,0.0030927625308740936,EOD,-0.0008072374691259062
2026-01-20,BOL.ST,3,0.01132071284037317,EOD,0.007420712840373171
2026-01-21,BOL.ST,0,-0.006299714383401711,EOD,-0.010199714383401712
2026-01-22,BOL.ST,0,-0.011261987297853882,STOP,-0.015161987297853882
2026-01-23,BOL.ST,3,0.015358951931604858,EOD,0.011458951931604858
2026-01-26,BOL.ST,0,0.024209168158560557,EOD,0.020309168158560556
2026-01-29,BOL.ST,0,-0.01845131878674444,STOP,-0.022351318786744442
2026-01-30,BOL.ST,5,-0.0088272957212856,EOD,-0.0127272957212856
2026-02-03,BOL.ST,0,-0.027659593019804363,STOP,-0.03155959301980436
2026-02-04,BOL.ST,2,-0.020359244889127992,STOP,-0.024259244889127993
2026-02-06,BOL.ST,0,0.012313634860052769,EOD,0.008413634860052768
2026-02-09,BOL.ST,4,0.02147138468855969,EOD,0.01757138468855969
2026-02-10,BOL.ST,0,-0.009270704398690044,STOP,-0.013170704398690045
2026-02-11,BOL.ST,3,-0.010051745097991782,STOP,-0.013951745097991783
2026-02-12,BOL.ST,0,-0.012242478883958796,STOP,-0.016142478883958797
2026-02-13,BOL.ST,6,-0.0015356265068405817,EOD,-0.0054356265068405815
2026-02-16,BOL.ST,7,-0.002161104361356747,EOD,-0.006061104361356747
2026-02-18,BOL.ST,4,0.022395061297142194,EOD,0.018495061297142193
2026-02-20,BOL.ST,0,0.0027331443893898744,EOD,-0.0011668556106101255
2026-02-23,BOL.ST,5,-0.0023725334566586653,EOD,-0.006272533456658665
2026-02-24,BOL.ST,0,0.027574051231396446,EOD,0.023674051231396445
2026-02-25,BOL.ST,1,0.00668708257815287,EOD,0.00278708257815287
2026-03-04,BOL.ST,0,0.004215579255508972,EOD,0.00031557925550897235
2026-03-05,BOL.ST,0,-0.018918882261167447,STOP,-0.022818882261167447
2026-03-09,BOL.ST,0,0.017105303312602738,EOD,0.013205303312602737
2026-03-10,BOL.ST,0,0.012014768401577447,EOD,0.008114768401577446
2026-03-11,BOL.ST,5,-0.01155362682726202,EOD,-0.01545362682726202
2026-03-12,BOL.ST,0,-0.011015837577748377,STOP,-0.014915837577748378
2026-03-13,BOL.ST,1,-0.01795279435285435,EOD,-0.02185279435285435
2026-03-16,BOL.ST,1,0.007419315461189457,EOD,0.0035193154611894576
2026-03-17,BOL.ST,2,-0.01147961107605111,STOP,-0.015379611076051111
2026-03-23,BOL.ST,0,0.05851264762979569,EOD,0.05461264762979569
2026-03-24,BOL.ST,1,0.022540206772696747,EOD,0.018640206772696746
2026-03-25,BOL.ST,2,-0.012253150903717147,STOP,-0.016153150903717148
2026-03-30,BOL.ST,3,-0.018154962807467645,STOP,-0.022054962807467646
2026-03-31,BOL.ST,0,0.018879798132019454,EOD,0.014979798132019453
2026-04-02,BOL.ST,2,0.001593601181212545,EOD,-0.002306398818787455
2026-04-07,BOL.ST,0,-0.011723329705172092,STOP,-0.015623329705172093
2026-04-09,BOL.ST,5,-0.005231666160511295,EOD,-0.009131666160511295
2026-04-10,BOL.ST,0,0.020645646118659933,EOD,0.016745646118659932
2026-04-13,BOL.ST,5,0.005917182469050486,EOD,0.002017182469050486
2026-04-15,BOL.ST,3,-0.011523269954506032,STOP,-0.015423269954506033
2026-04-17,BOL.ST,4,0.027462467346694996,EOD,0.023562467346694996
2026-04-20,BOL.ST,0,-0.027084839409133532,STOP,-0.030984839409133533
2026-04-22,BOL.ST,0,-0.007293945700082349,STOP,-0.01119394570008235
2026-04-23,BOL.ST,0,0.009534196808042683,EOD,0.005634196808042683
2026-04-24,BOL.ST,3,-0.007760554531223041,STOP,-0.011660554531223041
2026-04-30,BOL.ST,0,-0.003114617900726535,EOD,-0.007014617900726535
2026-05-04,BOL.ST,0,-0.01609949911867825,STOP,-0.01999949911867825
2026-05-05,BOL.ST,0,0.00781568839482194,EOD,0.00391568839482194
2026-05-06,BOL.ST,0,0.02059059221531423,EOD,0.01669059221531423
2026-05-07,BOL.ST,0,-0.007432181176653896,EOD,-0.011332181176653897
2026-05-11,BOL.ST,0,0.02554181988935955,EOD,0.02164181988935955
2026-05-12,BOL.ST,1,-0.009863452364620162,EOD,-0.013763452364620163
2026-05-18,BOL.ST,1,-0.01135922099728881,EOD,-0.015259220997288811
2026-05-20,BOL.ST,1,0.024725286406209745,EOD,0.020825286406209745
2026-05-21,BOL.ST,0,0.019547743284114905,EOD,0.015647743284114904
2026-05-25,BOL.ST,0,0.010148671157990119,EOD,0.006248671157990119
2026-05-26,BOL.ST,2,-0.006028412081671153,EOD,-0.009928412081671154
2026-05-27,BOL.ST,0,-0.010676156583629859,STOP,-0.01457615658362986
2026-05-28,BOL.ST,4,0.006676014953398424,EOD,0.002776014953398424
2026-05-29,BOL.ST,1,0.0013912831182065766,EOD,-0.0025087168817934232
2026-06-02,BOL.ST,0,0.002346671926507282,EOD,-0.0015533280734927176
2026-06-05,BOL.ST,2,0.007117437722419906,EOD,0.003217437722419906
2026-06-08,BOL.ST,3,-0.0025916778645423966,EOD,-0.006491677864542396
2026-06-09,BOL.ST,2,-0.018525496773097783,STOP,-0.022425496773097783
2026-06-11,BOL.ST,6,-0.000388556512555871,EOD,-0.004288556512555871
2026-06-12,BOL.ST,0,-0.0033620634031441554,EOD,-0.007262063403144155
2026-06-15,BOL.ST,3,0.007049700084399424,EOD,0.003149700084399424
2026-06-16,BOL.ST,0,-0.003802197139132546,EOD,-0.007702197139132546
2026-06-17,BOL.ST,2,-0.010660164085510515,STOP,-0.014560164085510516
2026-06-22,BOL.ST,5,-0.0024604998489674568,EOD,-0.006360499848967457
2026-06-23,BOL.ST,6,-0.00036352635876713,EOD,-0.00426352635876713
2026-06-25,BOL.ST,2,0.0018497966059212168,EOD,-0.002050203394078783
2026-06-26,BOL.ST,0,-0.007795123055283182,STOP,-0.011695123055283183
2026-06-30,BOL.ST,1,-0.0036443149498656124,EOD,-0.007544314949865612
2026-07-01,BOL.ST,5,-0.015469658221109572,STOP,-0.019369658221109573
2026-07-02,BOL.ST,0,-0.014776504690146797,STOP,-0.018676504690146797
2026-07-07,BOL.ST,4,-0.018400278336827447,STOP,-0.022300278336827448
2023-08-09,EPI-A.ST,1,-0.004894762530897601,EOD,-0.008794762530897601
2023-08-10,EPI-A.ST,4,0.003402999312724031,EOD,-0.0004970006872759688
2023-08-14,EPI-A.ST,0,-0.012141816775656955,STOP,-0.016041816775656956
2023-08-16,EPI-A.ST,0,0.0009833442135354087,EOD,-0.002916655786464591
2023-08-18,EPI-A.ST,2,0.009443385606820787,EOD,0.005543385606820787
2023-08-21,EPI-A.ST,0,-0.009832841986307295,STOP,-0.013732841986307295
2023-08-22,EPI-A.ST,0,0.006923883167178291,EOD,0.003023883167178291
2023-08-23,EPI-A.ST,0,0.005357967990138102,EOD,0.0014579679901381018
2023-08-25,EPI-A.ST,0,0.00048704745854943887,EOD,-0.003412952541450561
2023-08-28,EPI-A.ST,5,0.0019083677711670965,EOD,-0.0019916322288329033
2023-08-30,EPI-A.ST,0,0.005248047770491482,EOD,0.001348047770491482
2023-08-31,EPI-A.ST,6,-0.0014224172671906121,EOD,-0.005322417267190612
2023-09-01,EPI-A.ST,0,0.0004741873229485716,EOD,-0.0034258126770514282
2023-09-04,EPI-A.ST,0,0.0,EOD,-0.0039
2023-09-05,EPI-A.ST,0,0.015442223204884087,EOD,0.011542223204884086
2023-09-06,EPI-A.ST,4,0.007322682395952462,EOD,0.0034226823959524625
2023-09-11,EPI-A.ST,0,-0.003703717832212128,EOD,-0.007603717832212128
2023-09-14,EPI-A.ST,1,0.0061993470227788006,EOD,0.0022993470227788007
2023-09-15,EPI-A.ST,3,-0.008804490863782544,EOD,-0.012704490863782544
2023-09-18,EPI-A.ST,0,-0.008383805669972766,STOP,-0.012283805669972767
2023-09-19,EPI-A.ST,0,-0.006517733404948323,STOP,-0.010417733404948323
2023-09-21,EPI-A.ST,2,-0.007568547260744074,STOP,-0.011468547260744075
2023-09-22,EPI-A.ST,0,-0.005700698091411827,EOD,-0.009600698091411827
2023-09-25,EPI-A.ST,0,-0.00854702279008035,STOP,-0.01244702279008035
2023-09-27,EPI-A.ST,0,-0.010279031190144505,STOP,-0.014179031190144506
2023-09-28,EPI-A.ST,7,0.00048688464696855505,EOD,-0.0034131153530314448
2023-09-29,EPI-A.ST,0,-0.007194244604316502,STOP,-0.011094244604316503
2023-10-03,EPI-A.ST,0,0.001445797839796592,EOD,-0.0024542021602034078
2023-10-05,EPI-A.ST,0,-0.00433530408869387,EOD,-0.00823530408869387
2023-10-06,EPI-A.ST,1,-0.0076738901847271945,STOP,-0.011573890184727195
2023-10-10,EPI-A.ST,0,0.01937046004842613,EOD,0.01547046004842613
2023-10-11,EPI-A.ST,1,-0.004251270238347815,EOD,-0.008151270238347816
2023-10-12,EPI-A.ST,0,-0.004191867299845997,EOD,-0.008091867299845998
2023-10-17,EPI-A.ST,0,-0.006259042228497269,STOP,-0.01015904222849727
2023-10-18,EPI-A.ST,0,-0.01110576042478817,STOP,-0.01500576042478817
2023-10-19,EPI-A.ST,0,-0.006829238519435954,EOD,-0.010729238519435955
2023-10-20,EPI-A.ST,5,-0.011182902754112822,EOD,-0.015082902754112823
2023-10-25,EPI-A.ST,0,0.007331810304521236,EOD,0.003431810304521236
2023-10-26,EPI-A.ST,1,-0.012833928897717506,STOP,-0.016733928897717507
2023-10-27,EPI-A.ST,0,-0.019084935406454284,STOP,-0.022984935406454285
2023-10-30,EPI-A.ST,1,-0.015167946691115985,STOP,-0.019067946691115986
2023-10-31,EPI-A.ST,0,-0.0024463003843854247,EOD,-0.0063463003843854246
2023-11-01,EPI-A.ST,4,-0.00870980332774507,STOP,-0.01260980332774507
2023-11-02,EPI-A.ST,0,-0.0032102239931525167,EOD,-0.0071102239931525165
2023-11-06,EPI-A.ST,5,0.0053533189703585116,EOD,0.0014533189703585117
2023-11-09,EPI-A.ST,3,0.00962045822688462,EOD,0.005720458226884621
2023-11-14,EPI-A.ST,0,0.03240738970829615,EOD,0.028507389708296152
2023-11-15,EPI-A.ST,0,0.00025968865731140767,EOD,-0.003640311342688592
2023-11-17,EPI-A.ST,0,0.0020926453991416682,EOD,-0.0018073546008583316
2023-11-20,EPI-A.ST,0,0.013513545665258642,EOD,0.009613545665258641
2023-11-22,EPI-A.ST,0,-0.0005114093682174747,EOD,-0.0044114093682174746
2023-11-23,EPI-A.ST,0,-0.009348109660348158,STOP,-0.013248109660348159
2023-11-27,EPI-A.ST,2,-0.002307676657652191,EOD,-0.006207676657652191
2023-11-29,EPI-A.ST,0,0.0005157612514883336,EOD,-0.003384238748511666
2023-11-30,EPI-A.ST,1,0.0033342352677543374,EOD,-0.0005657647322456624
2023-12-01,EPI-A.ST,0,-0.006622531999732284,STOP,-0.010522531999732285
2023-12-04,EPI-A.ST,0,-0.008842850196930097,EOD,-0.012742850196930097
2023-12-05,EPI-A.ST,2,0.0012729124631836175,EOD,-0.0026270875368163823
2023-12-06,EPI-A.ST,0,-0.006301991235370341,EOD,-0.010201991235370342
2023-12-07,EPI-A.ST,3,-0.00374251508404444,EOD,-0.00764251508404444
2023-12-08,EPI-A.ST,0,0.009127804663355388,EOD,0.005227804663355388
2023-12-12,EPI-A.ST,0,-0.0012635834838903293,EOD,-0.005163583483890329
2023-12-13,EPI-A.ST,1,-0.007077902596933194,STOP,-0.010977902596933195
2023-12-15,EPI-A.ST,6,0.003952584367008294,EOD,5.258436700829403e-05
2023-12-18,EPI-A.ST,0,-0.006422864783452553,STOP,-0.010322864783452554
2023-12-20,EPI-A.ST,2,-0.00788957632859244,STOP,-0.011789576328592441
2023-12-21,EPI-A.ST,0,-0.0014888488920983267,EOD,-0.0053888488920983265
2023-12-22,EPI-A.ST,6,-0.00398407888246699,EOD,-0.007884078882466991
2023-12-27,EPI-A.ST,0,-0.008875754559522497,EOD,-0.012775754559522498
2023-12-29,EPI-A.ST,0,-0.002464268186499252,EOD,-0.006364268186499252
2024-01-11,EPI-A.ST,4,-0.007869884323011722,STOP,-0.011769884323011723
2024-01-12,EPI-A.ST,0,0.003930817547191268,EOD,3.0817547191267815e-05
2024-01-16,EPI-A.ST,0,-0.011539454595716925,STOP,-0.015439454595716925
2024-01-17,EPI-A.ST,4,-0.006425686469837655,STOP,-0.010325686469837655
2024-01-18,EPI-A.ST,1,0.0053205640661722065,EOD,0.0014205640661722066
2024-01-22,EPI-A.ST,2,0.002900095277925674,EOD,-0.000999904722074326
2024-01-23,EPI-A.ST,2,0.006510416666666741,EOD,0.002610416666666741
2024-01-24,EPI-A.ST,0,-0.014533431998014268,STOP,-0.01843343199801427
2024-01-29,EPI-A.ST,5,-0.00847691003565143,STOP,-0.012376910035651431
2024-01-31,EPI-A.ST,0,-0.006731287132699326,EOD,-0.010631287132699327
2024-02-01,EPI-A.ST,1,0.011637314730632564,EOD,0.007737314730632564
2024-02-02,EPI-A.ST,2,-0.0103311096595613,EOD,-0.0142311096595613
2024-02-06,EPI-A.ST,5,0.010520619822117272,EOD,0.006620619822117272
2024-02-08,EPI-A.ST,0,-0.00725809733072913,EOD,-0.01115809733072913
2024-02-12,EPI-A.ST,6,-0.001881753244707629,EOD,-0.005781753244707629
2024-02-13,EPI-A.ST,2,-0.00026562046086486824,EOD,-0.004165620460864868
2024-02-15,EPI-A.ST,0,-0.013623295888737896,STOP,-0.017523295888737897
2024-02-16,EPI-A.ST,0,0.013454106615863548,EOD,0.009554106615863547
2024-02-19,EPI-A.ST,2,-0.0010256253756009137,EOD,-0.0049256253756009135
2024-02-21,EPI-A.ST,0,-0.004588294287479533,EOD,-0.008488294287479534
2024-03-01,EPI-A.ST,0,0.0,EOD,-0.0039
2024-03-04,EPI-A.ST,2,0.0,EOD,-0.0039
2024-03-05,EPI-A.ST,1,0.0031396694168683847,EOD,-0.0007603305831316151
2024-03-06,EPI-A.ST,0,0.01624964558836428,EOD,0.01234964558836428
2024-03-08,EPI-A.ST,0,0.003318835211783666,EOD,-0.0005811647882163337
2024-03-11,EPI-A.ST,0,0.004096277722769992,EOD,0.0001962777227699922
2024-03-12,EPI-A.ST,1,0.008827238335435084,EOD,0.004927238335435084
2024-03-13,EPI-A.ST,0,0.02153231405843381,EOD,0.01763231405843381
2024-03-14,EPI-A.ST,1,-0.008750622646876982,STOP,-0.012650622646876983
2024-03-15,EPI-A.ST,0,0.011741728116141159,EOD,0.007841728116141158
2024-03-19,EPI-A.ST,0,0.010030090577827666,EOD,0.006130090577827666
2024-03-20,EPI-A.ST,2,0.004965243447395462,EOD,0.0010652434473954623
2024-03-21,EPI-A.ST,0,-0.010653738248146194,STOP,-0.014553738248146195
2024-03-22,EPI-A.ST,0,0.0024050024756083754,EOD,-0.0014949975243916244
2024-03-26,EPI-A.ST,0,-0.008333318373736187,STOP,-0.012233318373736188
2024-04-03,EPI-A.ST,0,0.011735911474251237,EOD,0.007835911474251236
2024-04-04,EPI-A.ST,0,0.014846699230929294,EOD,0.010946699230929294
2024-04-05,EPI-A.ST,2,0.008498597855628676,EOD,0.004598597855628676
2024-04-08,EPI-A.ST,2,-0.008279612895600308,EOD,-0.012179612895600309
2024-04-09,EPI-A.ST,0,0.0032243064420200973,EOD,-0.0006756935579799025
2024-04-12,EPI-A.ST,0,-0.013321056211010651,STOP,-0.017221056211010652
2024-04-15,EPI-A.ST,0,-0.007390328422704928,EOD,-0.011290328422704929
2024-04-17,EPI-A.ST,0,-0.012933039500036103,STOP,-0.016833039500036104
2024-04-19,EPI-A.ST,5,0.0028328179229533124,EOD,-0.0010671820770466875
2024-04-23,EPI-A.ST,0,-0.00915659709149097,EOD,-0.01305659709149097
2024-04-25,EPI-A.ST,0,-0.008750622646876982,STOP,-0.012650622646876983
2024-04-26,EPI-A.ST,0,-0.007797226454784645,STOP,-0.011697226454784646
2024-04-29,EPI-A.ST,1,0.007782056406754112,EOD,0.003882056406754112
2024-04-30,EPI-A.ST,2,-0.0048123194673433956,EOD,-0.008712319467343396
2024-05-03,EPI-A.ST,4,-0.002428363355131413,EOD,-0.006328363355131413
2024-05-07,EPI-A.ST,0,0.02021172707680896,EOD,0.01631172707680896
2024-05-08,EPI-A.ST,0,0.00046644639161663726,EOD,-0.0034335536083833626
2024-05-10,EPI-A.ST,5,0.0009182596209360572,EOD,-0.0029817403790639426
2024-05-13,EPI-A.ST,0,-0.005944229857787642,STOP,-0.009844229857787642
2024-05-14,EPI-A.ST,4,-0.012402374763854973,STOP,-0.016302374763854974
2024-05-15,EPI-A.ST,0,0.007844932958851025,EOD,0.0039449329588510254
2024-05-17,EPI-A.ST,1,0.012087358302887985,EOD,0.008187358302887984
2024-05-20,EPI-A.ST,0,0.01887622034307368,EOD,0.014976220343073679
2024-05-23,EPI-A.ST,1,-0.012323957259540275,STOP,-0.016223957259540275
2024-05-24,EPI-A.ST,2,-0.0013345331302719865,EOD,-0.005234533130271986
2024-05-28,EPI-A.ST,0,-0.007545481248181107,STOP,-0.011445481248181108
2024-05-31,EPI-A.ST,0,0.0022914757424061794,EOD,-0.0016085242575938205
2024-06-05,EPI-A.ST,1,-0.003664695559203124,EOD,-0.007564695559203124
2024-06-07,EPI-A.ST,6,-0.002743442401000884,EOD,-0.006643442401000884
2024-06-12,EPI-A.ST,2,0.004126519354874292,EOD,0.00022651935487429196
2024-06-18,EPI-A.ST,7,0.0009483746458969211,EOD,-0.0029516253541030787
2024-06-19,EPI-A.ST,0,0.005193535547106443,EOD,0.0012935355471064428
2024-06-24,EPI-A.ST,0,0.009341428972370114,EOD,0.005441428972370114
2024-06-28,EPI-A.ST,0,-0.005166702096109033,STOP,-0.009066702096109033
2024-07-02,EPI-A.ST,0,-0.00095738130246803,EOD,-0.00485738130246803
2024-07-03,EPI-A.ST,1,-0.006635042163433025,STOP,-0.010535042163433025
2024-07-04,EPI-A.ST,1,-0.0037575754622036772,EOD,-0.007657575462203677
2024-07-08,EPI-A.ST,0,-0.0071326675141836215,STOP,-0.011032667514183622
2024-07-09,EPI-A.ST,0,-0.008608335720787674,STOP,-0.012508335720787675
2024-07-11,EPI-A.ST,0,0.005752621827090021,EOD,0.001852621827090021
2024-07-12,EPI-A.ST,0,0.027078370300438026,EOD,0.023178370300438025
2024-07-16,EPI-A.ST,5,0.005164347903829247,EOD,0.0012643479038292474
2024-07-17,EPI-A.ST,5,0.005164347903829247,EOD,0.0012643479038292474
2024-07-18,EPI-A.ST,1,0.008383805669972766,EOD,0.004483805669972766
2024-07-22,EPI-A.ST,0,-0.009322910337694612,STOP,-0.013222910337694613
2024-07-23,EPI-A.ST,1,-0.008415826476446453,STOP,-0.012315826476446454
2024-07-24,EPI-A.ST,0,0.004999999999999893,EOD,0.0010999999999998936
2024-07-26,EPI-A.ST,0,0.0010040007595690792,EOD,-0.0028959992404309206
2024-07-31,EPI-A.ST,0,-0.01763844191993691,STOP,-0.02153844191993691
2024-08-01,EPI-A.ST,2,-0.010012515644555742,STOP,-0.013912515644555742
2024-08-05,EPI-A.ST,0,0.004599517482088533,EOD,0.0006995174820885334
2024-08-07,EPI-A.ST,2,-0.006359284407255861,EOD,-0.010259284407255861
2024-08-08,EPI-A.ST,0,0.00427923543630393,EOD,0.00037923543630392995
2024-08-09,EPI-A.ST,0,-0.008220647184674523,STOP,-0.012120647184674524
2024-08-12,EPI-A.ST,0,-0.006863716129152819,STOP,-0.01076371612915282
2024-08-13,EPI-A.ST,6,0.0036706709986584762,EOD,-0.00022932900134152358
2024-08-14,EPI-A.ST,0,-0.005723157451572591,STOP,-0.009623157451572592
2024-08-15,EPI-A.ST,3,0.009299938121295037,EOD,0.005399938121295037
2024-08-20,EPI-A.ST,0,-0.004352309729817816,STOP,-0.008252309729817817
2024-08-21,EPI-A.ST,0,-0.005107252218661373,EOD,-0.009007252218661374
2024-08-22,EPI-A.ST,1,-0.0030730146146766835,EOD,-0.006973014614676683
2024-08-23,EPI-A.ST,0,0.004846923205317211,EOD,0.0009469232053172108
2024-08-26,EPI-A.ST,1,0.001015212935239429,EOD,-0.002884787064760571
2024-08-27,EPI-A.ST,0,-0.00479561927188854,STOP,-0.008695619271888541
2024-08-28,EPI-A.ST,1,-0.0025412960609910717,EOD,-0.006441296060991072
2024-08-29,EPI-A.ST,0,0.002015082601936502,EOD,-0.0018849173980634978
2024-09-03,EPI-A.ST,0,-0.008860759493670933,STOP,-0.012760759493670934
2024-09-04,EPI-A.ST,0,-0.008992313783654171,STOP,-0.012892313783654172
2024-09-05,EPI-A.ST,3,-0.00748059814128943,STOP,-0.01138059814128943
2024-09-06,EPI-A.ST,0,-0.007470618687734354,STOP,-0.011370618687734355
2024-09-09,EPI-A.ST,0,-0.005783337867381277,EOD,-0.009683337867381278
2024-09-10,EPI-A.ST,0,-0.006054192761044019,STOP,-0.00995419276104402
2024-09-13,EPI-A.ST,1,0.007027541914804036,EOD,0.0031275419148040365
2024-09-16,EPI-A.ST,0,0.0005162937795106792,EOD,-0.0033837062204893206
2024-09-17,EPI-A.ST,2,-0.003857032716743314,EOD,-0.007757032716743314
2024-09-18,EPI-A.ST,3,-0.0036166207037207077,EOD,-0.0075166207037207075
2024-09-19,EPI-A.ST,0,0.019059720457433205,EOD,0.015159720457433204
2024-09-23,EPI-A.ST,4,0.0077947585888524795,EOD,0.0038947585888524797
2024-09-24,EPI-A.ST,1,-0.01210653753026636,STOP,-0.01600653753026636
2024-09-25,EPI-A.ST,5,-0.0033865358421726333,EOD,-0.007286535842172633
2024-09-26,EPI-A.ST,0,0.015130009211546946,EOD,0.011230009211546946
2024-09-27,EPI-A.ST,0,0.008747740248477909,EOD,0.004847740248477909
2024-10-02,EPI-A.ST,0,0.0022914757424061794,EOD,-0.0016085242575938205
2024-10-04,EPI-A.ST,1,0.009319664227014357,EOD,0.005419664227014357
2024-10-08,EPI-A.ST,3,-0.009385264864931409,EOD,-0.01328526486493141
2024-10-09,EPI-A.ST,0,0.0009354394077991657,EOD,-0.002964560592200834
2024-10-11,EPI-A.ST,1,0.005631144598181148,EOD,0.0017311445981811483
2024-10-16,EPI-A.ST,0,0.0028544534359025153,EOD,-0.0010455465640974845
2024-10-17,EPI-A.ST,0,-0.0071191268235683,STOP,-0.011019126823568301
2024-10-18,EPI-A.ST,0,0.007095553658031273,EOD,0.003195553658031273
2024-10-24,EPI-A.ST,0,-0.007666463191771666,STOP,-0.011566463191771667
2024-10-25,EPI-A.ST,1,0.006588206571691124,EOD,0.0026882065716911244
2024-10-28,EPI-A.ST,0,-0.009216589861751112,STOP,-0.013116589861751113
2024-10-29,EPI-A.ST,0,-0.01231750449740976,STOP,-0.01621750449740976
2024-11-05,EPI-A.ST,0,0.009117126731861713,EOD,0.0052171267318617135
2024-11-07,EPI-A.ST,0,0.01410437255779562,EOD,0.010204372557795618
2024-11-13,EPI-A.ST,0,-0.0074367874204029905,STOP,-0.011336787420402991
2024-11-14,EPI-A.ST,2,-0.005268454770094189,EOD,-0.00916845477009419
2024-11-15,EPI-A.ST,0,0.0007556367581076362,EOD,-0.0031443632418923636
2024-11-18,EPI-A.ST,6,-0.0022630736395199413,EOD,-0.006163073639519941
2024-11-21,EPI-A.ST,3,0.004103632030167281,EOD,0.00020363203016728147
2024-11-22,EPI-A.ST,3,-0.00787195449982403,STOP,-0.01177195449982403
2024-11-26,EPI-A.ST,0,0.001026678362982647,EOD,-0.002873321637017353
2024-11-27,EPI-A.ST,0,0.0038510911424902705,EOD,-4.890885750972931e-05
2024-11-28,EPI-A.ST,0,0.0015170824361963042,EOD,-0.0023829175638036956
2024-11-29,EPI-A.ST,6,0.0005034286765079887,EOD,-0.003396571323492011
2024-12-02,EPI-A.ST,0,0.021853759246592164,EOD,0.017953759246592163
2024-12-03,EPI-A.ST,0,0.011235970132131179,EOD,0.007335970132131179
2024-12-06,EPI-A.ST,2,0.005293507355977223,EOD,0.001393507355977223
2024-12-09,EPI-A.ST,2,0.0004743398637523377,EOD,-0.003425660136247662
2024-12-10,EPI-A.ST,2,-0.006217135407993402,EOD,-0.010117135407993402
2024-12-11,EPI-A.ST,0,-0.004823926605299289,STOP,-0.00872392660529929
2024-12-17,EPI-A.ST,6,0.001970413283174155,EOD,-0.0019295867168258448
2024-12-18,EPI-A.ST,0,-0.004407413858642184,EOD,-0.008307413858642185
2024-12-20,EPI-A.ST,6,0.000768489536981054,EOD,-0.0031315104630189458
2024-12-27,EPI-A.ST,1,-0.003348836346387274,EOD,-0.007248836346387274
2024-12-30,EPI-A.ST,2,-0.002071512908492612,EOD,-0.005971512908492612
2025-01-02,EPI-A.ST,6,-0.00025570468410873737,EOD,-0.004155704684108737
2025-01-03,EPI-A.ST,0,-0.00486936021174289,STOP,-0.008769360211742891
2025-01-09,EPI-A.ST,1,0.008840337604074877,EOD,0.004940337604074877
2025-01-10,EPI-A.ST,1,-0.017096151553456895,STOP,-0.020996151553456896
2025-01-15,EPI-A.ST,0,0.010025691250602486,EOD,0.006125691250602487
2025-01-16,EPI-A.ST,0,0.0037641154328733606,EOD,-0.00013588456712663923
2025-01-17,EPI-A.ST,0,0.0014822285612876573,EOD,-0.0024177714387123425
2025-01-20,EPI-A.ST,5,0.0004921560286297311,EOD,-0.0034078439713702688
2025-01-21,EPI-A.ST,1,0.0073928045594977565,EOD,0.0034928045594977567
2025-01-22,EPI-A.ST,0,-0.007785917778664886,STOP,-0.011685917778664887
2025-01-23,EPI-A.ST,0,0.01807803571326172,EOD,0.014178035713261719
2025-01-24,EPI-A.ST,0,-0.007393673243317744,STOP,-0.011293673243317745
2025-01-27,EPI-A.ST,6,0.00608330870530005,EOD,0.0021833087053000503
2025-01-28,EPI-A.ST,1,0.0,EOD,-0.0039
2025-01-30,EPI-A.ST,1,-0.012402374763854973,STOP,-0.016302374763854974
2025-02-03,EPI-A.ST,4,0.001924898414870313,EOD,-0.001975101585129687
2025-02-06,EPI-A.ST,1,0.01624459554185287,EOD,0.012344595541852868
2025-02-10,EPI-A.ST,0,-0.005210829330702271,STOP,-0.009110829330702272
2025-02-12,EPI-A.ST,0,0.004241325015159836,EOD,0.000341325015159836
2025-02-13,EPI-A.ST,3,0.0043850091566823846,EOD,0.00048500915668238474
2025-02-14,EPI-A.ST,0,-0.008256894732833975,STOP,-0.012156894732833975
2025-02-17,EPI-A.ST,0,0.004166638409649925,EOD,0.00026663840964992556
2025-02-18,EPI-A.ST,0,0.002285191924251029,EOD,-0.001614808075748971
2025-02-20,EPI-A.ST,0,0.009686304497999565,EOD,0.005786304497999565
2025-02-21,EPI-A.ST,0,-0.008605113808934362,STOP,-0.012505113808934362
2025-02-24,EPI-A.ST,0,-0.011399908642089507,STOP,-0.015299908642089508
2025-02-25,EPI-A.ST,3,0.0004622785174099864,EOD,-0.0034377214825900134
2025-02-27,EPI-A.ST,3,-0.005578857150072558,STOP,-0.009478857150072559
2025-02-28,EPI-A.ST,0,-0.006164001093365679,EOD,-0.01006400109336568
2025-03-03,EPI-A.ST,2,-0.00047456500320275374,EOD,-0.0043745650032027536
2025-03-05,EPI-A.ST,0,0.009689922767163628,EOD,0.005789922767163628
2025-03-06,EPI-A.ST,6,0.0,EOD,-0.0039
2025-03-07,EPI-A.ST,0,0.013416401977486503,EOD,0.009516401977486502
2025-03-10,EPI-A.ST,0,0.0037470868934792456,EOD,-0.0001529131065207542
2025-03-12,EPI-A.ST,2,-0.011842728222253518,STOP,-0.01574272822225352
2025-03-13,EPI-A.ST,1,-0.005689886121244658,EOD,-0.009589886121244659
2025-03-14,EPI-A.ST,1,0.007075471698113178,EOD,0.0031754716981131784
2025-03-17,EPI-A.ST,1,0.0018665137227635853,EOD,-0.0020334862772364145
2025-03-18,EPI-A.ST,0,-0.01598173515981738,STOP,-0.01988173515981738
2025-03-19,EPI-A.ST,2,-0.0018475468659786554,EOD,-0.005747546865978655
2025-03-24,EPI-A.ST,0,0.004213454451158727,EOD,0.00031345445115872703
2025-03-25,EPI-A.ST,1,0.010772848017601033,EOD,0.0068728480176010335
2025-03-27,EPI-A.ST,0,0.0,EOD,-0.0039
2025-03-31,EPI-A.ST,0,-0.004928536372998504,STOP,-0.008828536372998505
2025-04-01,EPI-A.ST,0,-0.008374369203163479,STOP,-0.01227436920316348
2025-04-07,EPI-A.ST,0,0.022838953558491637,EOD,0.018938953558491636
2025-04-08,EPI-A.ST,5,-0.013001416893585804,STOP,-0.016901416893585805
2025-04-11,EPI-A.ST,5,-0.013553808844472437,STOP,-0.017453808844472438
2025-04-14,EPI-A.ST,3,0.002383458373773628,EOD,-0.0015165416262263717
2025-04-15,EPI-A.ST,0,-0.0046973336461544335,EOD,-0.008597333646154434
2025-04-16,EPI-A.ST,0,-0.012284401808816514,STOP,-0.016184401808816515
2025-04-22,EPI-A.ST,6,0.00982424620080602,EOD,0.00592424620080602
2025-04-23,EPI-A.ST,0,0.003010490895831719,EOD,-0.0008895091041682809
2025-04-24,EPI-A.ST,0,0.016770994260403738,EOD,0.012870994260403737
2025-04-25,EPI-A.ST,4,0.005368502373266804,EOD,0.0014685023732668038
2025-04-29,EPI-A.ST,0,-0.026559439713914057,STOP,-0.030459439713914058
2025-05-05,EPI-A.ST,0,-0.005135344819787058,STOP,-0.009035344819787058
2025-05-06,EPI-A.ST,5,-0.0009345651787018294,EOD,-0.004834565178701829
2025-05-07,EPI-A.ST,0,-0.001398615625910593,EOD,-0.005298615625910593
2025-05-08,EPI-A.ST,0,-0.009672989610669647,STOP,-0.013572989610669647
2025-05-12,EPI-A.ST,1,0.0,EOD,-0.0039
2025-05-13,EPI-A.ST,4,-0.0031333794421075645,EOD,-0.007033379442107564
2025-05-15,EPI-A.ST,4,0.0013369120317185956,EOD,-0.002563087968281404
2025-05-16,EPI-A.ST,0,-0.006211153213816489,STOP,-0.01011115321381649
2025-05-22,EPI-A.ST,0,-0.008211692868694831,STOP,-0.012111692868694832
2025-05-26,EPI-A.ST,0,-0.0009289221802477599,EOD,-0.00482892218024776
2025-05-28,EPI-A.ST,0,-0.004642525665439767,EOD,-0.008542525665439768
2025-05-30,EPI-A.ST,0,-0.00417824476316786,EOD,-0.00807824476316786
2025-06-02,EPI-A.ST,0,-0.005615334419180273,EOD,-0.009515334419180274
2025-06-04,EPI-A.ST,0,-0.00836432656730346,STOP,-0.01226432656730346
2025-06-05,EPI-A.ST,0,-0.005507099503693658,EOD,-0.009407099503693658
2025-06-09,EPI-A.ST,0,-0.011893897671184983,STOP,-0.015793897671184984
2025-06-10,EPI-A.ST,5,0.0013863357681114241,EOD,-0.0025136642318885757
2025-06-12,EPI-A.ST,6,-0.0018805543122866197,EOD,-0.0057805543122866196
2025-06-13,EPI-A.ST,0,0.0018921909499642897,EOD,-0.00200780905003571
2025-06-16,EPI-A.ST,0,0.005152253412251229,EOD,0.0012522534122512289
2025-06-17,EPI-A.ST,0,-0.006071943085929954,EOD,-0.009971943085929955
2025-06-19,EPI-A.ST,1,-0.001906621303407463,EOD,-0.005806621303407463
2025-06-26,EPI-A.ST,0,-0.006743781859887554,STOP,-0.010643781859887555
2025-06-27,EPI-A.ST,0,0.0009424927008410133,EOD,-0.0029575072991589865
2025-07-01,EPI-A.ST,0,-0.009652509794677244,STOP,-0.013552509794677245
2025-07-02,EPI-A.ST,0,0.015332999497052135,EOD,0.011432999497052135
2025-07-03,EPI-A.ST,0,-0.005636434864463413,EOD,-0.009536434864463414
2025-07-04,EPI-A.ST,4,-0.0014224172671906121,EOD,-0.005322417267190612
2025-07-07,EPI-A.ST,1,0.002848959294102116,EOD,-0.001051040705897884
2025-07-09,EPI-A.ST,0,-0.007025761124121788,STOP,-0.010925761124121788
2025-07-10,EPI-A.ST,0,0.014431986967800903,EOD,0.010531986967800902
2025-07-15,EPI-A.ST,0,0.0009293538618881936,EOD,-0.0029706461381118062
2025-07-16,EPI-A.ST,1,-0.007417667442575326,STOP,-0.011317667442575327
2025-07-17,EPI-A.ST,0,-0.006300602680973433,EOD,-0.010200602680973433
2025-07-21,EPI-A.ST,0,0.0,EOD,-0.0039
2025-07-22,EPI-A.ST,0,-0.007270964507080868,STOP,-0.011170964507080869
2025-07-24,EPI-A.ST,0,-0.010081642211948627,STOP,-0.013981642211948628
2025-07-25,EPI-A.ST,0,-0.004368902410118336,STOP,-0.008268902410118337
2025-07-29,EPI-A.ST,0,-0.010144957021814616,STOP,-0.014044957021814616
2025-07-30,EPI-A.ST,0,-0.006366322581715433,STOP,-0.010266322581715434
2025-08-07,EPI-A.ST,0,-0.002785530819238158,EOD,-0.006685530819238158
2025-08-08,EPI-A.ST,6,-0.004307099453900065,STOP,-0.008207099453900066
2025-08-19,EPI-A.ST,0,0.009225975072567172,EOD,0.005325975072567172
2025-08-20,EPI-A.ST,3,-0.001528288574089931,EOD,-0.005428288574089931
2025-08-21,EPI-A.ST,0,-0.00907946053850095,EOD,-0.01297946053850095
2025-08-22,EPI-A.ST,0,0.011360767307900588,EOD,0.007460767307900588
2025-08-26,EPI-A.ST,3,-0.0007583880331598625,EOD,-0.004658388033159862
2025-08-27,EPI-A.ST,2,-0.005283034222680838,STOP,-0.009183034222680839
2025-08-28,EPI-A.ST,0,-0.002762446182306255,STOP,-0.006662446182306255
2025-09-01,EPI-A.ST,0,0.002016175239814455,EOD,-0.0018838247601855448
2025-09-03,EPI-A.ST,0,0.004593055214546116,EOD,0.0006930552145461158
2025-09-05,EPI-A.ST,0,0.0037565741193503754,EOD,-0.00014342588064962438
2025-09-08,EPI-A.ST,0,-0.006429293132435454,STOP,-0.010329293132435455
2025-09-09,EPI-A.ST,1,0.0024557956041797446,EOD,-0.0014442043958202552
2025-09-12,EPI-A.ST,0,0.0014727690537670313,EOD,-0.0024272309462329686
2025-09-15,EPI-A.ST,0,-0.009675858875318744,STOP,-0.013575858875318744
2025-09-16,EPI-A.ST,0,-0.000982785986448076,STOP,-0.004882785986448076
2025-09-18,EPI-A.ST,2,-0.004904365031554003,EOD,-0.008804365031554004
2025-09-19,EPI-A.ST,0,-0.0073710073710073765,STOP,-0.011271007371007377
2025-09-23,EPI-A.ST,0,-0.001491068868330947,EOD,-0.005391068868330947
2025-09-24,EPI-A.ST,1,-0.010257708226918849,STOP,-0.01415770822691885
2025-09-25,EPI-A.ST,0,-0.012036078083985768,STOP,-0.01593607808398577
2025-09-30,EPI-A.ST,1,0.006851006464445364,EOD,0.002951006464445364
2025-10-01,EPI-A.ST,0,0.0037926675094817064,EOD,-0.00010733249051829343
2025-10-02,EPI-A.ST,1,-0.001972431702436217,EOD,-0.005872431702436217
2025-10-03,EPI-A.ST,0,0.01315147057041921,EOD,0.00925147057041921
2025-10-06,EPI-A.ST,1,-0.0004721723421844404,EOD,-0.00437217234218444
2025-10-08,EPI-A.ST,0,-0.009229349460847858,EOD,-0.013129349460847858
2025-10-10,EPI-A.ST,0,-0.0070654732851525015,STOP,-0.010965473285152502
2025-10-14,EPI-A.ST,0,0.0,EOD,-0.0039
2025-10-15,EPI-A.ST,0,0.010506266815455634,EOD,0.006606266815455634
2025-10-16,EPI-A.ST,5,0.0032925537542145555,EOD,-0.0006074462457854443
2025-10-17,EPI-A.ST,0,0.0023430178739487495,EOD,-0.0015569821260512503
2025-10-20,EPI-A.ST,0,-0.007410796155435273,STOP,-0.011310796155435274
2025-10-21,EPI-A.ST,4,-0.005901057801857568,STOP,-0.009801057801857568
2025-10-23,EPI-A.ST,0,0.010928933651090489,EOD,0.007028933651090489
2025-10-24,EPI-A.ST,1,-0.010671382666150864,EOD,-0.014571382666150864
2025-10-28,EPI-A.ST,5,-0.003123659919526789,EOD,-0.007023659919526789
2025-11-04,EPI-A.ST,2,0.0015236315950093449,EOD,-0.002376368404990655
2025-11-05,EPI-A.ST,3,0.00834383765605251,EOD,0.004443837656052511
2025-11-06,EPI-A.ST,0,-0.006535886540274705,STOP,-0.010435886540274705
2025-11-10,EPI-A.ST,2,-0.0042723843064329525,EOD,-0.008172384306432953
2025-11-11,EPI-A.ST,0,-0.00804023167595791,STOP,-0.01194023167595791
2025-11-13,EPI-A.ST,0,-0.007715220707111614,STOP,-0.011615220707111615
2025-11-14,EPI-A.ST,7,-0.006131818942028633,STOP,-0.010031818942028634
2025-11-19,EPI-A.ST,4,-0.0005279347832567449,EOD,-0.004427934783256745
2025-11-21,EPI-A.ST,0,0.004983017243352705,EOD,0.0010830172433527055
2025-11-24,EPI-A.ST,0,-0.00874034420690073,STOP,-0.01264034420690073
2025-11-25,EPI-A.ST,0,0.017543922268552503,EOD,0.013643922268552502
2025-11-26,EPI-A.ST,1,0.003470485666005274,EOD,-0.00042951433399472574
2025-11-27,EPI-A.ST,3,-0.00640080262279874,STOP,-0.010300802622798741
2025-11-28,EPI-A.ST,0,-0.001970413283174266,EOD,-0.005870413283174266
2025-12-03,EPI-A.ST,0,0.0024691358024691024,EOD,-0.0014308641975308975
2025-12-04,EPI-A.ST,0,-0.004339411393298187,EOD,-0.008239411393298188
2025-12-05,EPI-A.ST,0,0.01690821256038655,EOD,0.013008212560386548
2025-12-08,EPI-A.ST,0,0.0009465070769223427,EOD,-0.002953492923077657
2025-12-11,EPI-A.ST,0,0.002350728759632714,EOD,-0.0015492712403672856
2025-12-12,EPI-A.ST,0,-0.007480088314078537,STOP,-0.011380088314078537
2025-12-15,EPI-A.ST,0,0.0032957261165103002,EOD,-0.0006042738834896996
2025-12-18,EPI-A.ST,0,0.012153621959601013,EOD,0.008253621959601012
2025-12-19,EPI-A.ST,1,-0.006232037457912121,STOP,-0.010132037457912121
2025-12-22,EPI-A.ST,0,-0.005298680496989672,STOP,-0.009198680496989672
2025-12-29,EPI-A.ST,5,-0.00048476055276902574,EOD,-0.0043847605527690256
2025-12-30,EPI-A.ST,0,0.0072289156626506035,EOD,0.0033289156626506037
2026-01-05,EPI-A.ST,0,0.0023419203747072626,EOD,-0.0015580796252927373
2026-01-08,EPI-A.ST,0,-0.0072594867923545525,STOP,-0.011159486792354553
2026-01-09,EPI-A.ST,0,0.01368613157740306,EOD,0.00978613157740306
2026-01-12,EPI-A.ST,7,0.0,EOD,-0.0039
2026-01-14,EPI-A.ST,0,0.006241613363515253,EOD,0.002341613363515253
2026-01-15,EPI-A.ST,5,0.002191060502570563,EOD,-0.0017089394974294366
2026-01-16,EPI-A.ST,2,-0.004359198023567767,STOP,-0.008259198023567768
2026-01-19,EPI-A.ST,4,-0.00044302545892138667,EOD,-0.0043430254589213865
2026-01-20,EPI-A.ST,3,0.004858684333792773,EOD,0.0009586843337927734
2026-01-21,EPI-A.ST,0,-0.01306051388705931,STOP,-0.01696051388705931
2026-01-23,EPI-A.ST,2,0.007079673024405375,EOD,0.0031796730244053753
2026-01-26,EPI-A.ST,1,-0.018703731653446187,STOP,-0.022603731653446188
2026-01-27,EPI-A.ST,2,0.0136545939617847,EOD,0.0097545939617847
2026-01-29,EPI-A.ST,0,-0.010481413598826816,EOD,-0.014381413598826817
2026-02-03,EPI-A.ST,6,0.006923029972956796,EOD,0.003023029972956796
2026-02-04,EPI-A.ST,0,-0.0030074729058975347,EOD,-0.0069074729058975345
2026-02-05,EPI-A.ST,5,-0.013162843476267838,STOP,-0.01706284347626784
2026-02-06,EPI-A.ST,5,0.007865191398934934,EOD,0.003965191398934934
2026-02-09,EPI-A.ST,6,-0.0022247166346253122,EOD,-0.006124716634625312
2026-02-11,EPI-A.ST,4,0.0022599099944091705,EOD,-0.0016400900055908293
2026-02-18,EPI-A.ST,0,0.0015479640322462185,EOD,-0.0023520359677537813
2026-02-19,EPI-A.ST,4,0.0011610616007484698,EOD,-0.00273893839925153
2026-02-20,EPI-A.ST,0,0.00038597491763736613,EOD,-0.0035140250823626337
2026-02-23,EPI-A.ST,0,0.013026796538254226,EOD,0.009126796538254225
2026-02-24,EPI-A.ST,0,-0.001871257399541526,EOD,-0.005771257399541526
2026-02-25,EPI-A.ST,0,-0.007812409528660025,STOP,-0.011712409528660025
2026-02-26,EPI-A.ST,0,0.0003727398735209331,EOD,-0.0035272601264790667
2026-03-02,EPI-A.ST,0,-0.006324336929518282,EOD,-0.010224336929518282
2026-03-05,EPI-A.ST,0,-0.008238489191880416,STOP,-0.012138489191880417
2026-03-10,EPI-A.ST,0,0.00609013390748836,EOD,0.00219013390748836
2026-03-12,EPI-A.ST,1,-0.016853920544447343,STOP,-0.020753920544447343
2026-03-16,EPI-A.ST,4,-0.009147596458387475,EOD,-0.013047596458387475
2026-03-17,EPI-A.ST,1,-0.006714251292594842,EOD,-0.010614251292594842
2026-03-18,EPI-A.ST,1,-0.013641950707865225,STOP,-0.017541950707865225
2026-03-23,EPI-A.ST,2,0.038086376367913566,EOD,0.034186376367913565
2026-03-24,EPI-A.ST,7,0.0017856870378767375,EOD,-0.0021143129621232623
2026-03-25,EPI-A.ST,0,-0.0065502183406113135,STOP,-0.010450218340611314
2026-03-30,EPI-A.ST,1,-0.006249972752162436,EOD,-0.010149972752162437
2026-03-31,EPI-A.ST,0,0.005706773636269258,EOD,0.001806773636269258
2026-04-01,EPI-A.ST,3,0.0012562941705356323,EOD,-0.0026437058294643675
2026-04-02,EPI-A.ST,0,0.0,EOD,-0.0039
2026-04-08,EPI-A.ST,1,0.010483895578692115,EOD,0.006583895578692115
2026-04-09,EPI-A.ST,0,-0.0011961844023419266,EOD,-0.005096184402341926
2026-04-10,EPI-A.ST,0,0.013817547173482492,EOD,0.009917547173482491
2026-04-13,EPI-A.ST,1,0.007131549505884793,EOD,0.0032315495058847935
2026-04-15,EPI-A.ST,3,-0.00863421083945315,STOP,-0.01253421083945315
2026-04-17,EPI-A.ST,4,0.0286521015225476,EOD,0.0247521015225476
2026-04-20,EPI-A.ST,0,-0.014123149984022865,STOP,-0.018023149984022865
2026-04-22,EPI-A.ST,1,-0.010354464517391415,STOP,-0.014254464517391416
2026-04-23,EPI-A.ST,0,-0.0123554839383756,STOP,-0.0162554839383756
2026-04-24,EPI-A.ST,3,-0.00753672792254223,EOD,-0.01143672792254223
2026-04-28,EPI-A.ST,0,-0.003659999669878955,STOP,-0.007559999669878955
2026-04-29,EPI-A.ST,1,-0.006198347107438051,STOP,-0.010098347107438052
2026-04-30,EPI-A.ST,0,0.0365709907202203,EOD,0.0326709907202203
2026-05-05,EPI-A.ST,0,0.019157088122605304,EOD,0.015257088122605303
2026-05-06,EPI-A.ST,0,0.0077006802051156065,EOD,0.0038006802051156066
2026-05-11,EPI-A.ST,1,0.02344617605791055,EOD,0.01954617605791055
2026-05-12,EPI-A.ST,4,-0.00695713604548287,STOP,-0.01085713604548287
2026-05-18,EPI-A.ST,1,-0.006708862746418354,EOD,-0.010608862746418354
2026-05-20,EPI-A.ST,4,0.003831417624521105,EOD,-6.85823754788947e-05
2026-05-21,EPI-A.ST,5,-0.00951293803700426,EOD,-0.01341293803700426
2026-05-22,EPI-A.ST,0,0.006081360951721626,EOD,0.0021813609517216262
2026-05-25,EPI-A.ST,7,-0.0007418850241214248,EOD,-0.004641885024121425
2026-05-27,EPI-A.ST,0,-0.009604750595752276,STOP,-0.013504750595752277
2026-05-28,EPI-A.ST,1,-0.008813786280112201,STOP,-0.012713786280112202
2026-05-29,EPI-A.ST,1,-0.00885279912375947,STOP,-0.01275279912375947
2026-06-02,EPI-A.ST,4,0.012792397375443798,EOD,0.008892397375443797
2026-06-03,EPI-A.ST,0,0.0,EOD,-0.0039
2026-06-08,EPI-A.ST,3,-0.0003702558358228414,EOD,-0.004270255835822841
2026-06-10,EPI-A.ST,4,-0.008030616074629515,STOP,-0.011930616074629516
2026-06-11,EPI-A.ST,0,-0.014817721250691918,STOP,-0.01871772125069192
2026-06-12,EPI-A.ST,0,-0.01335809314848102,STOP,-0.01725809314848102
2026-06-16,EPI-A.ST,0,-0.011670357638843276,STOP,-0.015570357638843277
2026-06-17,EPI-A.ST,1,-0.003272705078125049,EOD,-0.007172705078125049
2026-06-25,EPI-A.ST,6,-0.011039300644481997,EOD,-0.014939300644481998
2026-06-26,EPI-A.ST,0,-0.010428666485533644,STOP,-0.014328666485533645
2026-06-29,EPI-A.ST,0,-0.011538461538461497,STOP,-0.015438461538461498
2026-06-30,EPI-A.ST,0,-0.005609573800441692,EOD,-0.009509573800441692
2026-07-02,EPI-A.ST,0,0.0026944274053972705,EOD,-0.0012055725946027293
2026-07-03,EPI-A.ST,2,0.00906353672470317,EOD,0.00516353672470317
2026-07-06,EPI-A.ST,0,-0.0007509639452503158,EOD,-0.004650963945250316
2023-08-09,EQT.ST,0,-0.008288437524681669,EOD,-0.01218843752468167
2023-08-10,EQT.ST,5,0.0028782769614554837,EOD,-0.001021723038544516
2023-08-14,EQT.ST,0,-0.002502110491575449,EOD,-0.006402110491575449
2023-08-18,EQT.ST,7,0.0004456600099631558,EOD,-0.003454339990036844
2023-08-21,EQT.ST,1,-0.013192612491298661,STOP,-0.01709261249129866
2023-08-22,EQT.ST,2,0.001783298667151989,EOD,-0.002116701332848011
2023-08-24,EQT.ST,3,-0.019990715619452204,EOD,-0.023890715619452205
2023-08-28,EQT.ST,0,0.007637260637306076,EOD,0.003737260637306076
2023-08-29,EQT.ST,2,0.009302325581395321,EOD,0.005402325581395321
2023-08-31,EQT.ST,0,0.01006402967436526,EOD,0.00616402967436526
2023-09-01,EQT.ST,1,-0.00271243604432303,EOD,-0.00661243604432303
2023-09-05,EQT.ST,0,0.010695228255579003,EOD,0.006795228255579004
2023-09-07,EQT.ST,1,-0.008193004445884777,STOP,-0.012093004445884778
2023-09-11,EQT.ST,0,-0.009664086856986498,STOP,-0.013564086856986499
2023-09-13,EQT.ST,3,0.01631701631701632,EOD,0.012417016317016319
2023-09-18,EQT.ST,0,-0.012802261860507369,STOP,-0.01670226186050737
2023-09-19,EQT.ST,0,0.011041781171680087,EOD,0.0071417811716800875
2023-09-20,EQT.ST,0,0.012610914858810274,EOD,0.008710914858810273
2023-09-21,EQT.ST,5,-0.006015747408795069,EOD,-0.00991574740879507
2023-09-22,EQT.ST,0,0.003230258228427152,EOD,-0.0006697417715728479
2023-09-26,EQT.ST,0,-0.015784558926767334,STOP,-0.019684558926767334
2023-09-29,EQT.ST,5,0.0013849851547345082,EOD,-0.0025150148452654916
2023-10-03,EQT.ST,0,-0.027014203546171456,STOP,-0.030914203546171456
2023-10-04,EQT.ST,0,0.019512195121951237,EOD,0.015612195121951236
2023-10-05,EQT.ST,0,-0.008454616461116227,EOD,-0.012354616461116227
2023-10-06,EQT.ST,1,-0.012132552806766284,STOP,-0.016032552806766284
2023-10-10,EQT.ST,0,-0.0022988505747126853,EOD,-0.006198850574712685
2023-10-11,EQT.ST,4,-0.005020566284219652,EOD,-0.008920566284219653
2023-10-12,EQT.ST,1,-0.0004484578632987235,EOD,-0.004348457863298723
2023-10-16,EQT.ST,3,0.008616752365008473,EOD,0.004716752365008473
2023-10-18,EQT.ST,5,-0.01955169720740868,STOP,-0.02345169720740868
2023-10-20,EQT.ST,0,-0.0029268590415396645,EOD,-0.006826859041539664
2023-10-26,EQT.ST,4,-0.020521930207762273,STOP,-0.024421930207762274
2023-10-27,EQT.ST,1,-0.012249984741210973,STOP,-0.016149984741210974
2023-10-30,EQT.ST,0,-0.009701477354438715,STOP,-0.013601477354438715
2023-10-31,EQT.ST,0,0.008950709787856503,EOD,0.005050709787856504
2023-11-02,EQT.ST,2,-0.0009195261988146353,EOD,-0.004819526198814635
2023-11-06,EQT.ST,0,-0.015880218225613252,STOP,-0.019780218225613252
2023-11-07,EQT.ST,6,0.0,EOD,-0.0039
2023-11-08,EQT.ST,0,0.04591368163398779,EOD,0.04201368163398779
2023-11-09,EQT.ST,1,0.009594404356573882,EOD,0.0056944043565738825
2023-11-14,EQT.ST,0,0.06045894342113889,EOD,0.05655894342113889
2023-11-17,EQT.ST,0,0.0016181600332187962,EOD,-0.0022818399667812036
2023-11-20,EQT.ST,5,0.008888876558554193,EOD,0.004988876558554193
2023-11-22,EQT.ST,0,0.00279998779296875,EOD,-0.0011000122070312498
2023-11-24,EQT.ST,7,-0.0007999877929687482,EOD,-0.004699987792968748
2023-11-28,EQT.ST,4,-0.00810044572475166,EOD,-0.01200044572475166
2023-11-30,EQT.ST,0,-0.009569414378269192,STOP,-0.013469414378269193
2023-12-01,EQT.ST,0,0.00441060998570908,EOD,0.0005106099857090799
2023-12-04,EQT.ST,1,-0.01032152007830145,STOP,-0.01422152007830145
2023-12-06,EQT.ST,2,0.006472516679887352,EOD,0.0025725166798873525
2023-12-07,EQT.ST,7,-0.003245448485832858,EOD,-0.007145448485832858
2023-12-08,EQT.ST,0,-0.010957780093844072,STOP,-0.014857780093844072
2023-12-14,EQT.ST,1,0.015872946306017877,EOD,0.011972946306017876
2023-12-15,EQT.ST,0,-0.00884017011284377,EOD,-0.012740170112843771
2023-12-18,EQT.ST,0,-0.005341880574104341,EOD,-0.009241880574104341
2023-12-19,EQT.ST,0,0.0038596705386513275,EOD,-4.0329461348672345e-05
2023-12-21,EQT.ST,0,0.004316590672774234,EOD,0.00041659067277423443
2023-12-22,EQT.ST,0,0.007930830048439752,EOD,0.004030830048439752
2023-12-28,EQT.ST,6,-0.0034940599488046953,EOD,-0.007394059948804695
2023-12-29,EQT.ST,0,-0.011446368132830065,EOD,-0.015346368132830066
2024-01-12,EQT.ST,1,0.0173544165516617,EOD,0.0134544165516617
2024-01-15,EQT.ST,0,-0.010922764205214208,STOP,-0.014822764205214209
2024-01-17,EQT.ST,0,0.006578994764652624,EOD,0.002678994764652624
2024-01-18,EQT.ST,0,-0.011064455661779049,EOD,-0.01496445566177905
2024-01-19,EQT.ST,0,0.013267627604087728,EOD,0.009367627604087728
2024-01-23,EQT.ST,0,0.023398447642163145,EOD,0.019498447642163144
2024-01-24,EQT.ST,0,0.008459059809403646,EOD,0.004559059809403646
2024-01-25,EQT.ST,1,-0.008366634572697818,STOP,-0.012266634572697818
2024-01-26,EQT.ST,4,0.005749213703544642,EOD,0.0018492137035446424
2024-01-29,EQT.ST,5,-0.002859141629272255,EOD,-0.006759141629272255
2024-01-30,EQT.ST,0,-0.008170471733459195,STOP,-0.012070471733459195
2024-01-31,EQT.ST,5,0.0028449066793772015,EOD,-0.0010550933206227983
2024-02-01,EQT.ST,1,-0.013451284222898208,EOD,-0.01735128422289821
2024-02-06,EQT.ST,5,-0.002566968007686854,EOD,-0.006466968007686854
2024-02-07,EQT.ST,6,-0.0022018572606078424,EOD,-0.006101857260607842
2024-02-08,EQT.ST,0,0.0065241694467823574,EOD,0.0026241694467823576
2024-02-09,EQT.ST,0,-0.009649684800740244,STOP,-0.013549684800740244
2024-02-12,EQT.ST,1,-0.00035312888137351006,EOD,-0.00425312888137351
2024-02-14,EQT.ST,0,-0.006884035856827397,EOD,-0.010784035856827398
2024-02-15,EQT.ST,4,-0.003951171435458534,EOD,-0.007851171435458534
2024-02-16,EQT.ST,0,-0.007868426892010616,STOP,-0.011768426892010617
2024-02-19,EQT.ST,0,0.003221166485843918,EOD,-0.0006788335141560816
2024-02-20,EQT.ST,0,-0.00991497115256701,STOP,-0.01381497115256701
2024-02-21,EQT.ST,0,-0.009615319824884727,STOP,-0.013515319824884728
2024-02-22,EQT.ST,7,0.002804130195502852,EOD,-0.001095869804497148
2024-02-23,EQT.ST,0,0.013471481507718153,EOD,0.009571481507718152
2024-02-26,EQT.ST,0,0.019397952484845327,EOD,0.015497952484845326
2024-02-28,EQT.ST,4,-0.0033255735264536845,EOD,-0.007225573526453684
2024-02-29,EQT.ST,0,-0.0006596708409585261,EOD,-0.004559670840958526
2024-03-01,EQT.ST,0,-0.010437091139361754,STOP,-0.014337091139361754
2024-03-06,EQT.ST,0,0.07899110280382926,EOD,0.07509110280382926
2024-03-07,EQT.ST,4,0.004339720613753428,EOD,0.0004397206137534285
2024-03-08,EQT.ST,0,0.007584951315853017,EOD,0.003684951315853017
2024-03-12,EQT.ST,1,0.009340181260993008,EOD,0.005440181260993008
2024-03-14,EQT.ST,2,-0.010946781677607209,STOP,-0.01484678167760721
2024-03-15,EQT.ST,1,0.010657212059231869,EOD,0.006757212059231869
2024-03-19,EQT.ST,0,0.01716871146696164,EOD,0.013268711466961639
2024-03-20,EQT.ST,0,-0.0017767429133161983,EOD,-0.005676742913316198
2024-03-21,EQT.ST,5,0.004310344827586299,EOD,0.00041034482758629896
2024-03-25,EQT.ST,3,-0.007102272727272707,EOD,-0.011002272727272708
2024-03-26,EQT.ST,2,-0.009678320565408294,STOP,-0.013578320565408294
2024-04-02,EQT.ST,0,-0.023106153955873454,EOD,-0.027006153955873455
2024-04-03,EQT.ST,3,0.002989536621823552,EOD,-0.0009104633781764479
2024-04-04,EQT.ST,0,0.0005941226554571077,EOD,-0.003305877344542892
2024-04-05,EQT.ST,7,0.0018023614133864108,EOD,-0.002097638586613589
2024-04-08,EQT.ST,4,-0.00833577804062613,STOP,-0.01223577804062613
2024-04-09,EQT.ST,5,-0.015421150708139875,STOP,-0.019321150708139875
2024-04-10,EQT.ST,0,-0.012474048276685967,STOP,-0.016374048276685968
2024-04-11,EQT.ST,0,-0.014032872962895682,STOP,-0.017932872962895682
2024-04-15,EQT.ST,4,-0.01763450258620014,STOP,-0.02153450258620014
2024-04-17,EQT.ST,0,-0.015078639791356485,STOP,-0.018978639791356486
2024-04-19,EQT.ST,1,0.008047650135706075,EOD,0.004147650135706075
2024-04-23,EQT.ST,2,0.0,EOD,-0.0039
2024-04-25,EQT.ST,0,-0.015726516593215778,STOP,-0.01962651659321578
2024-04-26,EQT.ST,0,-0.009057404064908514,EOD,-0.012957404064908515
2024-04-29,EQT.ST,0,-0.008336112207000923,STOP,-0.012236112207000924
2024-04-30,EQT.ST,2,0.004318896322155208,EOD,0.0004188963221552081
2024-05-03,EQT.ST,4,-0.007978703437103274,STOP,-0.011878703437103275
2024-05-06,EQT.ST,2,0.007206067130677729,EOD,0.0033060671306777293
2024-05-07,EQT.ST,1,0.009584664536741228,EOD,0.005684664536741228
2024-05-10,EQT.ST,0,0.011494291013317337,EOD,0.007594291013317337
2024-05-13,EQT.ST,5,-0.00030498959627978106,EOD,-0.004204989596279781
2024-05-14,EQT.ST,0,-0.01574574632930026,STOP,-0.01964574632930026
2024-05-15,EQT.ST,1,-0.0038518156828704075,STOP,-0.007751815682870407
2024-05-20,EQT.ST,0,-0.0031874995191558675,EOD,-0.007087499519155867
2024-05-21,EQT.ST,0,-0.007814796547123692,STOP,-0.011714796547123693
2024-05-23,EQT.ST,1,-0.00935129191373385,STOP,-0.01325129191373385
2024-05-24,EQT.ST,0,0.003529447667738994,EOD,-0.0003705523322610057
2024-05-28,EQT.ST,0,-0.008741258430347232,STOP,-0.012641258430347233
2024-05-30,EQT.ST,7,-0.003727808984796077,EOD,-0.007627808984796077
2024-06-05,EQT.ST,0,0.0028055624947322944,EOD,-0.0010944375052677055
2024-06-10,EQT.ST,7,0.0022443482549845406,EOD,-0.0016556517450154592
2024-06-12,EQT.ST,0,0.04737676914621414,EOD,0.043476769146214136
2024-06-24,EQT.ST,0,0.012978810328369672,EOD,0.009078810328369671
2024-06-25,EQT.ST,0,-0.008804993059650212,STOP,-0.012704993059650213
2024-06-27,EQT.ST,6,-0.004507385283237242,EOD,-0.008407385283237243
2024-06-28,EQT.ST,0,0.001278850478495741,EOD,-0.0026211495215042587
2024-07-03,EQT.ST,6,-0.0019023656154938395,EOD,-0.005802365615493839
2024-07-04,EQT.ST,0,-0.0037511150745486166,EOD,-0.007651115074548616
2024-07-05,EQT.ST,0,0.0009208665493798396,EOD,-0.0029791334506201602
2024-07-08,EQT.ST,0,-0.011581890398831507,STOP,-0.015481890398831508
2024-07-09,EQT.ST,1,-0.010088713692969264,EOD,-0.013988713692969265
2024-07-10,EQT.ST,3,0.013435095867127878,EOD,0.009535095867127877
2024-07-11,EQT.ST,3,0.01810628143077353,EOD,0.014206281430773529
2024-07-12,EQT.ST,5,0.00786707923490515,EOD,0.00396707923490515
2024-07-16,EQT.ST,0,-0.0005836364164190089,EOD,-0.004483636416419009
2024-07-17,EQT.ST,7,-0.0020360142940861747,EOD,-0.0059360142940861746
2024-07-18,EQT.ST,0,0.00030742732022259744,EOD,-0.0035925726797774024
2024-07-19,EQT.ST,0,-0.00030761643075383205,EOD,-0.004207616430753832
2024-07-22,EQT.ST,0,0.013042122031432068,EOD,0.009142122031432068
2024-07-23,EQT.ST,2,-0.01589645045632626,STOP,-0.01979645045632626
2024-07-25,EQT.ST,6,-0.015454563950047295,STOP,-0.019354563950047296
2024-07-26,EQT.ST,6,-0.003912091004284579,EOD,-0.007812091004284579
2024-07-29,EQT.ST,1,-0.020064880246193795,EOD,-0.023964880246193795
2024-07-30,EQT.ST,0,0.0026470408720129512,EOD,-0.0012529591279870486
2024-07-31,EQT.ST,2,0.007844223107781767,EOD,0.003944223107781767
2024-08-01,EQT.ST,2,-0.011197226624086287,STOP,-0.015097226624086288
2024-08-05,EQT.ST,0,-0.0036532915350969697,EOD,-0.0075532915350969695
2024-08-06,EQT.ST,6,-0.009737098151799684,EOD,-0.013637098151799684
2024-08-07,EQT.ST,1,0.007035438450819553,EOD,0.0031354384508195535
2024-08-08,EQT.ST,4,0.005789701980972728,EOD,0.001889701980972728
2024-08-09,EQT.ST,0,-0.007511717985866584,STOP,-0.011411717985866585
2024-08-15,EQT.ST,1,0.01909235087172334,EOD,0.01519235087172334
2024-08-16,EQT.ST,0,-0.009374073145104411,STOP,-0.013274073145104412
2024-08-19,EQT.ST,1,0.005074663304570848,EOD,0.001174663304570848
2024-08-20,EQT.ST,0,-0.011436932247754772,STOP,-0.015336932247754773
2024-08-21,EQT.ST,0,-0.007113200770302086,STOP,-0.011013200770302087
2024-08-22,EQT.ST,2,0.004982361162465754,EOD,0.001082361162465754
2024-08-23,EQT.ST,6,0.0017431015823923257,EOD,-0.002156898417607674
2024-08-26,EQT.ST,0,0.0040334021085175475,EOD,0.00013340210851754773
2024-08-28,EQT.ST,2,-0.009232579776918826,STOP,-0.013132579776918826
2024-08-29,EQT.ST,1,-0.009221937196055463,STOP,-0.013121937196055464
2024-08-30,EQT.ST,0,-0.0008744339994455341,EOD,-0.004774433999445534
2024-09-03,EQT.ST,0,-0.012133785669057096,STOP,-0.016033785669057096
2024-09-04,EQT.ST,0,-0.01700154559505407,STOP,-0.02090154559505407
2024-09-05,EQT.ST,0,-0.004379181609651894,EOD,-0.008279181609651895
2024-09-06,EQT.ST,0,-0.0031416903498294735,EOD,-0.007041690349829473
2024-09-10,EQT.ST,0,-0.023199704221310236,STOP,-0.027099704221310236
2024-09-12,EQT.ST,0,0.005055046888903902,EOD,0.0011550468889039026
2024-09-13,EQT.ST,4,0.0143065515225822,EOD,0.0104065515225822
2024-09-16,EQT.ST,0,0.007114399668249449,EOD,0.0032143996682494494
2024-09-18,EQT.ST,0,-0.004518514758364289,EOD,-0.00841851475836429
2024-09-19,EQT.ST,4,-0.007407440897205131,EOD,-0.011307440897205132
2024-09-20,EQT.ST,1,0.0016465590383243356,EOD,-0.0022534409616756642
2024-09-23,EQT.ST,0,-0.010863660693609334,STOP,-0.014763660693609335
2024-09-26,EQT.ST,5,-0.008877451303402895,EOD,-0.012777451303402895
2024-09-27,EQT.ST,2,0.0063564913338809426,EOD,0.0024564913338809427
2024-09-30,EQT.ST,0,-0.012838801711840264,STOP,-0.016738801711840265
2024-10-01,EQT.ST,0,-0.012229858463884358,STOP,-0.01612985846388436
2024-10-04,EQT.ST,0,0.013714985650641776,EOD,0.009814985650641775
2024-10-08,EQT.ST,1,-0.0026986323732665074,EOD,-0.006598632373266507
2024-10-09,EQT.ST,1,0.003308289033129741,EOD,-0.0005917109668702588
2024-10-11,EQT.ST,0,0.01165640427291037,EOD,0.00775640427291037
2024-10-16,EQT.ST,4,-0.008161976387807246,EOD,-0.012061976387807247
2024-10-17,EQT.ST,0,-0.00449370897200374,EOD,-0.008393708972003741
2024-10-21,EQT.ST,0,-0.017230788010817344,STOP,-0.021130788010817345
2024-10-22,EQT.ST,5,-0.01292311448317307,EOD,-0.01682311448317307
2024-10-23,EQT.ST,5,-0.013707146094966927,EOD,-0.017607146094966927
2024-10-24,EQT.ST,5,-0.0006275876980554873,EOD,-0.004527587698055487
2024-10-25,EQT.ST,0,-0.008674064122841774,EOD,-0.012574064122841774
2024-10-28,EQT.ST,3,-0.008936807076993403,STOP,-0.012836807076993403
2024-10-29,EQT.ST,0,-0.007411964135152771,STOP,-0.011311964135152772
2024-11-01,EQT.ST,2,-0.009640102449623988,STOP,-0.013540102449623989
2024-11-07,EQT.ST,0,0.006713574761727736,EOD,0.0028135747617277366
2024-11-11,EQT.ST,1,-0.006658231275061044,EOD,-0.010558231275061045
2024-11-12,EQT.ST,0,-0.009696186358050474,STOP,-0.013596186358050474
2024-11-13,EQT.ST,0,-0.013266998341625258,STOP,-0.01716699834162526
2024-11-15,EQT.ST,0,0.005817870015175197,EOD,0.0019178700151751974
2024-11-18,EQT.ST,7,-0.0020297905653814396,EOD,-0.0059297905653814395
2024-11-20,EQT.ST,0,-0.0067408153613570665,STOP,-0.010640815361357067
2024-11-21,EQT.ST,0,0.011144842029537472,EOD,0.007244842029537472
2024-11-22,EQT.ST,1,0.0003257527801812099,EOD,-0.00357424721981879
2024-11-25,EQT.ST,7,-0.002515684883549474,EOD,-0.006415684883549474
2024-11-26,EQT.ST,4,-0.01104449374380001,STOP,-0.01494449374380001
2024-11-27,EQT.ST,0,-0.00816831820813202,EOD,-0.01206831820813202
2024-11-29,EQT.ST,2,0.0455551838609225,EOD,0.0416551838609225
2024-12-02,EQT.ST,2,-0.006740140105979453,EOD,-0.010640140105979454
2024-12-03,EQT.ST,5,0.0006149498214833571,EOD,-0.0032850501785166427
2024-12-04,EQT.ST,1,-0.012832208512362664,STOP,-0.016732208512362665
2024-12-05,EQT.ST,1,0.004293142809816297,EOD,0.0003931428098162973
2024-12-09,EQT.ST,0,-0.007594167397623863,STOP,-0.011494167397623864
2024-12-10,EQT.ST,5,-0.006144393241167445,EOD,-0.010044393241167446
2024-12-13,EQT.ST,1,-0.01895000378744105,STOP,-0.02285000378744105
2024-12-16,EQT.ST,1,0.005939337082635943,EOD,0.002039337082635943
2024-12-18,EQT.ST,0,0.004359993366157333,EOD,0.0004599933661573333
2024-12-20,EQT.ST,6,0.01430944357061148,EOD,0.010409443570611479
2024-12-23,EQT.ST,0,-0.005921012476870935,EOD,-0.009821012476870936
2024-12-27,EQT.ST,0,0.00714289677607538,EOD,0.0032428967760753805
2025-01-02,EQT.ST,1,-0.0025806057837701735,EOD,-0.006480605783770173
2025-01-03,EQT.ST,0,-0.004792332268370614,EOD,-0.008692332268370614
2025-01-07,EQT.ST,1,-0.021124535327439187,STOP,-0.025024535327439187
2025-01-08,EQT.ST,1,-0.01635798701533564,STOP,-0.02025798701533564
2025-01-09,EQT.ST,1,-0.0006236738366637296,EOD,-0.004523673836663729
2025-01-14,EQT.ST,0,-0.011527299797155277,STOP,-0.015427299797155278
2025-01-15,EQT.ST,0,0.07345895736710983,EOD,0.06955895736710983
2025-01-17,EQT.ST,2,-0.010230926447107214,STOP,-0.014130926447107214
2025-01-21,EQT.ST,1,0.0,EOD,-0.0039
2025-01-22,EQT.ST,0,0.00668027415652972,EOD,0.00278027415652972
2025-01-23,EQT.ST,1,0.009898374338846994,EOD,0.005998374338846994
2025-01-27,EQT.ST,0,-0.01621929030076119,STOP,-0.020119290300761192
2025-01-30,EQT.ST,0,0.01011806134633808,EOD,0.006218061346338081
2025-01-31,EQT.ST,0,0.009972316076220622,EOD,0.006072316076220622
2025-02-03,EQT.ST,3,0.013721629271168378,EOD,0.009821629271168378
2025-02-05,EQT.ST,1,0.003860986963372337,EOD,-3.901303662766278e-05
2025-02-06,EQT.ST,1,0.010134159483974559,EOD,0.006234159483974559
2025-02-10,EQT.ST,0,0.001369487788664303,EOD,-0.0025305122113356967
2025-02-11,EQT.ST,0,-0.010095531260658208,STOP,-0.013995531260658209
2025-02-13,EQT.ST,4,-0.006532373261716962,EOD,-0.010432373261716962
2025-02-14,EQT.ST,0,0.006802721088435382,EOD,0.002902721088435382
2025-02-18,EQT.ST,4,-0.0037899131554308685,EOD,-0.007689913155430868
2025-02-20,EQT.ST,0,-0.008335648932694562,STOP,-0.012235648932694562
2025-02-26,EQT.ST,0,-0.002923121842030585,EOD,-0.006823121842030585
2025-02-28,EQT.ST,0,0.0021045750950325903,EOD,-0.0017954249049674095
2025-03-03,EQT.ST,4,-0.003281641000765334,EOD,-0.007181641000765334
2025-03-07,EQT.ST,0,0.005171319117901918,EOD,0.0012713191179019182
2025-03-11,EQT.ST,0,-0.025833859423934236,STOP,-0.029733859423934236
2025-03-12,EQT.ST,0,-0.001948704499543874,EOD,-0.005848704499543874
2025-03-13,EQT.ST,0,-0.010703820705905365,STOP,-0.014603820705905365
2025-03-14,EQT.ST,1,0.005157883697534116,EOD,0.001257883697534116
2025-03-17,EQT.ST,5,-0.0031695721077654726,EOD,-0.007069572107765472
2025-03-18,EQT.ST,0,-0.014687538146972656,STOP,-0.018587538146972657
2025-03-19,EQT.ST,0,0.006583091233591354,EOD,0.002683091233591354
2025-03-20,EQT.ST,5,-0.002147841983929144,EOD,-0.006047841983929144
2025-03-21,EQT.ST,7,-0.0012360750585289626,EOD,-0.005136075058528962
2025-03-25,EQT.ST,2,-0.003626417986059338,EOD,-0.007526417986059338
2025-03-28,EQT.ST,0,-0.018891687294377513,STOP,-0.022791687294377513
2025-04-01,EQT.ST,0,0.011250401579341096,EOD,0.007350401579341096
2025-04-02,EQT.ST,2,-0.013893350945582306,STOP,-0.017793350945582306
2025-04-07,EQT.ST,0,-0.005949890085490073,EOD,-0.009849890085490073
2025-04-08,EQT.ST,3,-0.0012474139366229764,EOD,-0.005147413936622976
2025-04-09,EQT.ST,5,-0.01931330472102999,EOD,-0.02321330472102999
2025-04-11,EQT.ST,5,-0.004394750659624136,EOD,-0.008294750659624137
2025-04-14,EQT.ST,6,0.003060513883805571,EOD,-0.0008394861161944286
2025-04-15,EQT.ST,0,-0.003339494977678603,EOD,-0.007239494977678603
2025-04-22,EQT.ST,0,0.032740526690977934,EOD,0.028840526690977933
2025-04-23,EQT.ST,3,0.005641218632686185,EOD,0.0017412186326861848
2025-04-24,EQT.ST,7,0.0,EOD,-0.0039
2025-04-28,EQT.ST,5,-0.01382819491182663,EOD,-0.01772819491182663
2025-04-29,EQT.ST,5,-0.0025538569552854273,EOD,-0.006453856955285427
2025-05-05,EQT.ST,0,0.012336697464394586,EOD,0.008436697464394585
2025-05-08,EQT.ST,0,-0.003214263916015647,EOD,-0.007114263916015647
2025-05-09,EQT.ST,2,0.001783803145825713,EOD,-0.0021161968541742867
2025-05-12,EQT.ST,0,-0.0033624748504469393,EOD,-0.007262474850446939
2025-05-13,EQT.ST,5,0.0023520889620198826,EOD,-0.0015479110379801172
2025-05-15,EQT.ST,3,-0.004707444267707972,EOD,-0.008607444267707973
2025-05-27,EQT.ST,0,-0.0095608418831723,EOD,-0.0134608418831723
2025-05-28,EQT.ST,0,-0.002491924900899334,EOD,-0.006391924900899334
2025-05-30,EQT.ST,0,-0.016818457938403863,EOD,-0.020718457938403864
2025-06-02,EQT.ST,0,-0.0025207496444378252,EOD,-0.006420749644437825
2025-06-04,EQT.ST,0,-0.00035988333452341426,EOD,-0.004259883334523414
2025-06-05,EQT.ST,0,-0.006071472167968772,STOP,-0.009971472167968773
2025-06-09,EQT.ST,0,-0.0014039800107180644,EOD,-0.005303980010718064
2025-06-10,EQT.ST,0,-0.01633650332850556,STOP,-0.02023650332850556
2025-06-11,EQT.ST,0,-0.012349935175010707,STOP,-0.016249935175010707
2025-06-13,EQT.ST,0,-0.014084485310398187,STOP,-0.017984485310398188
2025-06-16,EQT.ST,0,0.012567324955116588,EOD,0.008667324955116587
2025-06-17,EQT.ST,0,-0.010718113845724075,STOP,-0.014618113845724076
2025-06-19,EQT.ST,1,0.009897405893875444,EOD,0.005997405893875444
2025-06-23,EQT.ST,0,0.005444646098003547,EOD,0.0015446460980035473
2025-06-24,EQT.ST,7,-0.00650460067368519,EOD,-0.010404600673685191
2025-06-26,EQT.ST,0,0.008153946347789542,EOD,0.004253946347789543
2025-07-02,EQT.ST,0,-0.010416628535747652,STOP,-0.014316628535747652
2025-07-03,EQT.ST,6,-0.0030693678252543544,EOD,-0.006969367825254354
2025-07-07,EQT.ST,1,-0.0012296154672435389,EOD,-0.005129615467243539
2025-07-08,EQT.ST,0,-0.0070208127829525235,EOD,-0.010920812782952524
2025-07-09,EQT.ST,0,0.005810378888331469,EOD,0.001910378888331469
2025-07-10,EQT.ST,0,0.018884855148995072,EOD,0.014984855148995072
2025-07-11,EQT.ST,0,-0.004719782016270324,EOD,-0.008619782016270325
2025-07-14,EQT.ST,7,0.003276662335237379,EOD,-0.0006233376647626207
2025-07-16,EQT.ST,2,-0.007615718072637057,EOD,-0.011515718072637057
2025-07-18,EQT.ST,0,-0.008600309338903434,EOD,-0.012500309338903434
2025-07-21,EQT.ST,0,-0.0005935936274150677,EOD,-0.0044935936274150675
2025-07-23,EQT.ST,0,-0.00030040742068682125,EOD,-0.004200407420686821
2025-07-24,EQT.ST,0,-0.008917954977499587,STOP,-0.012817954977499588
2025-07-25,EQT.ST,0,-0.00720295416007144,STOP,-0.01110295416007144
2025-07-29,EQT.ST,7,-0.014501313953812822,STOP,-0.018401313953812823
2025-07-30,EQT.ST,0,0.008656698198460822,EOD,0.004756698198460822
2025-08-05,EQT.ST,0,-0.0056750118451596165,EOD,-0.009575011845159617
2025-08-06,EQT.ST,0,-0.01755926188368029,STOP,-0.02145926188368029
2025-08-07,EQT.ST,0,-0.00853190334968812,EOD,-0.01243190334968812
2025-08-08,EQT.ST,0,-0.008559604489290829,STOP,-0.01245960448929083
2025-08-13,EQT.ST,0,-0.007950565837764545,STOP,-0.011850565837764546
2025-08-14,EQT.ST,0,-0.0052910589240410255,STOP,-0.009191058924041026
2025-08-15,EQT.ST,0,-0.008071455296145835,EOD,-0.011971455296145836
2025-08-19,EQT.ST,2,0.007009328093650513,EOD,0.0031093280936505133
2025-08-20,EQT.ST,4,-0.007309941520467822,STOP,-0.011209941520467823
2025-08-22,EQT.ST,0,0.031175773101435933,EOD,0.027275773101435932
2025-08-25,EQT.ST,5,-0.002595138201162972,EOD,-0.006495138201162972
2025-09-03,EQT.ST,0,-0.005947071283366245,EOD,-0.009847071283366246
2025-09-05,EQT.ST,0,-0.0115213999896141,STOP,-0.015421399989614101
2025-09-10,EQT.ST,0,-0.009049773755656076,STOP,-0.012949773755656077
2025-09-11,EQT.ST,0,0.022844959728507863,EOD,0.018944959728507862
2025-09-15,EQT.ST,0,0.001739148126132184,EOD,-0.002160851873867816
2025-09-18,EQT.ST,0,0.007021721766462541,EOD,0.003121721766462541
2025-09-19,EQT.ST,0,-0.006662856979180676,STOP,-0.010562856979180676
2025-09-22,EQT.ST,0,-0.008998566338216607,STOP,-0.012898566338216608
2025-09-23,EQT.ST,0,-0.007871755705630479,EOD,-0.01177175570563048
2025-09-26,EQT.ST,4,-0.0003124214358286581,EOD,-0.004212421435828658
2025-09-29,EQT.ST,0,0.005842539437774574,EOD,0.0019425394377745745
2025-09-30,EQT.ST,0,-0.007335037666636457,STOP,-0.011235037666636458
2025-10-01,EQT.ST,1,-0.0024698604755899467,EOD,-0.0063698604755899465
2025-10-02,EQT.ST,0,-0.000903125525353432,EOD,-0.004803125525353432
2025-10-03,EQT.ST,0,0.014609403654302522,EOD,0.010709403654302521
2025-10-06,EQT.ST,1,0.00909884201604827,EOD,0.00519884201604827
2025-10-07,EQT.ST,2,-0.008726003800228588,EOD,-0.012626003800228588
2025-10-08,EQT.ST,0,-0.010863315967917675,EOD,-0.014763315967917676
2025-10-09,EQT.ST,0,-0.006590222902489229,STOP,-0.01049022290248923
2025-10-13,EQT.ST,0,-0.012598851294354896,STOP,-0.016498851294354897
2025-10-14,EQT.ST,6,0.0038898496274244465,EOD,-1.0150372575553311e-05
2025-10-16,EQT.ST,0,-0.029066335053075543,STOP,-0.03296633505307554
2025-10-20,EQT.ST,1,-0.00659135613083861,STOP,-0.010491356130838611
2025-10-21,EQT.ST,5,-0.008416402095362874,STOP,-0.012316402095362874
2025-10-22,EQT.ST,0,-0.002476742393092146,EOD,-0.006376742393092146
2025-10-23,EQT.ST,0,-0.008328229812980537,STOP,-0.012228229812980537
2025-10-24,EQT.ST,4,-0.00030536214813936535,EOD,-0.004205362148139365
2025-10-27,EQT.ST,4,0.012401712122872333,EOD,0.008501712122872332
2025-10-30,EQT.ST,0,-0.006375246334022533,STOP,-0.010275246334022534
2025-11-03,EQT.ST,0,-0.006396514358878891,EOD,-0.010296514358878892
2025-11-04,EQT.ST,2,0.008989441542520682,EOD,0.005089441542520682
2025-11-06,EQT.ST,0,-0.008338424308957815,EOD,-0.012238424308957815
2025-11-07,EQT.ST,0,-0.006769268329326894,STOP,-0.010669268329326895
2025-11-10,EQT.ST,0,-0.014397084225679646,STOP,-0.018297084225679647
2025-11-11,EQT.ST,1,0.02141135697476204,EOD,0.01751135697476204
2025-11-12,EQT.ST,1,0.0050147852714785834,EOD,0.0011147852714785836
2025-11-14,EQT.ST,0,-0.01146646910969984,STOP,-0.01536646910969984
2025-11-18,EQT.ST,0,-0.02071732163234885,STOP,-0.02461732163234885
2025-11-19,EQT.ST,2,-0.0021875381469727007,EOD,-0.0060875381469727005
2025-11-21,EQT.ST,0,-0.017284725923962352,STOP,-0.021184725923962353
2025-11-24,EQT.ST,0,-0.01787912423580229,STOP,-0.02177912423580229
2025-11-25,EQT.ST,1,0.0018599072912699466,EOD,-0.0020400927087300532
2025-11-26,EQT.ST,5,0.001822065368228376,EOD,-0.0020779346317716238
2025-12-02,EQT.ST,1,-0.0024852059898640144,EOD,-0.006385205989864014
2025-12-03,EQT.ST,0,-0.008953361997935616,STOP,-0.012853361997935617
2025-12-05,EQT.ST,0,0.011036098869465105,EOD,0.007136098869465105
2025-12-08,EQT.ST,0,-0.008167005920096226,EOD,-0.012067005920096227
2025-12-11,EQT.ST,0,-0.007890762074402535,EOD,-0.011790762074402536
2025-12-12,EQT.ST,1,-0.004200401883464822,EOD,-0.008100401883464822
2025-12-15,EQT.ST,0,-0.007363770250368162,EOD,-0.011263770250368163
2025-12-16,EQT.ST,0,-0.0011876303770244068,EOD,-0.005087630377024407
2025-12-17,EQT.ST,0,-0.006772727530063083,STOP,-0.010672727530063084
2025-12-18,EQT.ST,2,0.029850746268656803,EOD,0.025950746268656802
2025-12-19,EQT.ST,0,0.004568747944507789,EOD,0.0006687479445077896
2025-12-22,EQT.ST,5,0.00789182189087545,EOD,0.00399182189087545
2025-12-29,EQT.ST,5,0.0008282379427344555,EOD,-0.0030717620572655443
2025-12-30,EQT.ST,0,0.0065843453950189534,EOD,0.0026843453950189536
2026-01-07,EQT.ST,0,-0.0002732407199880216,EOD,-0.004173240719988021
2026-01-09,EQT.ST,0,0.01922529702653364,EOD,0.015325297026533638
2026-01-12,EQT.ST,5,0.004440760915137787,EOD,0.0005407609151377871
2026-01-15,EQT.ST,5,0.007475032110202617,EOD,0.0035750321102026176
2026-01-16,EQT.ST,2,0.00990373068367445,EOD,0.00600373068367445
2026-01-20,EQT.ST,5,-0.01174171670030677,STOP,-0.01564171670030677
2026-01-21,EQT.ST,0,-0.006197217484595119,STOP,-0.01009721748459512
2026-01-23,EQT.ST,0,-0.013477088948787075,STOP,-0.017377088948787076
2026-01-28,EQT.ST,2,-0.007108330717169098,EOD,-0.011008330717169099
2026-02-06,EQT.ST,0,0.019292583116244932,EOD,0.015392583116244932
2026-02-10,EQT.ST,4,-0.008817805680574886,EOD,-0.012717805680574887
2026-02-12,EQT.ST,0,-0.014715698650449416,STOP,-0.018615698650449417
2026-02-16,EQT.ST,1,-0.006765899724980429,EOD,-0.01066589972498043
2026-02-17,EQT.ST,5,-0.004391850651921492,EOD,-0.008291850651921492
2026-02-18,EQT.ST,0,0.033795201778538564,EOD,0.029895201778538563
2026-02-19,EQT.ST,1,-0.011114723649307878,STOP,-0.015014723649307879
2026-02-24,EQT.ST,0,-0.001836210144747219,EOD,-0.005736210144747219
2026-02-25,EQT.ST,0,-0.016949087256946105,STOP,-0.020849087256946106
2026-02-26,EQT.ST,4,0.008513635858274249,EOD,0.004613635858274249
2026-02-27,EQT.ST,0,-0.019332161687170446,STOP,-0.023232161687170447
2026-03-02,EQT.ST,0,0.007235890174255966,EOD,0.0033358901742559658
2026-03-04,EQT.ST,0,0.026240069995166815,EOD,0.022340069995166814
2026-03-05,EQT.ST,0,0.004893372480313074,EOD,0.0009933724803130742
2026-03-09,EQT.ST,0,-0.016416866178138534,STOP,-0.020316866178138535
2026-03-11,EQT.ST,4,-0.01643446303616869,STOP,-0.02033446303616869
2026-03-12,EQT.ST,0,-0.016322088504736154,EOD,-0.020222088504736155
2026-03-13,EQT.ST,0,0.021206536720178137,EOD,0.017306536720178137
2026-03-17,EQT.ST,0,0.0046017267007743,EOD,0.0007017267007743003
2026-03-18,EQT.ST,0,-0.015099498931518185,STOP,-0.018999498931518186
2026-03-19,EQT.ST,1,-0.010660981041469286,STOP,-0.014560981041469287
2026-03-23,EQT.ST,2,-0.01426421876888373,STOP,-0.01816421876888373
2026-03-25,EQT.ST,0,0.015114192593914666,EOD,0.011214192593914665
2026-03-26,EQT.ST,1,-0.00872905046535577,STOP,-0.01262905046535577
2026-03-30,EQT.ST,2,0.018312409707416988,EOD,0.014412409707416987
2026-03-31,EQT.ST,0,0.003151239066004008,EOD,-0.0007487609339959919
2026-04-02,EQT.ST,0,0.0006981228866709266,EOD,-0.0032018771133290732
2026-04-09,EQT.ST,4,-0.012240754943230181,STOP,-0.01614075494323018
2026-04-10,EQT.ST,1,-0.003060162794310206,EOD,-0.006960162794310206
2026-04-13,EQT.ST,0,0.007483034717793435,EOD,0.0035830347177934355
2026-04-14,EQT.ST,4,0.01442948923815024,EOD,0.010529489238150239
2026-04-15,EQT.ST,0,-0.009526918379211824,STOP,-0.013426918379211825
2026-04-16,EQT.ST,1,0.0025567859576614005,EOD,-0.0013432140423385993
2026-04-17,EQT.ST,0,0.03675540519384812,EOD,0.03285540519384812
2026-04-20,EQT.ST,0,-0.018948691857347155,STOP,-0.022848691857347156
2026-04-21,EQT.ST,2,-0.008289874442236722,STOP,-0.012189874442236723
2026-04-22,EQT.ST,0,0.004958089635618057,EOD,0.0010580896356180572
2026-04-24,EQT.ST,3,-0.005379785465288722,EOD,-0.009279785465288723
2026-04-27,EQT.ST,2,-0.01015876891121037,EOD,-0.01405876891121037
2026-04-28,EQT.ST,2,-0.00801025296734792,STOP,-0.01191025296734792
2026-04-30,EQT.ST,0,-0.005698899627957665,EOD,-0.009598899627957666
2026-05-04,EQT.ST,5,-0.0012948977157261066,EOD,-0.005194897715726106
2026-05-05,EQT.ST,0,-0.017874164711548013,STOP,-0.021774164711548014
2026-05-06,EQT.ST,0,-0.0047199498351685465,EOD,-0.008619949835168547
2026-05-08,EQT.ST,4,-0.0012869816994678374,EOD,-0.005186981699467837
2026-05-11,EQT.ST,0,0.003864773613627248,EOD,-3.522638637275168e-05
2026-05-12,EQT.ST,4,-0.013929440040523988,STOP,-0.01782944004052399
2026-05-18,EQT.ST,4,0.013531373278929504,EOD,0.009631373278929503
2026-05-20,EQT.ST,2,0.019116738389011845,EOD,0.015216738389011844
2026-05-21,EQT.ST,6,-0.0051298689798841,EOD,-0.0090298689798841
2026-05-26,EQT.ST,5,-0.002832937927229273,EOD,-0.006732937927229273
2026-05-27,EQT.ST,3,-0.017587201788606843,EOD,-0.021487201788606844
2026-05-28,EQT.ST,0,-0.009463722397476393,STOP,-0.013363722397476394
2026-05-29,EQT.ST,2,0.002510159279344615,EOD,-0.001389840720655385
2026-06-01,EQT.ST,4,-0.02012576697007662,STOP,-0.02402576697007662
2026-06-02,EQT.ST,0,-0.035714211890092384,STOP,-0.039614211890092385
2026-06-04,EQT.ST,0,0.006722689075630228,EOD,0.0028226890756302284
2026-06-05,EQT.ST,1,0.0006661614967398144,EOD,-0.0032338385032601854
2026-06-08,EQT.ST,3,0.0034188034188034067,EOD,-0.00048119658119659316
2026-06-09,EQT.ST,5,-0.010526336514484314,STOP,-0.014426336514484314
2026-06-11,EQT.ST,2,-0.013636342295399895,STOP,-0.017536342295399895
2026-06-12,EQT.ST,1,-0.01715265866209259,STOP,-0.02105265866209259
2026-06-16,EQT.ST,0,-0.005485108112988524,STOP,-0.009385108112988524
2026-06-23,EQT.ST,1,-0.002276199126034939,EOD,-0.006176199126034939
2026-06-24,EQT.ST,3,-0.01957835876330738,STOP,-0.02347835876330738
2026-06-25,EQT.ST,0,0.007213340700497728,EOD,0.003313340700497728
2026-06-26,EQT.ST,0,-0.00908744354797053,STOP,-0.012987443547970531
2026-06-29,EQT.ST,5,-0.009255830964483125,STOP,-0.013155830964483126
2026-06-30,EQT.ST,1,0.007723450351805106,EOD,0.003823450351805106
2026-07-01,EQT.ST,0,0.024981873973678015,EOD,0.021081873973678014
2026-07-02,EQT.ST,0,0.0010574119847053254,EOD,-0.0028425880152946744
2026-07-03,EQT.ST,0,-0.0042734392507803864,EOD,-0.008173439250780387
2023-08-09,ERIC-B.ST,0,0.0,EOD,-0.0039
2023-08-10,ERIC-B.ST,0,0.004649432729619818,EOD,0.0007494327296198181
2023-08-14,ERIC-B.ST,0,0.001678794097430325,EOD,-0.0022212059025696748
2023-08-17,ERIC-B.ST,0,0.007934973862152805,EOD,0.004034973862152806
2023-08-18,ERIC-B.ST,0,0.005043909283033665,EOD,0.0011439092830336653
2023-08-21,ERIC-B.ST,0,-0.010495298847562506,STOP,-0.014395298847562507
2023-08-22,ERIC-B.ST,1,-0.0022104023679931917,EOD,-0.0061104023679931915
2023-08-23,ERIC-B.ST,0,-0.0073474967169708805,STOP,-0.011247496716970881
2023-08-25,ERIC-B.ST,0,0.000554403603002962,EOD,-0.003345596396997038
2023-08-28,ERIC-B.ST,5,0.00018291843324402812,EOD,-0.0037170815667559717
2023-08-29,ERIC-B.ST,2,0.0036075174583987124,EOD,-0.0002924825416012874
2023-08-30,ERIC-B.ST,6,-0.00017979752001484606,EOD,-0.004079797520014846
2023-08-31,ERIC-B.ST,0,0.004995586044700628,EOD,0.0010955860447006286
2023-09-01,ERIC-B.ST,0,0.0038903841498010294,EOD,-9.615850198970398e-06
2023-09-04,ERIC-B.ST,1,-0.005778354535595498,EOD,-0.009678354535595499
2023-09-05,ERIC-B.ST,0,0.01156474243808292,EOD,0.00766474243808292
2023-09-06,ERIC-B.ST,4,-0.001369594531183127,EOD,-0.005269594531183127
2023-09-07,ERIC-B.ST,1,-0.005654589232409135,STOP,-0.009554589232409136
2023-09-14,ERIC-B.ST,6,0.0012420101857018029,EOD,-0.002657989814298197
2023-09-18,ERIC-B.ST,2,-0.0014123943718128418,EOD,-0.005312394371812842
2023-09-19,ERIC-B.ST,0,-0.0017571336213180189,EOD,-0.005657133621318019
2023-09-20,ERIC-B.ST,1,-0.0026046453460925045,EOD,-0.006504645346092504
2023-09-21,ERIC-B.ST,5,-0.0005236968670742081,EOD,-0.004423696867074208
2023-09-22,ERIC-B.ST,0,-0.0005264536429286926,EOD,-0.004426453642928692
2023-09-27,ERIC-B.ST,0,-0.013419178978999136,STOP,-0.017319178978999136
2023-09-29,ERIC-B.ST,0,0.0016904611147727788,EOD,-0.002209538885227221
2023-10-03,ERIC-B.ST,1,0.00901915691895172,EOD,0.005119156918951721
2023-10-04,ERIC-B.ST,0,-0.008082712387390223,STOP,-0.011982712387390224
2023-10-05,ERIC-B.ST,0,-0.007414437280645836,STOP,-0.011314437280645837
2023-10-06,ERIC-B.ST,4,-0.013180489910617266,STOP,-0.017080489910617266
2023-10-09,ERIC-B.ST,0,0.0073696753182157515,EOD,0.0034696753182157517
2023-10-10,ERIC-B.ST,0,-0.006842961604828446,EOD,-0.010742961604828447
2023-10-12,ERIC-B.ST,1,-0.006972496662664862,EOD,-0.010872496662664863
2023-10-13,ERIC-B.ST,2,-0.009488340865734024,STOP,-0.013388340865734025
2023-10-16,ERIC-B.ST,3,-0.0018507954169972862,EOD,-0.005750795416997286
2023-10-17,ERIC-B.ST,4,0.0019747687603408615,EOD,-0.0019252312396591384
2023-10-20,ERIC-B.ST,0,0.0013186417247339488,EOD,-0.002581358275266051
2023-10-23,ERIC-B.ST,0,-0.009109145627726911,STOP,-0.013009145627726912
2023-10-24,ERIC-B.ST,1,-0.008908658273869108,STOP,-0.012808658273869108
2023-10-25,ERIC-B.ST,0,-0.006572975325014996,STOP,-0.010472975325014997
2023-10-26,ERIC-B.ST,3,-0.004813511342335763,EOD,-0.008713511342335764
2023-10-27,ERIC-B.ST,0,-0.0064509565119893475,STOP,-0.010350956511989348
2023-10-31,ERIC-B.ST,0,0.01512227628366336,EOD,0.01122227628366336
2023-11-01,ERIC-B.ST,5,-0.005367802422643786,EOD,-0.009267802422643787
2023-11-02,ERIC-B.ST,6,-0.004143628319023707,EOD,-0.008043628319023707
2023-11-08,ERIC-B.ST,0,-0.00019638987179526612,EOD,-0.004096389871795266
2023-11-09,ERIC-B.ST,1,-0.006080842998717251,STOP,-0.009980842998717251
2023-11-14,ERIC-B.ST,0,0.016620501333030724,EOD,0.012720501333030723
2023-11-15,ERIC-B.ST,0,-0.004023741904549238,EOD,-0.007923741904549239
2023-11-17,ERIC-B.ST,1,-0.004385956297855098,EOD,-0.008285956297855099
2023-11-20,ERIC-B.ST,0,0.008015231998378614,EOD,0.004115231998378614
2023-11-22,ERIC-B.ST,0,-0.006637558831017021,STOP,-0.010537558831017022
2023-11-23,ERIC-B.ST,5,0.00114923145648671,EOD,-0.0027507685435132897
2023-11-24,ERIC-B.ST,0,-0.0007611972618095653,EOD,-0.004661197261809565
2023-11-27,ERIC-B.ST,6,-0.004572331316294309,STOP,-0.00847233131629431
2023-11-29,ERIC-B.ST,0,0.008052185292776848,EOD,0.004152185292776848
2023-11-30,ERIC-B.ST,1,-0.010857137044270826,STOP,-0.014757137044270827
2023-12-01,ERIC-B.ST,0,-0.006893921906092171,STOP,-0.010793921906092172
2023-12-04,ERIC-B.ST,1,0.01837958641870463,EOD,0.01447958641870463
2023-12-06,ERIC-B.ST,0,-0.00290595160590279,EOD,-0.00680595160590279
2023-12-08,ERIC-B.ST,0,-0.0006740969906384731,EOD,-0.004574096990638473
2023-12-11,ERIC-B.ST,4,-0.003347293103589166,EOD,-0.007247293103589166
2023-12-12,ERIC-B.ST,0,0.0011680242694438459,EOD,-0.002731975730556154
2023-12-14,ERIC-B.ST,0,-0.008415814098592711,STOP,-0.012315814098592712
2023-12-15,ERIC-B.ST,0,-0.010279463650854082,EOD,-0.014179463650854082
2023-12-18,ERIC-B.ST,0,-0.013085643833988803,STOP,-0.016985643833988803
2023-12-19,ERIC-B.ST,1,-0.002429174508160381,EOD,-0.006329174508160381
2023-12-20,ERIC-B.ST,3,0.006107316714283995,EOD,0.0022073167142839948
2023-12-22,ERIC-B.ST,0,0.0007980723997251804,EOD,-0.0031019276002748194
2023-12-27,ERIC-B.ST,2,-0.005820338739358055,EOD,-0.009720338739358056
2023-12-28,ERIC-B.ST,6,-0.0009472903875350491,EOD,-0.004847290387535049
2023-12-29,ERIC-B.ST,0,-0.004569822245684585,STOP,-0.008469822245684586
2024-01-02,ERIC-B.ST,0,-0.00031353593786831446,EOD,-0.004213535937868314
2024-01-04,ERIC-B.ST,6,-0.0017377663772096819,EOD,-0.005637766377209682
2024-01-10,ERIC-B.ST,4,0.0055688511903859705,EOD,0.0016688511903859707
2024-01-12,ERIC-B.ST,0,0.010869543662329395,EOD,0.006969543662329395
2024-01-17,ERIC-B.ST,1,-0.0032957139853552198,EOD,-0.00719571398535522
2024-01-18,ERIC-B.ST,0,0.0018721177759539742,EOD,-0.0020278822240460256
2024-01-23,ERIC-B.ST,2,0.02965961091943159,EOD,0.02575961091943159
2024-01-25,ERIC-B.ST,0,0.00430039927501813,EOD,0.00040039927501812986
2024-01-26,ERIC-B.ST,6,-0.0004942766658490028,EOD,-0.004394276665849003
2024-01-29,ERIC-B.ST,5,-0.008052553427391196,STOP,-0.011952553427391197
2024-02-08,ERIC-B.ST,4,0.010716171747354064,EOD,0.006816171747354064
2024-02-09,ERIC-B.ST,3,-0.006359311190075045,STOP,-0.010259311190075046
2024-02-15,ERIC-B.ST,0,-0.0005363629381940349,EOD,-0.004436362938194035
2024-02-16,ERIC-B.ST,0,-0.008041471949636225,STOP,-0.011941471949636226
2024-02-19,ERIC-B.ST,0,0.0032194653133077455,EOD,-0.0006805346866922543
2024-02-20,ERIC-B.ST,0,-0.0060337207062044484,STOP,-0.00993372070620445
2024-02-22,ERIC-B.ST,1,0.00017845024739715498,EOD,-0.003721549752602845
2024-02-23,ERIC-B.ST,2,-0.007802777646239045,STOP,-0.011702777646239046
2024-02-27,ERIC-B.ST,0,0.014700604388119265,EOD,0.010800604388119264
2024-02-29,ERIC-B.ST,2,0.00017784278399335385,EOD,-0.003722157216006646
2024-03-01,ERIC-B.ST,2,-0.0046116021870299395,STOP,-0.00851160218702994
2024-03-04,ERIC-B.ST,0,-0.004770258840022024,STOP,-0.008670258840022024
2024-03-05,ERIC-B.ST,1,-0.007571760842465691,STOP,-0.011471760842465692
2024-03-06,ERIC-B.ST,0,0.014022025441742247,EOD,0.010122025441742247
2024-03-11,ERIC-B.ST,2,0.004910536251298003,EOD,0.0010105362512980035
2024-03-12,ERIC-B.ST,0,0.008835729569428352,EOD,0.004935729569428352
2024-03-13,ERIC-B.ST,1,0.0023984819635136656,EOD,-0.0015015180364863342
2024-03-14,ERIC-B.ST,0,-0.006297854159740712,STOP,-0.010197854159740713
2024-03-15,ERIC-B.ST,0,0.001011933844953461,EOD,-0.002888066155046539
2024-03-19,ERIC-B.ST,4,0.0042598806854239335,EOD,0.0003598806854239337
2024-03-20,ERIC-B.ST,4,0.0012291430006401427,EOD,-0.002670856999359857
2024-03-21,ERIC-B.ST,0,-0.0010409014439463071,EOD,-0.004940901443946307
2024-03-22,ERIC-B.ST,1,-0.005888468006655545,EOD,-0.009788468006655546
2024-03-25,ERIC-B.ST,0,-0.008330433029055673,STOP,-0.012230433029055673
2024-03-26,ERIC-B.ST,2,0.012158566109409463,EOD,0.008258566109409463
2024-03-28,ERIC-B.ST,2,-0.007027765621182014,STOP,-0.010927765621182015
2024-04-02,ERIC-B.ST,0,-0.009894200391087793,STOP,-0.013794200391087794
2024-04-03,ERIC-B.ST,1,0.00898721832489291,EOD,0.00508721832489291
2024-04-08,ERIC-B.ST,3,0.0010905374916723165,EOD,-0.0028094625083276833
2024-04-09,ERIC-B.ST,0,0.009821770098642935,EOD,0.005921770098642935
2024-04-10,ERIC-B.ST,0,-0.011408189074081143,STOP,-0.015308189074081144
2024-04-15,ERIC-B.ST,0,-0.010724885566139708,STOP,-0.014624885566139709
2024-04-17,ERIC-B.ST,0,0.008449722828322015,EOD,0.004549722828322015
2024-04-18,ERIC-B.ST,0,-0.010626965707587144,EOD,-0.014526965707587144
2024-04-19,ERIC-B.ST,2,0.008960573599218202,EOD,0.0050605735992182025
2024-04-22,ERIC-B.ST,0,0.0006998060817726692,EOD,-0.0032001939182273306
2024-04-23,ERIC-B.ST,0,-0.008956259825424029,STOP,-0.01285625982542403
2024-05-03,ERIC-B.ST,4,0.0007049189222223529,EOD,-0.003195081077777647
2024-05-06,ERIC-B.ST,3,0.005261298397967629,EOD,0.0013612983979676288
2024-05-07,ERIC-B.ST,0,0.016718964294379246,EOD,0.012818964294379245
2024-05-10,ERIC-B.ST,0,-0.011213045201634575,STOP,-0.015113045201634576
2024-05-13,ERIC-B.ST,5,-0.005817935670390351,STOP,-0.009717935670390351
2024-05-14,ERIC-B.ST,0,0.044886937609742494,EOD,0.040986937609742494
2024-05-16,ERIC-B.ST,1,-0.007886946063465627,STOP,-0.011786946063465628
2024-05-20,ERIC-B.ST,1,0.0061668463924398065,EOD,0.0022668463924398067
2024-05-21,ERIC-B.ST,3,-0.007092237829031456,STOP,-0.010992237829031457
2024-05-22,ERIC-B.ST,0,0.004714004398770344,EOD,0.0008140043987703441
2024-05-23,ERIC-B.ST,3,-0.0068492939187524415,STOP,-0.010749293918752442
2024-05-24,ERIC-B.ST,0,0.0003153651583274186,EOD,-0.003584634841672581
2024-05-29,ERIC-B.ST,0,-0.0072509315011081155,STOP,-0.011150931501108116
2024-05-30,ERIC-B.ST,0,0.01860031755070457,EOD,0.01470031755070457
2024-06-03,ERIC-B.ST,0,-0.006079050263329999,EOD,-0.00997905026333
2024-06-04,ERIC-B.ST,0,-0.0033475535090802255,EOD,-0.007247553509080225
2024-06-05,ERIC-B.ST,0,0.004244978520061782,EOD,0.00034497852006178196
2024-06-12,ERIC-B.ST,4,0.002506263268008846,EOD,-0.001393736731991154
2024-06-14,ERIC-B.ST,0,-0.005785930621804214,STOP,-0.009685930621804215
2024-06-17,ERIC-B.ST,0,-0.007400242689862391,STOP,-0.011300242689862391
2024-06-18,ERIC-B.ST,1,0.0003203148334971484,EOD,-0.0035796851665028514
2024-06-19,ERIC-B.ST,0,-0.0063979770145576875,EOD,-0.010297977014557688
2024-06-20,ERIC-B.ST,1,0.0028662469325246853,EOD,-0.0010337530674753145
2024-06-24,ERIC-B.ST,0,0.009639346230157386,EOD,0.005739346230157386
2024-06-26,ERIC-B.ST,0,-0.005235662988955614,EOD,-0.009135662988955615
2024-06-27,ERIC-B.ST,0,-0.0009165530008078404,EOD,-0.00481655300080784
2024-07-01,ERIC-B.ST,0,0.004791849366182044,EOD,0.000891849366182044
2024-07-03,ERIC-B.ST,0,-0.004526183281358009,STOP,-0.00842618328135801
2024-07-05,ERIC-B.ST,0,0.0024472876847820846,EOD,-0.0014527123152179152
2024-07-08,ERIC-B.ST,0,0.024441804110111987,EOD,0.020541804110111986
2024-07-10,ERIC-B.ST,0,0.002360632413558772,EOD,-0.0015393675864412279
2024-07-16,ERIC-B.ST,0,0.010829326487968416,EOD,0.006929326487968416
2024-07-18,ERIC-B.ST,0,-0.0008399382130129807,EOD,-0.0047399382130129805
2024-07-22,ERIC-B.ST,2,0.008438797285480693,EOD,0.004538797285480693
2024-07-23,ERIC-B.ST,0,-0.006923289830361612,STOP,-0.010823289830361613
2024-07-24,ERIC-B.ST,0,-0.0064299563682674865,STOP,-0.010329956368267487
2024-07-25,ERIC-B.ST,4,0.0014064483300586517,EOD,-0.002493551669941348
2024-07-26,ERIC-B.ST,0,0.008707904117365883,EOD,0.0048079041173658835
2024-07-29,ERIC-B.ST,0,-0.010142514707446315,STOP,-0.014042514707446316
2024-07-30,ERIC-B.ST,0,-0.005460026129061268,STOP,-0.009360026129061269
2024-08-01,ERIC-B.ST,2,-0.005156000938301708,EOD,-0.009056000938301709
2024-08-07,ERIC-B.ST,0,-0.005206835602105331,STOP,-0.009106835602105331
2024-08-08,ERIC-B.ST,2,0.015037496111391713,EOD,0.011137496111391712
2024-08-09,ERIC-B.ST,0,-0.007344692797270014,EOD,-0.011244692797270014
2024-08-12,ERIC-B.ST,0,0.0025387912736514195,EOD,-0.0013612087263485803
2024-08-13,ERIC-B.ST,0,0.006471568269877048,EOD,0.0025715682698770484
2024-08-15,ERIC-B.ST,0,0.014941918224880002,EOD,0.011041918224880001
2024-08-16,ERIC-B.ST,6,0.002969778823775693,EOD,-0.000930221176224307
2024-08-21,ERIC-B.ST,0,-0.004876735462473913,STOP,-0.008776735462473914
2024-08-22,ERIC-B.ST,2,0.007030885328527692,EOD,0.003130885328527692
2024-08-23,ERIC-B.ST,0,-0.0010637527248200662,EOD,-0.004963752724820066
2024-08-26,ERIC-B.ST,0,0.009564309675588634,EOD,0.005664309675588634
2024-08-28,ERIC-B.ST,2,0.004769382153504642,EOD,0.0008693821535046423
2024-08-29,ERIC-B.ST,0,0.0,EOD,-0.0039
2024-08-30,ERIC-B.ST,0,0.0015706166857452075,EOD,-0.0023293833142547923
2024-09-02,ERIC-B.ST,0,-0.00548443665321241,STOP,-0.00938443665321241
2024-09-03,ERIC-B.ST,0,0.00026139402701175207,EOD,-0.0036386059729882477
2024-09-04,ERIC-B.ST,0,0.0015814806395058056,EOD,-0.002318519360494194
2024-09-09,ERIC-B.ST,2,0.0045297625678677456,EOD,0.0006297625678677457
2024-09-10,ERIC-B.ST,6,-0.0021130964016100595,EOD,-0.006013096401610059
2024-09-11,ERIC-B.ST,5,-0.006350930739675742,STOP,-0.010250930739675743
2024-09-12,ERIC-B.ST,0,-0.007898874162094893,STOP,-0.011798874162094894
2024-09-13,ERIC-B.ST,5,0.008503844957244988,EOD,0.004603844957244988
2024-09-16,ERIC-B.ST,0,-0.007894716764751286,STOP,-0.011794716764751287
2024-09-19,ERIC-B.ST,0,-0.001831493788291727,EOD,-0.005731493788291727
2024-09-20,ERIC-B.ST,0,0.006512112632838685,EOD,0.002612112632838685
2024-09-23,ERIC-B.ST,0,-0.006128745643564026,EOD,-0.010028745643564027
2024-09-24,ERIC-B.ST,7,-0.0005133587842316434,EOD,-0.004413358784231643
2024-09-25,ERIC-B.ST,1,0.004099406928420812,EOD,0.00019940692842081251
2024-10-02,ERIC-B.ST,4,0.009481185113980883,EOD,0.0055811851139808836
2024-10-04,ERIC-B.ST,0,0.0013095661776034717,EOD,-0.002590433822396528
2024-10-07,ERIC-B.ST,3,0.005219226631843377,EOD,0.0013192266318433768
2024-10-08,ERIC-B.ST,2,0.0023316102628405666,EOD,-0.0015683897371594332
2024-10-11,ERIC-B.ST,5,0.0,EOD,-0.0039
2024-10-14,ERIC-B.ST,0,-0.0069142244056031865,STOP,-0.010814224405603187
2024-10-15,ERIC-B.ST,2,0.0060297342919972685,EOD,0.0021297342919972687
2024-10-16,ERIC-B.ST,6,-0.0004524990366163717,EOD,-0.0043524990366163715
2024-10-18,ERIC-B.ST,4,0.017836697632331644,EOD,0.013936697632331643
2024-10-23,ERIC-B.ST,5,-0.00494384765625,STOP,-0.00884384765625
2024-10-24,ERIC-B.ST,5,-0.0035595071122673794,EOD,-0.007459507112267379
2024-10-25,ERIC-B.ST,0,-0.004445449110422661,STOP,-0.008345449110422662
2024-10-28,ERIC-B.ST,6,0.003749408212906813,EOD,-0.0001505917870931869
2024-11-01,ERIC-B.ST,0,0.0004471374461962885,EOD,-0.0034528625538037113
2024-11-07,ERIC-B.ST,0,-0.014065663211380586,STOP,-0.017965663211380586
2024-11-15,ERIC-B.ST,1,-0.006389748545113427,STOP,-0.010289748545113428
2024-11-18,ERIC-B.ST,0,0.0054769895056649975,EOD,0.0015769895056649977
2024-11-19,ERIC-B.ST,7,0.0020357420142878,EOD,-0.0018642579857121996
2024-11-21,ERIC-B.ST,7,-0.0013624289746519969,EOD,-0.005262428974651997
2024-11-22,ERIC-B.ST,4,0.003828011353899763,EOD,-7.198864610023694e-05
2024-11-26,ERIC-B.ST,0,-0.005119063892145892,STOP,-0.009019063892145893
2024-11-28,ERIC-B.ST,0,-0.0020111765941428494,EOD,-0.005911176594142849
2024-11-29,ERIC-B.ST,1,-0.004037691740299443,STOP,-0.007937691740299443
2024-12-02,ERIC-B.ST,0,0.011915440304661296,EOD,0.008015440304661295
2024-12-03,ERIC-B.ST,0,-0.00375944226124314,STOP,-0.00765944226124314
2024-12-05,ERIC-B.ST,0,0.011438637664673568,EOD,0.007538637664673568
2024-12-09,ERIC-B.ST,5,-0.004117062516232117,EOD,-0.008017062516232118
2024-12-10,ERIC-B.ST,2,-0.007638552519690034,STOP,-0.011538552519690035
2024-12-12,ERIC-B.ST,5,0.001981945670343821,EOD,-0.0019180543296561789
2024-12-13,ERIC-B.ST,0,-0.003735402663481935,STOP,-0.007635402663481935
2024-12-18,ERIC-B.ST,0,-0.004827764366391096,EOD,-0.008727764366391097
2024-12-20,ERIC-B.ST,7,0.0020242949716866576,EOD,-0.0018757050283133422
2024-12-23,ERIC-B.ST,0,0.005175507410976721,EOD,0.001275507410976721
2024-12-27,ERIC-B.ST,0,0.0020084835936098333,EOD,-0.0018915164063901665
2024-12-30,ERIC-B.ST,0,0.001779400193144598,EOD,-0.002120599806855402
2025-01-02,ERIC-B.ST,4,0.001542522987585393,EOD,-0.002357477012414607
2025-01-03,ERIC-B.ST,0,0.001320452797191507,EOD,-0.002579547202808493
2025-01-07,ERIC-B.ST,5,0.0028384513161747726,EOD,-0.0010615486838252272
2025-01-08,ERIC-B.ST,0,-0.0075758069921748605,STOP,-0.011475806992174861
2025-01-09,ERIC-B.ST,0,0.0021435899431989647,EOD,-0.0017564100568010351
2025-01-10,ERIC-B.ST,0,-0.004909275341030694,STOP,-0.008809275341030695
2025-01-14,ERIC-B.ST,0,0.009938179661462376,EOD,0.0060381796614623765
2025-01-15,ERIC-B.ST,0,0.025912263283461634,EOD,0.022012263283461633
2025-01-17,ERIC-B.ST,0,0.004638440212683559,EOD,0.0007384402126835591
2025-01-20,ERIC-B.ST,0,-0.009376969101907107,EOD,-0.013276969101907107
2025-01-21,ERIC-B.ST,0,0.010575296381330368,EOD,0.006675296381330368
2025-01-22,ERIC-B.ST,0,0.0,EOD,-0.0039
2025-01-23,ERIC-B.ST,1,0.005355347895288798,EOD,0.001455347895288798
2025-01-24,ERIC-B.ST,0,-0.028558714924123207,STOP,-0.03245871492412321
2025-01-27,ERIC-B.ST,0,0.009838416424305052,EOD,0.005938416424305052
2025-01-28,ERIC-B.ST,3,-0.007681518235336582,STOP,-0.011581518235336583
2025-01-30,ERIC-B.ST,0,0.0023490362893578975,EOD,-0.0015509637106421023
2025-02-03,ERIC-B.ST,0,0.006022645389275105,EOD,0.0021226453892751055
2025-02-05,ERIC-B.ST,1,0.0004825200819189579,EOD,-0.003417479918081042
2025-02-06,ERIC-B.ST,0,-0.006921262648361237,STOP,-0.010821262648361238
2025-02-07,ERIC-B.ST,0,-0.008133975090756529,STOP,-0.01203397509075653
2025-02-10,ERIC-B.ST,0,-0.0035655223904687006,EOD,-0.0074655223904687
2025-02-11,ERIC-B.ST,6,-0.0011812674130604606,EOD,-0.00508126741306046
2025-02-13,ERIC-B.ST,6,0.0002345372104783916,EOD,-0.0036654627895216082
2025-02-14,ERIC-B.ST,5,-0.0025820844975175117,EOD,-0.0064820844975175115
2025-02-17,ERIC-B.ST,0,0.003773581171086837,EOD,-0.0001264188289131626
2025-02-18,ERIC-B.ST,1,0.0023446300244658325,EOD,-0.0015553699755341674
2025-02-20,ERIC-B.ST,0,0.0014032127138976502,EOD,-0.0024967872861023496
2025-02-21,ERIC-B.ST,0,-0.005606205810975151,STOP,-0.009506205810975152
2025-02-24,ERIC-B.ST,0,-0.003981311021196254,EOD,-0.007881311021196255
2025-02-25,ERIC-B.ST,0,0.018617621930043127,EOD,0.014717621930043126
2025-02-26,ERIC-B.ST,6,0.002032064816605894,EOD,-0.0018679351833941057
2025-02-27,ERIC-B.ST,0,0.0056458899478761815,EOD,0.0017458899478761817
2025-02-28,ERIC-B.ST,0,-0.006964672439535469,STOP,-0.01086467243953547
2025-03-03,ERIC-B.ST,3,0.0006729201001507423,EOD,-0.0032270798998492575
2025-03-05,ERIC-B.ST,0,0.0025310771437836443,EOD,-0.0013689228562163555
2025-03-07,ERIC-B.ST,4,0.0043960810120933225,EOD,0.0004960810120933226
2025-03-10,ERIC-B.ST,4,-0.009639618358666335,STOP,-0.013539618358666336
2025-03-12,ERIC-B.ST,0,-0.01002870040426862,STOP,-0.01392870040426862
2025-03-13,ERIC-B.ST,0,-0.0014717040131794201,EOD,-0.00537170401317942
2025-03-14,ERIC-B.ST,0,0.011896132430290196,EOD,0.007996132430290195
2025-03-17,ERIC-B.ST,0,-0.0012001737216437158,EOD,-0.005100173721643716
2025-03-18,ERIC-B.ST,6,-0.0016746338780350145,EOD,-0.005574633878035014
2025-03-19,ERIC-B.ST,0,0.0,EOD,-0.0039
2025-03-24,ERIC-B.ST,2,0.0035928509192553193,EOD,-0.0003071490807446805
2025-03-26,ERIC-B.ST,0,-0.006031362977043098,STOP,-0.009931362977043098
2025-03-28,ERIC-B.ST,0,-0.013316552498909506,STOP,-0.017216552498909507
2025-03-31,ERIC-B.ST,5,-0.005625190929935631,STOP,-0.009525190929935631
2025-04-03,ERIC-B.ST,0,-0.010795151457444363,STOP,-0.014695151457444364
2025-04-07,ERIC-B.ST,0,0.021906504002609184,EOD,0.018006504002609183
2025-04-08,ERIC-B.ST,5,0.005979581593303029,EOD,0.0020795815933030296
2025-04-14,ERIC-B.ST,1,0.016013197040587013,EOD,0.012113197040587012
2025-04-17,ERIC-B.ST,2,0.0015289897050814183,EOD,-0.0023710102949185815
2025-04-22,ERIC-B.ST,0,0.007049314468573931,EOD,0.003149314468573931
2025-04-25,ERIC-B.ST,0,0.00025039622982192533,EOD,-0.0036496037701780745
2025-04-28,ERIC-B.ST,4,-0.004502258810323956,EOD,-0.008402258810323956
2025-04-29,ERIC-B.ST,0,-0.006980772252210166,STOP,-0.010880772252210166
2025-04-30,ERIC-B.ST,2,0.0019699092626221937,EOD,-0.0019300907373778061
2025-05-07,ERIC-B.ST,0,-0.006418127186023637,STOP,-0.010318127186023637
2025-05-08,ERIC-B.ST,0,-0.00959417440851551,STOP,-0.01349417440851551
2025-05-12,ERIC-B.ST,0,0.008532385914560736,EOD,0.004632385914560736
2025-05-13,ERIC-B.ST,5,-0.006506035126835452,STOP,-0.010406035126835453
2025-05-14,ERIC-B.ST,0,-0.006272669033650202,STOP,-0.010172669033650203
2025-05-15,ERIC-B.ST,4,0.011197640310836476,EOD,0.0072976403108364766
2025-05-16,ERIC-B.ST,0,-0.0061992925619130945,EOD,-0.010099292561913095
2025-05-19,ERIC-B.ST,6,0.0007202587802603855,EOD,-0.0031797412197396143
2025-05-20,ERIC-B.ST,0,0.011941724689637834,EOD,0.008041724689637833
2025-05-21,ERIC-B.ST,5,0.0046838585331605564,EOD,0.0007838585331605566
2025-05-27,ERIC-B.ST,5,-0.00023788536339730548,EOD,-0.004137885363397305
2025-06-02,ERIC-B.ST,0,0.00910430456303124,EOD,0.00520430456303124
2025-06-03,ERIC-B.ST,1,-0.006315237626833836,STOP,-0.010215237626833837
2025-06-04,ERIC-B.ST,1,-0.004826181343386526,STOP,-0.008726181343386527
2025-06-05,ERIC-B.ST,1,-0.0026372719435641123,EOD,-0.006537271943564112
2025-06-13,ERIC-B.ST,0,-0.004993776947550654,EOD,-0.008893776947550655
2025-06-16,ERIC-B.ST,0,-0.0064644984669128824,STOP,-0.010364498466912883
2025-06-18,ERIC-B.ST,0,-0.0014848149843499359,EOD,-0.005384814984349936
2025-06-19,ERIC-B.ST,1,-0.000989386970700168,EOD,-0.004889386970700168
2025-06-24,ERIC-B.ST,0,-0.007932565533312008,STOP,-0.011832565533312009
2025-06-26,ERIC-B.ST,2,0.0012576220791924442,EOD,-0.0026423779208075556
2025-06-27,ERIC-B.ST,0,0.0027295437328545002,EOD,-0.0011704562671454996
2025-07-01,ERIC-B.ST,5,-0.005200666013249422,STOP,-0.009100666013249423
2025-07-02,ERIC-B.ST,3,-0.007078372147589773,STOP,-0.010978372147589774
2025-07-03,ERIC-B.ST,5,0.0019525998040974546,EOD,-0.0019474001959025452
2025-07-04,ERIC-B.ST,6,-0.002192451991732014,EOD,-0.006092451991732014
2025-07-07,ERIC-B.ST,5,-0.0051244286680925955,STOP,-0.009024428668092596
2025-07-08,ERIC-B.ST,5,0.0017089769626179585,EOD,-0.0021910230373820413
2025-07-10,ERIC-B.ST,0,-0.007604543251172102,EOD,-0.011504543251172103
2025-07-14,ERIC-B.ST,0,-0.002579372907857036,EOD,-0.006479372907857036
2025-07-16,ERIC-B.ST,0,0.005578822076766077,EOD,0.001678822076766077
2025-07-17,ERIC-B.ST,0,-0.0008259575866997881,EOD,-0.004725957586699788
2025-07-18,ERIC-B.ST,0,-0.00027490574173316684,EOD,-0.004174905741733167
2025-07-22,ERIC-B.ST,6,-0.0022038021498289595,EOD,-0.006103802149828959
2025-07-23,ERIC-B.ST,2,-0.0013777689666343296,EOD,-0.005277768966634329
2025-07-29,ERIC-B.ST,4,-0.0036190773954537514,EOD,-0.007519077395453751
2025-07-31,ERIC-B.ST,0,0.0036577729338542753,EOD,-0.00024222706614572456
2025-08-01,ERIC-B.ST,0,-0.004232441224436112,STOP,-0.008132441224436113
2025-08-04,ERIC-B.ST,5,0.006717091562878252,EOD,0.0028170915628782526
2025-08-05,ERIC-B.ST,5,-0.004713007218841381,STOP,-0.008613007218841381
2025-08-07,ERIC-B.ST,0,0.006126461198494804,EOD,0.002226461198494804
2025-08-08,ERIC-B.ST,6,-0.004129997993922996,STOP,-0.008029997993922997
2025-08-12,ERIC-B.ST,4,-0.004927465403524622,STOP,-0.008827465403524623
2025-08-14,ERIC-B.ST,1,-0.0032618304864293624,EOD,-0.007161830486429362
2025-08-15,ERIC-B.ST,0,-0.0016193673368213313,EOD,-0.005519367336821331
2025-08-19,ERIC-B.ST,1,0.004047428646069662,EOD,0.00014742864606966197
2025-08-20,ERIC-B.ST,0,-0.004299915381585584,STOP,-0.008199915381585585
2025-08-21,ERIC-B.ST,0,-0.002156964969683539,STOP,-0.006056964969683539
2025-08-22,ERIC-B.ST,0,0.008273219869084691,EOD,0.004373219869084692
2025-08-25,ERIC-B.ST,0,-0.002371545475060466,EOD,-0.006271545475060466
2025-08-26,ERIC-B.ST,0,0.0007885044571807054,EOD,-0.0031114955428192944
2025-08-27,ERIC-B.ST,0,-0.0010547759167044424,EOD,-0.004954775916704442
2025-08-29,ERIC-B.ST,5,-0.0062349908255970865,STOP,-0.010134990825597087
2025-09-02,ERIC-B.ST,5,-0.010732533430800717,STOP,-0.014632533430800718
2025-09-03,ERIC-B.ST,0,-0.004309179714769962,EOD,-0.008209179714769962
2025-09-04,ERIC-B.ST,5,0.006933288574218821,EOD,0.0030332885742188212
2025-09-05,ERIC-B.ST,0,-0.00762949522851708,STOP,-0.011529495228517081
2025-09-08,ERIC-B.ST,0,-0.006076606380673533,STOP,-0.009976606380673533
2025-09-09,ERIC-B.ST,5,-0.0005292526403579689,EOD,-0.004429252640357969
2025-09-11,ERIC-B.ST,0,-0.003990463561319713,STOP,-0.007890463561319713
2025-09-16,ERIC-B.ST,5,-0.0008130783944032549,EOD,-0.004713078394403255
2025-09-17,ERIC-B.ST,5,0.004578458498653237,EOD,0.0006784584986532375
2025-09-18,ERIC-B.ST,1,0.006117110804988446,EOD,0.002217110804988446
2025-09-19,ERIC-B.ST,0,-0.0036620295925917645,EOD,-0.007562029592591764
2025-09-23,ERIC-B.ST,0,-0.0010224208057807438,EOD,-0.004922420805780744
2025-09-26,ERIC-B.ST,5,-0.0023622088239457772,EOD,-0.006262208823945777
2025-09-29,ERIC-B.ST,2,-0.005730690914322989,EOD,-0.00963069091432299
2025-09-30,ERIC-B.ST,5,0.013014055799829505,EOD,0.009114055799829504
2025-10-01,ERIC-B.ST,0,0.009763645580498581,EOD,0.005863645580498581
2025-10-02,ERIC-B.ST,0,-0.00557520048429061,STOP,-0.00947520048429061
2025-10-06,ERIC-B.ST,0,0.001009104847206066,EOD,-0.002890895152793934
2025-10-07,ERIC-B.ST,0,-0.0057803351833192185,STOP,-0.00968033518331922
2025-10-08,ERIC-B.ST,2,0.004000996266480872,EOD,0.00010099626648087199
2025-10-10,ERIC-B.ST,0,-0.013681572801550579,EOD,-0.01758157280155058
2025-10-14,ERIC-B.ST,0,0.03981004688255263,EOD,0.03591004688255263
2025-10-17,ERIC-B.ST,4,-0.0053333706325955355,EOD,-0.009233370632595536
2025-10-21,ERIC-B.ST,5,0.007569015281548852,EOD,0.0036690152815488522
2025-10-27,ERIC-B.ST,0,-0.005339303101073001,STOP,-0.009239303101073001
2025-10-28,ERIC-B.ST,0,-0.0060442501485059585,STOP,-0.00994425014850596
2025-10-29,ERIC-B.ST,0,0.0012631868061265816,EOD,-0.002636813193873418
2025-10-30,ERIC-B.ST,4,-0.006712811141509234,STOP,-0.010612811141509235
2025-10-31,ERIC-B.ST,2,-0.006842173325513623,STOP,-0.010742173325513624
2025-11-03,ERIC-B.ST,0,-0.007736100604255225,EOD,-0.011636100604255226
2025-11-05,ERIC-B.ST,6,-0.007191204766628934,EOD,-0.011091204766628934
2025-11-06,ERIC-B.ST,0,0.00298506151585487,EOD,-0.0009149384841451299
2025-11-10,ERIC-B.ST,4,-0.005375188325566049,STOP,-0.00927518832556605
2025-11-11,ERIC-B.ST,3,0.0010663091855698248,EOD,-0.002833690814430175
2025-11-12,ERIC-B.ST,0,0.0021191415920440715,EOD,-0.0017808584079559283
2025-11-13,ERIC-B.ST,5,-0.0063171834313461295,STOP,-0.01021718343134613
2025-11-14,ERIC-B.ST,6,-0.005160134861979082,STOP,-0.009060134861979083
2025-11-17,ERIC-B.ST,5,-0.004527876117585761,STOP,-0.008427876117585761
2025-11-19,ERIC-B.ST,2,-0.005312122108137807,STOP,-0.009212122108137807
2025-11-20,ERIC-B.ST,3,-0.004175793993604016,STOP,-0.008075793993604016
2025-11-21,ERIC-B.ST,0,0.00022208621571606635,EOD,-0.0036779137842839335
2025-11-25,ERIC-B.ST,0,0.004640863745251966,EOD,0.0007408637452519665
2025-11-27,ERIC-B.ST,1,0.002192071266105655,EOD,-0.0017079287338943447
2025-11-28,ERIC-B.ST,6,-0.0035079992385660397,STOP,-0.0074079992385660395
2025-12-02,ERIC-B.ST,0,0.001536428725071426,EOD,-0.002363571274928574
2025-12-04,ERIC-B.ST,4,-0.007461052334097551,STOP,-0.011361052334097552
2025-12-08,ERIC-B.ST,4,0.00177418532017537,EOD,-0.00212581467982463
2025-12-09,ERIC-B.ST,1,0.0030904943047747047,EOD,-0.0008095056952252952
2025-12-11,ERIC-B.ST,0,0.009836767968072868,EOD,0.005936767968072868
2025-12-12,ERIC-B.ST,5,-0.005750903047960887,STOP,-0.009650903047960888
2025-12-15,ERIC-B.ST,4,-0.004466211560833044,STOP,-0.008366211560833045
2025-12-16,ERIC-B.ST,0,-0.007751988416163091,EOD,-0.011651988416163092
2025-12-18,ERIC-B.ST,0,0.003787079214836897,EOD,-0.0001129207851631028
2025-12-19,ERIC-B.ST,0,-0.004423817009280628,STOP,-0.008323817009280629
2025-12-22,ERIC-B.ST,0,-0.0033112078081212193,STOP,-0.007211207808121219
2025-12-29,ERIC-B.ST,0,0.0051362114449780005,EOD,0.0012362114449780007
2025-12-30,ERIC-B.ST,0,0.001994684280107295,EOD,-0.0019053157198927048
2026-01-05,ERIC-B.ST,0,0.010827871022104807,EOD,0.006927871022104807
2026-01-07,ERIC-B.ST,0,0.0028577104555154165,EOD,-0.0010422895444845834
2026-01-09,ERIC-B.ST,2,-0.009362864554467887,STOP,-0.013262864554467887
2026-01-12,ERIC-B.ST,0,-0.00046128359331643054,EOD,-0.00436128359331643
2026-01-13,ERIC-B.ST,0,-0.004823129996714526,STOP,-0.008723129996714526
2026-01-15,ERIC-B.ST,0,-0.0006788590230628611,EOD,-0.004578859023062861
2026-01-20,ERIC-B.ST,5,-0.009986072723223383,STOP,-0.013886072723223383
2026-01-22,ERIC-B.ST,5,-0.010797092101674788,STOP,-0.014697092101674789
2026-01-26,ERIC-B.ST,1,0.007627131451960256,EOD,0.0037271314519602564
2026-01-27,ERIC-B.ST,2,0.021882770506656213,EOD,0.017982770506656212
2026-01-29,ERIC-B.ST,3,-0.010088488096526516,STOP,-0.013988488096526516
2026-02-03,ERIC-B.ST,0,-0.0026188773109119268,EOD,-0.006518877310911927
2026-02-04,ERIC-B.ST,0,-0.00020040732923476412,EOD,-0.004100407329234764
2026-02-05,ERIC-B.ST,5,-0.008271128705593211,STOP,-0.012171128705593212
2026-02-06,ERIC-B.ST,5,-0.0019999694824218706,EOD,-0.00589996948242187
2026-02-10,ERIC-B.ST,3,-0.00395845139830453,STOP,-0.00785845139830453
2026-02-13,ERIC-B.ST,3,0.007988516839130266,EOD,0.0040885168391302665
2026-02-16,ERIC-B.ST,0,-0.005637181188219542,STOP,-0.009537181188219543
2026-02-17,ERIC-B.ST,0,0.008074237056710842,EOD,0.0041742370567108425
2026-02-18,ERIC-B.ST,5,-0.0014836946403842255,EOD,-0.005383694640384225
2026-02-19,ERIC-B.ST,6,-0.0049212599164295545,STOP,-0.008821259916429555
2026-02-20,ERIC-B.ST,4,0.0009809328740479906,EOD,-0.0029190671259520093
2026-02-23,ERIC-B.ST,0,-0.0044182322531554075,STOP,-0.008318232253155408
2026-02-25,ERIC-B.ST,2,0.009316773272080026,EOD,0.005416773272080026
2026-02-26,ERIC-B.ST,0,0.001972356461860114,EOD,-0.0019276435381398857
2026-02-27,ERIC-B.ST,0,0.009169928490626589,EOD,0.005269928490626589
2026-03-02,ERIC-B.ST,0,0.020497863992875898,EOD,0.016597863992875897
2026-03-04,ERIC-B.ST,1,0.0033460657669863725,EOD,-0.0005539342330136273
2026-03-05,ERIC-B.ST,0,-0.008130139442414253,EOD,-0.012030139442414253
2026-03-09,ERIC-B.ST,0,0.0173956265063977,EOD,0.013495626506397698
2026-03-10,ERIC-B.ST,0,0.0009592179771806819,EOD,-0.002940782022819318
2026-03-11,ERIC-B.ST,1,0.009532888326539313,EOD,0.005632888326539313
2026-03-12,ERIC-B.ST,0,0.011246528696892133,EOD,0.007346528696892133
2026-03-13,ERIC-B.ST,0,-0.001379324375897939,EOD,-0.005279324375897939
2026-03-16,ERIC-B.ST,4,0.02244614671545664,EOD,0.018546146715456638
2026-03-17,ERIC-B.ST,0,-0.012969629141829642,STOP,-0.016869629141829642
2026-03-23,ERIC-B.ST,2,-0.012980754558856722,STOP,-0.016880754558856723
2026-03-24,ERIC-B.ST,5,0.010823543772978006,EOD,0.006923543772978006
2026-03-25,ERIC-B.ST,0,-0.00917852251501261,STOP,-0.013078522515012611
2026-03-26,ERIC-B.ST,3,0.005052853095708354,EOD,0.0011528530957083541
2026-03-30,ERIC-B.ST,0,0.007532985637915823,EOD,0.0036329856379158235
2026-03-31,ERIC-B.ST,0,-0.011644154799884232,STOP,-0.015544154799884233
2026-04-01,ERIC-B.ST,0,-0.004151333683600433,EOD,-0.008051333683600434
2026-04-02,ERIC-B.ST,0,0.0046598321135071785,EOD,0.0007598321135071787
2026-04-09,ERIC-B.ST,3,-0.000449870005140518,EOD,-0.004349870005140518
2026-04-10,ERIC-B.ST,0,0.0018058415191168908,EOD,-0.002094158480883109
2026-04-13,ERIC-B.ST,6,-0.008593437823714356,STOP,-0.012493437823714357
2026-04-15,ERIC-B.ST,0,-0.006294936757669123,STOP,-0.010194936757669124
2026-04-16,ERIC-B.ST,4,0.005471942232298854,EOD,0.0015719422322988544
2026-04-17,ERIC-B.ST,0,-0.053797441503892984,STOP,-0.057697441503892985
2026-04-20,ERIC-B.ST,0,-0.017201357982531307,STOP,-0.021101357982531307
2026-04-21,ERIC-B.ST,0,-0.008715568332497092,STOP,-0.012615568332497093
2026-04-23,ERIC-B.ST,1,-0.009302325581395321,STOP,-0.013202325581395322
2026-04-24,ERIC-B.ST,0,-0.011412311557041477,STOP,-0.015312311557041478
2026-04-27,ERIC-B.ST,0,-0.011347488872266553,STOP,-0.015247488872266554
2026-04-28,ERIC-B.ST,0,0.008188809721876966,EOD,0.004288809721876966
2026-04-29,ERIC-B.ST,0,-0.0018743856978665763,EOD,-0.005774385697866576
2026-04-30,ERIC-B.ST,0,0.012616808169356064,EOD,0.008716808169356063
2026-05-05,ERIC-B.ST,0,0.001814923622281528,EOD,-0.002085076377718472
2026-05-06,ERIC-B.ST,1,-0.002245172909078219,EOD,-0.006145172909078219
2026-05-08,ERIC-B.ST,6,-0.004089091914200815,EOD,-0.007989091914200816
2026-05-11,ERIC-B.ST,0,0.028712468957023063,EOD,0.024812468957023062
2026-05-12,ERIC-B.ST,0,-0.018041223767975678,EOD,-0.02194122376797568
2026-05-13,ERIC-B.ST,0,0.012875536480686733,EOD,0.008975536480686733
2026-05-18,ERIC-B.ST,0,0.011809311349179286,EOD,0.007909311349179285
2026-05-20,ERIC-B.ST,4,-0.014391447549009895,STOP,-0.018291447549009895
2026-05-21,ERIC-B.ST,5,-0.007021942024670436,STOP,-0.010921942024670436
2026-05-22,ERIC-B.ST,0,0.0031885335640458035,EOD,-0.0007114664359541964
2026-05-26,ERIC-B.ST,4,0.0035601023956479683,EOD,-0.00033989760435203156
2026-05-29,ERIC-B.ST,0,-0.00802701276291029,STOP,-0.011927012762910291
2026-06-01,ERIC-B.ST,0,0.004913992478454254,EOD,0.0010139924784542545
2026-06-02,ERIC-B.ST,0,0.014741023698175981,EOD,0.01084102369817598
2026-06-03,ERIC-B.ST,0,-0.006237840559515151,STOP,-0.010137840559515152
2026-06-11,ERIC-B.ST,0,0.0017777506510416874,EOD,-0.0021222493489583124
2026-06-12,ERIC-B.ST,0,-0.009114543838356415,STOP,-0.013014543838356415
2026-06-17,ERIC-B.ST,5,-0.010772033763015276,STOP,-0.014672033763015277
2026-06-22,ERIC-B.ST,2,0.01449930671722055,EOD,0.01059930671722055
2026-06-23,ERIC-B.ST,5,-0.0035587323883337074,EOD,-0.007458732388333707
2026-06-24,ERIC-B.ST,2,-0.02104790364536091,STOP,-0.02494790364536091
2026-06-25,ERIC-B.ST,5,-0.008111707266690749,STOP,-0.01201170726669075
2026-06-29,ERIC-B.ST,1,-0.012517371286240975,STOP,-0.016417371286240975
2026-07-02,ERIC-B.ST,0,0.0009461315648342516,EOD,-0.002953868435165748
2026-07-03,ERIC-B.ST,1,0.0028261461898344553,EOD,-0.0010738538101655445
2026-07-06,ERIC-B.ST,0,-0.0139211136890951,STOP,-0.0178211136890951
2026-07-07,ERIC-B.ST,0,-0.015449452048042378,STOP,-0.01934945204804238
2023-08-08,ESSITY-B.ST,0,-0.011209930492591669,STOP,-0.01510993049259167
2023-08-09,ESSITY-B.ST,0,-0.007710100412716692,EOD,-0.011610100412716692
2023-08-10,ESSITY-B.ST,0,-0.0023086037614706845,EOD,-0.006208603761470684
2023-08-11,ESSITY-B.ST,0,-0.005376320773036958,STOP,-0.009276320773036958
2023-08-14,ESSITY-B.ST,0,0.006907090371493618,EOD,0.0030070903714936184
2023-08-16,ESSITY-B.ST,1,-0.004227540553074172,EOD,-0.008127540553074172
2023-08-17,ESSITY-B.ST,0,0.005017320580260387,EOD,0.0011173205802603873
2023-08-18,ESSITY-B.ST,1,0.005390811823945185,EOD,0.0014908118239451854
2023-08-22,ESSITY-B.ST,0,-0.010877963711587335,STOP,-0.014777963711587336
2023-08-23,ESSITY-B.ST,0,-0.0011791973276965573,EOD,-0.005079197327696557
2023-08-25,ESSITY-B.ST,0,0.0023585146144293745,EOD,-0.0015414853855706253
2023-08-31,ESSITY-B.ST,5,-0.008145814368358262,EOD,-0.012045814368358262
2023-09-01,ESSITY-B.ST,0,-0.010160183301052728,EOD,-0.014060183301052728
2023-09-04,ESSITY-B.ST,0,-0.007430558932970843,STOP,-0.011330558932970844
2023-09-13,ESSITY-B.ST,3,-0.004524911871237158,STOP,-0.008424911871237159
2023-09-14,ESSITY-B.ST,1,-0.003735964795711477,STOP,-0.007635964795711477
2023-09-18,ESSITY-B.ST,0,-0.010208248519012697,EOD,-0.014108248519012698
2023-09-19,ESSITY-B.ST,0,-0.005768413325455968,STOP,-0.009668413325455968
2023-09-20,ESSITY-B.ST,3,-0.0073861431033998,STOP,-0.011286143103399801
2023-09-22,ESSITY-B.ST,0,-0.011012308497678203,STOP,-0.014912308497678203
2023-09-26,ESSITY-B.ST,0,0.008242923628999366,EOD,0.004342923628999366
2023-09-29,ESSITY-B.ST,0,0.010278346451753295,EOD,0.006378346451753295
2023-10-04,ESSITY-B.ST,0,-0.00971695429409214,EOD,-0.01361695429409214
2023-10-05,ESSITY-B.ST,0,-0.005515498806066055,EOD,-0.009415498806066055
2023-10-09,ESSITY-B.ST,0,-0.0042844902577140465,EOD,-0.008184490257714047
2023-10-10,ESSITY-B.ST,1,-0.0025455700148282467,EOD,-0.0064455700148282466
2023-10-11,ESSITY-B.ST,1,0.005095528442641939,EOD,0.0011955284426419391
2023-10-12,ESSITY-B.ST,0,-0.010025037417177751,STOP,-0.013925037417177752
2023-10-13,ESSITY-B.ST,0,0.007966431431800425,EOD,0.004066431431800425
2023-10-18,ESSITY-B.ST,2,0.0037547316092281235,EOD,-0.00014526839077187628
2023-10-19,ESSITY-B.ST,0,0.004526774088541741,EOD,0.0006267740885417409
2023-10-24,ESSITY-B.ST,0,0.01332776704246541,EOD,0.00942776704246541
2023-10-26,ESSITY-B.ST,2,-0.0091743242112311,EOD,-0.0130743242112311
2023-10-27,ESSITY-B.ST,0,-0.012014417447597459,EOD,-0.01591441744759746
2023-10-30,ESSITY-B.ST,1,0.012449823708898133,EOD,0.008549823708898133
2023-10-31,ESSITY-B.ST,0,-0.01057164061380722,STOP,-0.014471640613807221
2023-11-01,ESSITY-B.ST,0,-0.003105661069842447,EOD,-0.007005661069842447
2023-11-03,ESSITY-B.ST,0,-0.005449567651794052,EOD,-0.009349567651794052
2023-11-09,ESSITY-B.ST,0,0.0008022340384836735,EOD,-0.0030977659615163263
2023-11-10,ESSITY-B.ST,5,-0.0063719875134372606,STOP,-0.010271987513437261
2023-11-13,ESSITY-B.ST,0,0.010366789525875664,EOD,0.006466789525875664
2023-11-14,ESSITY-B.ST,4,0.006679812208374214,EOD,0.002779812208374214
2023-11-16,ESSITY-B.ST,2,-0.008928583063905537,STOP,-0.012828583063905538
2023-11-17,ESSITY-B.ST,0,-0.008537105560025404,EOD,-0.012437105560025405
2023-11-20,ESSITY-B.ST,0,-0.001172803159416369,EOD,-0.005072803159416369
2023-11-21,ESSITY-B.ST,0,-0.0050800618365571815,STOP,-0.008980061836557182
2023-11-22,ESSITY-B.ST,0,0.006201574044634173,EOD,0.002301574044634173
2023-11-23,ESSITY-B.ST,0,-0.009142833891369051,EOD,-0.013042833891369052
2023-11-24,ESSITY-B.ST,5,0.00038419557512692215,EOD,-0.0035158044248730777
2023-11-27,ESSITY-B.ST,1,-0.004206524296426872,STOP,-0.008106524296426873
2023-11-28,ESSITY-B.ST,5,0.0038138823548581335,EOD,-8.611764514186628e-05
2023-11-29,ESSITY-B.ST,1,0.0015208893402447465,EOD,-0.0023791106597552533
2023-12-01,ESSITY-B.ST,0,-0.007172495055725925,STOP,-0.011072495055725926
2023-12-04,ESSITY-B.ST,1,0.0022805248559345515,EOD,-0.0016194751440654484
2023-12-06,ESSITY-B.ST,0,0.0,EOD,-0.0039
2023-12-08,ESSITY-B.ST,6,-0.002273611661207431,EOD,-0.006173611661207431
2023-12-11,ESSITY-B.ST,0,0.0041809429038282,EOD,0.00028094290382819995
2023-12-12,ESSITY-B.ST,0,-0.0015094109301296843,EOD,-0.005409410930129684
2023-12-13,ESSITY-B.ST,0,-0.006030816658710414,STOP,-0.009930816658710415
2023-12-18,ESSITY-B.ST,1,-0.0011853142810084316,EOD,-0.0050853142810084314
2023-12-19,ESSITY-B.ST,0,0.001184846190259492,EOD,-0.002715153809740508
2023-12-21,ESSITY-B.ST,0,-0.004368570652040549,STOP,-0.00826857065204055
2023-12-27,ESSITY-B.ST,3,-0.0035999755859374982,EOD,-0.007499975585937498
2023-12-28,ESSITY-B.ST,5,-0.0024019459414951205,EOD,-0.00630194594149512
2023-12-29,ESSITY-B.ST,3,-0.00040002441406250533,EOD,-0.004300024414062505
2024-01-02,ESSITY-B.ST,0,0.0,EOD,-0.0039
2024-01-03,ESSITY-B.ST,0,-0.0043002583674444095,EOD,-0.00820025836744441
2024-01-04,ESSITY-B.ST,5,0.0023585146144293745,EOD,-0.0015414853855706253
2024-01-05,ESSITY-B.ST,0,0.0039246467347837655,EOD,2.4646734783765646e-05
2024-01-09,ESSITY-B.ST,4,0.0015655338414262143,EOD,-0.0023344661585737855
2024-01-10,ESSITY-B.ST,0,0.0027248432217297225,EOD,-0.0011751567782702773
2024-01-11,ESSITY-B.ST,1,-0.007674596903906261,STOP,-0.011574596903906262
2024-01-12,ESSITY-B.ST,0,0.002279542394038936,EOD,-0.001620457605961064
2024-01-15,ESSITY-B.ST,4,-0.008304951831417662,STOP,-0.012204951831417662
2024-01-17,ESSITY-B.ST,7,0.0011582540269063912,EOD,-0.0027417459730936086
2024-01-22,ESSITY-B.ST,5,-0.006816347192645789,STOP,-0.01071634719264579
2024-01-23,ESSITY-B.ST,0,0.004823138800334137,EOD,0.0009231388003341371
2024-01-25,ESSITY-B.ST,0,0.0,EOD,-0.0039
2024-01-29,ESSITY-B.ST,1,0.0058823272961527895,EOD,0.0019823272961527897
2024-01-31,ESSITY-B.ST,2,-0.0008166474202800922,EOD,-0.004716647420280092
2024-02-05,ESSITY-B.ST,0,-0.005432524175424391,STOP,-0.009332524175424392
2024-02-08,ESSITY-B.ST,0,-0.0020790020790020236,EOD,-0.005979002079002023
2024-02-09,ESSITY-B.ST,1,-0.0070833206176758035,STOP,-0.010983320617675804
2024-02-12,ESSITY-B.ST,2,-0.0020911751871036666,EOD,-0.005991175187103666
2024-02-13,ESSITY-B.ST,3,-0.001669487249931989,EOD,-0.005569487249931989
2024-02-14,ESSITY-B.ST,0,-0.00417710954676298,STOP,-0.008077109546762981
2024-02-15,ESSITY-B.ST,0,-0.005877388389675664,STOP,-0.009777388389675665
2024-02-16,ESSITY-B.ST,0,0.000836807314820831,EOD,-0.0030631926851791688
2024-02-19,ESSITY-B.ST,1,-0.0029203043686034658,STOP,-0.006820304368603466
2024-02-20,ESSITY-B.ST,0,0.0082781454862344,EOD,0.004378145486234401
2024-02-23,ESSITY-B.ST,2,-0.0004103030200193203,EOD,-0.00431030302001932
2024-02-28,ESSITY-B.ST,0,-0.006614265750710335,STOP,-0.010514265750710336
2024-03-01,ESSITY-B.ST,0,-0.011428583884725785,EOD,-0.015328583884725785
2024-03-05,ESSITY-B.ST,0,0.008230452674897082,EOD,0.004330452674897082
2024-03-06,ESSITY-B.ST,0,-0.005271707297574424,EOD,-0.009171707297574425
2024-03-07,ESSITY-B.ST,1,0.012244897959183598,EOD,0.008344897959183598
2024-03-11,ESSITY-B.ST,4,-0.0024009238070453742,EOD,-0.006300923807045374
2024-03-12,ESSITY-B.ST,1,0.000799028948476721,EOD,-0.003100971051523279
2024-03-13,ESSITY-B.ST,0,-0.0027832880645812796,EOD,-0.0066832880645812795
2024-03-14,ESSITY-B.ST,0,-0.0059335442321687415,STOP,-0.009833544232168742
2024-03-21,ESSITY-B.ST,0,-0.01058634380660306,EOD,-0.014486343806603061
2024-03-22,ESSITY-B.ST,0,0.016393481527243736,EOD,0.012493481527243736
2024-03-25,ESSITY-B.ST,1,0.01707315832618783,EOD,0.013173158326187831
2024-03-26,ESSITY-B.ST,0,0.0015929664944709376,EOD,-0.002307033505529062
2024-03-27,ESSITY-B.ST,1,-0.004317135362404967,EOD,-0.008217135362404968
2024-04-02,ESSITY-B.ST,4,-0.00778810294501775,EOD,-0.01168810294501775
2024-04-03,ESSITY-B.ST,0,0.015240304765548274,EOD,0.011340304765548273
2024-04-09,ESSITY-B.ST,1,-0.0019507794187443306,EOD,-0.00585077941874433
2024-04-10,ESSITY-B.ST,0,-0.0062232830242384685,STOP,-0.01012328302423847
2024-04-12,ESSITY-B.ST,0,-0.008225640730172179,STOP,-0.01212564073017218
2024-04-16,ESSITY-B.ST,2,-0.0020032050792203604,EOD,-0.00590320507922036
2024-04-17,ESSITY-B.ST,0,-0.00039748052897292663,EOD,-0.0042974805289729264
2024-04-22,ESSITY-B.ST,6,0.003496479867230784,EOD,-0.00040352013276921585
2024-04-23,ESSITY-B.ST,0,0.015817806299571968,EOD,0.011917806299571967
2024-04-24,ESSITY-B.ST,0,-0.006060629179983401,STOP,-0.009960629179983402
2024-04-29,ESSITY-B.ST,0,0.00550054980878123,EOD,0.00160054980878123
2024-05-03,ESSITY-B.ST,3,-0.010803024372081915,EOD,-0.014703024372081916
2024-05-06,ESSITY-B.ST,2,-0.0003609025669897292,EOD,-0.004260902566989729
2024-05-13,ESSITY-B.ST,5,0.0010699654674659609,EOD,-0.002830034532534039
2024-05-16,ESSITY-B.ST,2,0.0036245017112077615,EOD,-0.0002754982887922383
2024-05-17,ESSITY-B.ST,2,0.003956856487466354,EOD,5.6856487466353835e-05
2024-05-20,ESSITY-B.ST,1,0.0021505595108086695,EOD,-0.0017494404891913303
2024-05-24,ESSITY-B.ST,0,-0.008676767330172086,STOP,-0.012576767330172087
2024-05-30,ESSITY-B.ST,0,0.002599377047017848,EOD,-0.001300622952982152
2024-06-03,ESSITY-B.ST,0,0.011409552619288776,EOD,0.007509552619288777
2024-06-04,ESSITY-B.ST,0,0.003603603603603567,EOD,-0.000296396396396433
2024-06-05,ESSITY-B.ST,0,-0.0003558936068172036,EOD,-0.004255893606817203
2024-06-07,ESSITY-B.ST,0,0.002120162909949208,EOD,-0.0017798370900507917
2024-06-10,ESSITY-B.ST,0,-0.009866060300930402,STOP,-0.013766060300930402
2024-06-11,ESSITY-B.ST,1,-0.004642813546317015,STOP,-0.008542813546317016
2024-06-13,ESSITY-B.ST,0,0.008654974827674078,EOD,0.004754974827674078
2024-06-18,ESSITY-B.ST,0,0.006586236337158047,EOD,0.002686236337158047
2024-06-19,ESSITY-B.ST,0,0.002898506496263664,EOD,-0.0010014935037363356
2024-06-20,ESSITY-B.ST,2,0.002879835657671359,EOD,-0.0010201643423286407
2024-06-24,ESSITY-B.ST,0,-0.007868426892010616,EOD,-0.011768426892010617
2024-06-25,ESSITY-B.ST,0,-0.009670530404666144,STOP,-0.013570530404666145
2024-06-28,ESSITY-B.ST,1,-0.0007364219533744221,EOD,-0.004636421953374422
2024-07-01,ESSITY-B.ST,0,0.008775114795189776,EOD,0.004875114795189776
2024-07-03,ESSITY-B.ST,2,-0.007625294662515381,STOP,-0.011525294662515381
2024-07-04,ESSITY-B.ST,0,-0.0061931227942850775,STOP,-0.010093122794285078
2024-07-05,ESSITY-B.ST,4,-0.011986879547014051,STOP,-0.01588687954701405
2024-07-08,ESSITY-B.ST,0,0.00870204684658682,EOD,0.00480204684658682
2024-07-10,ESSITY-B.ST,0,-0.002864260035563393,EOD,-0.006764260035563393
2024-07-11,ESSITY-B.ST,0,-0.007848668516810764,STOP,-0.011748668516810765
2024-07-12,ESSITY-B.ST,2,0.003563791797036142,EOD,-0.0003362082029638577
2024-07-15,ESSITY-B.ST,1,-0.004604987067594601,STOP,-0.008504987067594602
2024-07-16,ESSITY-B.ST,0,0.006479547838887489,EOD,0.0025795478388874896
2024-07-17,ESSITY-B.ST,4,0.01145315775567557,EOD,0.0075531577556755694
2024-07-18,ESSITY-B.ST,4,-0.011359819696471929,EOD,-0.01525981969647193
2024-07-19,ESSITY-B.ST,0,0.008352823594932168,EOD,0.0044528235949321685
2024-07-22,ESSITY-B.ST,1,-0.0016297262708413474,EOD,-0.005529726270841347
2024-07-26,ESSITY-B.ST,3,0.0026238711923964875,EOD,-0.0012761288076035123
2024-07-29,ESSITY-B.ST,0,-0.001626016260162566,EOD,-0.005526016260162566
2024-08-02,ESSITY-B.ST,4,0.010596066910699475,EOD,0.0066960669106994756
2024-08-05,ESSITY-B.ST,2,-0.012239437111678186,EOD,-0.016139437111678187
2024-08-06,ESSITY-B.ST,3,0.006354494637071495,EOD,0.002454494637071495
2024-08-07,ESSITY-B.ST,0,-0.0003307080209461466,EOD,-0.004230708020946146
2024-08-09,ESSITY-B.ST,0,-0.0033222591362126463,EOD,-0.007222259136212646
2024-08-14,ESSITY-B.ST,0,-0.006393083230221808,STOP,-0.010293083230221808
2024-08-16,ESSITY-B.ST,1,0.003017178849793245,EOD,-0.0008828211502067548
2024-08-21,ESSITY-B.ST,0,-0.0006709567357801038,EOD,-0.004570956735780104
2024-08-22,ESSITY-B.ST,1,0.0033244682200195275,EOD,-0.0005755317799804724
2024-08-26,ESSITY-B.ST,0,0.006631299600549534,EOD,0.002731299600549534
2024-08-27,ESSITY-B.ST,5,0.002955644980244143,EOD,-0.0009443550197558567
2024-08-28,ESSITY-B.ST,3,-0.0035830817704092244,EOD,-0.007483081770409224
2024-08-29,ESSITY-B.ST,0,0.0029306215519286916,EOD,-0.0009693784480713083
2024-08-30,ESSITY-B.ST,0,0.007110576116453604,EOD,0.0032105761164536043
2024-09-02,ESSITY-B.ST,4,-0.00224290994342069,EOD,-0.00614290994342069
2024-09-03,ESSITY-B.ST,4,0.008304075544016465,EOD,0.004404075544016465
2024-09-05,ESSITY-B.ST,0,-0.008821637828644424,STOP,-0.012721637828644425
2024-09-06,ESSITY-B.ST,4,0.0034514450699894006,EOD,-0.00044855493001059923
2024-09-09,ESSITY-B.ST,6,-0.0006238683818573509,EOD,-0.004523868381857351
2024-09-10,ESSITY-B.ST,0,-0.005302595678935651,STOP,-0.009202595678935652
2024-09-11,ESSITY-B.ST,4,-0.0009256967136589411,EOD,-0.004825696713658941
2024-09-13,ESSITY-B.ST,6,0.0,EOD,-0.0039
2024-09-16,ESSITY-B.ST,2,0.0027829125339207117,EOD,-0.0011170874660792881
2024-09-19,ESSITY-B.ST,0,-0.008448098108473578,EOD,-0.01234809810847358
2024-09-20,ESSITY-B.ST,1,0.0034897701248026713,EOD,-0.0004102298751973285
2024-09-23,ESSITY-B.ST,0,-0.007916403092576907,STOP,-0.011816403092576908
2024-09-24,ESSITY-B.ST,2,0.0009545603633447364,EOD,-0.0029454396366552634
2024-09-25,ESSITY-B.ST,0,-0.005389923025842069,STOP,-0.00928992302584207
2024-09-30,ESSITY-B.ST,1,0.010522920053386287,EOD,0.006622920053386287
2024-10-04,ESSITY-B.ST,1,-0.007103687827950678,STOP,-0.011003687827950678
2024-10-07,ESSITY-B.ST,0,-0.004854368932038833,STOP,-0.008754368932038833
2024-10-08,ESSITY-B.ST,4,-0.002250843109425249,EOD,-0.006150843109425249
2024-10-09,ESSITY-B.ST,1,0.004498694863652508,EOD,0.0005986948636525083
2024-10-11,ESSITY-B.ST,5,0.0006420937625402079,EOD,-0.003257906237459792
2024-10-14,ESSITY-B.ST,0,0.005113474383911187,EOD,0.0012134743839111875
2024-10-15,ESSITY-B.ST,0,-0.009748446866401306,STOP,-0.013648446866401306
2024-10-16,ESSITY-B.ST,4,0.0,EOD,-0.0039
2024-10-18,ESSITY-B.ST,0,0.0006384047712233443,EOD,-0.0032615952287766556
2024-10-23,ESSITY-B.ST,0,-0.009677419354838679,STOP,-0.01357741935483868
2024-10-28,ESSITY-B.ST,0,0.01066931277331884,EOD,0.00676931277331884
2024-11-01,ESSITY-B.ST,1,-0.0016469037877078208,EOD,-0.005546903787707821
2024-11-05,ESSITY-B.ST,0,-0.0046143504437974325,STOP,-0.008514350443797433
2024-11-07,ESSITY-B.ST,6,-0.005737366721192516,EOD,-0.009637366721192517
2024-11-08,ESSITY-B.ST,5,-0.0016891891891891442,EOD,-0.005589189189189144
2024-11-11,ESSITY-B.ST,4,0.0006719814695956838,EOD,-0.003228018530404316
2024-11-12,ESSITY-B.ST,6,0.005729631343145636,EOD,0.001829631343145636
2024-11-14,ESSITY-B.ST,5,0.00033638112217238003,EOD,-0.00356361887782762
2024-11-15,ESSITY-B.ST,7,0.0,EOD,-0.0039
2024-11-20,ESSITY-B.ST,4,0.0,EOD,-0.0039
2024-11-21,ESSITY-B.ST,2,0.0016756032514311237,EOD,-0.002224396748568876
2024-11-22,ESSITY-B.ST,3,0.004320433156918213,EOD,0.00042043315691821324
2024-11-25,ESSITY-B.ST,6,-0.0026402237391708328,EOD,-0.006540223739170833
2024-12-02,ESSITY-B.ST,3,-0.0006588017226951681,EOD,-0.004558801722695168
2024-12-03,ESSITY-B.ST,0,0.0,EOD,-0.0039
2024-12-04,ESSITY-B.ST,0,-0.0003278888639856037,EOD,-0.0042278888639856035
2024-12-05,ESSITY-B.ST,0,0.00816726543662516,EOD,0.00426726543662516
2024-12-10,ESSITY-B.ST,2,-0.005903535024601725,STOP,-0.009803535024601726
2024-12-11,ESSITY-B.ST,0,-0.016872199873691707,STOP,-0.020772199873691707
2024-12-12,ESSITY-B.ST,5,-0.0030049879682283454,EOD,-0.006904987968228345
2024-12-13,ESSITY-B.ST,6,-0.002008724737177947,EOD,-0.005908724737177947
2024-12-16,ESSITY-B.ST,0,-0.004337731923910737,STOP,-0.008237731923910738
2024-12-19,ESSITY-B.ST,0,-0.006079089069378818,STOP,-0.009979089069378819
2024-12-23,ESSITY-B.ST,0,-0.0017035775127768327,EOD,-0.0056035775127768325
2024-12-27,ESSITY-B.ST,0,0.004736109159598989,EOD,0.0008361091595989892
2024-12-30,ESSITY-B.ST,2,-0.001684636187885502,EOD,-0.005584636187885502
2025-01-02,ESSITY-B.ST,6,-0.001009040717410481,EOD,-0.004909040717410481
2025-01-03,ESSITY-B.ST,0,-0.002018081434820962,EOD,-0.005918081434820962
2025-01-07,ESSITY-B.ST,5,0.0,EOD,-0.0039
2025-01-08,ESSITY-B.ST,6,0.004704280469663091,EOD,0.0008042804696630915
2025-01-13,ESSITY-B.ST,3,-0.005479472957245268,EOD,-0.009379472957245269
2025-01-15,ESSITY-B.ST,1,-0.0058179744558899404,STOP,-0.009717974455889941
2025-01-16,ESSITY-B.ST,5,0.005800005643304962,EOD,0.001900005643304962
2025-01-17,ESSITY-B.ST,0,0.010090817770531224,EOD,0.006190817770531224
2025-01-20,ESSITY-B.ST,0,-0.0062955400044208965,STOP,-0.010195540004420897
2025-01-21,ESSITY-B.ST,0,0.0006617527510757171,EOD,-0.0032382472489242827
2025-01-23,ESSITY-B.ST,0,-0.020579086720798556,STOP,-0.024479086720798557
2025-01-29,ESSITY-B.ST,0,0.0057061559855322574,EOD,0.0018061559855322576
2025-01-30,ESSITY-B.ST,3,0.00812716534617941,EOD,0.00422716534617941
2025-02-05,ESSITY-B.ST,1,-0.0003629985608553099,EOD,-0.00426299856085531
2025-02-06,ESSITY-B.ST,4,0.0018063584611642813,EOD,-0.0020936415388357185
2025-02-07,ESSITY-B.ST,1,0.002513508822374222,EOD,-0.001386491177625778
2025-02-10,ESSITY-B.ST,0,-0.004279535362244458,STOP,-0.008179535362244458
2025-02-13,ESSITY-B.ST,0,0.003897858038115709,EOD,-2.1419618842907426e-06
2025-02-14,ESSITY-B.ST,0,-0.004232847291115505,STOP,-0.008132847291115505
2025-02-17,ESSITY-B.ST,3,0.00884017011284377,EOD,0.004940170112843771
2025-02-19,ESSITY-B.ST,0,-0.00595242356687864,EOD,-0.00985242356687864
2025-02-20,ESSITY-B.ST,6,-0.004211940032154304,STOP,-0.008111940032154305
2025-02-21,ESSITY-B.ST,0,-0.00034760548930268254,EOD,-0.004247605489302682
2025-02-24,ESSITY-B.ST,0,0.01172411688442887,EOD,0.00782411688442887
2025-02-25,ESSITY-B.ST,0,0.006132837454748685,EOD,0.0022328374547486854
2025-02-26,ESSITY-B.ST,0,0.003043604529357369,EOD,-0.000856395470642631
2025-02-27,ESSITY-B.ST,0,0.0030343691097911574,EOD,-0.0008656308902088425
2025-03-03,ESSITY-B.ST,3,0.009075671284138664,EOD,0.005175671284138665
2025-03-04,ESSITY-B.ST,0,0.008215577063055646,EOD,0.004315577063055646
2025-03-05,ESSITY-B.ST,1,-0.007863775616216095,EOD,-0.011763775616216096
2025-03-07,ESSITY-B.ST,5,0.005015045033067933,EOD,0.0011150450330679332
2025-03-10,ESSITY-B.ST,0,0.017704898021260185,EOD,0.013804898021260184
2025-03-14,ESSITY-B.ST,0,-0.005329800261341111,STOP,-0.009229800261341112
2025-03-17,ESSITY-B.ST,4,-0.004661984526784457,EOD,-0.008561984526784458
2025-03-18,ESSITY-B.ST,0,-0.008946261758318141,STOP,-0.012846261758318142
2025-03-20,ESSITY-B.ST,1,0.0020270476470123366,EOD,-0.0018729523529876632
2025-03-21,ESSITY-B.ST,0,-0.005401775954003929,EOD,-0.00930177595400393
2025-03-25,ESSITY-B.ST,0,-0.008199604762451851,STOP,-0.012099604762451852
2025-03-27,ESSITY-B.ST,3,0.0013821489458201164,EOD,-0.0025178510541798834
2025-03-28,ESSITY-B.ST,3,0.007391784788453926,EOD,0.003491784788453926
2025-03-31,ESSITY-B.ST,0,-0.006958942388566536,EOD,-0.010858942388566536
2025-04-01,ESSITY-B.ST,1,-0.006951685488844506,EOD,-0.010851685488844506
2025-04-03,ESSITY-B.ST,4,0.01710891760093891,EOD,0.01320891760093891
2025-04-08,ESSITY-B.ST,3,0.0,EOD,-0.0039
2025-04-10,ESSITY-B.ST,0,0.0018341892472670818,EOD,-0.002065810752732918
2025-04-11,ESSITY-B.ST,2,0.003629764065335772,EOD,-0.0002702359346642277
2025-04-15,ESSITY-B.ST,1,0.025338955305582056,EOD,0.021438955305582055
2025-04-16,ESSITY-B.ST,2,0.0031141657317799165,EOD,-0.0007858342682200833
2025-04-17,ESSITY-B.ST,0,-0.000350038849291856,EOD,-0.004250038849291856
2025-04-22,ESSITY-B.ST,0,-0.010038054543966113,STOP,-0.013938054543966114
2025-04-28,ESSITY-B.ST,0,-0.0051470363841337186,STOP,-0.00904703638413372
2025-04-29,ESSITY-B.ST,0,-0.007664255852246837,STOP,-0.011564255852246838
2025-04-30,ESSITY-B.ST,1,0.013469171914941791,EOD,0.00956917191494179
2025-05-05,ESSITY-B.ST,0,-0.0032131163044379907,EOD,-0.0071131163044379905
2025-05-09,ESSITY-B.ST,1,0.0007322654155390573,EOD,-0.0031677345844609425
2025-05-12,ESSITY-B.ST,4,0.005826679052994832,EOD,0.0019266790529948322
2025-05-14,ESSITY-B.ST,2,-0.005506608052898931,STOP,-0.009406608052898932
2025-05-15,ESSITY-B.ST,0,0.010980965834388678,EOD,0.007080965834388679
2025-05-19,ESSITY-B.ST,6,-0.0017992083878427545,EOD,-0.005699208387842754
2025-05-20,ESSITY-B.ST,1,0.014732325847479633,EOD,0.010832325847479632
2025-05-21,ESSITY-B.ST,6,0.0038746253158310484,EOD,-2.537468416895141e-05
2025-05-26,ESSITY-B.ST,0,-0.0007062577627469091,EOD,-0.004606257762746909
2025-05-27,ESSITY-B.ST,0,-0.004554967837316237,EOD,-0.008454967837316238
2025-06-04,ESSITY-B.ST,0,0.0007253597410179502,EOD,-0.0031746402589820496
2025-06-10,ESSITY-B.ST,4,-0.0014646425761438708,EOD,-0.005364642576143871
2025-06-12,ESSITY-B.ST,7,0.0007413351226122078,EOD,-0.003158664877387792
2025-06-16,ESSITY-B.ST,2,-0.0034103596714647466,EOD,-0.007310359671464746
2025-06-18,ESSITY-B.ST,5,-0.0007634053703482468,EOD,-0.004663405370348247
2025-06-23,ESSITY-B.ST,0,-0.005361906793404425,STOP,-0.009261906793404426
2025-06-25,ESSITY-B.ST,0,-0.007665772505895618,STOP,-0.011565772505895619
2025-06-27,ESSITY-B.ST,0,0.006177629743303603,EOD,0.0022776297433036033
2025-06-30,ESSITY-B.ST,0,-0.0007628230271526926,EOD,-0.004662823027152692
2025-07-01,ESSITY-B.ST,6,0.00681297392052449,EOD,0.00291297392052449
2025-07-03,ESSITY-B.ST,4,-0.005220075877482744,STOP,-0.009120075877482745
2025-07-08,ESSITY-B.ST,1,0.00530903993809928,EOD,0.0014090399380992805
2025-07-10,ESSITY-B.ST,0,-0.003391084842433778,STOP,-0.007291084842433778
2025-07-14,ESSITY-B.ST,2,0.0,EOD,-0.0039
2025-07-15,ESSITY-B.ST,0,0.0,EOD,-0.0039
2025-07-22,ESSITY-B.ST,0,0.005310469916468774,EOD,0.0014104699164687743
2025-07-23,ESSITY-B.ST,0,-0.0036246844309777426,EOD,-0.0075246844309777424
2025-07-24,ESSITY-B.ST,0,-0.006021677893402577,STOP,-0.009921677893402578
2025-07-25,ESSITY-B.ST,7,-0.0012215107667031821,EOD,-0.005121510766703182
2025-07-29,ESSITY-B.ST,0,-0.00449526300958325,STOP,-0.008395263009583251
2025-07-31,ESSITY-B.ST,4,-0.006549349502777746,STOP,-0.010449349502777747
2025-08-01,ESSITY-B.ST,2,-0.00082958192437943,EOD,-0.00472958192437943
2025-08-05,ESSITY-B.ST,1,0.0028901608466649353,EOD,-0.0010098391533350645
2025-08-06,ESSITY-B.ST,3,0.0,EOD,-0.0039
2025-08-07,ESSITY-B.ST,0,-0.0008166474202800922,EOD,-0.004716647420280092
2025-08-11,ESSITY-B.ST,0,-0.005278128443565788,STOP,-0.009178128443565789
2025-08-13,ESSITY-B.ST,2,0.005707272234273031,EOD,0.001807272234273031
2025-08-14,ESSITY-B.ST,0,-0.005263170250031646,STOP,-0.009163170250031646
2025-08-18,ESSITY-B.ST,0,0.0040144519289351255,EOD,0.00011445192893512566
2025-08-19,ESSITY-B.ST,1,0.0031834581856056143,EOD,-0.0007165418143943855
2025-08-20,ESSITY-B.ST,0,0.004728120306592309,EOD,0.0008281203065923096
2025-08-22,ESSITY-B.ST,0,-0.0015643093518117324,EOD,-0.005464309351811732
2025-08-25,ESSITY-B.ST,1,-0.0038669759334797327,EOD,-0.0077669759334797325
2025-08-26,ESSITY-B.ST,0,-0.005056410038490555,STOP,-0.008956410038490556
2025-08-27,ESSITY-B.ST,3,0.008241722211832059,EOD,0.004341722211832059
2025-08-29,ESSITY-B.ST,3,-0.0015624761581420898,EOD,-0.00546247615814209
2025-09-02,ESSITY-B.ST,0,-0.003929273084479323,EOD,-0.007829273084479324
2025-09-04,ESSITY-B.ST,0,0.000781603016028809,EOD,-0.003118396983971191
2025-09-05,ESSITY-B.ST,5,0.004286851431608563,EOD,0.0003868514316085628
2025-09-08,ESSITY-B.ST,2,0.0011672676769212131,EOD,-0.0027327323230787867
2025-09-17,ESSITY-B.ST,3,0.002018570876706427,EOD,-0.0018814291232935728
2025-09-19,ESSITY-B.ST,0,-0.010984527724654525,EOD,-0.014884527724654525
2025-09-23,ESSITY-B.ST,0,0.00416840360751114,EOD,0.0002684036075111399
2025-09-25,ESSITY-B.ST,0,-0.004127115094531786,EOD,-0.008027115094531787
2025-09-26,ESSITY-B.ST,4,-0.004123711340206171,STOP,-0.008023711340206172
2025-09-30,ESSITY-B.ST,1,0.006964346193097937,EOD,0.003064346193097937
2025-10-01,ESSITY-B.ST,0,-0.006477757504111836,STOP,-0.010377757504111837
2025-10-02,ESSITY-B.ST,0,0.0060827249102757275,EOD,0.0021827249102757277
2025-10-06,ESSITY-B.ST,1,-0.0048368084542914636,EOD,-0.008736808454291464
2025-10-07,ESSITY-B.ST,0,-0.003623163923504036,STOP,-0.007523163923504036
2025-10-08,ESSITY-B.ST,7,0.0,EOD,-0.0039
2025-10-09,ESSITY-B.ST,0,0.004801969733253975,EOD,0.0009019697332539748
2025-10-10,ESSITY-B.ST,0,-0.0023762617961015087,EOD,-0.0062762617961015085
2025-10-14,ESSITY-B.ST,0,0.0015736001576540648,EOD,-0.002326399842345935
2025-10-16,ESSITY-B.ST,1,0.008553583145564758,EOD,0.004653583145564758
2025-10-17,ESSITY-B.ST,1,0.004225916846336997,EOD,0.0003259168463369969
2025-10-20,ESSITY-B.ST,0,0.004580199263477969,EOD,0.0006801992634779689
2025-10-21,ESSITY-B.ST,5,0.0030372753571941136,EOD,-0.0008627246428058863
2025-10-22,ESSITY-B.ST,6,-0.005677516770228541,STOP,-0.009577516770228542
2025-10-27,ESSITY-B.ST,0,0.001495304285922927,EOD,-0.0024046957140770727
2025-10-29,ESSITY-B.ST,0,0.0011428106398809756,EOD,-0.002757189360119024
2025-10-30,ESSITY-B.ST,3,-0.0019004180478934263,EOD,-0.005800418047893426
2025-11-03,ESSITY-B.ST,0,-0.006496034114382709,STOP,-0.01039603411438271
2025-11-04,ESSITY-B.ST,2,0.009259235275681288,EOD,0.005359235275681288
2025-11-05,ESSITY-B.ST,2,0.001141622239279716,EOD,-0.002758377760720284
2025-11-07,ESSITY-B.ST,5,0.014025824026705491,EOD,0.01012582402670549
2025-11-11,ESSITY-B.ST,0,0.00037610419635636383,EOD,-0.003523895803643636
2025-11-12,ESSITY-B.ST,5,-0.0007488289122454805,EOD,-0.00464882891224548
2025-11-17,ESSITY-B.ST,5,-0.00458019926347808,STOP,-0.00848019926347808
2025-11-19,ESSITY-B.ST,2,-0.002323803544341141,EOD,-0.006223803544341141
2025-11-21,ESSITY-B.ST,0,0.008503987574969729,EOD,0.004603987574969729
2025-11-25,ESSITY-B.ST,0,0.0069177083340663525,EOD,0.0030177083340663527
2025-11-26,ESSITY-B.ST,1,-0.0019011406844106071,EOD,-0.005801140684410607
2025-12-01,ESSITY-B.ST,0,0.005729564820248223,EOD,0.0018295648202482232
2025-12-02,ESSITY-B.ST,0,-0.006407771457493383,STOP,-0.010307771457493384
2025-12-03,ESSITY-B.ST,0,-0.010242838181008795,STOP,-0.014142838181008796
2025-12-04,ESSITY-B.ST,0,-0.002682039107399392,EOD,-0.006582039107399392
2025-12-05,ESSITY-B.ST,1,-0.0022900996317389843,EOD,-0.006190099631738984
2025-12-09,ESSITY-B.ST,0,0.0,EOD,-0.0039
2025-12-10,ESSITY-B.ST,0,-0.005780346820809301,STOP,-0.009680346820809302
2025-12-11,ESSITY-B.ST,6,0.005825242718446644,EOD,0.001925242718446644
2025-12-12,ESSITY-B.ST,0,0.010392657174344677,EOD,0.006492657174344677
2025-12-15,ESSITY-B.ST,0,-0.0034090677897135047,EOD,-0.0073090677897135045
2025-12-16,ESSITY-B.ST,0,0.001887504762251524,EOD,-0.002012495237748476
2025-12-17,ESSITY-B.ST,0,0.004507819813771796,EOD,0.0006078198137717964
2025-12-19,ESSITY-B.ST,0,-0.0060173228290426595,STOP,-0.00991732282904266
2025-12-23,ESSITY-B.ST,0,-0.0026455487183828508,EOD,-0.006545548718382851
2025-12-29,ESSITY-B.ST,0,0.0,EOD,-0.0039
2025-12-30,ESSITY-B.ST,0,0.0018968133096464168,EOD,-0.002003186690353583
2026-01-07,ESSITY-B.ST,0,-0.008755303401867587,STOP,-0.012655303401867588
2026-01-08,ESSITY-B.ST,0,0.015485869876254332,EOD,0.011585869876254332
2026-01-12,ESSITY-B.ST,3,-0.001518003402217749,EOD,-0.005418003402217749
2026-01-13,ESSITY-B.ST,0,0.007972688504848335,EOD,0.0040726885048483355
2026-01-14,ESSITY-B.ST,5,0.005231666160511184,EOD,0.0013316661605111838
2026-01-15,ESSITY-B.ST,1,-0.003332076549970364,STOP,-0.007232076549970364
2026-01-16,ESSITY-B.ST,0,0.004431359900757048,EOD,0.0005313599007570483
2026-01-21,ESSITY-B.ST,0,-0.007678267288905416,EOD,-0.011578267288905417
2026-01-23,ESSITY-B.ST,1,0.005900865531109467,EOD,0.0020008655311094673
2026-01-26,ESSITY-B.ST,0,-0.0031152174104217556,EOD,-0.007015217410421755
2026-01-27,ESSITY-B.ST,3,-0.0038910505836575737,STOP,-0.0077910505836575735
2026-01-28,ESSITY-B.ST,5,0.001166025358649847,EOD,-0.002733974641350153
2026-01-29,ESSITY-B.ST,4,0.0050192578879102445,EOD,0.0011192578879102447
2026-01-30,ESSITY-B.ST,3,-0.00038112083018981835,EOD,-0.004281120830189818
2026-02-03,ESSITY-B.ST,3,0.008778579362476169,EOD,0.004878579362476169
2026-02-04,ESSITY-B.ST,0,0.027006682387912262,EOD,0.02310668238791226
2026-02-05,ESSITY-B.ST,3,0.009485611257278537,EOD,0.005585611257278537
2026-02-06,ESSITY-B.ST,5,0.0017966224287870869,EOD,-0.002103377571212913
2026-02-10,ESSITY-B.ST,0,-0.005751279774656948,STOP,-0.009651279774656948
2026-02-11,ESSITY-B.ST,0,-0.005005449956956842,STOP,-0.008905449956956843
2026-02-12,ESSITY-B.ST,0,0.0222860582940565,EOD,0.018386058294056498
2026-02-13,ESSITY-B.ST,0,0.0063379851865097425,EOD,0.0024379851865097427
2026-02-17,ESSITY-B.ST,0,-0.005960771859284453,EOD,-0.009860771859284453
2026-02-20,ESSITY-B.ST,2,0.004571091204101929,EOD,0.0006710912041019293
2026-02-23,ESSITY-B.ST,7,0.0,EOD,-0.0039
2026-02-24,ESSITY-B.ST,1,-0.0024138351966594973,EOD,-0.006313835196659497
2026-02-26,ESSITY-B.ST,5,-0.0024390669234538587,EOD,-0.0063390669234538585
2026-02-27,ESSITY-B.ST,5,-0.001737317655342241,EOD,-0.005637317655342241
2026-03-04,ESSITY-B.ST,1,-0.006256945640973566,STOP,-0.010156945640973566
2026-03-05,ESSITY-B.ST,0,-0.008623990270991921,STOP,-0.012523990270991922
2026-03-12,ESSITY-B.ST,0,0.006939160959522628,EOD,0.003039160959522628
2026-03-13,ESSITY-B.ST,0,0.007674596903906261,EOD,0.0037745969039062613
2026-03-16,ESSITY-B.ST,1,0.003038428969377449,EOD,-0.0008615710306225507
2026-03-17,ESSITY-B.ST,0,-0.006807820856733704,STOP,-0.010707820856733705
2026-03-23,ESSITY-B.ST,2,0.011047513397953956,EOD,0.0071475133979539566
2026-03-25,ESSITY-B.ST,3,-0.007557652914131352,EOD,-0.011457652914131353
2026-03-26,ESSITY-B.ST,2,-0.0071485426129555,EOD,-0.0110485426129555
2026-03-30,ESSITY-B.ST,6,0.00041013471482753694,EOD,-0.003489865285172463
2026-03-31,ESSITY-B.ST,0,-0.006916179524555255,STOP,-0.010816179524555256
2026-04-08,ESSITY-B.ST,4,-0.004782769937958897,EOD,-0.008682769937958898
2026-04-10,ESSITY-B.ST,0,-0.004001600737990496,STOP,-0.007901600737990497
2026-04-14,ESSITY-B.ST,0,0.003651090857948791,EOD,-0.00024890914205120875
2026-04-16,ESSITY-B.ST,5,-0.0040322580645161255,EOD,-0.007932258064516126
2026-04-17,ESSITY-B.ST,0,0.015668980517915987,EOD,0.011768980517915986
2026-04-20,ESSITY-B.ST,0,-0.01107596130520827,STOP,-0.014975961305208271
2026-04-22,ESSITY-B.ST,1,-0.005282417795678507,STOP,-0.009182417795678507
2026-04-24,ESSITY-B.ST,2,-0.011186588164678657,STOP,-0.015086588164678658
2026-04-27,ESSITY-B.ST,5,-0.0064830068222490045,STOP,-0.010383006822249005
2026-04-28,ESSITY-B.ST,2,-0.007748751713424484,STOP,-0.011648751713424485
2026-04-30,ESSITY-B.ST,0,0.009496296782568914,EOD,0.005596296782568914
2026-05-06,ESSITY-B.ST,0,0.0020024029079328542,EOD,-0.0018975970920671456
2026-05-12,ESSITY-B.ST,0,0.011414606673147976,EOD,0.007514606673147976
2026-05-18,ESSITY-B.ST,1,0.012429856372820458,EOD,0.008529856372820457
2026-05-19,ESSITY-B.ST,0,-0.010136476037097997,STOP,-0.014036476037097997
2026-05-20,ESSITY-B.ST,0,-0.0055270791093806615,STOP,-0.009427079109380662
2026-05-22,ESSITY-B.ST,2,0.002726847121801379,EOD,-0.0011731528781986208
2026-05-26,ESSITY-B.ST,0,-0.004967589797123972,EOD,-0.008867589797123973
2026-05-27,ESSITY-B.ST,0,0.0011372946339267553,EOD,-0.0027627053660732445
2026-05-29,ESSITY-B.ST,0,-0.004585449564602717,STOP,-0.008485449564602718
2026-06-02,ESSITY-B.ST,0,-0.005841062354022486,STOP,-0.009741062354022487
2026-06-04,ESSITY-B.ST,0,-0.005455998137071982,STOP,-0.009355998137071983
2026-06-05,ESSITY-B.ST,0,0.002336472476779594,EOD,-0.0015635275232204057
2026-06-09,ESSITY-B.ST,0,0.012038858654429552,EOD,0.008138858654429551
2026-06-11,ESSITY-B.ST,0,-0.0030371594969859084,EOD,-0.006937159496985908
2026-06-12,ESSITY-B.ST,0,-0.003008604029077877,EOD,-0.006908604029077877
2026-06-16,ESSITY-B.ST,6,-0.0015088415212188844,EOD,-0.005408841521218884
2026-06-17,ESSITY-B.ST,2,-0.0003712179130711535,EOD,-0.004271217913071153
2026-06-22,ESSITY-B.ST,6,0.0003727398735209331,EOD,-0.0035272601264790667
2026-06-23,ESSITY-B.ST,0,0.005204438276893653,EOD,0.0013044382768936527
2026-06-24,ESSITY-B.ST,0,0.012105604251951618,EOD,0.008205604251951618
2026-06-25,ESSITY-B.ST,0,0.0010829884222698372,EOD,-0.0028170115777301627
2026-06-26,ESSITY-B.ST,0,-0.0060910504115171404,STOP,-0.009991050411517141
2026-06-30,ESSITY-B.ST,6,-0.002182634109994086,EOD,-0.006082634109994086
2026-07-02,ESSITY-B.ST,0,0.003604902746945138,EOD,-0.00029509725305486203
2026-07-03,ESSITY-B.ST,5,-0.0003592173337216842,EOD,-0.004259217333721684
2026-07-07,ESSITY-B.ST,0,0.0064239390240954375,EOD,0.0025239390240954377
2023-08-09,EVO.ST,0,0.001112092698958289,EOD,-0.0027879073010417107
2023-08-10,EVO.ST,5,-0.0003148806725243869,EOD,-0.004214880672524387
2023-08-14,EVO.ST,0,-0.006251945263263781,EOD,-0.010151945263263781
2023-08-18,EVO.ST,0,-0.008340467087765924,STOP,-0.012240467087765924
2023-08-21,EVO.ST,0,-0.004769996240151175,EOD,-0.008669996240151176
2023-08-22,EVO.ST,0,-0.005389040540275225,EOD,-0.009289040540275226
2023-08-23,EVO.ST,7,-0.0018533708271903926,EOD,-0.005753370827190392
2023-08-25,EVO.ST,0,-0.004410475972752348,EOD,-0.008310475972752349
2023-08-28,EVO.ST,6,-0.0006735551399533746,EOD,-0.004573555139953374
2023-08-31,EVO.ST,1,-0.009849790340671905,EOD,-0.013749790340671905
2023-09-01,EVO.ST,0,0.005881364717842397,EOD,0.001981364717842397
2023-09-04,EVO.ST,0,-0.0004995633521545084,EOD,-0.004399563352154508
2023-09-05,EVO.ST,4,-0.005345725530213619,STOP,-0.00924572553021362
2023-09-08,EVO.ST,0,-0.013618919621936842,STOP,-0.017518919621936843
2023-09-13,EVO.ST,4,0.007769020116141112,EOD,0.0038690201161411123
2023-09-14,EVO.ST,1,0.010636468753642214,EOD,0.006736468753642214
2023-09-15,EVO.ST,3,-0.013217976088919281,EOD,-0.01711797608891928
2023-09-19,EVO.ST,0,-0.006680026856284771,STOP,-0.010580026856284772
2023-09-20,EVO.ST,0,-0.00868534828860934,STOP,-0.012585348288609341
2023-09-28,EVO.ST,1,0.011470882899225154,EOD,0.0075708828992251545
2023-09-29,EVO.ST,1,-0.007601832048925394,STOP,-0.011501832048925395
2023-10-03,EVO.ST,0,-0.009212384051389466,STOP,-0.013112384051389467
2023-10-04,EVO.ST,2,-0.008857812533437537,STOP,-0.012757812533437538
2023-10-05,EVO.ST,0,0.004208577846237516,EOD,0.0003085778462375158
2023-10-06,EVO.ST,0,0.01602631436786095,EOD,0.01212631436786095
2023-10-09,EVO.ST,0,-0.01130448220162017,STOP,-0.01520448220162017
2023-10-10,EVO.ST,5,0.011033253577878765,EOD,0.007133253577878766
2023-10-12,EVO.ST,0,-0.009347496532691735,STOP,-0.013247496532691735
2023-10-16,EVO.ST,0,-0.002413194289049181,EOD,-0.006313194289049181
2023-10-18,EVO.ST,0,-0.007328117859090488,STOP,-0.011228117859090489
2023-10-19,EVO.ST,2,-0.01247396690696978,STOP,-0.01637396690696978
2023-10-23,EVO.ST,4,-0.007126371571724577,STOP,-0.011026371571724577
2023-10-24,EVO.ST,1,0.007129433007446062,EOD,0.0032294330074460623
2023-10-26,EVO.ST,0,-0.006424437196987709,EOD,-0.01032443719698771
2023-10-30,EVO.ST,0,0.011265351105929078,EOD,0.007365351105929078
2023-10-31,EVO.ST,0,-0.014141601681508909,STOP,-0.01804160168150891
2023-11-01,EVO.ST,4,-0.0035246727089627283,EOD,-0.007424672708962728
2023-11-02,EVO.ST,2,-0.00551395797612797,EOD,-0.00941395797612797
2023-11-03,EVO.ST,0,-0.017138444262842056,STOP,-0.021038444262842057
2023-11-06,EVO.ST,7,0.0003872020960917766,EOD,-0.0035127979039082232
2023-11-09,EVO.ST,4,0.004321315386128344,EOD,0.00042131538612834394
2023-11-14,EVO.ST,1,0.04485079459666741,EOD,0.04095079459666741
2023-11-15,EVO.ST,0,-0.010262115623646317,EOD,-0.014162115623646318
2023-11-17,EVO.ST,1,0.0024399170847464458,EOD,-0.001460082915253554
2023-11-20,EVO.ST,1,0.014900353205851813,EOD,0.011000353205851812
2023-11-22,EVO.ST,0,0.012586910315010469,EOD,0.008686910315010468
2023-11-23,EVO.ST,7,-0.0016502097062233156,EOD,-0.0055502097062233155
2023-11-29,EVO.ST,0,-0.00720850571996956,EOD,-0.01110850571996956
2023-12-01,EVO.ST,0,0.0014636825171230328,EOD,-0.002436317482876967
2023-12-05,EVO.ST,4,0.004493170183866857,EOD,0.0005931701838668571
2023-12-07,EVO.ST,2,-0.0017879492612650205,EOD,-0.00568794926126502
2023-12-08,EVO.ST,5,0.0006969216969707759,EOD,-0.003203078303029224
2023-12-12,EVO.ST,4,0.004497555320701174,EOD,0.0005975553207011744
2023-12-20,EVO.ST,1,-0.008921135780285527,STOP,-0.012821135780285528
2023-12-21,EVO.ST,0,-0.006326986259467482,STOP,-0.010226986259467483
2023-12-22,EVO.ST,3,0.0008382229673093988,EOD,-0.003061777032690601
2023-12-27,EVO.ST,0,-0.003323363311014238,EOD,-0.007223363311014238
2023-12-29,EVO.ST,0,-0.004959497237425281,STOP,-0.008859497237425282
2024-01-02,EVO.ST,0,-0.012931779502938667,STOP,-0.016831779502938668
2024-01-08,EVO.ST,6,0.003419387786833372,EOD,-0.00048061221316662763
2024-01-16,EVO.ST,6,0.0019104491914112565,EOD,-0.0019895508085887434
2024-01-17,EVO.ST,3,-0.0005169529541257933,EOD,-0.004416952954125793
2024-01-18,EVO.ST,0,0.007189515137351998,EOD,0.0032895151373519985
2024-01-23,EVO.ST,0,0.0011383170338006288,EOD,-0.002761682966199371
2024-01-26,EVO.ST,0,0.001640689089417613,EOD,-0.002259310910582387
2024-01-31,EVO.ST,4,-0.002934922270985574,EOD,-0.006834922270985574
2024-02-06,EVO.ST,0,-0.006156687586340026,STOP,-0.010056687586340027
2024-02-08,EVO.ST,0,0.0009337638404773863,EOD,-0.0029662361595226136
2024-02-09,EVO.ST,0,0.0024468198901983484,EOD,-0.0014531801098016514
2024-02-13,EVO.ST,0,-0.006533943097536632,STOP,-0.010433943097536633
2024-02-14,EVO.ST,2,0.006138735650508709,EOD,0.002238735650508709
2024-02-16,EVO.ST,1,-0.007115839828964798,STOP,-0.011015839828964799
2024-02-19,EVO.ST,0,-0.004134054926969943,EOD,-0.008034054926969944
2024-02-20,EVO.ST,4,-0.010844115107434882,EOD,-0.014744115107434883
2024-02-22,EVO.ST,0,0.0005938604937070213,EOD,-0.0033061395062929785
2024-02-23,EVO.ST,4,0.0013298233308152163,EOD,-0.0025701766691847835
2024-03-01,EVO.ST,0,-0.008270529889018996,STOP,-0.012170529889018997
2024-03-05,EVO.ST,2,-0.008565007072924513,EOD,-0.012465007072924514
2024-03-06,EVO.ST,1,0.0009076786474091492,EOD,-0.0029923213525908507
2024-03-07,EVO.ST,4,-0.007001484910102773,EOD,-0.010901484910102774
2024-03-08,EVO.ST,5,-0.004390650134841079,EOD,-0.00829065013484108
2024-03-12,EVO.ST,0,0.023321834379663287,EOD,0.019421834379663286
2024-03-13,EVO.ST,0,-0.003930148772971265,EOD,-0.007830148772971265
2024-03-15,EVO.ST,0,-0.005068790731354134,STOP,-0.008968790731354134
2024-03-19,EVO.ST,0,0.005849663748767275,EOD,0.0019496637487672755
2024-03-21,EVO.ST,0,-0.0036242389739652436,EOD,-0.0075242389739652435
2024-03-26,EVO.ST,0,0.013461260051606416,EOD,0.009561260051606416
2024-03-27,EVO.ST,1,-0.010231700335188276,EOD,-0.014131700335188277
2024-03-28,EVO.ST,0,0.004984875820194468,EOD,0.0010848758201944678
2024-04-03,EVO.ST,6,0.002307692307692344,EOD,-0.001592307692307656
2024-04-05,EVO.ST,4,0.001547388781431236,EOD,-0.002352611218568764
2024-04-08,EVO.ST,0,0.005780346820809301,EOD,0.0018803468208093014
2024-04-09,EVO.ST,3,-0.00805214723926384,STOP,-0.011952147239263841
2024-04-10,EVO.ST,0,-0.009202453987730008,STOP,-0.013102453987730009
2024-04-11,EVO.ST,0,-0.00846153846153841,STOP,-0.01236153846153841
2024-04-15,EVO.ST,4,-0.0018953752843062777,EOD,-0.0057953752843062775
2024-04-16,EVO.ST,3,0.001151631477926962,EOD,-0.0027483685220730377
2024-04-17,EVO.ST,0,0.0007674597083653367,EOD,-0.003132540291634663
2024-04-19,EVO.ST,3,-0.003500583430571802,EOD,-0.007400583430571802
2024-04-23,EVO.ST,0,0.019495412844036775,EOD,0.015595412844036774
2024-04-25,EVO.ST,0,-0.02305588120359514,STOP,-0.02695588120359514
2024-04-26,EVO.ST,4,0.003972983710766709,EOD,7.298371076670893e-05
2024-04-29,EVO.ST,0,-0.013687600644122333,STOP,-0.017587600644122334
2024-04-30,EVO.ST,0,-0.007340946166394802,STOP,-0.011240946166394802
2024-05-03,EVO.ST,1,-0.008631319358816225,STOP,-0.012531319358816226
2024-05-07,EVO.ST,0,0.014003294892916074,EOD,0.010103294892916073
2024-05-08,EVO.ST,0,-0.002020202020202033,EOD,-0.005920202020202033
2024-05-24,EVO.ST,0,0.002144082332761643,EOD,-0.0017559176672383566
2024-05-27,EVO.ST,0,-0.005119453924914641,STOP,-0.009019453924914642
2024-05-31,EVO.ST,0,0.01211305518169592,EOD,0.008213055181695919
2024-06-11,EVO.ST,0,-0.0044523597506678225,STOP,-0.008352359750667823
2024-06-12,EVO.ST,4,0.01005025125628145,EOD,0.006150251256281451
2024-06-19,EVO.ST,0,0.0,EOD,-0.0039
2024-06-24,EVO.ST,0,-0.007184553210597189,EOD,-0.01108455321059719
2024-06-25,EVO.ST,0,0.010497489730716625,EOD,0.006597489730716625
2024-07-03,EVO.ST,1,-0.004039497307001816,EOD,-0.007939497307001817
2024-07-04,EVO.ST,0,-0.003129190880643673,EOD,-0.007029190880643673
2024-07-09,EVO.ST,0,-0.0017857142857142794,EOD,-0.005685714285714279
2024-07-10,EVO.ST,1,0.0,EOD,-0.0039
2024-07-15,EVO.ST,1,-0.0064239828693790635,STOP,-0.010323982869379064
2024-07-16,EVO.ST,0,0.005154639175257714,EOD,0.0012546391752577138
2024-07-18,EVO.ST,5,-0.0072587532023911105,EOD,-0.011158753202391111
2024-07-22,EVO.ST,0,-0.017461066540821135,STOP,-0.021361066540821136
2024-07-24,EVO.ST,5,-0.004392386530014614,EOD,-0.008292386530014614
2024-07-26,EVO.ST,0,0.0087890625,EOD,0.0048890625
2024-07-31,EVO.ST,4,-0.0014436958614052475,EOD,-0.005343695861405247
2024-08-01,EVO.ST,1,-0.00337186897880537,EOD,-0.00727186897880537
2024-08-05,EVO.ST,0,0.00960165925849088,EOD,0.00570165925849088
2024-08-07,EVO.ST,2,0.002667251388646763,EOD,-0.0012327486113532368
2024-08-08,EVO.ST,0,-0.00201045438735592,EOD,-0.00591045438735592
2024-08-09,EVO.ST,1,-0.013235294117647012,EOD,-0.017135294117647012
2024-08-13,EVO.ST,4,0.0034877927254608476,EOD,-0.0004122072745391522
2024-08-15,EVO.ST,3,0.005392156862745079,EOD,0.001492156862745079
2024-08-16,EVO.ST,0,0.0,EOD,-0.0039
2024-08-19,EVO.ST,1,0.0019240019240018835,EOD,-0.0019759980759981163
2024-08-20,EVO.ST,0,-0.009056244041944717,STOP,-0.012956244041944717
2024-08-21,EVO.ST,1,-0.0004764173415912065,EOD,-0.004376417341591206
2024-08-22,EVO.ST,0,0.007112375533428139,EOD,0.0032123755334281393
2024-08-23,EVO.ST,2,-0.0009407337723423836,EOD,-0.0048407337723423835
2024-08-26,EVO.ST,0,0.0014064697609001975,EOD,-0.0024935302390998023
2024-08-28,EVO.ST,0,-0.005599626691553894,STOP,-0.009499626691553895
2024-08-29,EVO.ST,0,0.0032910202162670377,EOD,-0.0006089797837329622
2024-08-30,EVO.ST,0,-0.004679457182966806,STOP,-0.008579457182966807
2024-09-03,EVO.ST,0,-0.005181347150259086,STOP,-0.009081347150259086
2024-09-06,EVO.ST,0,-0.005426739023187022,STOP,-0.009326739023187022
2024-09-09,EVO.ST,0,-0.0004950495049504955,EOD,-0.004395049504950495
2024-09-10,EVO.ST,0,-0.009382716049382678,STOP,-0.013282716049382678
2024-09-11,EVO.ST,2,-0.007403751233958533,EOD,-0.011303751233958534
2024-09-16,EVO.ST,0,-0.007885657959585957,STOP,-0.011785657959585957
2024-09-17,EVO.ST,3,-0.0004975124378109319,EOD,-0.004397512437810932
2024-09-19,EVO.ST,0,-0.0049261083743842304,STOP,-0.008826108374384231
2024-09-23,EVO.ST,0,-0.009429280397022288,STOP,-0.013329280397022289
2024-09-24,EVO.ST,0,-0.007440476190476164,STOP,-0.011340476190476165
2024-09-25,EVO.ST,4,0.003609359833385062,EOD,-0.000290640166614938
2024-09-26,EVO.ST,0,-0.013215859030836996,STOP,-0.017115859030836997
2024-09-27,EVO.ST,6,-0.0009808729769494873,EOD,-0.004880872976949487
2024-10-01,EVO.ST,1,-0.0072528443049862945,STOP,-0.011152844304986295
2024-10-02,EVO.ST,0,-0.004995004995005048,STOP,-0.008895004995005049
2024-10-03,EVO.ST,6,-0.006637204805966079,EOD,-0.01053720480596608
2024-10-08,EVO.ST,2,-0.007109486262006359,STOP,-0.01100948626200636
2024-10-10,EVO.ST,2,0.0016607593371305018,EOD,-0.002239240662869498
2024-10-11,EVO.ST,6,0.0020618556701030855,EOD,-0.0018381443298969144
2024-10-15,EVO.ST,0,-0.009836713707681466,STOP,-0.013736713707681467
2024-10-16,EVO.ST,1,0.007768239138900679,EOD,0.003868239138900679
2024-10-17,EVO.ST,2,-0.012618961896019187,STOP,-0.016518961896019188
2024-10-18,EVO.ST,0,-0.01596850272107686,STOP,-0.01986850272107686
2024-10-22,EVO.ST,2,-0.0008445816962192598,EOD,-0.00474458169621926
2024-10-23,EVO.ST,6,-0.0004194246949937863,EOD,-0.004319424694993786
2024-10-24,EVO.ST,0,0.03154425612052725,EOD,0.027644256120527247
2024-10-28,EVO.ST,4,-0.008095238095238044,EOD,-0.011995238095238045
2024-10-30,EVO.ST,4,-0.008897676717745884,STOP,-0.012797676717745884
2024-10-31,EVO.ST,0,-0.0004972650422675473,EOD,-0.004397265042267547
2024-11-07,EVO.ST,0,0.005054589504951856,EOD,0.0011545895049518565
2024-11-12,EVO.ST,3,0.0030870549883554865,EOD,-0.0008129450116445133
2024-11-13,EVO.ST,0,-0.01194814508370956,STOP,-0.01584814508370956
2024-11-14,EVO.ST,0,0.020257813892360588,EOD,0.016357813892360587
2024-11-25,EVO.ST,7,-0.0016099573411051393,EOD,-0.005509957341105139
2024-11-26,EVO.ST,0,-0.0006056688882740691,EOD,-0.004505668888274069
2024-11-28,EVO.ST,0,-0.007056451612903247,STOP,-0.010956451612903248
2024-12-02,EVO.ST,3,-0.00507076686749075,EOD,-0.008970766867490751
2024-12-03,EVO.ST,1,-0.013524760544010417,EOD,-0.017424760544010418
2024-12-10,EVO.ST,5,0.0,EOD,-0.0039
2024-12-13,EVO.ST,1,-0.006636707478073989,STOP,-0.01053670747807399
2024-12-17,EVO.ST,1,0.01028674167173671,EOD,0.00638674167173671
2024-12-18,EVO.ST,0,-0.006483682560738058,STOP,-0.010383682560738058
2024-12-20,EVO.ST,6,0.005051654672111994,EOD,0.0011516546721119939
2024-12-27,EVO.ST,0,0.005896226415094352,EOD,0.0019962264150943524
2025-01-02,EVO.ST,2,-0.0027548489215265537,EOD,-0.0066548489215265535
2025-01-09,EVO.ST,2,-0.004038033745917491,EOD,-0.007938033745917492
2025-01-10,EVO.ST,3,-0.0030755104636953634,EOD,-0.006975510463695363
2025-01-14,EVO.ST,0,-0.0037348415646855093,EOD,-0.007634841564685509
2025-01-15,EVO.ST,4,0.0018561201693010343,EOD,-0.0020438798306989655
2025-01-16,EVO.ST,6,0.0048242732883199135,EOD,0.0009242732883199137
2025-01-21,EVO.ST,0,-0.010838845828630261,STOP,-0.014738845828630262
2025-01-22,EVO.ST,0,-0.010620721903121355,STOP,-0.014520721903121356
2025-01-23,EVO.ST,1,0.007748213576346918,EOD,0.0038482135763469186
2025-01-24,EVO.ST,1,-0.009334889148191361,EOD,-0.013234889148191362
2025-01-27,EVO.ST,6,-0.002078988009178828,EOD,-0.005978988009178828
2025-01-28,EVO.ST,0,0.005004507868307639,EOD,0.0011045078683076396
2025-01-29,EVO.ST,0,-0.008543138258217398,STOP,-0.012443138258217398
2025-01-30,EVO.ST,1,-0.02872187733510978,STOP,-0.03262187733510978
2025-01-31,EVO.ST,0,0.003055200453510487,EOD,-0.0008447995464895127
2025-02-04,EVO.ST,1,0.0026196859240412707,EOD,-0.0012803140759587292
2025-02-10,EVO.ST,2,0.006493521836036242,EOD,0.0025935218360362425
2025-02-12,EVO.ST,0,-0.010103439401849434,STOP,-0.014003439401849435
2025-02-13,EVO.ST,0,0.013246627741565487,EOD,0.009346627741565486
2025-02-17,EVO.ST,0,-0.0054722528188644315,STOP,-0.009372252818864432
2025-02-20,EVO.ST,0,-0.00023982279020529074,EOD,-0.0041398227902052906
2025-02-25,EVO.ST,3,0.002918953227042609,EOD,-0.000981046772957391
2025-02-26,EVO.ST,0,-0.005027546186603282,EOD,-0.008927546186603283
2025-02-27,EVO.ST,0,-0.007237635705669487,STOP,-0.011137635705669488
2025-02-28,EVO.ST,0,0.0041483949674738785,EOD,0.00024839496747387866
2025-03-03,EVO.ST,0,-0.007653700455194423,EOD,-0.011553700455194424
2025-03-05,EVO.ST,0,-0.011047084944624586,STOP,-0.014947084944624586
2025-03-10,EVO.ST,3,0.0004947592365502906,EOD,-0.003405240763449709
2025-03-12,EVO.ST,0,0.005778863801429113,EOD,0.0018788638014291129
2025-03-13,EVO.ST,0,-0.0017610369988207975,EOD,-0.005661036998820797
2025-03-18,EVO.ST,0,-0.008953011810173495,STOP,-0.012853011810173495
2025-03-24,EVO.ST,5,0.011868717694523356,EOD,0.007968717694523356
2025-03-25,EVO.ST,1,-0.0017438507725380248,EOD,-0.005643850772538025
2025-03-31,EVO.ST,5,-0.004271238861308202,EOD,-0.008171238861308203
2025-04-01,EVO.ST,4,0.004311522708704274,EOD,0.0004115227087042742
2025-04-04,EVO.ST,1,-0.008058017991846578,STOP,-0.011958017991846578
2025-04-07,EVO.ST,0,0.017952297044836918,EOD,0.014052297044836917
2025-04-08,EVO.ST,0,0.02514877938761173,EOD,0.02124877938761173
2025-04-09,EVO.ST,0,0.008373785747483709,EOD,0.004473785747483709
2025-04-10,EVO.ST,2,-0.005847922360423419,EOD,-0.00974792236042342
2025-04-14,EVO.ST,6,-0.008254096782708276,STOP,-0.012154096782708276
2025-04-15,EVO.ST,1,-0.0017438507725380248,EOD,-0.005643850772538025
2025-04-16,EVO.ST,1,0.016149068322981464,EOD,0.012249068322981463
2025-04-17,EVO.ST,2,-0.004116252317266977,EOD,-0.008016252317266978
2025-04-23,EVO.ST,0,-0.009345780039704321,STOP,-0.013245780039704322
2025-04-28,EVO.ST,4,-0.011981788033218477,EOD,-0.015881788033218477
2025-04-29,EVO.ST,1,0.0028804168791944917,EOD,-0.001019583120805508
2025-05-02,EVO.ST,3,0.003823493508731568,EOD,-7.650649126843181e-05
2025-05-08,EVO.ST,0,0.0003014036245350127,EOD,-0.003598596375464987
2025-05-12,EVO.ST,0,0.0012187504009963934,EOD,-0.0026812495990036064
2025-05-14,EVO.ST,0,0.01024094547133858,EOD,0.006340945471338581
2025-05-15,EVO.ST,5,-0.005641312248658159,EOD,-0.00954131224865816
2025-05-20,EVO.ST,3,0.004550970789511721,EOD,0.0006509707895117215
2025-05-21,EVO.ST,7,0.0030330602456030142,EOD,-0.0008669397543969856
2025-05-27,EVO.ST,1,0.0,EOD,-0.0039
2025-05-30,EVO.ST,0,-0.0015174506828528056,EOD,-0.005417450682852805
2025-06-02,EVO.ST,0,-0.0076687116564416735,EOD,-0.011568711656441674
2025-06-04,EVO.ST,1,0.001226975142590181,EOD,-0.002673024857409819
2025-06-09,EVO.ST,0,-0.009679407586064226,EOD,-0.013579407586064227
2025-06-10,EVO.ST,0,0.0006044491106693695,EOD,-0.0032955508893306304
2025-06-11,EVO.ST,4,0.010176575379741148,EOD,0.006276575379741149
2025-06-12,EVO.ST,1,0.0041542845593007804,EOD,0.0002542845593007806
2025-06-13,EVO.ST,3,-0.0017905284768341412,EOD,-0.005690528476834141
2025-06-16,EVO.ST,0,0.022823348105996955,EOD,0.018923348105996954
2025-06-17,EVO.ST,0,-0.007975780659527199,STOP,-0.0118757806595272
2025-06-23,EVO.ST,0,-0.012729844413012725,STOP,-0.016629844413012726
2025-06-24,EVO.ST,0,-0.008310249307479256,EOD,-0.012210249307479257
2025-06-30,EVO.ST,0,-0.0013287271225612685,EOD,-0.005228727122561268
2025-07-01,EVO.ST,5,0.0063324377215947525,EOD,0.0024324377215947527
2025-07-02,EVO.ST,5,0.002077890371347424,EOD,-0.0018221096286525759
2025-07-08,EVO.ST,0,0.00718279396347854,EOD,0.00328279396347854
2025-07-09,EVO.ST,0,0.0010449958903311352,EOD,-0.0028550041096688647
2025-07-10,EVO.ST,0,0.0015588623357498665,EOD,-0.0023411376642501333
2025-07-11,EVO.ST,0,-0.012079188212042458,STOP,-0.01597918821204246
2025-07-14,EVO.ST,0,-0.004960819573066266,STOP,-0.008860819573066267
2025-07-15,EVO.ST,0,-0.006702774283129931,STOP,-0.010602774283129932
2025-07-16,EVO.ST,2,-0.009278366246174286,STOP,-0.013178366246174286
2025-07-17,EVO.ST,2,0.0007224134827001905,EOD,-0.0031775865172998094
2025-07-18,EVO.ST,0,0.0,EOD,-0.0039
2025-07-22,EVO.ST,0,0.00383044179837011,EOD,-6.955820162988981e-05
2025-07-23,EVO.ST,1,-0.001885429686505402,EOD,-0.005785429686505402
2025-07-24,EVO.ST,0,-0.0018661494932743494,EOD,-0.005766149493274349
2025-07-25,EVO.ST,0,0.010670392109461302,EOD,0.006770392109461302
2025-07-29,EVO.ST,0,-0.004768406295684979,EOD,-0.00866840629568498
2025-07-30,EVO.ST,0,-0.001135589402367021,EOD,-0.005035589402367021
2025-08-01,EVO.ST,1,-0.005063319233673758,STOP,-0.008963319233673758
2025-08-05,EVO.ST,3,-0.003225792388212856,EOD,-0.007125792388212856
2025-08-07,EVO.ST,0,0.0050562667400415595,EOD,0.0011562667400415597
2025-08-08,EVO.ST,0,-0.0027309551800672738,EOD,-0.006630955180067274
2025-08-11,EVO.ST,6,0.0,EOD,-0.0039
2025-08-12,EVO.ST,6,-0.0009027169735378315,EOD,-0.004802716973537831
2025-08-14,EVO.ST,5,0.002923294048797098,EOD,-0.0009767059512029016
2025-08-18,EVO.ST,0,0.021697204110073365,EOD,0.017797204110073364
2025-08-20,EVO.ST,0,0.00514141677591029,EOD,0.0012414167759102904
2025-08-22,EVO.ST,0,0.009389671361502261,EOD,0.005489671361502261
2025-08-26,EVO.ST,4,-0.006053564851025928,STOP,-0.009953564851025928
2025-08-27,EVO.ST,1,0.00046918182678523657,EOD,-0.0034308181732147633
2025-08-28,EVO.ST,0,-0.004903048437518431,STOP,-0.008803048437518432
2025-09-04,EVO.ST,0,-0.005588042008681349,EOD,-0.00948804200868135
2025-09-05,EVO.ST,0,0.009081751157785645,EOD,0.005181751157785645
2025-09-10,EVO.ST,4,-0.0007487354664512669,EOD,-0.004648735466451267
2025-09-12,EVO.ST,0,-0.0072301018507986425,STOP,-0.011130101850798643
2025-09-15,EVO.ST,0,0.0031676859889886444,EOD,-0.0007323140110113554
2025-09-16,EVO.ST,0,-0.0016729964141115605,STOP,-0.00557299641411156
2025-09-18,EVO.ST,0,-0.006137982015532839,EOD,-0.01003798201553284
2025-09-19,EVO.ST,0,0.015524934697043413,EOD,0.011624934697043413
2025-09-22,EVO.ST,0,-0.005559628336186395,EOD,-0.009459628336186396
2025-09-23,EVO.ST,0,0.0021786344303729166,EOD,-0.0017213655696270832
2025-09-25,EVO.ST,6,-0.007333170264585354,EOD,-0.011233170264585354
2025-10-01,EVO.ST,3,-0.010892147667403651,STOP,-0.014792147667403652
2025-10-03,EVO.ST,0,0.009898374338846994,EOD,0.005998374338846994
2025-10-08,EVO.ST,4,-0.004375187449022655,EOD,-0.008275187449022656
2025-10-13,EVO.ST,3,0.008898725347996628,EOD,0.004998725347996628
2025-10-14,EVO.ST,4,-0.003594189291325711,EOD,-0.007494189291325711
2025-10-16,EVO.ST,0,-0.005250052303200192,STOP,-0.009150052303200193
2025-10-17,EVO.ST,1,0.009174277678560161,EOD,0.005274277678560161
2025-10-21,EVO.ST,0,0.018699448605347557,EOD,0.014799448605347557
2025-10-22,EVO.ST,7,-0.004117485726769954,EOD,-0.008017485726769955
2025-10-23,EVO.ST,0,0.01905622406732843,EOD,0.01515622406732843
2025-10-24,EVO.ST,6,0.002678553263346428,EOD,-0.0012214467366535716
2025-11-03,EVO.ST,0,-0.008956127256986135,EOD,-0.012856127256986136
2025-11-05,EVO.ST,4,0.004774029095236498,EOD,0.0008740290952364985
2025-11-07,EVO.ST,6,0.0015797788309637184,EOD,-0.0023202211690362814
2025-11-10,EVO.ST,6,-0.0009273192982032219,EOD,-0.004827319298203222
2025-11-11,EVO.ST,5,0.00030742732022259744,EOD,-0.0035925726797774024
2025-11-12,EVO.ST,0,-0.0018410743011740838,EOD,-0.005741074301174084
2025-11-18,EVO.ST,0,-0.008673247013580854,EOD,-0.012573247013580854
2025-11-19,EVO.ST,0,0.00672001953125001,EOD,0.00282001953125001
2025-11-21,EVO.ST,0,-0.001895155059850051,EOD,-0.005795155059850051
2025-11-24,EVO.ST,7,0.0009412857906445637,EOD,-0.002958714209355436
2025-11-25,EVO.ST,0,0.022734570544467703,EOD,0.018834570544467702
2025-11-26,EVO.ST,0,-0.00686003156623205,STOP,-0.01076003156623205
2025-11-27,EVO.ST,0,0.00837732643280642,EOD,0.00447732643280642
2025-12-01,EVO.ST,7,0.006779698634919118,EOD,0.002879698634919118
2025-12-04,EVO.ST,1,-0.00884672288457744,STOP,-0.012746722884577441
2025-12-05,EVO.ST,0,-0.012388799389183136,STOP,-0.016288799389183137
2025-12-08,EVO.ST,3,0.011235955056179803,EOD,0.007335955056179803
2025-12-09,EVO.ST,7,0.005362814533221627,EOD,0.0014628145332216272
2025-12-10,EVO.ST,2,-0.009745382093789834,STOP,-0.013645382093789835
2025-12-11,EVO.ST,4,0.006432936761864072,EOD,0.0025329367618640722
2025-12-12,EVO.ST,0,-0.00726006275755231,EOD,-0.011160062757552311
2025-12-15,EVO.ST,1,-0.004081594326432514,EOD,-0.007981594326432515
2025-12-16,EVO.ST,4,0.003784237358423148,EOD,-0.0001157626415768517
2025-12-18,EVO.ST,7,-0.00255750583180403,EOD,-0.00645750583180403
2025-12-23,EVO.ST,0,0.0003197172434752371,EOD,-0.0035802827565247627
2025-12-29,EVO.ST,0,0.0006385111164073365,EOD,-0.0032614888835926633
2025-12-30,EVO.ST,0,0.0028653100254565356,EOD,-0.0010346899745434643
2026-01-02,EVO.ST,5,-0.010992462522275925,STOP,-0.014892462522275926
2026-01-07,EVO.ST,3,0.004536597112103635,EOD,0.0006365971121036354
2026-01-09,EVO.ST,0,-0.01754385964912286,STOP,-0.021443859649122862
2026-01-15,EVO.ST,2,0.028542387911927758,EOD,0.024642387911927757
2026-01-28,EVO.ST,3,0.0013592403352185034,EOD,-0.0025407596647814964
2026-02-04,EVO.ST,0,0.025201194896119494,EOD,0.021301194896119494
2026-02-06,EVO.ST,3,0.023408902850625468,EOD,0.019508902850625467
2026-02-09,EVO.ST,4,0.004250840449597559,EOD,0.00035084044959755954
2026-02-10,EVO.ST,0,0.0,EOD,-0.0039
2026-02-12,EVO.ST,2,-0.023525154857663044,STOP,-0.027425154857663045
2026-02-13,EVO.ST,1,-0.01393601584569204,EOD,-0.01783601584569204
2026-02-17,EVO.ST,1,0.009931269002089183,EOD,0.006031269002089183
2026-02-18,EVO.ST,0,0.005649717514124353,EOD,0.001749717514124353
2026-02-19,EVO.ST,0,-0.007743384988908142,EOD,-0.011643384988908143
2026-02-24,EVO.ST,0,0.012288833648373076,EOD,0.008388833648373076
2026-02-25,EVO.ST,2,-0.007371913343122705,EOD,-0.011271913343122705
2026-02-26,EVO.ST,0,0.01981649136324548,EOD,0.01591649136324548
2026-02-27,EVO.ST,0,-0.008318219866071397,EOD,-0.012218219866071398
2026-03-02,EVO.ST,0,0.002933581801094265,EOD,-0.0009664181989057349
2026-03-03,EVO.ST,0,-0.002921796306191382,EOD,-0.006821796306191382
2026-03-04,EVO.ST,1,-0.011560628000628848,STOP,-0.015460628000628848
2026-03-05,EVO.ST,0,0.007189072294186749,EOD,0.0032890722941867493
2026-03-09,EVO.ST,0,-0.00281597428144853,EOD,-0.00671597428144853
2026-03-10,EVO.ST,0,-0.007596727074117737,EOD,-0.011496727074117738
2026-03-11,EVO.ST,4,-0.00554594836573874,EOD,-0.00944594836573874
2026-03-12,EVO.ST,0,-0.007345616717967407,EOD,-0.011245616717967408
2026-03-17,EVO.ST,2,-0.004388988038387498,EOD,-0.008288988038387499
2026-03-19,EVO.ST,2,0.011042140586000615,EOD,0.007142140586000615
2026-03-23,EVO.ST,0,0.02481651853214828,EOD,0.02091651853214828
2026-03-30,EVO.ST,0,0.014497900567510325,EOD,0.010597900567510324
2026-03-31,EVO.ST,0,0.009661899339164837,EOD,0.005761899339164837
2026-04-01,EVO.ST,3,-0.00033202556262479366,EOD,-0.0042320255626247935
2026-04-02,EVO.ST,0,-0.0036266918239651336,EOD,-0.007526691823965133
2026-04-07,EVO.ST,0,0.002264579992336646,EOD,-0.0016354200076633537
2026-04-09,EVO.ST,2,-0.016639497890752475,STOP,-0.020539497890752476
2026-04-10,EVO.ST,0,-0.006605020081333124,STOP,-0.010505020081333125
2026-04-13,EVO.ST,0,0.00866957704711746,EOD,0.004769577047117461
2026-04-14,EVO.ST,0,0.005608649472849336,EOD,0.0017086494728493365
2026-04-15,EVO.ST,0,0.009029305829920231,EOD,0.005129305829920231
2026-04-16,EVO.ST,0,0.007201059344078331,EOD,0.003301059344078331
2026-04-17,EVO.ST,0,0.00338151289515487,EOD,-0.0005184871048451297
2026-04-20,EVO.ST,0,-0.020526905069667367,STOP,-0.024426905069667368
2026-04-21,EVO.ST,5,0.0006265090282120411,EOD,-0.0032734909717879587
2026-04-22,EVO.ST,4,0.010614404552370837,EOD,0.006714404552370838
2026-04-24,EVO.ST,0,0.02767179508882478,EOD,0.02377179508882478
2026-04-28,EVO.ST,1,0.0015615239879400722,EOD,-0.0023384760120599276
2026-04-30,EVO.ST,1,-0.012499999999999956,STOP,-0.016399999999999956
2026-05-06,EVO.ST,0,0.006327111551352127,EOD,0.002427111551352127
2026-05-07,EVO.ST,7,0.0009371689698491892,EOD,-0.0029628310301508106
2026-05-12,EVO.ST,0,-0.008425165431278359,STOP,-0.01232516543127836
2026-05-13,EVO.ST,1,0.001877953375635677,EOD,-0.002022046624364323
2026-05-15,EVO.ST,5,-0.0042878832970425496,EOD,-0.00818788329704255
2026-05-18,EVO.ST,5,0.007285956104900793,EOD,0.0033859561049007928
2026-05-19,EVO.ST,0,-0.03215433978427373,STOP,-0.036054339784273734
2026-05-20,EVO.ST,0,0.006195386233848188,EOD,0.002295386233848188
2026-05-22,EVO.ST,0,-0.010472634637115452,STOP,-0.014372634637115453
2026-05-25,EVO.ST,0,-0.001986891040894556,EOD,-0.005886891040894556
2026-05-28,EVO.ST,1,0.0014556040756914523,EOD,-0.0024443959243085475
2026-05-29,EVO.ST,0,-0.009789789853120179,STOP,-0.01368978985312018
2026-06-01,EVO.ST,6,-0.004833699596321073,EOD,-0.008733699596321073
2026-06-04,EVO.ST,0,0.005957464123448553,EOD,0.0020574641234485528
2026-06-05,EVO.ST,0,-0.002241490071868135,EOD,-0.006141490071868135
2026-06-08,EVO.ST,0,0.0,EOD,-0.0039
2026-06-09,EVO.ST,1,0.004295532495888654,EOD,0.00039553249588865445
2026-06-10,EVO.ST,0,0.020609789783693877,EOD,0.016709789783693876
2026-06-11,EVO.ST,1,-0.010190063742319011,STOP,-0.014090063742319012
2026-06-12,EVO.ST,0,-0.004387184123830878,EOD,-0.008287184123830879
2026-06-16,EVO.ST,5,-0.01163752219585179,STOP,-0.015537522195851791
2026-06-22,EVO.ST,0,0.009532026795525672,EOD,0.005632026795525672
2026-06-23,EVO.ST,1,-0.00886983148359266,STOP,-0.012769831483592661
2026-06-29,EVO.ST,2,-0.0005892212523554985,EOD,-0.004489221252355498
2026-07-02,EVO.ST,0,-0.0008844879119985771,EOD,-0.004784487911998577
2026-07-07,EVO.ST,5,-0.005050541224614347,EOD,-0.008950541224614347
2023-08-08,HM-B.ST,0,-0.008434714619359962,STOP,-0.012334714619359963
2023-08-09,HM-B.ST,0,-0.0023961252511293107,EOD,-0.0062961252511293106
2023-08-10,HM-B.ST,0,-0.002472031689425558,EOD,-0.006372031689425558
2023-08-14,HM-B.ST,0,0.0009549037027971607,EOD,-0.002945096297202839
2023-08-16,HM-B.ST,0,0.010251527197623123,EOD,0.006351527197623123
2023-08-22,HM-B.ST,0,-0.010914401356673986,STOP,-0.014814401356673987
2023-08-25,HM-B.ST,0,0.0030108877998504813,EOD,-0.0008891122001495185
2023-08-28,HM-B.ST,7,-0.0025977126915606163,EOD,-0.006497712691560616
2023-08-31,HM-B.ST,0,0.013801445650215127,EOD,0.009901445650215127
2023-09-01,HM-B.ST,0,-0.0034396978285499147,EOD,-0.0073396978285499145
2023-09-04,HM-B.ST,0,-0.008654365628270044,STOP,-0.012554365628270045
2023-09-05,HM-B.ST,2,-0.0029872146338510985,EOD,-0.006887214633851098
2023-09-06,HM-B.ST,5,-0.010315468178232923,EOD,-0.014215468178232923
2023-09-07,HM-B.ST,0,0.00048014544111829593,EOD,-0.003419854558881704
2023-09-12,HM-B.ST,0,-0.005534455648043335,EOD,-0.009434455648043336
2023-09-14,HM-B.ST,5,-0.0006965121780690975,EOD,-0.004596512178069097
2023-09-19,HM-B.ST,0,-0.000125654980178469,EOD,-0.004025654980178469
2023-09-20,HM-B.ST,0,0.0010013998205768981,EOD,-0.0028986001794231017
2023-09-21,HM-B.ST,5,-0.005141111750587735,EOD,-0.009041111750587735
2023-09-25,HM-B.ST,0,-0.010352224520918663,STOP,-0.014252224520918663
2023-09-27,HM-B.ST,0,-0.025063938761370252,EOD,-0.028963938761370253
2023-09-29,HM-B.ST,5,-0.008419390711233987,EOD,-0.012319390711233988
2023-10-03,HM-B.ST,0,-0.012573817375363117,STOP,-0.016473817375363117
2023-10-06,HM-B.ST,1,0.010117072404799865,EOD,0.006217072404799865
2023-10-10,HM-B.ST,6,0.005681071360892798,EOD,0.0017810713608927978
2023-10-11,HM-B.ST,5,-0.002110866169756198,EOD,-0.006010866169756198
2023-10-12,HM-B.ST,0,-0.0023529451656965072,EOD,-0.006252945165696507
2023-10-16,HM-B.ST,0,-0.007711461911014239,STOP,-0.01161146191101424
2023-10-18,HM-B.ST,0,-0.009505703238218643,STOP,-0.013405703238218644
2023-10-19,HM-B.ST,2,-0.008815145327406237,EOD,-0.012715145327406238
2023-10-24,HM-B.ST,4,0.0003944094170365009,EOD,-0.003505590582963499
2023-10-26,HM-B.ST,1,-0.009858248843330308,STOP,-0.013758248843330309
2023-10-30,HM-B.ST,0,-0.00569963067478263,EOD,-0.00959963067478263
2023-10-31,HM-B.ST,0,0.0025517384332853776,EOD,-0.0013482615667146222
2023-11-01,HM-B.ST,4,0.0020952859014664593,EOD,-0.0018047140985335405
2023-11-02,HM-B.ST,0,-0.0018938624023230322,EOD,-0.005793862402323032
2023-11-03,HM-B.ST,0,-0.002243553504229334,EOD,-0.006143553504229334
2023-11-07,HM-B.ST,0,0.002986905641906512,EOD,-0.0009130943580934877
2023-11-08,HM-B.ST,5,-0.006598158727956882,EOD,-0.010498158727956883
2023-11-09,HM-B.ST,3,-0.008534140343516183,STOP,-0.012434140343516184
2023-11-14,HM-B.ST,0,0.021823279425777775,EOD,0.017923279425777774
2023-11-15,HM-B.ST,0,0.008620746354004227,EOD,0.0047207463540042275
2023-11-17,HM-B.ST,0,0.02055204600534921,EOD,0.01665204600534921
2023-11-21,HM-B.ST,0,-0.0048422822910277885,EOD,-0.00874228229102779
2023-11-22,HM-B.ST,7,0.0008172760487701325,EOD,-0.0030827239512298673
2023-11-23,HM-B.ST,0,-0.002303051090237318,EOD,-0.006203051090237318
2023-11-24,HM-B.ST,1,0.0008070989520909677,EOD,-0.003092901047909032
2023-11-27,HM-B.ST,5,-0.0006870998488712754,EOD,-0.004587099848871275
2023-11-29,HM-B.ST,3,-0.0011413615656331588,EOD,-0.005041361565633159
2023-11-30,HM-B.ST,2,-0.013977007868653302,EOD,-0.017877007868653302
2023-12-01,HM-B.ST,0,0.009389707516583634,EOD,0.005489707516583634
2023-12-07,HM-B.ST,1,-0.007040582791910777,EOD,-0.010940582791910777
2023-12-08,HM-B.ST,0,-0.01458166974691355,STOP,-0.01848166974691355
2023-12-11,HM-B.ST,0,0.012494314465564926,EOD,0.008594314465564926
2023-12-15,HM-B.ST,0,-0.005266120119923001,EOD,-0.009166120119923002
2023-12-18,HM-B.ST,0,0.004656383731153069,EOD,0.0007563837311530689
2023-12-19,HM-B.ST,7,-0.00021969505387731125,EOD,-0.004119695053877311
2023-12-21,HM-B.ST,0,-0.004849580349680749,EOD,-0.00874958034968075
2023-12-27,HM-B.ST,4,-0.004934975586965318,EOD,-0.008834975586965318
2024-01-08,HM-B.ST,2,0.008001888714719962,EOD,0.004101888714719963
2024-01-10,HM-B.ST,0,-0.006398873319503617,STOP,-0.010298873319503618
2024-01-12,HM-B.ST,0,-0.011353010217530657,EOD,-0.015253010217530658
2024-01-16,HM-B.ST,3,-0.004643402780900252,EOD,-0.008543402780900253
2024-01-23,HM-B.ST,0,0.006737378730466981,EOD,0.002837378730466981
2024-01-25,HM-B.ST,2,0.016433607098911063,EOD,0.012533607098911062
2024-01-26,HM-B.ST,0,-0.0014369865107447533,EOD,-0.005336986510744753
2024-01-29,HM-B.ST,5,0.005290398594363976,EOD,0.0013903985943639766
2024-02-02,HM-B.ST,0,-0.016071507545240338,EOD,-0.01997150754524034
2024-02-06,HM-B.ST,3,0.00014125316445867675,EOD,-0.003758746835541323
2024-02-08,HM-B.ST,4,-0.006960196777686223,EOD,-0.010860196777686223
2024-02-09,HM-B.ST,0,-0.003122691282303691,EOD,-0.007022691282303691
2024-02-14,HM-B.ST,0,0.007137758432794961,EOD,0.0032377584327949608
2024-02-15,HM-B.ST,1,-0.009511824387959611,EOD,-0.013411824387959612
2024-02-16,HM-B.ST,1,-0.004057091520816458,EOD,-0.007957091520816459
2024-02-20,HM-B.ST,3,0.000983694367928889,EOD,-0.002916305632071111
2024-02-21,HM-B.ST,1,-0.0023610856797959823,EOD,-0.006261085679795982
2024-02-23,HM-B.ST,6,0.0022713802834963825,EOD,-0.0016286197165036173
2024-02-27,HM-B.ST,3,0.001547778399098254,EOD,-0.0023522216009017457
2024-03-01,HM-B.ST,0,0.0008512706545984461,EOD,-0.0030487293454015537
2024-03-05,HM-B.ST,2,0.0028839882052968946,EOD,-0.0010160117947031052
2024-03-06,HM-B.ST,0,-0.0022617477741936343,EOD,-0.006161747774193634
2024-03-07,HM-B.ST,1,-0.0004299051278541244,EOD,-0.004329905127854124
2024-03-08,HM-B.ST,5,-0.00298040146467915,EOD,-0.00688040146467915
2024-03-11,HM-B.ST,3,0.007053181045350909,EOD,0.0031531810453509094
2024-03-12,HM-B.ST,2,0.003063657264764652,EOD,-0.0008363427352353478
2024-03-13,HM-B.ST,2,-0.004616482827440094,EOD,-0.008516482827440094
2024-03-14,HM-B.ST,1,-0.008628817654688925,EOD,-0.012528817654688926
2024-03-18,HM-B.ST,1,-0.00832197250961686,STOP,-0.01222197250961686
2024-03-19,HM-B.ST,1,0.007905059015241411,EOD,0.0040050590152414115
2024-03-20,HM-B.ST,3,-0.0006676866359371925,EOD,-0.004567686635937192
2024-03-21,HM-B.ST,4,-0.00611821430057613,EOD,-0.010018214300576131
2024-03-22,HM-B.ST,1,-0.009152779117565957,STOP,-0.013052779117565957
2024-03-26,HM-B.ST,0,0.01888537086796549,EOD,0.014985370867965489
2024-04-03,HM-B.ST,0,0.006289326570537934,EOD,0.0023893265705379344
2024-04-04,HM-B.ST,0,-0.0008907001301708961,EOD,-0.004790700130170896
2024-04-05,HM-B.ST,0,-0.009824316323106985,STOP,-0.013724316323106986
2024-04-08,HM-B.ST,1,0.0012022659507311406,EOD,-0.002697734049268859
2024-04-11,HM-B.ST,4,-0.008756112038575958,STOP,-0.012656112038575959
2024-04-12,HM-B.ST,0,-0.00837567423036456,STOP,-0.012275674230364561
2024-04-15,HM-B.ST,0,0.0006035371476009743,EOD,-0.0032964628523990255
2024-04-16,HM-B.ST,0,0.008125225116509593,EOD,0.004225225116509594
2024-04-17,HM-B.ST,0,-0.007048440224623698,EOD,-0.010948440224623698
2024-04-18,HM-B.ST,5,0.0,EOD,-0.0039
2024-04-19,HM-B.ST,0,0.009737439864206276,EOD,0.005837439864206277
2024-04-22,HM-B.ST,0,-0.0022877274309994755,EOD,-0.006187727430999475
2024-04-23,HM-B.ST,2,0.011971012379839108,EOD,0.008071012379839107
2024-04-25,HM-B.ST,0,-0.01119820790398407,STOP,-0.01509820790398407
2024-04-26,HM-B.ST,0,0.006431733092037373,EOD,0.002531733092037373
2024-05-03,HM-B.ST,4,-0.0080947899461562,EOD,-0.0119947899461562
2024-05-10,HM-B.ST,0,0.007978759620950848,EOD,0.004078759620950848
2024-05-13,HM-B.ST,0,0.010224949239895587,EOD,0.006324949239895587
2024-05-14,HM-B.ST,4,0.005138505204889343,EOD,0.0012385052048893433
2024-05-16,HM-B.ST,0,0.003720716466102836,EOD,-0.00017928353389716403
2024-05-17,HM-B.ST,6,0.003875951963373536,EOD,-2.404803662646362e-05
2024-05-20,HM-B.ST,0,0.01953771662841053,EOD,0.015637716628410528
2024-05-21,HM-B.ST,0,0.00912023746081947,EOD,0.005220237460819469
2024-05-22,HM-B.ST,0,-0.0018577009345279727,EOD,-0.0057577009345279725
2024-05-24,HM-B.ST,0,-0.002131595574178524,EOD,-0.006031595574178524
2024-05-27,HM-B.ST,6,0.001068074489944948,EOD,-0.002831925510055052
2024-05-30,HM-B.ST,3,0.0018980808844935027,EOD,-0.002001919115506497
2024-06-04,HM-B.ST,5,-0.005153307163427989,STOP,-0.00905330716342799
2024-06-07,HM-B.ST,0,-0.01411824155338215,STOP,-0.01801824155338215
2024-06-10,HM-B.ST,4,-0.009690460574739213,STOP,-0.013590460574739213
2024-06-12,HM-B.ST,3,0.005942684000298737,EOD,0.002042684000298737
2024-06-18,HM-B.ST,1,0.006292590285504218,EOD,0.0023925902855042184
2024-06-20,HM-B.ST,0,0.0023461780035569646,EOD,-0.0015538219964430352
2024-06-26,HM-B.ST,0,0.0018012909893436735,EOD,-0.0020987090106563263
2024-06-27,HM-B.ST,4,-0.01740139272743424,EOD,-0.02130139272743424
2024-07-03,HM-B.ST,3,0.002073405440752518,EOD,-0.0018265945592474816
2024-07-05,HM-B.ST,0,-0.007295009953164788,EOD,-0.011195009953164789
2024-07-08,HM-B.ST,7,-0.001168978374613494,EOD,-0.005068978374613494
2024-07-11,HM-B.ST,1,-0.003511888101145777,EOD,-0.007411888101145777
2024-07-12,HM-B.ST,0,0.012489161960506756,EOD,0.008589161960506755
2024-07-16,HM-B.ST,4,-0.00669769316787483,STOP,-0.01059769316787483
2024-07-18,HM-B.ST,1,0.002941176470588225,EOD,-0.000958823529411775
2024-07-19,HM-B.ST,1,-0.008223165324431014,STOP,-0.012123165324431015
2024-07-22,HM-B.ST,2,-0.0035767875023285933,EOD,-0.007476787502328593
2024-07-23,HM-B.ST,2,-0.008358172516324647,STOP,-0.012258172516324647
2024-07-25,HM-B.ST,5,0.010064099945023663,EOD,0.006164099945023664
2024-07-26,HM-B.ST,0,0.0015087507821625046,EOD,-0.0023912492178374952
2024-07-30,HM-B.ST,0,-0.0035704022173139727,EOD,-0.0074704022173139725
2024-07-31,HM-B.ST,1,-0.007948225228163186,STOP,-0.011848225228163187
2024-08-02,HM-B.ST,4,-0.008502848152940445,STOP,-0.012402848152940446
2024-08-05,HM-B.ST,0,0.005395054447871583,EOD,0.0014950544478715836
2024-08-07,HM-B.ST,5,-0.005352683168643124,EOD,-0.009252683168643125
2024-08-08,HM-B.ST,4,0.002864398031567683,EOD,-0.0010356019684323167
2024-08-09,HM-B.ST,0,-0.006595496682698987,EOD,-0.010495496682698988
2024-08-14,HM-B.ST,0,-0.0003165788150790716,EOD,-0.004216578815079071
2024-08-15,HM-B.ST,4,-0.0015644555395848414,EOD,-0.005464455539584841
2024-08-16,HM-B.ST,0,-0.004019752064017834,EOD,-0.007919752064017835
2024-08-19,HM-B.ST,0,0.0009237017297492045,EOD,-0.0029762982702507953
2024-08-21,HM-B.ST,1,0.005253342575368469,EOD,0.0013533425753684694
2024-08-22,HM-B.ST,0,-0.007016436481447896,EOD,-0.010916436481447897
2024-08-23,HM-B.ST,0,0.014346708186470547,EOD,0.010446708186470546
2024-08-26,HM-B.ST,0,-0.008651623831896993,STOP,-0.012551623831896994
2024-08-27,HM-B.ST,0,-0.003582125991138052,STOP,-0.007482125991138052
2024-08-29,HM-B.ST,0,0.0018621215493683785,EOD,-0.0020378784506316213
2024-08-30,HM-B.ST,0,0.0030864197530864335,EOD,-0.0008135802469135664
2024-09-02,HM-B.ST,5,0.0,EOD,-0.0039
2024-09-03,HM-B.ST,0,-0.002756489728895528,EOD,-0.006656489728895528
2024-09-04,HM-B.ST,0,0.0064974489685114545,EOD,0.0025974489685114547
2024-09-06,HM-B.ST,4,-0.012202734111404268,EOD,-0.016102734111404268
2024-09-09,HM-B.ST,1,-0.005655004278980691,STOP,-0.009555004278980692
2024-09-10,HM-B.ST,0,-0.014793868512565478,STOP,-0.01869386851256548
2024-09-11,HM-B.ST,0,-0.007903889018283317,EOD,-0.011803889018283317
2024-09-12,HM-B.ST,0,0.008130100696560394,EOD,0.004230100696560394
2024-09-13,HM-B.ST,1,0.011002369962198166,EOD,0.0071023699621981665
2024-09-16,HM-B.ST,0,0.021556922775542775,EOD,0.017656922775542774
2024-09-17,HM-B.ST,1,0.018867924528301883,EOD,0.014967924528301882
2024-09-18,HM-B.ST,6,-0.00142369015552668,EOD,-0.00532369015552668
2024-09-23,HM-B.ST,0,0.019395954886072264,EOD,0.015495954886072263
2024-09-25,HM-B.ST,3,-0.00545702592087316,STOP,-0.00935702592087316
2024-09-26,HM-B.ST,0,-0.002594390061456564,EOD,-0.006494390061456564
2024-09-27,HM-B.ST,0,-0.01663803272804465,EOD,-0.02053803272804465
2024-10-01,HM-B.ST,0,-0.01055930865839616,STOP,-0.014459308658396161
2024-10-02,HM-B.ST,3,0.0005835473660045221,EOD,-0.0033164526339954778
2024-10-04,HM-B.ST,0,-0.007054745232054738,STOP,-0.010954745232054738
2024-10-07,HM-B.ST,0,0.007242178191177562,EOD,0.003342178191177562
2024-10-09,HM-B.ST,2,-0.001760491805832931,EOD,-0.005660491805832931
2024-10-11,HM-B.ST,0,-0.0026132227422596133,EOD,-0.006513222742259613
2024-10-14,HM-B.ST,0,-0.008097130976896127,STOP,-0.011997130976896128
2024-10-15,HM-B.ST,0,0.009237910691151763,EOD,0.005337910691151763
2024-10-16,HM-B.ST,6,-0.006191899141676949,EOD,-0.01009189914167695
2024-10-17,HM-B.ST,0,-0.008153006225860238,STOP,-0.012053006225860238
2024-10-18,HM-B.ST,2,-0.008744728077618169,STOP,-0.01264472807761817
2024-10-21,HM-B.ST,0,-0.014606775862447297,STOP,-0.018506775862447297
2024-10-24,HM-B.ST,1,-0.010335847579981405,EOD,-0.014235847579981406
2024-10-25,HM-B.ST,7,0.0008711333213236028,EOD,-0.003028866678676397
2024-10-30,HM-B.ST,0,-0.008358172516324647,STOP,-0.012258172516324647
2024-11-01,HM-B.ST,0,0.006626715506348635,EOD,0.002726715506348635
2024-11-04,HM-B.ST,0,0.004339720613753428,EOD,0.0004397206137534285
2024-11-05,HM-B.ST,0,-0.009202453987730008,STOP,-0.013102453987730009
2024-11-06,HM-B.ST,0,-0.027173912041929982,STOP,-0.031073912041929982
2024-11-07,HM-B.ST,0,-0.001577287066246047,EOD,-0.005477287066246047
2024-11-08,HM-B.ST,4,-0.007189708774152037,EOD,-0.011089708774152038
2024-11-12,HM-B.ST,2,-0.011331463535385833,EOD,-0.015231463535385834
2024-11-15,HM-B.ST,0,-0.005747184675577333,EOD,-0.009647184675577333
2024-11-21,HM-B.ST,1,-0.006862765044168717,STOP,-0.010762765044168718
2024-11-22,HM-B.ST,0,-0.007694754547769911,STOP,-0.011594754547769912
2024-11-28,HM-B.ST,0,-0.00948950863404785,STOP,-0.01338950863404785
2024-12-02,HM-B.ST,1,0.003921608519710018,EOD,2.1608519710018294e-05
2024-12-03,HM-B.ST,1,0.012456064581471082,EOD,0.008556064581471082
2024-12-04,HM-B.ST,0,0.017757047373929025,EOD,0.013857047373929024
2024-12-06,HM-B.ST,0,-0.004273485562884871,STOP,-0.008173485562884872
2024-12-09,HM-B.ST,0,-0.0018320797053912319,EOD,-0.005732079705391232
2024-12-11,HM-B.ST,1,-0.015375153174400413,STOP,-0.019275153174400414
2024-12-13,HM-B.ST,0,-0.014728963074687518,STOP,-0.01862896307468752
2024-12-17,HM-B.ST,0,-0.007450658307730618,STOP,-0.011350658307730618
2024-12-18,HM-B.ST,0,-0.004256672622624191,STOP,-0.008156672622624192
2024-12-20,HM-B.ST,1,0.01821860326478375,EOD,0.01431860326478375
2024-12-30,HM-B.ST,3,-0.0036801810838998916,EOD,-0.0075801810838998914
2025-01-07,HM-B.ST,0,0.008443093375438915,EOD,0.004543093375438915
2025-01-09,HM-B.ST,0,-0.003772311661492722,STOP,-0.007672311661492722
2025-01-13,HM-B.ST,0,-0.004845946438427395,EOD,-0.008745946438427396
2025-01-14,HM-B.ST,4,-0.006538175693663217,EOD,-0.010438175693663218
2025-01-15,HM-B.ST,0,0.016821231099896305,EOD,0.012921231099896305
2025-01-17,HM-B.ST,0,0.01172922276001831,EOD,0.007829222760018309
2025-01-22,HM-B.ST,3,-0.008660912717493696,STOP,-0.012560912717493697
2025-01-28,HM-B.ST,0,0.006596305803030056,EOD,0.002696305803030056
2025-01-29,HM-B.ST,1,-0.0012969970959813004,EOD,-0.0051969970959813
2025-01-31,HM-B.ST,0,-0.013315579498241803,EOD,-0.017215579498241804
2025-02-03,HM-B.ST,0,-0.006482408246055615,EOD,-0.010382408246055616
2025-02-04,HM-B.ST,0,0.015405682663372833,EOD,0.011505682663372832
2025-02-06,HM-B.ST,2,0.012080557394347657,EOD,0.008180557394347657
2025-02-10,HM-B.ST,0,-0.0010073465589840458,EOD,-0.004907346558984046
2025-02-11,HM-B.ST,0,0.008053670793571666,EOD,0.004153670793571666
2025-02-12,HM-B.ST,1,-0.0006648327711726854,EOD,-0.004564832771172685
2025-02-13,HM-B.ST,2,-0.002622151080113211,EOD,-0.006522151080113211
2025-02-14,HM-B.ST,2,-0.007198992680275129,STOP,-0.01109899268027513
2025-02-17,HM-B.ST,0,-0.005946541915947345,EOD,-0.009846541915947346
2025-02-20,HM-B.ST,2,-0.007037297375423912,STOP,-0.010937297375423913
2025-02-21,HM-B.ST,0,-0.00035337845765237574,EOD,-0.0042533784576523756
2025-02-24,HM-B.ST,0,0.008118667171379101,EOD,0.004218667171379102
2025-02-25,HM-B.ST,0,0.014788775376870511,EOD,0.01088877537687051
2025-02-26,HM-B.ST,0,0.007233917298726356,EOD,0.0033339172987263558
2025-02-27,HM-B.ST,0,-0.010284538479452543,STOP,-0.014184538479452544
2025-02-28,HM-B.ST,7,-0.0017313020122370348,EOD,-0.005631302012237035
2025-03-03,HM-B.ST,3,-0.011088053150918764,STOP,-0.014988053150918765
2025-03-05,HM-B.ST,1,-0.008540903546207734,STOP,-0.012440903546207735
2025-03-07,HM-B.ST,0,0.018655359658942272,EOD,0.014755359658942271
2025-03-10,HM-B.ST,0,0.012567976507269263,EOD,0.008667976507269262
2025-03-11,HM-B.ST,0,-0.009351996827150377,STOP,-0.013251996827150378
2025-03-13,HM-B.ST,1,-0.010689251850233727,STOP,-0.014589251850233728
2025-03-14,HM-B.ST,0,-0.007037014431423572,EOD,-0.010937014431423572
2025-03-17,HM-B.ST,1,0.004470984479582718,EOD,0.0005709844795827182
2025-03-18,HM-B.ST,1,-0.0033051558458704333,EOD,-0.007205155845870433
2025-03-19,HM-B.ST,1,0.008791186434008669,EOD,0.004891186434008669
2025-03-27,HM-B.ST,0,-0.0003747211038670484,EOD,-0.004274721103867048
2025-04-01,HM-B.ST,0,-0.0029585348040910286,EOD,-0.0068585348040910285
2025-04-07,HM-B.ST,0,-0.004858287239846937,EOD,-0.008758287239846937
2025-04-08,HM-B.ST,4,-0.007933359585793776,EOD,-0.011833359585793776
2025-04-09,HM-B.ST,0,-0.011006917711584796,STOP,-0.014906917711584797
2025-04-11,HM-B.ST,2,0.004211238646748772,EOD,0.00031123864674877186
2025-04-14,HM-B.ST,0,0.007052687229140986,EOD,0.003152687229140986
2025-04-15,HM-B.ST,1,0.005496518994313249,EOD,0.0015965189943132488
2025-04-16,HM-B.ST,0,0.011322155740414619,EOD,0.007422155740414619
2025-04-17,HM-B.ST,0,0.0036101083032491488,EOD,-0.00028989169675085105
2025-04-22,HM-B.ST,0,-0.009087752702021668,EOD,-0.012987752702021668
2025-04-30,HM-B.ST,1,0.0017882689166139887,EOD,-0.002111731083386011
2025-05-05,HM-B.ST,0,-0.005324813400780393,STOP,-0.009224813400780393
2025-05-07,HM-B.ST,0,-0.009396479901743748,STOP,-0.013296479901743749
2025-05-08,HM-B.ST,0,0.006620148403652326,EOD,0.0027201484036523263
2025-05-12,HM-B.ST,1,0.011570784192580064,EOD,0.007670784192580064
2025-05-13,HM-B.ST,0,0.00824173693639163,EOD,0.004341736936391631
2025-05-15,HM-B.ST,1,-0.00964183144565367,STOP,-0.013541831445653671
2025-05-30,HM-B.ST,0,-0.009022013514738414,EOD,-0.012922013514738415
2025-06-02,HM-B.ST,6,-0.0029070431506559302,EOD,-0.00680704315065593
2025-06-04,HM-B.ST,0,0.0,EOD,-0.0039
2025-06-05,HM-B.ST,0,-0.006168404097903868,STOP,-0.010068404097903869
2025-06-09,HM-B.ST,0,0.0,EOD,-0.0039
2025-06-13,HM-B.ST,3,-0.003041778680489493,EOD,-0.006941778680489493
2025-06-16,HM-B.ST,0,0.018595802263697836,EOD,0.014695802263697835
2025-06-24,HM-B.ST,0,0.001941747572815622,EOD,-0.001958252427184378
2025-06-25,HM-B.ST,0,-0.013729999755580091,STOP,-0.017629999755580092
2025-06-27,HM-B.ST,0,-0.00708435618040093,EOD,-0.010984356180400931
2025-07-01,HM-B.ST,1,0.010408876553787083,EOD,0.006508876553787083
2025-07-02,HM-B.ST,0,0.004023431338963768,EOD,0.00012343133896376788
2025-07-03,HM-B.ST,0,-0.005422993372742879,STOP,-0.00932299337274288
2025-07-04,HM-B.ST,1,-0.008708250520077732,STOP,-0.012608250520077732
2025-07-09,HM-B.ST,1,0.005539143528864532,EOD,0.001639143528864532
2025-07-10,HM-B.ST,0,0.011313890888743128,EOD,0.007413890888743128
2025-07-15,HM-B.ST,0,-0.004416680725493838,EOD,-0.008316680725493839
2025-07-16,HM-B.ST,0,-0.003676470588235281,EOD,-0.007576470588235281
2025-07-17,HM-B.ST,5,-0.004029326386504106,STOP,-0.007929326386504107
2025-07-18,HM-B.ST,0,0.008336420302386127,EOD,0.004436420302386127
2025-07-21,HM-B.ST,0,0.004279644198117438,EOD,0.0003796441981174384
2025-07-22,HM-B.ST,0,-0.006342451974599261,EOD,-0.010242451974599262
2025-07-23,HM-B.ST,0,0.004504462111835306,EOD,0.0006044621118353058
2025-07-25,HM-B.ST,0,0.005576877440063299,EOD,0.0016768774400632994
2025-08-04,HM-B.ST,7,0.0007763264158182626,EOD,-0.0031236735841817373
2025-08-05,HM-B.ST,3,0.0046261073063482705,EOD,0.0007261073063482707
2025-08-06,HM-B.ST,0,0.0,EOD,-0.0039
2025-08-07,HM-B.ST,0,0.011680505556924459,EOD,0.007780505556924459
2025-08-08,HM-B.ST,0,0.00799411915649939,EOD,0.004094119156499391
2025-08-12,HM-B.ST,6,0.005393743139443297,EOD,0.0014937431394432968
2025-08-13,HM-B.ST,0,0.009862692394307704,EOD,0.005962692394307704
2025-08-15,HM-B.ST,1,0.005619864830824106,EOD,0.0017198648308241063
2025-08-18,HM-B.ST,1,0.005235602094240788,EOD,0.0013356020942407879
2025-08-19,HM-B.ST,0,-0.004142258047865277,EOD,-0.008042258047865278
2025-08-20,HM-B.ST,5,-0.0037996756598122072,EOD,-0.007699675659812207
2025-08-21,HM-B.ST,1,-0.007649555494930738,STOP,-0.011549555494930738
2025-08-22,HM-B.ST,0,0.009739087975543459,EOD,0.005839087975543459
2025-08-26,HM-B.ST,0,-0.0031545528741399043,EOD,-0.007054552874139904
2025-08-28,HM-B.ST,0,-0.009090930431872812,STOP,-0.012990930431872813
2025-09-02,HM-B.ST,5,-0.010450428455799576,STOP,-0.014350428455799577
2025-09-03,HM-B.ST,0,0.017179736633513576,EOD,0.013279736633513575
2025-09-08,HM-B.ST,4,0.008885871665347045,EOD,0.004985871665347045
2025-09-10,HM-B.ST,0,-0.01131069137541385,EOD,-0.015210691375413851
2025-09-11,HM-B.ST,3,-0.007377639560604221,STOP,-0.011277639560604222
2025-09-15,HM-B.ST,0,0.004749065373251371,EOD,0.0008490653732513712
2025-09-16,HM-B.ST,0,0.002985054383032759,EOD,-0.0009149456169672407
2025-09-17,HM-B.ST,1,0.006180852095671208,EOD,0.002280852095671208
2025-09-18,HM-B.ST,0,-0.008373610639341833,STOP,-0.012273610639341834
2025-09-19,HM-B.ST,0,-0.010714246081067413,EOD,-0.014614246081067414
2025-09-22,HM-B.ST,3,-0.0035947911879595784,EOD,-0.007494791187959578
2025-09-23,HM-B.ST,1,0.008093234216242084,EOD,0.004193234216242085
2025-09-24,HM-B.ST,0,-0.003851130242380707,STOP,-0.007751130242380707
2025-09-26,HM-B.ST,0,-0.0028818443804035088,EOD,-0.006781844380403509
2025-09-30,HM-B.ST,3,0.010377648218091062,EOD,0.0064776482180910625
2025-10-01,HM-B.ST,0,-0.0014184397163120588,EOD,-0.005318439716312059
2025-10-03,HM-B.ST,7,0.0014013453394234876,EOD,-0.0024986546605765122
2025-10-06,HM-B.ST,0,0.004753863703685246,EOD,0.0008538637036852462
2025-10-10,HM-B.ST,1,-0.007908558106980434,STOP,-0.011808558106980435
2025-10-14,HM-B.ST,0,-0.0037867399918252165,EOD,-0.007686739991825216
2025-10-15,HM-B.ST,0,0.0011560517239432855,EOD,-0.0027439482760567143
2025-10-16,HM-B.ST,5,0.009195437376526616,EOD,0.005295437376526616
2025-10-17,HM-B.ST,3,0.005699629623219682,EOD,0.001799629623219682
2025-10-20,HM-B.ST,1,0.006482577197519435,EOD,0.002582577197519435
2025-10-22,HM-B.ST,6,0.0,EOD,-0.0039
2025-10-23,HM-B.ST,0,-0.006119644525817147,STOP,-0.010019644525817148
2025-10-27,HM-B.ST,0,-0.0033203699770865125,STOP,-0.007220369977086512
2025-10-30,HM-B.ST,5,0.0016703105945099495,EOD,-0.0022296894054900504
2025-10-31,HM-B.ST,1,0.0038975329869350706,EOD,-2.4670130649292674e-06
2025-11-05,HM-B.ST,0,-0.003471253007398145,EOD,-0.007371253007398145
2025-11-06,HM-B.ST,0,0.008539440059963876,EOD,0.004639440059963877
2025-11-07,HM-B.ST,6,-0.0025973849826388395,EOD,-0.006497384982638839
2025-11-10,HM-B.ST,4,0.009948834910306292,EOD,0.0060488349103062925
2025-11-11,HM-B.ST,4,0.00814833927006986,EOD,0.00424833927006986
2025-11-12,HM-B.ST,3,0.0038696087929765977,EOD,-3.0391207023402166e-05
2025-11-13,HM-B.ST,0,-0.0016286810897293558,EOD,-0.005528681089729356
2025-11-14,HM-B.ST,0,-0.010845987343810481,STOP,-0.014745987343810482
2025-11-19,HM-B.ST,0,0.006626297183880858,EOD,0.0027262971838808584
2025-11-21,HM-B.ST,5,-0.0008693662858322293,EOD,-0.004769366285832229
2025-11-24,HM-B.ST,7,0.0005767364880953085,EOD,-0.0033232635119046913
2025-11-25,HM-B.ST,6,-0.004046225134347936,EOD,-0.007946225134347937
2025-12-01,HM-B.ST,0,0.02443989990731965,EOD,0.02053989990731965
2025-12-02,HM-B.ST,2,-0.010821292903807733,EOD,-0.014721292903807734
2025-12-05,HM-B.ST,1,-0.006455200313689513,STOP,-0.010355200313689514
2025-12-10,HM-B.ST,0,0.008688097613831047,EOD,0.0047880976138310475
2025-12-11,HM-B.ST,0,0.007614161429723598,EOD,0.0037141614297235984
2025-12-12,HM-B.ST,0,0.007816827743016397,EOD,0.003916827743016397
2025-12-15,HM-B.ST,4,-0.010137019745291131,STOP,-0.014037019745291132
2025-12-16,HM-B.ST,0,-0.009335596650473899,STOP,-0.0132355966504739
2025-12-17,HM-B.ST,6,-0.004396829157328197,EOD,-0.008296829157328198
2025-12-18,HM-B.ST,0,0.010495139484464788,EOD,0.0065951394844647885
2025-12-22,HM-B.ST,1,-0.006502286255208767,STOP,-0.010402286255208767
2025-12-23,HM-B.ST,0,0.0016233931104090438,EOD,-0.002276606889590956
2025-12-30,HM-B.ST,0,0.002961782772194166,EOD,-0.000938217227805834
2026-01-07,HM-B.ST,0,-0.015244669116071696,STOP,-0.019144669116071697
2026-01-09,HM-B.ST,5,-0.007226169188848219,STOP,-0.01112616918884822
2026-01-12,HM-B.ST,0,0.003633366000278082,EOD,-0.0002666339997219177
2026-01-13,HM-B.ST,0,-0.007717717439854388,STOP,-0.011617717439854389
2026-01-14,HM-B.ST,5,-0.0011003958637809674,EOD,-0.005000395863780967
2026-01-19,HM-B.ST,5,-0.0017113693470344193,EOD,-0.005611369347034419
2026-01-20,HM-B.ST,0,0.003689041807783733,EOD,-0.00021095819221626701
2026-01-22,HM-B.ST,0,-0.004227734080067824,EOD,-0.008127734080067825
2026-01-23,HM-B.ST,0,-0.003962620845899267,EOD,-0.007862620845899268
2026-01-28,HM-B.ST,1,-0.006448046626956416,EOD,-0.010348046626956417
2026-01-30,HM-B.ST,0,0.01563388343048122,EOD,0.01173388343048122
2026-02-04,HM-B.ST,0,0.017207916783482657,EOD,0.013307916783482657
2026-02-06,HM-B.ST,0,0.015679963250202045,EOD,0.011779963250202044
2026-02-10,HM-B.ST,1,0.0008099846530524868,EOD,-0.003090015346947513
2026-02-11,HM-B.ST,0,-0.007541039280965389,STOP,-0.01144103928096539
2026-02-12,HM-B.ST,5,-0.0013266118548607153,EOD,-0.005226611854860715
2026-02-16,HM-B.ST,1,0.0099516200336498,EOD,0.0060516200336498
2026-02-17,HM-B.ST,0,-0.014933225110665194,STOP,-0.018833225110665194
2026-02-19,HM-B.ST,0,-0.008597560725632891,EOD,-0.012497560725632892
2026-02-23,HM-B.ST,0,-0.011141320933466425,STOP,-0.015041320933466426
2026-02-24,HM-B.ST,6,0.0013347570524646635,EOD,-0.0025652429475353363
2026-02-25,HM-B.ST,0,0.01237170908802887,EOD,0.00847170908802887
2026-02-26,HM-B.ST,3,0.008566946231546746,EOD,0.004666946231546746
2026-02-27,HM-B.ST,0,-0.009781178360279918,STOP,-0.01368117836027992
2026-03-02,HM-B.ST,1,-0.015587830638003619,STOP,-0.01948783063800362
2026-03-04,HM-B.ST,0,0.015147342075318093,EOD,0.011247342075318092
2026-03-05,HM-B.ST,0,-0.008398824308461839,STOP,-0.01229882430846184
2026-03-09,HM-B.ST,0,0.0068084933233598655,EOD,0.0029084933233598656
2026-03-10,HM-B.ST,0,-0.005506607744440117,EOD,-0.009406607744440118
2026-03-13,HM-B.ST,1,0.012054913501020614,EOD,0.008154913501020614
2026-03-16,HM-B.ST,0,-0.005818803377752202,STOP,-0.009718803377752203
2026-03-20,HM-B.ST,1,-0.005234044271342886,STOP,-0.009134044271342887
2026-03-23,HM-B.ST,2,0.021623186199618782,EOD,0.01772318619961878
2026-03-25,HM-B.ST,1,-0.008036704483412427,STOP,-0.011936704483412428
2026-03-26,HM-B.ST,1,0.0011726587198095384,EOD,-0.0027273412801904614
2026-03-27,HM-B.ST,1,-0.0008799876748013524,EOD,-0.004779987674801352
2026-03-31,HM-B.ST,0,-0.0014253136185827797,EOD,-0.0053253136185827795
2026-04-02,HM-B.ST,0,-0.007956771359855175,STOP,-0.011856771359855175
2026-04-08,HM-B.ST,0,-0.009024286948537408,STOP,-0.012924286948537408
2026-04-09,HM-B.ST,7,-0.0002877873482464155,EOD,-0.004187787348246415
2026-04-10,HM-B.ST,1,-0.004264998430301481,EOD,-0.008164998430301482
2026-04-13,HM-B.ST,1,-0.00886983148359266,STOP,-0.012769831483592661
2026-04-15,HM-B.ST,0,-0.006868900796819788,STOP,-0.010768900796819789
2026-04-16,HM-B.ST,0,-0.004531311458110143,EOD,-0.008431311458110144
2026-04-17,HM-B.ST,0,0.013916483418190628,EOD,0.010016483418190628
2026-04-20,HM-B.ST,0,-0.0028011204481792618,STOP,-0.006701120448179262
2026-04-21,HM-B.ST,0,-0.00503924481812057,EOD,-0.00893924481812057
2026-04-23,HM-B.ST,0,-0.003724893389595252,EOD,-0.007624893389595252
2026-04-24,HM-B.ST,3,-0.00723798507289275,EOD,-0.01113798507289275
2026-04-28,HM-B.ST,0,0.0014705882352941124,EOD,-0.0024294117647058874
2026-04-30,HM-B.ST,1,0.0012166193093485766,EOD,-0.002683380690651423
2026-05-04,HM-B.ST,0,-0.009334555996814209,STOP,-0.01323455599681421
2026-05-05,HM-B.ST,0,-0.004813496188011079,EOD,-0.00871349618801108
2026-05-06,HM-B.ST,0,0.021109770419650786,EOD,0.017209770419650786
2026-05-08,HM-B.ST,0,-0.00771744182433709,EOD,-0.01161744182433709
2026-05-11,HM-B.ST,0,-0.009880202972960328,STOP,-0.013780202972960329
2026-05-15,HM-B.ST,1,0.006583091233591354,EOD,0.002683091233591354
2026-05-18,HM-B.ST,3,0.022104530872063544,EOD,0.018204530872063543
2026-05-19,HM-B.ST,0,-0.01025029933354471,STOP,-0.01415029933354471
2026-05-20,HM-B.ST,6,0.006794355435361776,EOD,0.0028943554353617765
2026-05-21,HM-B.ST,0,-0.014233834140758295,STOP,-0.018133834140758295
2026-05-27,HM-B.ST,0,0.003944137648348445,EOD,4.413764834844489e-05
2026-05-28,HM-B.ST,0,0.0045717768122404134,EOD,0.0006717768122404136
2026-05-29,HM-B.ST,6,-0.0060551016467297325,EOD,-0.009955101646729733
2026-06-01,HM-B.ST,0,-0.00731268837536958,STOP,-0.011212688375369581
2026-06-03,HM-B.ST,0,-0.009259186675521724,STOP,-0.013159186675521725
2026-06-04,HM-B.ST,1,-0.00837567423036456,EOD,-0.012275674230364561
2026-06-05,HM-B.ST,1,-0.0024059783247180055,EOD,-0.006305978324718005
2026-06-09,HM-B.ST,2,0.0036036402613550678,EOD,-0.00029635973864493206
2026-06-11,HM-B.ST,1,0.0008978981966130117,EOD,-0.003002101803386988
2026-06-12,HM-B.ST,0,0.0014619883040936088,EOD,-0.002438011695906391
2026-06-17,HM-B.ST,5,-0.00871663452857907,STOP,-0.012616634528579071
2026-06-18,HM-B.ST,0,0.003308289033129741,EOD,-0.0005917109668702588
2026-06-23,HM-B.ST,1,-0.007228897278567348,STOP,-0.011128897278567348
2026-06-24,HM-B.ST,3,0.016877656146900843,EOD,0.012977656146900843
2026-06-29,HM-B.ST,0,-0.0012029891623590583,EOD,-0.005102989162359058
2026-06-30,HM-B.ST,0,0.0,EOD,-0.0039
2026-07-02,HM-B.ST,0,0.0021007853055485803,EOD,-0.0017992146944514195
2026-07-07,HM-B.ST,0,0.009088154936474746,EOD,0.005188154936474746
2023-08-08,HEXA-B.ST,1,0.0019446240214291421,EOD,-0.0019553759785708577
2023-08-09,HEXA-B.ST,0,-0.008683082610994486,STOP,-0.012583082610994487
2023-08-10,HEXA-B.ST,0,0.005785979953452536,EOD,0.001885979953452536
2023-08-14,HEXA-B.ST,0,0.007299270072992803,EOD,0.003399270072992803
2023-08-16,HEXA-B.ST,0,-0.006812622367320609,EOD,-0.01071262236732061
2023-08-22,HEXA-B.ST,0,-0.0010264676247240256,EOD,-0.0049264676247240255
2023-08-25,HEXA-B.ST,0,-0.00020682663573678983,EOD,-0.00410682663573679
2023-08-28,HEXA-B.ST,0,0.008627735544624926,EOD,0.004727735544624926
2023-08-29,HEXA-B.ST,1,-0.00181525109447489,EOD,-0.00571525109447489
2023-08-31,HEXA-B.ST,0,-0.004268274008459749,STOP,-0.00816827400845975
2023-09-01,HEXA-B.ST,1,-0.0008180146069356464,EOD,-0.004718014606935646
2023-09-04,HEXA-B.ST,0,-0.0006077548404767041,EOD,-0.004507754840476704
2023-09-05,HEXA-B.ST,2,-0.0016203771133921352,EOD,-0.005520377113392135
2023-09-08,HEXA-B.ST,0,-0.0035153428762817462,STOP,-0.007415342876281746
2023-09-11,HEXA-B.ST,0,-0.0027065845663524213,EOD,-0.006606584566352421
2023-09-14,HEXA-B.ST,1,0.025365440532338912,EOD,0.02146544053233891
2023-09-15,HEXA-B.ST,3,-0.005782709415227849,EOD,-0.00968270941522785
2023-09-19,HEXA-B.ST,1,-0.006687559143753852,STOP,-0.010587559143753852
2023-09-20,HEXA-B.ST,0,0.0010508456312818826,EOD,-0.0028491543687181172
2023-09-21,HEXA-B.ST,5,-0.0071972934061700355,EOD,-0.011097293406170036
2023-09-26,HEXA-B.ST,0,-0.008130103861128002,STOP,-0.012030103861128003
2023-09-27,HEXA-B.ST,0,0.0004290102578701216,EOD,-0.0034709897421298782
2023-10-04,HEXA-B.ST,0,0.008003437930963697,EOD,0.004103437930963697
2023-10-05,HEXA-B.ST,0,-0.007223287758492902,STOP,-0.011123287758492903
2023-10-06,HEXA-B.ST,6,0.0023255943366986553,EOD,-0.0015744056633013445
2023-10-10,HEXA-B.ST,0,0.011931660338920347,EOD,0.008031660338920346
2023-10-11,HEXA-B.ST,1,-0.003248068470643184,EOD,-0.007148068470643184
2023-10-12,HEXA-B.ST,0,-0.01023895045511769,STOP,-0.014138950455117691
2023-10-18,HEXA-B.ST,0,-0.010362694300518172,STOP,-0.014262694300518172
2023-10-19,HEXA-B.ST,0,-0.0010431720580470483,EOD,-0.004943172058047048
2023-10-24,HEXA-B.ST,0,0.002774836122717117,EOD,-0.0011251638772828828
2023-10-25,HEXA-B.ST,0,0.0044623688555998076,EOD,0.0005623688555998077
2023-10-26,HEXA-B.ST,0,-0.0006399870586724088,EOD,-0.004539987058672409
2023-10-30,HEXA-B.ST,0,-0.01068697666470153,EOD,-0.014586976664701531
2023-10-31,HEXA-B.ST,0,-0.01177747260198636,STOP,-0.01567747260198636
2023-11-02,HEXA-B.ST,2,-0.004448190818578612,EOD,-0.008348190818578613
2023-11-06,HEXA-B.ST,6,-0.0010471044410585995,EOD,-0.004947104441058599
2023-11-07,HEXA-B.ST,7,0.00041615599650790536,EOD,-0.0034838440034920945
2023-11-08,HEXA-B.ST,5,-0.009371111175545566,STOP,-0.013271111175545566
2023-11-09,HEXA-B.ST,1,0.01256015215347528,EOD,0.008660152153475278
2023-11-14,HEXA-B.ST,0,0.04245970970481783,EOD,0.03855970970481783
2023-11-15,HEXA-B.ST,0,-0.004368902410118336,EOD,-0.008268902410118337
2023-11-16,HEXA-B.ST,0,-0.007797226454784645,STOP,-0.011697226454784646
2023-11-17,HEXA-B.ST,0,-0.005856500653916186,EOD,-0.009756500653916186
2023-11-20,HEXA-B.ST,0,0.006845935924129076,EOD,0.0029459359241290764
2023-11-22,HEXA-B.ST,0,0.008720945276096126,EOD,0.004820945276096126
2023-11-24,HEXA-B.ST,0,-0.0033428699553268437,EOD,-0.0072428699553268435
2023-11-27,HEXA-B.ST,5,-0.00095738130246803,EOD,-0.00485738130246803
2023-11-28,HEXA-B.ST,4,-0.004780114792484524,EOD,-0.008680114792484525
2023-11-29,HEXA-B.ST,0,-0.005235630992669549,EOD,-0.00913563099266955
2023-11-30,HEXA-B.ST,3,0.003347665843183467,EOD,-0.0005523341568165327
2023-12-05,HEXA-B.ST,2,0.0033206685868516495,EOD,-0.0005793314131483504
2023-12-06,HEXA-B.ST,3,0.010732631913226376,EOD,0.006832631913226376
2023-12-07,HEXA-B.ST,3,0.005535041196266466,EOD,0.001635041196266466
2023-12-08,HEXA-B.ST,0,0.03165399352708986,EOD,0.027753993527089862
2023-12-11,HEXA-B.ST,3,0.0004293950456695228,EOD,-0.003470604954330477
2023-12-12,HEXA-B.ST,4,-0.005975284409041048,EOD,-0.009875284409041049
2023-12-13,HEXA-B.ST,0,-0.007231017281567942,STOP,-0.011131017281567943
2023-12-14,HEXA-B.ST,1,-0.00833680721502228,EOD,-0.01223680721502228
2023-12-15,HEXA-B.ST,0,0.016249974568684822,EOD,0.012349974568684821
2023-12-19,HEXA-B.ST,0,-0.0004162816236342737,EOD,-0.0043162816236342735
2023-12-20,HEXA-B.ST,1,0.0,EOD,-0.0039
2023-12-22,HEXA-B.ST,3,0.00041931280300055995,EOD,-0.00348068719699944
2023-12-27,HEXA-B.ST,0,-0.00041565295502365984,EOD,-0.00431565295502366
2023-12-29,HEXA-B.ST,1,-0.005758984451350813,STOP,-0.009658984451350813
2024-01-02,HEXA-B.ST,0,-0.0049301437072037935,STOP,-0.008830143707203794
2024-01-08,HEXA-B.ST,4,0.004678820996041333,EOD,0.0007788209960413331
2024-01-10,HEXA-B.ST,0,-0.006402048572183072,STOP,-0.010302048572183073
2024-01-16,HEXA-B.ST,0,0.0004360699668373158,EOD,-0.003463930033162684
2024-01-25,HEXA-B.ST,0,0.006558810756519096,EOD,0.002658810756519096
2024-01-26,HEXA-B.ST,3,0.0039045288350731955,EOD,4.52883507319566e-06
2024-01-29,HEXA-B.ST,0,-0.006516073066400896,STOP,-0.010416073066400897
2024-01-31,HEXA-B.ST,2,-0.0017512868089902822,EOD,-0.005651286808990282
2024-02-01,HEXA-B.ST,0,-0.022258899502950902,STOP,-0.026158899502950902
2024-02-06,HEXA-B.ST,0,-0.008456659619450302,STOP,-0.012356659619450303
2024-02-08,HEXA-B.ST,0,-0.0063317857266617095,STOP,-0.01023178572666171
2024-02-14,HEXA-B.ST,0,0.003051491829363817,EOD,-0.0008485081706361827
2024-02-16,HEXA-B.ST,0,0.003820007950632087,EOD,-7.999204936791262e-05
2024-02-19,HEXA-B.ST,6,0.000848883459511951,EOD,-0.003051116540488049
2024-02-23,HEXA-B.ST,2,0.006198347107438051,EOD,0.0022983471074380516
2024-02-29,HEXA-B.ST,0,-0.00537858116744705,STOP,-0.00927858116744705
2024-03-01,HEXA-B.ST,0,-0.004499002468366542,STOP,-0.008399002468366543
2024-03-06,HEXA-B.ST,0,0.015132434619069768,EOD,0.011232434619069767
2024-03-07,HEXA-B.ST,0,0.011642424331633316,EOD,0.007742424331633317
2024-03-08,HEXA-B.ST,0,0.011428583884725674,EOD,0.007528583884725674
2024-03-11,HEXA-B.ST,0,0.005233506778182795,EOD,0.001333506778182795
2024-03-12,HEXA-B.ST,3,-0.008705963493512825,STOP,-0.012605963493512826
2024-03-14,HEXA-B.ST,4,-0.0071090168777757645,STOP,-0.011009016877775765
2024-03-15,HEXA-B.ST,0,-0.00238476187980996,EOD,-0.00628476187980996
2024-03-18,HEXA-B.ST,0,-0.006354273566814617,STOP,-0.010254273566814617
2024-03-19,HEXA-B.ST,0,0.0020048115967779,EOD,-0.0018951884032220997
2024-03-20,HEXA-B.ST,0,0.0,EOD,-0.0039
2024-03-21,HEXA-B.ST,0,0.008688771622267888,EOD,0.004788771622267888
2024-03-22,HEXA-B.ST,6,-0.0007830734260833028,EOD,-0.004683073426083303
2024-03-26,HEXA-B.ST,0,0.01586671917158755,EOD,0.01196671917158755
2024-04-02,HEXA-B.ST,0,-0.01708078047756456,STOP,-0.020980780477564562
2024-04-03,HEXA-B.ST,5,0.0007968005906062725,EOD,-0.0031031994093937273
2024-04-04,HEXA-B.ST,5,0.0,EOD,-0.0039
2024-04-08,HEXA-B.ST,4,0.0028282704979483153,EOD,-0.0010717295020516845
2024-04-09,HEXA-B.ST,4,-0.008064516129032251,STOP,-0.011964516129032252
2024-04-10,HEXA-B.ST,0,-0.013184191016871183,STOP,-0.017084191016871184
2024-04-12,HEXA-B.ST,0,-0.008330051775775615,STOP,-0.012230051775775616
2024-04-15,HEXA-B.ST,0,-0.0055821735974401765,EOD,-0.009482173597440177
2024-04-16,HEXA-B.ST,3,-0.001227006346657733,EOD,-0.005127006346657733
2024-04-17,HEXA-B.ST,0,-0.005299645477311765,STOP,-0.009199645477311766
2024-04-18,HEXA-B.ST,1,-0.010250102757530355,STOP,-0.014150102757530356
2024-04-19,HEXA-B.ST,0,-0.005383035411005488,STOP,-0.009283035411005489
2024-04-23,HEXA-B.ST,0,0.008617177389467212,EOD,0.004717177389467212
2024-04-24,HEXA-B.ST,2,-0.010466952128066698,STOP,-0.014366952128066698
2024-04-25,HEXA-B.ST,0,-0.00731999933975791,EOD,-0.01121999933975791
2024-04-26,HEXA-B.ST,6,0.0016666412353516513,EOD,-0.0022333587646483485
2024-04-29,HEXA-B.ST,4,-0.004543602130457125,EOD,-0.008443602130457126
2024-05-03,HEXA-B.ST,4,-0.009478725330364979,STOP,-0.01337872533036498
2024-05-06,HEXA-B.ST,1,0.017573899661788683,EOD,0.013673899661788683
2024-05-07,HEXA-B.ST,0,0.008361204120051813,EOD,0.004461204120051813
2024-05-08,HEXA-B.ST,0,-0.004110152024072389,EOD,-0.00801015202407239
2024-05-10,HEXA-B.ST,1,-0.0012274459920641467,EOD,-0.0051274459920641466
2024-05-13,HEXA-B.ST,0,-0.009345806561217085,STOP,-0.013245806561217086
2024-05-14,HEXA-B.ST,4,0.003265318578603349,EOD,-0.0006346814213966509
2024-05-20,HEXA-B.ST,1,0.009228239359714507,EOD,0.0053282393597145076
2024-05-22,HEXA-B.ST,5,0.0033347356069670653,EOD,-0.0005652643930329345
2024-05-24,HEXA-B.ST,1,-0.005073982867831672,EOD,-0.008973982867831673
2024-05-27,HEXA-B.ST,0,0.0041981528665480106,EOD,0.00029815286654801074
2024-05-30,HEXA-B.ST,0,0.010394149929468632,EOD,0.0064941499294686325
2024-06-03,HEXA-B.ST,2,-0.006872878361431578,STOP,-0.010772878361431579
2024-06-05,HEXA-B.ST,2,0.002581781924585025,EOD,-0.001318218075414975
2024-06-12,HEXA-B.ST,0,0.019011407089219334,EOD,0.015111407089219334
2024-06-20,HEXA-B.ST,0,0.007277384006098231,EOD,0.003377384006098231
2024-06-24,HEXA-B.ST,5,0.0,EOD,-0.0039
2024-06-26,HEXA-B.ST,0,-0.010075541256223675,EOD,-0.013975541256223675
2024-06-27,HEXA-B.ST,0,-0.010499789735045617,EOD,-0.014399789735045618
2024-06-28,HEXA-B.ST,0,0.0046179937766945844,EOD,0.0007179937766945846
2024-07-02,HEXA-B.ST,6,0.00041513535097315035,EOD,-0.0034848646490268495
2024-07-03,HEXA-B.ST,0,-0.008599471216093613,EOD,-0.012499471216093613
2024-07-04,HEXA-B.ST,0,0.001236106532880532,EOD,-0.0026638934671194677
2024-07-05,HEXA-B.ST,4,-0.006535972563600612,STOP,-0.010435972563600612
2024-07-08,HEXA-B.ST,0,-0.0028770938736620844,EOD,-0.006777093873662084
2024-07-10,HEXA-B.ST,0,-0.008054234614851774,STOP,-0.011954234614851775
2024-07-11,HEXA-B.ST,0,0.00843881856540074,EOD,0.004538818565400741
2024-07-12,HEXA-B.ST,0,0.00911355535483005,EOD,0.00521355535483005
2024-07-16,HEXA-B.ST,6,-0.001682124264676177,EOD,-0.005582124264676177
2024-07-18,HEXA-B.ST,0,-0.011523674404928408,STOP,-0.015423674404928409
2024-07-19,HEXA-B.ST,1,-0.0034571642786067613,EOD,-0.007357164278606761
2024-07-22,HEXA-B.ST,0,0.013390955090780254,EOD,0.009490955090780254
2024-07-26,HEXA-B.ST,4,-0.006024110441954056,EOD,-0.009924110441954057
2024-07-29,HEXA-B.ST,0,-0.015249481913328089,EOD,-0.01914948191332809
2024-07-30,HEXA-B.ST,0,-0.0004638501887036517,EOD,-0.0043638501887036515
2024-07-31,HEXA-B.ST,4,0.0013780572161843363,EOD,-0.0025219427838156635
2024-08-06,HEXA-B.ST,0,-0.01032763969861239,STOP,-0.01422763969861239
2024-08-07,HEXA-B.ST,0,-0.0004950797203744361,EOD,-0.004395079720374436
2024-08-08,HEXA-B.ST,4,0.00900902414546767,EOD,0.00510902414546767
2024-08-09,HEXA-B.ST,0,-0.008849497772771886,STOP,-0.012749497772771887
2024-08-14,HEXA-B.ST,5,-0.003911995363118925,EOD,-0.007811995363118925
2024-08-15,HEXA-B.ST,4,0.007334963325183352,EOD,0.0034349633251833525
2024-08-16,HEXA-B.ST,0,-0.003384898152380522,EOD,-0.007284898152380522
2024-08-19,HEXA-B.ST,0,0.0062680959017127336,EOD,0.0023680959017127337
2024-08-20,HEXA-B.ST,0,-0.004777830795122839,STOP,-0.00867783079512284
2024-08-21,HEXA-B.ST,0,-0.007170172188726731,STOP,-0.011070172188726732
2024-08-22,HEXA-B.ST,0,-0.00817306225116432,STOP,-0.012073062251164321
2024-08-23,HEXA-B.ST,1,-0.0009713305204989142,EOD,-0.004871330520498914
2024-08-26,HEXA-B.ST,0,0.0038797432764201556,EOD,-2.0256723579844226e-05
2024-08-27,HEXA-B.ST,0,-0.0057831178228539,STOP,-0.009683117822853901
2024-08-28,HEXA-B.ST,0,-0.004807692307692291,STOP,-0.008707692307692291
2024-08-29,HEXA-B.ST,0,0.010556680765182902,EOD,0.006656680765182902
2024-08-30,HEXA-B.ST,0,-0.0009514602813787132,EOD,-0.004851460281378713
2024-09-04,HEXA-B.ST,0,-0.005899690188058249,EOD,-0.00979969018805825
2024-09-05,HEXA-B.ST,0,-0.010329592090468354,STOP,-0.014229592090468354
2024-09-06,HEXA-B.ST,4,-0.006403836041765754,STOP,-0.010303836041765754
2024-09-09,HEXA-B.ST,1,-0.005006007346309627,STOP,-0.008906007346309627
2024-09-10,HEXA-B.ST,0,-0.00998004022411847,STOP,-0.01388004022411847
2024-09-12,HEXA-B.ST,0,-0.010375449150460847,STOP,-0.014275449150460848
2024-09-13,HEXA-B.ST,3,0.001987053603677902,EOD,-0.001912946396322098
2024-09-16,HEXA-B.ST,0,-0.005958276984154076,STOP,-0.009858276984154077
2024-09-17,HEXA-B.ST,0,0.005914157229917949,EOD,0.002014157229917949
2024-09-18,HEXA-B.ST,5,-0.0022022143878159817,EOD,-0.0061022143878159815
2024-09-19,HEXA-B.ST,0,0.017734020214362767,EOD,0.013834020214362766
2024-09-20,HEXA-B.ST,0,-0.009147780088594959,STOP,-0.01304778008859496
2024-09-25,HEXA-B.ST,0,0.0038610186464320684,EOD,-3.898135356793144e-05
2024-09-26,HEXA-B.ST,1,0.0051234565400613,EOD,0.0012234565400612999
2024-09-27,HEXA-B.ST,0,0.006830600903047879,EOD,0.002930600903047879
2024-10-01,HEXA-B.ST,0,-0.006815083863716653,STOP,-0.010715083863716654
2024-10-04,HEXA-B.ST,0,-0.01340108123049022,STOP,-0.01730108123049022
2024-10-07,HEXA-B.ST,6,-0.00325731488191372,EOD,-0.00715731488191372
2024-10-08,HEXA-B.ST,2,-0.010362679776814931,EOD,-0.014262679776814932
2024-10-09,HEXA-B.ST,1,0.005196061026796039,EOD,0.0012960610267960396
2024-10-11,HEXA-B.ST,5,-0.0061582331320272354,EOD,-0.010058233132027236
2024-10-16,HEXA-B.ST,0,-0.006886419745488204,STOP,-0.010786419745488204
2024-10-17,HEXA-B.ST,4,-0.009209932754081218,STOP,-0.013109932754081219
2024-10-18,HEXA-B.ST,0,0.00048429105818703633,EOD,-0.0034157089418129635
2024-10-24,HEXA-B.ST,0,-0.004413898594530008,EOD,-0.008313898594530009
2024-10-28,HEXA-B.ST,1,0.00649347800023814,EOD,0.00259347800023814
2024-10-29,HEXA-B.ST,0,-0.010507025386471192,STOP,-0.014407025386471192
2024-11-01,HEXA-B.ST,0,0.013459605513914674,EOD,0.009559605513914674
2024-11-04,HEXA-B.ST,0,-0.007360156906469961,STOP,-0.011260156906469962
2024-11-05,HEXA-B.ST,6,-0.0049554013125734375,EOD,-0.008855401312573438
2024-11-06,HEXA-B.ST,1,-0.021551723822937574,EOD,-0.025451723822937575
2024-11-07,HEXA-B.ST,0,0.00962000990243328,EOD,0.00572000990243328
2024-11-11,HEXA-B.ST,1,-0.008427006066547338,EOD,-0.012327006066547339
2024-11-14,HEXA-B.ST,0,0.005246589548674407,EOD,0.0013465895486744076
2024-11-15,HEXA-B.ST,0,-0.007569398653418324,STOP,-0.011469398653418325
2024-11-25,HEXA-B.ST,0,-0.012625725623100603,STOP,-0.016525725623100604
2024-11-26,HEXA-B.ST,0,-0.005834063631921627,STOP,-0.009734063631921627
2024-11-27,HEXA-B.ST,0,-0.006305738311445319,STOP,-0.01020573831144532
2024-11-28,HEXA-B.ST,0,-0.0023813985478382538,EOD,-0.006281398547838254
2024-11-29,HEXA-B.ST,0,-0.01205600353268066,STOP,-0.01595600353268066
2024-12-02,HEXA-B.ST,0,0.013939474507670413,EOD,0.010039474507670412
2024-12-03,HEXA-B.ST,1,-0.0012513320612371759,EOD,-0.005151332061237176
2024-12-04,HEXA-B.ST,0,0.0043753484133493,EOD,0.00047534841334930054
2024-12-05,HEXA-B.ST,1,0.0037896152052996346,EOD,-0.00011038479470036524
2024-12-06,HEXA-B.ST,0,0.006535990547244186,EOD,0.002635990547244186
2024-12-09,HEXA-B.ST,4,-0.004111438654995858,EOD,-0.008011438654995859
2024-12-10,HEXA-B.ST,5,-0.00914076769700456,EOD,-0.01304076769700456
2024-12-11,HEXA-B.ST,0,0.0032213388790218733,EOD,-0.0006786611209781265
2024-12-12,HEXA-B.ST,0,-0.010859700889069623,STOP,-0.014759700889069624
2024-12-16,HEXA-B.ST,0,-0.00560491439897981,STOP,-0.00950491439897981
2024-12-17,HEXA-B.ST,0,-0.006123424555207757,EOD,-0.010023424555207758
2024-12-18,HEXA-B.ST,0,-0.0009385837696038735,EOD,-0.004838583769603873
2024-12-20,HEXA-B.ST,6,-0.010387143137597477,STOP,-0.014287143137597477
2024-12-23,HEXA-B.ST,0,0.002839521230766806,EOD,-0.0010604787692331938
2024-12-27,HEXA-B.ST,0,-0.006106095961659896,STOP,-0.010006095961659897
2024-12-30,HEXA-B.ST,0,0.0014151087347067381,EOD,-0.0024848912652932617
2025-01-02,HEXA-B.ST,3,-0.0037541202667502604,EOD,-0.00765412026675026
2025-01-03,HEXA-B.ST,0,-0.010823543772977895,STOP,-0.014723543772977896
2025-01-07,HEXA-B.ST,0,-0.00045409103593252453,EOD,-0.004354091035932524
2025-01-10,HEXA-B.ST,0,-0.013394890976833107,STOP,-0.017294890976833108
2025-01-13,HEXA-B.ST,4,0.0028275500101067053,EOD,-0.0010724499898932946
2025-01-14,HEXA-B.ST,0,-0.009203865494302965,STOP,-0.013103865494302966
2025-01-15,HEXA-B.ST,2,0.007826873720662597,EOD,0.003926873720662597
2025-01-16,HEXA-B.ST,0,-0.0013495413748958462,EOD,-0.005249541374895846
2025-01-17,HEXA-B.ST,0,0.010738227724762295,EOD,0.006838227724762295
2025-01-20,HEXA-B.ST,6,-0.00259630500938568,EOD,-0.00649630500938568
2025-01-21,HEXA-B.ST,3,0.0017196641701993087,EOD,-0.002180335829800691
2025-01-22,HEXA-B.ST,0,-0.005899743519885536,EOD,-0.009799743519885537
2025-01-23,HEXA-B.ST,1,0.00338697316720582,EOD,-0.0005130268327941797
2025-01-27,HEXA-B.ST,5,-0.0025263414884868496,EOD,-0.006426341488486849
2025-01-28,HEXA-B.ST,0,0.0016771232556995752,EOD,-0.0022228767443004246
2025-01-29,HEXA-B.ST,0,-0.008309098568165196,STOP,-0.012209098568165197
2025-01-31,HEXA-B.ST,0,0.010132525493653954,EOD,0.0062325254936539546
2025-02-03,HEXA-B.ST,4,0.0054730615268607785,EOD,0.0015730615268607787
2025-02-04,HEXA-B.ST,6,-0.0007724283281871358,EOD,-0.004672428328187136
2025-02-10,HEXA-B.ST,1,0.005980861171243523,EOD,0.0020808611712435235
2025-02-11,HEXA-B.ST,0,-0.0007873895600085667,EOD,-0.004687389560008567
2025-02-13,HEXA-B.ST,0,0.015698527053778832,EOD,0.011798527053778832
2025-02-14,HEXA-B.ST,4,-0.007683442542420371,EOD,-0.011583442542420372
2025-02-17,HEXA-B.ST,0,0.00038523151450053916,EOD,-0.0035147684854994607
2025-02-18,HEXA-B.ST,4,-0.0007701663366569411,EOD,-0.004670166336656941
2025-02-19,HEXA-B.ST,0,-0.0042356798298441856,STOP,-0.008135679829844186
2025-02-20,HEXA-B.ST,0,-0.0007787449336420504,EOD,-0.00467874493364205
2025-02-21,HEXA-B.ST,1,-0.006992959734461457,STOP,-0.010892959734461458
2025-02-26,HEXA-B.ST,0,0.0036202488913439357,EOD,-0.00027975110865606414
2025-02-27,HEXA-B.ST,0,-0.008860237298440987,STOP,-0.012760237298440988
2025-02-28,HEXA-B.ST,0,0.0004084593279414239,EOD,-0.003491540672058576
2025-03-03,HEXA-B.ST,0,-0.006477757504111836,EOD,-0.010377757504111837
2025-03-05,HEXA-B.ST,0,0.003303067967951989,EOD,-0.0005969320320480106
2025-03-07,HEXA-B.ST,0,-0.009224305862650661,STOP,-0.013124305862650662
2025-03-12,HEXA-B.ST,0,-0.0008802682699320385,EOD,-0.004780268269932038
2025-03-13,HEXA-B.ST,0,0.0017574423803066175,EOD,-0.0021425576196933823
2025-03-14,HEXA-B.ST,5,0.004315925822922617,EOD,0.00041592582292261735
2025-03-17,HEXA-B.ST,4,-0.0042698548805745196,EOD,-0.00816985488057452
2025-03-19,HEXA-B.ST,1,-0.0017369046894173401,EOD,-0.00563690468941734
2025-03-25,HEXA-B.ST,2,0.002192020984747689,EOD,-0.0017079790152523108
2025-03-27,HEXA-B.ST,1,0.0,EOD,-0.0039
2025-03-28,HEXA-B.ST,0,-0.009981837609648325,STOP,-0.013881837609648326
2025-04-01,HEXA-B.ST,0,0.0,EOD,-0.0039
2025-04-07,HEXA-B.ST,1,-0.012724918994178713,EOD,-0.016624918994178714
2025-04-08,HEXA-B.ST,3,-0.0006459115931398696,EOD,-0.004545911593139869
2025-04-14,HEXA-B.ST,0,0.02227271686900756,EOD,0.018372716869007558
2025-04-16,HEXA-B.ST,2,-0.0011138168353835853,EOD,-0.005013816835383585
2025-04-23,HEXA-B.ST,0,-0.004155783821812586,EOD,-0.008055783821812587
2025-04-24,HEXA-B.ST,5,0.007299310721906815,EOD,0.0033993107219068156
2025-04-25,HEXA-B.ST,2,0.004951550881778122,EOD,0.001051550881778122
2025-04-28,HEXA-B.ST,1,-0.012998095171209423,STOP,-0.016898095171209424
2025-05-05,HEXA-B.ST,0,-0.0027565960249333887,EOD,-0.0066565960249333886
2025-05-07,HEXA-B.ST,0,0.0008754851549495068,EOD,-0.003024514845050493
2025-05-08,HEXA-B.ST,0,0.001081298340086967,EOD,-0.002818701659913033
2025-05-09,HEXA-B.ST,2,-0.0012757295375512845,EOD,-0.005175729537551284
2025-05-12,HEXA-B.ST,0,0.0036400465601345022,EOD,-0.0002599534398654976
2025-05-13,HEXA-B.ST,5,-0.0014873726142633492,EOD,-0.005387372614263349
2025-05-15,HEXA-B.ST,1,-0.003228406839761222,EOD,-0.007128406839761222
2025-05-19,HEXA-B.ST,7,-0.0014412125852181212,EOD,-0.005341212585218121
2025-05-20,HEXA-B.ST,2,0.0016430855064926142,EOD,-0.0022569144935073856
2025-05-27,HEXA-B.ST,0,-0.0014268180363795624,EOD,-0.005326818036379562
2025-05-30,HEXA-B.ST,0,-0.008213583564937177,EOD,-0.012113583564937178
2025-06-02,HEXA-B.ST,0,-0.0023036777036976597,EOD,-0.0062036777036976595
2025-06-03,HEXA-B.ST,7,0.0,EOD,-0.0039
2025-06-04,HEXA-B.ST,0,0.002466069302528906,EOD,-0.0014339306974710938
2025-06-10,HEXA-B.ST,4,0.002851389179156394,EOD,-0.001048610820843606
2025-06-16,HEXA-B.ST,5,0.008607654415198063,EOD,0.004707654415198063
2025-06-17,HEXA-B.ST,7,-0.013177448287744142,STOP,-0.017077448287744143
2025-06-19,HEXA-B.ST,2,-0.0006489028681357922,EOD,-0.004548902868135792
2025-06-23,HEXA-B.ST,0,-0.007547950877359821,EOD,-0.011447950877359822
2025-06-27,HEXA-B.ST,0,0.007127885684480972,EOD,0.0032278856844809726
2025-07-02,HEXA-B.ST,0,0.012631546823602013,EOD,0.008731546823602013
2025-07-04,HEXA-B.ST,5,0.001682044029593932,EOD,-0.0022179559704060678
2025-07-07,HEXA-B.ST,4,0.0,EOD,-0.0039
2025-07-09,HEXA-B.ST,1,0.00993787887822628,EOD,0.006037878878226281
2025-07-10,HEXA-B.ST,0,-0.000499780612020051,EOD,-0.004399780612020051
2025-07-11,HEXA-B.ST,5,-0.006637204805966079,EOD,-0.01053720480596608
2025-07-14,HEXA-B.ST,1,0.0008151806760978708,EOD,-0.003084819323902129
2025-07-15,HEXA-B.ST,0,-0.007443149038406149,STOP,-0.01134314903840615
2025-07-16,HEXA-B.ST,2,-0.002615715616088532,EOD,-0.006515715616088532
2025-07-17,HEXA-B.ST,0,0.009861932790452554,EOD,0.005961932790452555
2025-07-18,HEXA-B.ST,0,-0.01720022002400723,STOP,-0.02110022002400723
2025-07-23,HEXA-B.ST,0,0.004337319983057197,EOD,0.0004373199830571975
2025-07-25,HEXA-B.ST,1,0.029197122465218994,EOD,0.025297122465218994
2025-07-29,HEXA-B.ST,0,-0.006708407688082008,STOP,-0.010608407688082008
2025-07-30,HEXA-B.ST,1,-0.009968269046954803,EOD,-0.013868269046954804
2025-08-05,HEXA-B.ST,5,-0.006060620287915208,EOD,-0.009960620287915209
2025-08-06,HEXA-B.ST,0,-0.0060324967598970325,STOP,-0.009932496759897033
2025-08-07,HEXA-B.ST,0,0.004631774100370967,EOD,0.0007317741003709669
2025-08-08,HEXA-B.ST,0,0.005059825825199482,EOD,0.0011598258251994823
2025-08-15,HEXA-B.ST,0,-0.0023169601155199615,EOD,-0.006216960115519961
2025-08-19,HEXA-B.ST,1,0.0018561201693010343,EOD,-0.0020438798306989655
2025-08-20,HEXA-B.ST,0,-0.00785944024159535,EOD,-0.01175944024159535
2025-08-21,HEXA-B.ST,0,-0.007427998561111759,STOP,-0.01132799856111176
2025-08-22,HEXA-B.ST,0,0.016286645413707834,EOD,0.012386645413707834
2025-08-26,HEXA-B.ST,0,-0.003703717832212128,EOD,-0.007603717832212128
2025-08-28,HEXA-B.ST,0,-0.00694444444444442,STOP,-0.01084444444444442
2025-09-01,HEXA-B.ST,0,-0.007554325214644275,STOP,-0.011454325214644276
2025-09-03,HEXA-B.ST,0,-0.00048492165958502476,EOD,-0.004384921659585025
2025-09-04,HEXA-B.ST,0,-0.007725765602903389,STOP,-0.01162576560290339
2025-09-05,HEXA-B.ST,2,-0.0027174189095231505,EOD,-0.00661741890952315
2025-09-08,HEXA-B.ST,5,0.006781193583610179,EOD,0.002881193583610179
2025-09-11,HEXA-B.ST,2,0.0023020258150332484,EOD,-0.0015979741849667514
2025-09-15,HEXA-B.ST,0,-0.009575951091163382,STOP,-0.013475951091163382
2025-09-16,HEXA-B.ST,3,-0.010416680344060847,STOP,-0.014316680344060848
2025-09-17,HEXA-B.ST,4,-0.0018157473887072673,EOD,-0.005715747388707267
2025-09-18,HEXA-B.ST,0,0.014751913709329711,EOD,0.01085191370932971
2025-09-19,HEXA-B.ST,0,0.006076428786289112,EOD,0.002176428786289112
2025-09-22,HEXA-B.ST,0,0.008576329443279906,EOD,0.004676329443279907
2025-09-23,HEXA-B.ST,3,-0.003386973167205931,EOD,-0.007286973167205931
2025-09-30,HEXA-B.ST,0,0.00810812185476495,EOD,0.004208121854764949
2025-10-01,HEXA-B.ST,0,0.006200150033494278,EOD,0.0023001500334942785
2025-10-02,HEXA-B.ST,0,-0.015470523815809378,STOP,-0.01937052381580938
2025-10-06,HEXA-B.ST,2,-0.0008617501153448393,EOD,-0.004761750115344839
2025-10-07,HEXA-B.ST,1,-0.007327573052768099,STOP,-0.0112275730527681
2025-10-08,HEXA-B.ST,0,0.0017293294042666219,EOD,-0.002170670595733378
2025-10-10,HEXA-B.ST,0,-0.007337060727808042,STOP,-0.011237060727808043
2025-10-15,HEXA-B.ST,1,-0.0035149518027427495,EOD,-0.007414951802742749
2025-10-17,HEXA-B.ST,3,0.005373922668348685,EOD,0.0014739226683486853
2025-10-20,HEXA-B.ST,6,0.0022026431718060735,EOD,-0.0016973568281939263
2025-10-21,HEXA-B.ST,7,0.003050095635042105,EOD,-0.0008499043649578949
2025-10-23,HEXA-B.ST,6,-0.0008822097526884898,EOD,-0.00478220975268849
2025-10-24,HEXA-B.ST,0,0.01897133245318683,EOD,0.015071332453186828
2025-10-27,HEXA-B.ST,5,-0.0008315881423791582,EOD,-0.004731588142379158
2025-10-31,HEXA-B.ST,2,0.0017189908058417025,EOD,-0.0021810091941582973
2025-11-03,HEXA-B.ST,0,0.0073307988433588545,EOD,0.0034307988433588546
2025-11-04,HEXA-B.ST,2,-0.0038893427840235306,EOD,-0.0077893427840235304
2025-11-05,HEXA-B.ST,5,-0.00130153167790803,EOD,-0.00520153167790803
2025-11-06,HEXA-B.ST,0,-0.005201547308695487,EOD,-0.009101547308695487
2025-11-10,HEXA-B.ST,0,-0.0068317287172303676,EOD,-0.010731728717230368
2025-11-11,HEXA-B.ST,0,0.008959070640774058,EOD,0.0050590706407740585
2025-11-14,HEXA-B.ST,5,-0.012888861762152759,STOP,-0.01678886176215276
2025-11-19,HEXA-B.ST,0,0.005041274605409596,EOD,0.001141274605409596
2025-11-20,HEXA-B.ST,4,-0.007174915262401882,STOP,-0.011074915262401883
2025-11-21,HEXA-B.ST,3,0.0027297126314655973,EOD,-0.0011702873685344025
2025-11-24,HEXA-B.ST,0,-0.008010694598150958,STOP,-0.011910694598150959
2025-12-04,HEXA-B.ST,0,0.01265824181911257,EOD,0.00875824181911257
2025-12-10,HEXA-B.ST,1,-0.006427957463989276,STOP,-0.010327957463989276
2025-12-11,HEXA-B.ST,0,-0.00551976532627485,EOD,-0.009419765326274851
2025-12-12,HEXA-B.ST,0,-0.013187785252279371,EOD,-0.017087785252279372
2025-12-15,HEXA-B.ST,0,-0.007346217084925444,STOP,-0.011246217084925444
2025-12-16,HEXA-B.ST,7,-0.001863036339869173,EOD,-0.005763036339869173
2025-12-18,HEXA-B.ST,0,0.011842728222253518,EOD,0.007942728222253517
2025-12-19,HEXA-B.ST,0,0.0,EOD,-0.0039
2025-12-23,HEXA-B.ST,0,-0.0009293538618881936,EOD,-0.004829353861888193
2025-12-29,HEXA-B.ST,0,0.004172504255943066,EOD,0.000272504255943066
2025-12-30,HEXA-B.ST,0,0.01107526160162653,EOD,0.0071752616016265295
2026-01-07,HEXA-B.ST,2,0.0018332225520989454,EOD,-0.0020667774479010545
2026-01-09,HEXA-B.ST,0,0.02764976958525356,EOD,0.023749769585253558
2026-01-12,HEXA-B.ST,0,-0.004941626564934132,STOP,-0.008841626564934132
2026-01-13,HEXA-B.ST,5,-0.005434768712212823,STOP,-0.009334768712212824
2026-01-15,HEXA-B.ST,0,-0.00834493777109202,STOP,-0.012244937771092021
2026-01-20,HEXA-B.ST,4,0.0009882026337093563,EOD,-0.0029117973662906435
2026-01-21,HEXA-B.ST,6,-0.0019762544888659583,EOD,-0.005876254488865958
2026-01-22,HEXA-B.ST,5,-0.006310694426008845,EOD,-0.010210694426008846
2026-01-23,HEXA-B.ST,0,-0.0077331604249687436,STOP,-0.011633160424968744
2026-01-26,HEXA-B.ST,0,0.003935086275203448,EOD,3.508627520344785e-05
2026-01-29,HEXA-B.ST,3,-0.014771048300564638,STOP,-0.01867104830056464
2026-01-30,HEXA-B.ST,0,-0.022434352974903038,STOP,-0.02633435297490304
2026-02-06,HEXA-B.ST,2,0.005873769766086223,EOD,0.0019737697660862233
2026-02-10,HEXA-B.ST,1,-0.0012338345048968913,EOD,-0.005133834504896891
2026-02-12,HEXA-B.ST,0,-0.003975778149535758,EOD,-0.007875778149535759
2026-02-13,HEXA-B.ST,0,0.017715762753813813,EOD,0.013815762753813812
2026-02-17,HEXA-B.ST,3,0.0060770556037677,EOD,0.0021770556037677006
2026-02-18,HEXA-B.ST,4,0.014495770338955882,EOD,0.010595770338955882
2026-02-19,HEXA-B.ST,3,0.004065056094269437,EOD,0.0001650560942694371
2026-02-20,HEXA-B.ST,0,0.0018097758579598278,EOD,-0.002090224142040172
2026-02-23,HEXA-B.ST,0,-0.0104522705078125,STOP,-0.0143522705078125
2026-02-24,HEXA-B.ST,1,0.004250993481501153,EOD,0.00035099348150115315
2026-02-26,HEXA-B.ST,0,0.010967083157050972,EOD,0.007067083157050972
2026-02-27,HEXA-B.ST,0,0.011302226298564255,EOD,0.007402226298564255
2026-03-02,HEXA-B.ST,0,0.0,EOD,-0.0039
2026-03-03,HEXA-B.ST,5,-0.003626114169802297,EOD,-0.007526114169802297
2026-03-04,HEXA-B.ST,0,0.007642744249566569,EOD,0.003742744249566569
2026-03-05,HEXA-B.ST,0,-0.0030054403193248147,EOD,-0.0069054403193248145
2026-03-09,HEXA-B.ST,0,0.00020794462677264924,EOD,-0.0036920553732273506
2026-03-10,HEXA-B.ST,0,-0.008274467280020681,STOP,-0.012174467280020682
2026-03-11,HEXA-B.ST,0,0.02000002516913657,EOD,0.01610002516913657
2026-03-12,HEXA-B.ST,0,0.00648049727524902,EOD,0.00258049727524902
2026-03-13,HEXA-B.ST,0,0.004475354893928252,EOD,0.0005753548939282519
2026-03-17,HEXA-B.ST,4,-0.003472282667847826,EOD,-0.007372282667847826
2026-03-19,HEXA-B.ST,6,-0.008238881925178299,STOP,-0.0121388819251783
2026-03-23,HEXA-B.ST,2,0.01720428466796875,EOD,0.01330428466796875
2026-03-25,HEXA-B.ST,2,-0.01591896784715663,STOP,-0.01981896784715663
2026-03-30,HEXA-B.ST,3,-0.009159961188266341,STOP,-0.013059961188266342
2026-03-31,HEXA-B.ST,0,0.00044445461697040223,EOD,-0.0034555453830295976
2026-04-07,HEXA-B.ST,0,-0.014401126679906673,STOP,-0.018301126679906674
2026-04-08,HEXA-B.ST,4,-0.009799779294783706,STOP,-0.013699779294783707
2026-04-10,HEXA-B.ST,0,-0.006490736379569428,STOP,-0.010390736379569429
2026-04-13,HEXA-B.ST,0,0.01127656977227387,EOD,0.00737656977227387
2026-04-14,HEXA-B.ST,0,0.002294069001070431,EOD,-0.0016059309989295686
2026-04-15,HEXA-B.ST,3,-0.0024906378398646956,EOD,-0.006390637839864695
2026-04-16,HEXA-B.ST,0,0.006696465893447412,EOD,0.002796465893447412
2026-04-17,HEXA-B.ST,0,0.02090598474181804,EOD,0.01700598474181804
2026-04-20,HEXA-B.ST,0,-0.00341302869917004,EOD,-0.00731302869917004
2026-04-21,HEXA-B.ST,1,-0.007288629629528032,STOP,-0.011188629629528032
2026-04-22,HEXA-B.ST,1,0.00048688464696855505,EOD,-0.0034131153530314448
2026-04-23,HEXA-B.ST,0,-0.024628267318389074,EOD,-0.028528267318389075
2026-04-24,HEXA-B.ST,3,-0.012500029343825103,STOP,-0.016400029343825104
2026-04-30,HEXA-B.ST,0,0.00020153842794190524,EOD,-0.0036984615720580946
2026-05-06,HEXA-B.ST,0,0.010146104147430668,EOD,0.006246104147430668
2026-05-12,HEXA-B.ST,1,0.004480539875307388,EOD,0.0005805398753073879
2026-05-13,HEXA-B.ST,2,0.0008403553951601417,EOD,-0.003059644604839858
2026-05-18,HEXA-B.ST,0,0.017525995836561448,EOD,0.013625995836561447
2026-05-19,HEXA-B.ST,0,0.01801369190349611,EOD,0.014113691903496109
2026-05-20,HEXA-B.ST,0,0.01327644918345583,EOD,0.009376449183455829
2026-05-22,HEXA-B.ST,0,0.024723315443388794,EOD,0.020823315443388793
2026-05-25,HEXA-B.ST,1,0.0022467376452355303,EOD,-0.0016532623547644695
2026-05-28,HEXA-B.ST,0,0.001418472207404875,EOD,-0.002481527792595125
2026-05-29,HEXA-B.ST,1,0.004704793480035052,EOD,0.0008047934800350523
2026-06-01,HEXA-B.ST,0,0.012135367007719333,EOD,0.008235367007719332
2026-06-02,HEXA-B.ST,0,-0.01542650356009545,STOP,-0.01932650356009545
2026-06-03,HEXA-B.ST,0,-0.01114213873100578,STOP,-0.01504213873100578
2026-06-04,HEXA-B.ST,1,-0.0027409532944416837,EOD,-0.0066409532944416835
2026-06-05,HEXA-B.ST,0,-0.013910987842207012,STOP,-0.017810987842207013
2026-06-08,HEXA-B.ST,0,0.009069146529344874,EOD,0.005169146529344874
2026-06-12,HEXA-B.ST,0,-0.01569509411297354,STOP,-0.01959509411297354
2026-06-16,HEXA-B.ST,0,-0.003726745984569124,EOD,-0.007626745984569124
2026-06-17,HEXA-B.ST,0,0.01536953470653124,EOD,0.01146953470653124
2026-06-22,HEXA-B.ST,0,0.005640008561086374,EOD,0.001740008561086374
2026-06-23,HEXA-B.ST,1,-0.011776240480921407,EOD,-0.015676240480921408
2026-06-25,HEXA-B.ST,0,-0.00816018861433565,STOP,-0.012060188614335651
2026-06-26,HEXA-B.ST,0,0.014024577235438374,EOD,0.010124577235438373
2026-07-01,HEXA-B.ST,6,0.00919252004682658,EOD,0.00529252004682658
2026-07-02,HEXA-B.ST,0,0.013369668821181957,EOD,0.009469668821181956
2026-07-03,HEXA-B.ST,0,0.006078288196150972,EOD,0.0021782881961509718
2023-08-08,INVE-B.ST,0,-0.005907372230360419,EOD,-0.00980737223036042
2023-08-09,INVE-B.ST,0,0.0011720581173144673,EOD,-0.0027279418826855325
2023-08-10,INVE-B.ST,6,-0.00509490910524979,EOD,-0.00899490910524979
2023-08-14,INVE-B.ST,0,0.004303175622940136,EOD,0.0004031756229401365
2023-08-16,INVE-B.ST,0,0.003374292400769807,EOD,-0.0005257075992301926
2023-08-17,INVE-B.ST,1,-0.008210562295027923,STOP,-0.012110562295027924
2023-08-21,INVE-B.ST,0,-0.00557445050054084,EOD,-0.00947445050054084
2023-08-22,INVE-B.ST,0,-0.0002409205060109887,EOD,-0.0041409205060109885
2023-08-23,INVE-B.ST,6,0.0011879306420778946,EOD,-0.0027120693579221053
2023-08-24,INVE-B.ST,3,-0.00824499411071844,STOP,-0.01214499411071844
2023-08-25,INVE-B.ST,1,-0.004983403260398478,EOD,-0.008883403260398479
2023-08-31,INVE-B.ST,4,-0.0011828719790883957,EOD,-0.0050828719790883955
2023-09-01,INVE-B.ST,1,-0.0063935159069357095,STOP,-0.01029351590693571
2023-09-04,INVE-B.ST,2,-0.0028436308223489526,EOD,-0.006743630822348952
2023-09-05,INVE-B.ST,0,0.0049669019965628,EOD,0.0010669019965628005
2023-09-06,INVE-B.ST,4,0.009154915249963258,EOD,0.005254915249963258
2023-09-11,INVE-B.ST,0,-0.008878476151796155,STOP,-0.012778476151796156
2023-09-13,INVE-B.ST,0,-0.004952844583763216,STOP,-0.008852844583763217
2023-09-14,INVE-B.ST,0,0.0030531196519878456,EOD,-0.0008468803480121542
2023-09-15,INVE-B.ST,4,-0.006236964027536485,EOD,-0.010136964027536485
2023-09-19,INVE-B.ST,0,-0.003245233927426261,EOD,-0.007145233927426261
2023-09-20,INVE-B.ST,0,0.0018445648384877167,EOD,-0.002055435161512283
2023-09-21,INVE-B.ST,5,-0.005319120780374886,STOP,-0.009219120780374887
2023-09-26,INVE-B.ST,0,-0.006086156435444079,STOP,-0.00998615643544408
2023-10-03,INVE-B.ST,0,-0.004538924674584277,STOP,-0.008438924674584278
2023-10-04,INVE-B.ST,0,-0.0014503410341099032,EOD,-0.005350341034109903
2023-10-05,INVE-B.ST,0,0.0014395540333211887,EOD,-0.002460445966678811
2023-10-06,INVE-B.ST,1,-0.0057156321299590696,STOP,-0.00961563212995907
2023-10-09,INVE-B.ST,0,0.006630401116467954,EOD,0.0027304011164679546
2023-10-12,INVE-B.ST,1,0.0,EOD,-0.0039
2023-10-13,INVE-B.ST,0,-0.008849612675368768,STOP,-0.012749612675368768
2023-10-16,INVE-B.ST,5,-0.001139730991764898,EOD,-0.005039730991764898
2023-10-19,INVE-B.ST,2,-0.007795860827151113,EOD,-0.011695860827151114
2023-10-24,INVE-B.ST,4,0.0032459120923065132,EOD,-0.0006540879076934866
2023-10-25,INVE-B.ST,0,-0.006694722963490718,STOP,-0.010594722963490719
2023-10-26,INVE-B.ST,0,0.012182977990468302,EOD,0.008282977990468302
2023-10-30,INVE-B.ST,1,-0.00344571483767242,EOD,-0.00734571483767242
2023-10-31,INVE-B.ST,0,0.0029440178397552863,EOD,-0.0009559821602447135
2023-11-01,INVE-B.ST,4,-0.0038806103160520244,EOD,-0.007780610316052024
2023-11-02,INVE-B.ST,0,-0.0016770045512427556,EOD,-0.005577004551242755
2023-11-08,INVE-B.ST,2,0.004614995968299729,EOD,0.000714995968299729
2023-11-09,INVE-B.ST,1,0.005049305444419616,EOD,0.0011493054444196163
2023-11-14,INVE-B.ST,4,0.01597283492487067,EOD,0.01207283492487067
2023-11-15,INVE-B.ST,0,0.004275505446481587,EOD,0.0003755054464815869
2023-11-17,INVE-B.ST,0,-0.0011814744460720839,EOD,-0.005081474446072084
2023-11-20,INVE-B.ST,1,0.005903187721369552,EOD,0.002003187721369552
2023-11-22,INVE-B.ST,0,0.00446749228449872,EOD,0.0005674922844987199
2023-11-23,INVE-B.ST,0,-0.0067082904889490536,EOD,-0.010608290488949054
2023-11-24,INVE-B.ST,0,0.003951607720166672,EOD,5.1607720166672345e-05
2023-11-27,INVE-B.ST,6,-0.003005127813696329,EOD,-0.006905127813696329
2023-11-29,INVE-B.ST,0,0.00046428090227190744,EOD,-0.0034357190977280924
2023-11-30,INVE-B.ST,0,0.004380894265636703,EOD,0.00048089426563670355
2023-12-01,INVE-B.ST,0,-0.001822710877406486,EOD,-0.005722710877406486
2023-12-04,INVE-B.ST,2,-0.0036314255137339657,EOD,-0.0075314255137339655
2023-12-05,INVE-B.ST,2,0.004294742139912655,EOD,0.00039474213991265526
2023-12-06,INVE-B.ST,4,0.0004481884446034812,EOD,-0.0034518115553965186
2023-12-07,INVE-B.ST,2,0.003132678262709243,EOD,-0.0007673217372907567
2023-12-08,INVE-B.ST,0,-0.004886743996842746,STOP,-0.008786743996842747
2023-12-11,INVE-B.ST,0,0.00908487971286287,EOD,0.00518487971286287
2023-12-12,INVE-B.ST,4,0.0004373763664340391,EOD,-0.0034626236335659607
2023-12-15,INVE-B.ST,0,-0.0017263439868483443,EOD,-0.005626343986848344
2023-12-18,INVE-B.ST,1,-0.0006485480038660452,EOD,-0.004548548003866045
2023-12-22,INVE-B.ST,0,0.0030270138302364025,EOD,-0.0008729861697635974
2023-12-29,INVE-B.ST,0,0.00214638337218398,EOD,-0.00175361662781602
2024-01-02,INVE-B.ST,0,-0.008294394540222405,STOP,-0.012194394540222406
2024-01-08,INVE-B.ST,3,0.0023902119877445838,EOD,-0.001509788012255416
2024-01-10,INVE-B.ST,0,0.002187226538277409,EOD,-0.0017127734617225906
2024-01-12,INVE-B.ST,0,0.006936944053134164,EOD,0.0030369440531341644
2024-01-16,INVE-B.ST,0,-0.001737970484866902,EOD,-0.005637970484866902
2024-01-19,INVE-B.ST,2,-0.0006501686106135107,EOD,-0.0045501686106135105
2024-01-22,INVE-B.ST,0,0.005264266228954595,EOD,0.0013642662289545951
2024-01-24,INVE-B.ST,0,-0.0010351966873706209,EOD,-0.004935196687370621
2024-01-25,INVE-B.ST,6,0.0024803890808380302,EOD,-0.0014196109191619696
2024-01-26,INVE-B.ST,1,0.005147210082701026,EOD,0.001247210082701026
2024-01-29,INVE-B.ST,5,0.0010227040422214895,EOD,-0.0028772959577785103
2024-02-01,INVE-B.ST,2,-0.0026320870804489305,EOD,-0.00653208708044893
2024-02-02,INVE-B.ST,2,-0.005624724511108736,STOP,-0.009524724511108737
2024-02-12,INVE-B.ST,0,0.005427160215138116,EOD,0.0015271602151381162
2024-02-14,INVE-B.ST,4,0.002197814392638664,EOD,-0.0017021856073613359
2024-02-15,INVE-B.ST,3,-0.006516563650755702,STOP,-0.010416563650755703
2024-02-16,INVE-B.ST,0,0.0017650400220774465,EOD,-0.0021349599779225533
2024-02-19,INVE-B.ST,2,0.005494541359911453,EOD,0.0015945413599114536
2024-02-22,INVE-B.ST,5,0.0013613617083101381,EOD,-0.0025386382916898617
2024-02-23,INVE-B.ST,1,0.005609331555246566,EOD,0.0017093315552465663
2024-02-28,INVE-B.ST,4,-0.002311271530850312,EOD,-0.006211271530850312
2024-02-29,INVE-B.ST,4,-0.0040393085641042825,STOP,-0.007939308564104283
2024-03-01,INVE-B.ST,0,-0.0072546542220819354,STOP,-0.011154654222081936
2024-03-05,INVE-B.ST,3,-0.0015390300341587837,EOD,-0.0054390300341587835
2024-03-06,INVE-B.ST,3,0.003852822373459963,EOD,-4.7177626540036675e-05
2024-03-07,INVE-B.ST,0,0.007118146006007464,EOD,0.0032181460060074643
2024-03-08,INVE-B.ST,1,0.000950570342205248,EOD,-0.0029494296577947518
2024-03-11,INVE-B.ST,3,0.0,EOD,-0.0039
2024-03-12,INVE-B.ST,0,0.011297307994376116,EOD,0.007397307994376116
2024-03-13,INVE-B.ST,4,-0.0033376373701304862,EOD,-0.007237637370130486
2024-03-14,INVE-B.ST,2,-0.004070327857597089,STOP,-0.00797032785759709
2024-03-15,INVE-B.ST,0,0.00837676823854161,EOD,0.00447676823854161
2024-03-19,INVE-B.ST,0,0.005859075343295439,EOD,0.001959075343295439
2024-03-22,INVE-B.ST,0,-0.005430757329705105,STOP,-0.009330757329705106
2024-03-26,INVE-B.ST,0,-0.004248335287044491,STOP,-0.008148335287044492
2024-03-27,INVE-B.ST,3,-0.0011083975604428975,EOD,-0.005008397560442897
2024-04-02,INVE-B.ST,0,-0.008661908188992595,STOP,-0.012561908188992596
2024-04-04,INVE-B.ST,5,-0.0016753990945845842,EOD,-0.005575399094584584
2024-04-08,INVE-B.ST,5,-0.0005697773845559917,EOD,-0.0044697773845559915
2024-04-09,INVE-B.ST,5,-0.004375928272075558,STOP,-0.008275928272075558
2024-04-10,INVE-B.ST,0,-0.007974201841066897,STOP,-0.011874201841066898
2024-04-12,INVE-B.ST,0,-0.010013202182505565,STOP,-0.013913202182505566
2024-04-15,INVE-B.ST,0,-0.005897975133049904,STOP,-0.009797975133049905
2024-04-16,INVE-B.ST,3,0.002115337665264505,EOD,-0.0017846623347354948
2024-04-17,INVE-B.ST,0,0.0007629976527896432,EOD,-0.0031370023472103567
2024-04-19,INVE-B.ST,0,0.0028812909534077225,EOD,-0.0010187090465922774
2024-04-22,INVE-B.ST,1,-0.00018913278576426773,EOD,-0.0040891327857642676
2024-04-23,INVE-B.ST,0,0.003549457234057307,EOD,-0.00035054276594269265
2024-04-24,INVE-B.ST,4,-0.0014792674020455143,EOD,-0.005379267402045514
2024-04-25,INVE-B.ST,0,-0.00719031017425853,STOP,-0.01109031017425853
2024-04-26,INVE-B.ST,1,0.006498329295675065,EOD,0.002598329295675065
2024-04-29,INVE-B.ST,0,-0.003661662312892666,EOD,-0.007561662312892666
2024-05-03,INVE-B.ST,2,0.007739104685018816,EOD,0.0038391046850188163
2024-05-06,INVE-B.ST,0,0.004543802152914722,EOD,0.0006438021529147223
2024-05-07,INVE-B.ST,0,0.0077379659861636085,EOD,0.0038379659861636087
2024-05-08,INVE-B.ST,1,-0.0007163760683611686,EOD,-0.0046163760683611684
2024-05-10,INVE-B.ST,0,-0.000530951845962413,EOD,-0.004430951845962413
2024-05-13,INVE-B.ST,6,-0.000884017011284377,EOD,-0.004784017011284377
2024-05-14,INVE-B.ST,4,-0.0028324244148393296,EOD,-0.006732424414839329
2024-05-20,INVE-B.ST,1,0.008903134290173975,EOD,0.005003134290173975
2024-05-21,INVE-B.ST,0,-0.0017436791630339732,EOD,-0.005643679163033973
2024-05-22,INVE-B.ST,2,-0.005381902058919308,STOP,-0.009281902058919309
2024-05-24,INVE-B.ST,0,0.002463530607311082,EOD,-0.001436469392688918
2024-05-27,INVE-B.ST,0,0.0033333761650218285,EOD,-0.0005666238349781713
2024-05-31,INVE-B.ST,3,0.006725642111449215,EOD,0.002825642111449215
2024-06-04,INVE-B.ST,6,-0.006297072842793794,EOD,-0.010197072842793795
2024-06-07,INVE-B.ST,4,-0.0006920837613537678,EOD,-0.004592083761353768
2024-06-12,INVE-B.ST,0,0.01420407479719521,EOD,0.010304074797195209
2024-06-18,INVE-B.ST,2,-0.005259466815559333,STOP,-0.009159466815559333
2024-06-20,INVE-B.ST,2,0.00034736403485857714,EOD,-0.0035526359651414227
2024-06-24,INVE-B.ST,0,0.00522011473164774,EOD,0.0013201147316477405
2024-06-26,INVE-B.ST,0,-0.009788789844621837,STOP,-0.013688789844621838
2024-07-02,INVE-B.ST,6,0.0005165968428837431,EOD,-0.0033834031571162567
2024-07-04,INVE-B.ST,0,0.003447681579334505,EOD,-0.0004523184206654948
2024-07-05,INVE-B.ST,1,-0.004624100178349355,STOP,-0.008524100178349356
2024-07-09,INVE-B.ST,1,-0.011535833932247774,STOP,-0.015435833932247775
2024-07-11,INVE-B.ST,4,-0.0006946073920894857,EOD,-0.0045946073920894856
2024-07-12,INVE-B.ST,0,0.023328148808074323,EOD,0.019428148808074322
2024-07-15,INVE-B.ST,1,-0.0028634195251430183,EOD,-0.006763419525143018
2024-07-16,INVE-B.ST,0,0.0008448800444633697,EOD,-0.00305511995553663
2024-07-18,INVE-B.ST,0,-0.004730611104293958,STOP,-0.008630611104293959
2024-07-19,INVE-B.ST,2,0.0011904969507334773,EOD,-0.0027095030492665225
2024-07-22,INVE-B.ST,0,0.008097145566482666,EOD,0.0041971455664826665
2024-07-23,INVE-B.ST,0,0.00016665374540547617,EOD,-0.0037333462545945236
2024-07-24,INVE-B.ST,3,-0.006364072933079279,STOP,-0.01026407293307928
2024-07-25,INVE-B.ST,4,0.006453783749575948,EOD,0.0025537837495759478
2024-07-26,INVE-B.ST,0,0.006042357661720343,EOD,0.0021423576617203436
2024-07-29,INVE-B.ST,0,-0.0049603175604344685,STOP,-0.00886031756043447
2024-07-31,INVE-B.ST,0,-0.0029538049819668455,EOD,-0.006853804981966845
2024-08-05,INVE-B.ST,0,-0.004739292201317635,EOD,-0.008639292201317636
2024-08-07,INVE-B.ST,1,0.0028233201896472604,EOD,-0.0010766798103527394
2024-08-08,INVE-B.ST,5,0.0028308130774623574,EOD,-0.0010691869225376424
2024-08-09,INVE-B.ST,0,-0.009937153790936737,STOP,-0.013837153790936738
2024-08-15,INVE-B.ST,0,-0.004798608042791308,STOP,-0.008698608042791309
2024-08-16,INVE-B.ST,0,0.0037230514147574834,EOD,-0.00017694858524251646
2024-08-21,INVE-B.ST,0,-0.006061687949323713,STOP,-0.009961687949323714
2024-08-22,INVE-B.ST,0,0.007036272407590971,EOD,0.0031362724075909712
2024-08-23,INVE-B.ST,0,-0.0009916951833677246,EOD,-0.004891695183367724
2024-08-26,INVE-B.ST,0,0.002967439664642635,EOD,-0.000932560335357365
2024-08-28,INVE-B.ST,0,0.0036442142828327917,EOD,-0.0002557857171672081
2024-08-29,INVE-B.ST,0,0.006402929847946215,EOD,0.002502929847946215
2024-09-02,INVE-B.ST,0,0.00474247655611193,EOD,0.0008424765561119299
2024-09-03,INVE-B.ST,0,-0.004219468629643841,STOP,-0.008119468629643842
2024-09-04,INVE-B.ST,0,-0.0026533591806592316,EOD,-0.006553359180659231
2024-09-06,INVE-B.ST,0,0.0008507741868548635,EOD,-0.0030492258131451363
2024-09-09,INVE-B.ST,1,-0.0003348705075373326,EOD,-0.004234870507537332
2024-09-13,INVE-B.ST,6,-0.0006639409362033666,EOD,-0.004563940936203366
2024-09-16,INVE-B.ST,0,0.0052954033951222446,EOD,0.0013954033951222447
2024-09-17,INVE-B.ST,4,-0.0021234690739097006,EOD,-0.0060234690739097005
2024-09-19,INVE-B.ST,0,0.00882645394214987,EOD,0.00492645394214987
2024-09-20,INVE-B.ST,4,-0.004653440881350779,EOD,-0.00855344088135078
2024-09-23,INVE-B.ST,0,-0.007527245392794035,STOP,-0.011427245392794036
2024-09-25,INVE-B.ST,0,0.004842615012106588,EOD,0.0009426150121065882
2024-09-26,INVE-B.ST,0,-0.002224026074761687,EOD,-0.006124026074761687
2024-10-01,INVE-B.ST,0,-0.007151938831366889,STOP,-0.01105193883136689
2024-10-04,INVE-B.ST,0,-0.003736172651370828,STOP,-0.007636172651370828
2024-10-08,INVE-B.ST,0,-0.0004909783845642446,EOD,-0.004390978384564244
2024-10-09,INVE-B.ST,1,0.0052373358543882365,EOD,0.0013373358543882366
2024-10-11,INVE-B.ST,0,0.01695461846262658,EOD,0.01305461846262658
2024-10-14,INVE-B.ST,7,0.0007987220447285281,EOD,-0.0031012779552714717
2024-10-16,INVE-B.ST,4,-0.0019271112630591114,EOD,-0.005827111263059111
2024-10-18,INVE-B.ST,0,0.0024256143932421814,EOD,-0.0014743856067578184
2024-10-21,INVE-B.ST,0,-0.006283267822398075,EOD,-0.010183267822398076
2024-10-23,INVE-B.ST,5,-0.003249918623100867,EOD,-0.007149918623100867
2024-10-25,INVE-B.ST,0,0.0011451205971042544,EOD,-0.0027548794028957454
2024-10-28,INVE-B.ST,0,-0.006327099707320372,STOP,-0.010227099707320372
2024-11-01,INVE-B.ST,0,-0.003134319326627777,EOD,-0.007034319326627777
2024-11-04,INVE-B.ST,0,-0.0004934009752775026,EOD,-0.004393400975277502
2024-11-07,INVE-B.ST,2,0.0008179290200955869,EOD,-0.003082070979904413
2024-11-11,INVE-B.ST,0,-0.0055364981502600275,EOD,-0.009436498150260028
2024-11-14,INVE-B.ST,1,0.0003326882950267507,EOD,-0.003567311704973249
2024-11-21,INVE-B.ST,3,0.0040588947465070024,EOD,0.00015889474650700262
2024-11-22,INVE-B.ST,5,-0.002839878451733946,EOD,-0.006739878451733946
2024-11-26,INVE-B.ST,2,-0.0003370045611309491,EOD,-0.004237004561130949
2024-11-27,INVE-B.ST,0,0.0006734417745160037,EOD,-0.003226558225483996
2024-11-28,INVE-B.ST,0,-0.0035140155149412378,STOP,-0.007414015514941238
2024-11-29,INVE-B.ST,0,-0.0020161495000337037,STOP,-0.0059161495000337036
2024-12-02,INVE-B.ST,1,0.011678344536009577,EOD,0.007778344536009577
2024-12-03,INVE-B.ST,0,0.002134626917846827,EOD,-0.001765373082153173
2024-12-06,INVE-B.ST,0,0.004563313134833713,EOD,0.0006633131348337132
2024-12-10,INVE-B.ST,3,-0.00540194581149378,STOP,-0.00930194581149378
2024-12-16,INVE-B.ST,1,-0.0020185234769238836,EOD,-0.005918523476923883
2024-12-17,INVE-B.ST,1,-0.00185806686813772,EOD,-0.00575806686813772
2024-12-18,INVE-B.ST,0,0.0006757169156461629,EOD,-0.003224283084353837
2024-12-19,INVE-B.ST,0,-0.010583838061161699,STOP,-0.0144838380611617
2024-12-20,INVE-B.ST,6,0.00745231853200834,EOD,0.0035523185320083398
2024-12-23,INVE-B.ST,0,-0.0010303547973812277,EOD,-0.0049303547973812275
2024-12-27,INVE-B.ST,0,0.002218787743299311,EOD,-0.001681212256700689
2024-12-30,INVE-B.ST,1,0.0003415509142246087,EOD,-0.003558449085775391
2025-01-02,INVE-B.ST,4,0.002540220152413175,EOD,-0.0013597798475868247
2025-01-03,INVE-B.ST,3,-0.0008418925398989696,EOD,-0.0047418925398989694
2025-01-07,INVE-B.ST,0,-0.010641875880031737,STOP,-0.014541875880031738
2025-01-08,INVE-B.ST,0,0.0015001889352901365,EOD,-0.0023998110647098633
2025-01-09,INVE-B.ST,1,-0.001827606872361609,EOD,-0.005727606872361609
2025-01-10,INVE-B.ST,1,-0.006791513232051627,STOP,-0.010691513232051628
2025-01-15,INVE-B.ST,0,0.020497331916699668,EOD,0.016597331916699667
2025-01-16,INVE-B.ST,5,-0.0022887434790317407,EOD,-0.0061887434790317405
2025-01-17,INVE-B.ST,0,0.01673434247436023,EOD,0.01283434247436023
2025-01-21,INVE-B.ST,3,0.0003189987352969492,EOD,-0.0035810012647030506
2025-01-22,INVE-B.ST,0,-0.0015782828890976708,EOD,-0.005478282889097671
2025-01-28,INVE-B.ST,0,-0.00031910497871956434,EOD,-0.004219104978719564
2025-01-29,INVE-B.ST,0,-0.004433868239063776,STOP,-0.008333868239063777
2025-01-31,INVE-B.ST,0,-0.003772436919227018,STOP,-0.007672436919227018
2025-02-05,INVE-B.ST,1,0.0076722370132904505,EOD,0.0037722370132904507
2025-02-06,INVE-B.ST,0,0.002077653456299844,EOD,-0.001822346543700156
2025-02-10,INVE-B.ST,0,0.0011209162642613624,EOD,-0.0027790837357386374
2025-02-11,INVE-B.ST,6,0.0019102390699028415,EOD,-0.0019897609300971583
2025-02-12,INVE-B.ST,0,-0.0018966527325411375,EOD,-0.005796652732541137
2025-02-13,INVE-B.ST,1,0.003136762980836094,EOD,-0.0007632370191639056
2025-02-17,INVE-B.ST,0,0.006835425346381818,EOD,0.0029354253463818184
2025-02-18,INVE-B.ST,6,-0.0007668711656442229,EOD,-0.004666871165644223
2025-02-20,INVE-B.ST,0,-0.004495370467612059,STOP,-0.00839537046761206
2025-02-21,INVE-B.ST,0,-0.005557233179646182,EOD,-0.009457233179646182
2025-02-25,INVE-B.ST,4,-0.001562744119154691,EOD,-0.005462744119154691
2025-02-26,INVE-B.ST,0,0.00479204740909589,EOD,0.00089204740909589
2025-02-27,INVE-B.ST,0,-0.008793600894303477,STOP,-0.012693600894303478
2025-02-28,INVE-B.ST,0,-0.00716628204725922,STOP,-0.011066282047259221
2025-03-03,INVE-B.ST,2,0.004483649457010852,EOD,0.0005836494570108522
2025-03-07,INVE-B.ST,0,0.010815193231688891,EOD,0.006915193231688891
2025-03-11,INVE-B.ST,0,-0.013204528513737879,STOP,-0.01710452851373788
2025-03-12,INVE-B.ST,7,-0.0011443717395158703,EOD,-0.00504437173951587
2025-03-13,INVE-B.ST,0,-0.004582631412387461,EOD,-0.008482631412387462
2025-03-14,INVE-B.ST,0,0.0038961435293223268,EOD,-3.85647067767305e-06
2025-03-18,INVE-B.ST,0,-0.004819277108433773,STOP,-0.008719277108433773
2025-03-19,INVE-B.ST,0,0.004654187975750457,EOD,0.0007541879757504569
2025-03-25,INVE-B.ST,1,0.0022497580612652612,EOD,-0.0016502419387347386
2025-03-27,INVE-B.ST,5,0.0009720340725083432,EOD,-0.0029279659274916566
2025-03-28,INVE-B.ST,0,-0.007280375631359859,STOP,-0.01118037563135986
2025-04-07,INVE-B.ST,2,-0.013750862313959944,EOD,-0.017650862313959945
2025-04-08,INVE-B.ST,3,-0.005430757329705105,EOD,-0.009330757329705106
2025-04-14,INVE-B.ST,6,-0.0012674492531288273,EOD,-0.005167449253128827
2025-04-15,INVE-B.ST,0,0.0,EOD,-0.0039
2025-04-16,INVE-B.ST,0,-0.009013881178956629,STOP,-0.01291388117895663
2025-04-22,INVE-B.ST,0,0.006121647874418379,EOD,0.002221647874418379
2025-04-23,INVE-B.ST,0,-0.005123718046046832,EOD,-0.009023718046046833
2025-04-24,INVE-B.ST,1,0.0005314221310341871,EOD,-0.0033685778689658127
2025-04-25,INVE-B.ST,5,-0.0026141513278338246,EOD,-0.0065141513278338245
2025-04-30,INVE-B.ST,0,0.006881883350800866,EOD,0.002981883350800866
2025-05-07,INVE-B.ST,0,0.0008812125105499558,EOD,-0.003018787489450044
2025-05-08,INVE-B.ST,0,-0.010129214181390234,EOD,-0.014029214181390234
2025-05-12,INVE-B.ST,0,0.005978817652942947,EOD,0.0020788176529429473
2025-05-15,INVE-B.ST,1,0.008738925350319393,EOD,0.004838925350319393
2025-05-16,INVE-B.ST,0,-0.010738295996749136,STOP,-0.014638295996749137
2025-05-19,INVE-B.ST,5,0.005633301232049526,EOD,0.0017333012320495259
2025-05-20,INVE-B.ST,2,-0.00016870669938628957,EOD,-0.004068706699386289
2025-05-30,INVE-B.ST,0,-0.002474307898745476,EOD,-0.006374307898745476
2025-06-02,INVE-B.ST,0,-0.005692850579720021,EOD,-0.009592850579720022
2025-06-04,INVE-B.ST,0,0.004971569126918762,EOD,0.0010715691269187625
2025-06-05,INVE-B.ST,0,-0.001929211851181667,EOD,-0.005829211851181667
2025-06-10,INVE-B.ST,0,-0.0020974501364836584,EOD,-0.005997450136483658
2025-06-13,INVE-B.ST,0,-0.00524701347930534,EOD,-0.009147013479305341
2025-06-16,INVE-B.ST,0,0.0041584685041586855,EOD,0.0002584685041586857
2025-06-17,INVE-B.ST,0,-0.0036146756626141974,STOP,-0.007514675662614197
2025-06-18,INVE-B.ST,6,0.0009071117360792691,EOD,-0.0029928882639207307
2025-06-19,INVE-B.ST,1,0.0010914600193088209,EOD,-0.002808539980691179
2025-06-23,INVE-B.ST,0,-0.015198162164896112,STOP,-0.019098162164896113
2025-06-27,INVE-B.ST,0,0.006419466297176157,EOD,0.0025194662971761575
2025-07-02,INVE-B.ST,1,0.00035519839407394116,EOD,-0.0035448016059260587
2025-07-03,INVE-B.ST,0,0.0010596530784214853,EOD,-0.0028403469215785146
2025-07-07,INVE-B.ST,3,0.0007097665567614708,EOD,-0.003190233443238529
2025-07-08,INVE-B.ST,5,0.00335445497353537,EOD,-0.0005455450264646297
2025-07-09,INVE-B.ST,0,0.005268703672935526,EOD,0.0013687036729355265
2025-07-10,INVE-B.ST,0,0.01154179536094957,EOD,0.0076417953609495696
2025-07-14,INVE-B.ST,0,-0.005049561972046646,STOP,-0.008949561972046646
2025-07-15,INVE-B.ST,0,-0.0017271157167529916,EOD,-0.005627115716752991
2025-07-16,INVE-B.ST,4,-0.008261596889791334,STOP,-0.012161596889791335
2025-07-17,INVE-B.ST,6,-0.0013643396910231198,EOD,-0.00526433969102312
2025-07-23,INVE-B.ST,0,0.0020603556345695218,EOD,-0.001839644365430478
2025-07-24,INVE-B.ST,0,-0.004744133742895618,STOP,-0.008644133742895618
2025-07-29,INVE-B.ST,1,-0.006308631214034577,STOP,-0.010208631214034578
2025-07-30,INVE-B.ST,0,-0.006864595703112486,EOD,-0.010764595703112487
2025-08-04,INVE-B.ST,0,0.0008838606844805419,EOD,-0.003016139315519458
2025-08-05,INVE-B.ST,3,-0.003336888536346172,EOD,-0.007236888536346172
2025-08-06,INVE-B.ST,0,-0.005584663537576362,STOP,-0.009484663537576363
2025-08-07,INVE-B.ST,0,0.004903656379980248,EOD,0.0010036563799802481
2025-08-14,INVE-B.ST,1,0.006694171949012118,EOD,0.002794171949012118
2025-08-15,INVE-B.ST,0,-0.0016906170752324368,EOD,-0.005590617075232437
2025-08-19,INVE-B.ST,1,0.006416730352312605,EOD,0.0025167303523126053
2025-08-22,INVE-B.ST,0,0.00930783512059219,EOD,0.00540783512059219
2025-08-25,INVE-B.ST,0,-0.005846976516452496,STOP,-0.009746976516452496
2025-08-26,INVE-B.ST,2,-0.004396409390868383,STOP,-0.008296409390868384
2025-09-01,INVE-B.ST,0,0.002392281868939916,EOD,-0.0015077181310600837
2025-09-03,INVE-B.ST,0,0.0008661008324484243,EOD,-0.0030338991675515755
2025-09-04,INVE-B.ST,0,-0.0008613264427217437,EOD,-0.004761326442721744
2025-09-05,INVE-B.ST,4,-0.005648729414608922,STOP,-0.009548729414608922
2025-09-10,INVE-B.ST,0,-0.00621435467252951,STOP,-0.01011435467252951
2025-09-12,INVE-B.ST,0,-0.0034885749914270736,EOD,-0.0073885749914270734
2025-09-15,INVE-B.ST,0,-0.009201367696126339,STOP,-0.01310136769612634
2025-09-16,INVE-B.ST,0,-0.005626889640133026,STOP,-0.009526889640133027
2025-09-17,INVE-B.ST,5,-0.0019447942599325474,EOD,-0.005844794259932547
2025-09-18,INVE-B.ST,0,0.00035089860882675517,EOD,-0.0035491013911732447
2025-09-19,INVE-B.ST,0,-0.00821967874671059,STOP,-0.012119678746710591
2025-09-22,INVE-B.ST,0,0.00017449262728730375,EOD,-0.003725507372712696
2025-09-23,INVE-B.ST,0,0.004810254158328142,EOD,0.0009102541583281424
2025-09-26,INVE-B.ST,0,0.00611140199999638,EOD,0.00221140199999638
2025-09-29,INVE-B.ST,0,-0.006861063464837058,STOP,-0.010761063464837059
2025-09-30,INVE-B.ST,1,0.006848142727599704,EOD,0.0029481427275997044
2025-10-01,INVE-B.ST,0,0.005957446808510625,EOD,0.002057446808510625
2025-10-02,INVE-B.ST,0,0.006169771772080557,EOD,0.002269771772080557
2025-10-03,INVE-B.ST,1,0.0004946212579863829,EOD,-0.003405378742013617
2025-10-06,INVE-B.ST,0,0.006230509330802825,EOD,0.002330509330802825
2025-10-10,INVE-B.ST,0,-0.0047002016435372385,STOP,-0.00860020164353724
2025-10-14,INVE-B.ST,0,0.004453261193126057,EOD,0.000553261193126057
2025-10-17,INVE-B.ST,3,-0.000488818293957527,EOD,-0.004388818293957527
2025-10-20,INVE-B.ST,5,0.009539247233730785,EOD,0.005639247233730786
2025-10-22,INVE-B.ST,0,-0.0008005123591798835,EOD,-0.004700512359179883
2025-10-23,INVE-B.ST,3,0.0004790606629205829,EOD,-0.003420939337079417
2025-10-27,INVE-B.ST,0,0.0011009943700395208,EOD,-0.002799005629960479
2025-10-30,INVE-B.ST,2,0.0012660037380289868,EOD,-0.002633996261971013
2025-11-03,INVE-B.ST,0,-0.0033233684759563786,EOD,-0.0072233684759563785
2025-11-04,INVE-B.ST,2,0.004315876458438783,EOD,0.0004158764584387834
2025-11-05,INVE-B.ST,2,0.0046024829811581736,EOD,0.0007024829811581737
2025-11-11,INVE-B.ST,0,0.008023972336361762,EOD,0.004123972336361762
2025-11-12,INVE-B.ST,4,-0.0009318785499965454,EOD,-0.004831878549996545
2025-11-19,INVE-B.ST,3,-0.0016173378938102445,EOD,-0.005517337893810244
2025-11-21,INVE-B.ST,0,-0.0004797501980250418,EOD,-0.004379750198025042
2025-11-24,INVE-B.ST,5,-0.003156067479049729,EOD,-0.007056067479049729
2025-11-25,INVE-B.ST,1,0.009136716925804977,EOD,0.005236716925804978
2025-11-26,INVE-B.ST,5,-0.001552312916874965,EOD,-0.005452312916874965
2025-12-01,INVE-B.ST,0,-0.008419120998624186,STOP,-0.012319120998624186
2025-12-02,INVE-B.ST,0,0.0,EOD,-0.0039
2025-12-05,INVE-B.ST,2,0.00264008558381712,EOD,-0.0012599144161828798
2025-12-10,INVE-B.ST,2,0.018425216074065,EOD,0.014525216074064998
2025-12-12,INVE-B.ST,0,-0.008047062997215249,STOP,-0.01194706299721525
2025-12-15,INVE-B.ST,0,-0.0052493814265603955,STOP,-0.009149381426560396
2025-12-16,INVE-B.ST,0,-0.005251813849002751,STOP,-0.009151813849002752
2025-12-18,INVE-B.ST,5,0.003751701317975753,EOD,-0.0001482986820242468
2025-12-19,INVE-B.ST,0,-0.006047486845121353,STOP,-0.009947486845121353
2025-12-23,INVE-B.ST,0,-0.0006138173632473931,EOD,-0.004513817363247393
2025-12-29,INVE-B.ST,2,0.0022925264068240914,EOD,-0.0016074735931759085
2025-12-30,INVE-B.ST,0,0.007768431966393763,EOD,0.003868431966393763
2026-01-02,INVE-B.ST,0,-0.010037471471207815,STOP,-0.013937471471207816
2026-01-05,INVE-B.ST,0,-0.003923399084352908,EOD,-0.007823399084352908
2026-01-07,INVE-B.ST,0,0.0020594651944725317,EOD,-0.001840534805527468
2026-01-09,INVE-B.ST,0,0.007692325750046303,EOD,0.003792325750046303
2026-01-12,INVE-B.ST,3,-0.0013161207882015358,EOD,-0.005216120788201536
2026-01-13,INVE-B.ST,5,-0.0023385509975840657,EOD,-0.0062385509975840655
2026-01-15,INVE-B.ST,4,0.00028753403056525073,EOD,-0.003612465969434749
2026-01-16,INVE-B.ST,5,0.0040235489218818365,EOD,0.00012354892188183673
2026-01-20,INVE-B.ST,1,0.015430693322799671,EOD,0.01153069332279967
2026-01-21,INVE-B.ST,5,-0.005653902590393556,STOP,-0.009553902590393556
2026-01-27,INVE-B.ST,5,0.0013200710328200582,EOD,-0.0025799289671799416
2026-01-29,INVE-B.ST,0,0.000583551296954754,EOD,-0.0033164487030452458
2026-01-30,INVE-B.ST,0,-0.002322844968485116,EOD,-0.006222844968485116
2026-02-04,INVE-B.ST,1,0.007626076260762504,EOD,0.0037260762607625045
2026-02-05,INVE-B.ST,7,0.001814611597803939,EOD,-0.002085388402196061
2026-02-06,INVE-B.ST,0,0.00989957538356534,EOD,0.00599957538356534
2026-02-10,INVE-B.ST,5,-0.0032823090453982795,EOD,-0.007182309045398279
2026-02-11,INVE-B.ST,5,-0.0045155827149570005,EOD,-0.008415582714957001
2026-02-16,INVE-B.ST,0,-0.0004150356918029008,EOD,-0.004315035691802901
2026-02-18,INVE-B.ST,0,0.003136917286792551,EOD,-0.0007630827132074488
2026-02-20,INVE-B.ST,6,0.0004077583090813519,EOD,-0.003492241690918648
2026-02-23,INVE-B.ST,0,0.00040770290560687705,EOD,-0.0034922970943931228
2026-02-24,INVE-B.ST,4,0.0010802712051023455,EOD,-0.0028197287948976543
2026-02-25,INVE-B.ST,5,-0.006269945737659932,EOD,-0.010169945737659933
2026-02-26,INVE-B.ST,0,-0.00783735849439049,STOP,-0.01173735849439049
2026-02-27,INVE-B.ST,0,0.0017236645079925506,EOD,-0.0021763354920074493
2026-03-04,INVE-B.ST,1,0.007035419249792119,EOD,0.003135419249792119
2026-03-05,INVE-B.ST,0,-0.0048043925875085325,EOD,-0.008704392587508533
2026-03-09,INVE-B.ST,0,0.0074722675520140225,EOD,0.0035722675520140227
2026-03-10,INVE-B.ST,0,-0.009673853283828193,STOP,-0.013573853283828194
2026-03-12,INVE-B.ST,0,-0.005903868516859534,STOP,-0.009803868516859535
2026-03-13,INVE-B.ST,0,-0.002411364832668461,EOD,-0.006311364832668461
2026-03-16,INVE-B.ST,1,0.002553536289724212,EOD,-0.0013464637102757878
2026-03-17,INVE-B.ST,3,-0.003397062157201036,EOD,-0.007297062157201036
2026-03-23,INVE-B.ST,2,0.017609799430987838,EOD,0.013709799430987837
2026-03-24,INVE-B.ST,5,0.005437905701225265,EOD,0.0015379057012252654
2026-03-25,INVE-B.ST,2,0.0012870362216121922,EOD,-0.0026129637783878076
2026-03-30,INVE-B.ST,0,0.010705965347537871,EOD,0.0068059653475378715
2026-03-31,INVE-B.ST,0,0.0025466720770459528,EOD,-0.001353327922954047
2026-04-02,INVE-B.ST,0,-0.010313622876742201,STOP,-0.014213622876742202
2026-04-07,INVE-B.ST,1,-0.008708941962267569,STOP,-0.01260894196226757
2026-04-10,INVE-B.ST,0,0.009179249331830563,EOD,0.005279249331830564
2026-04-13,INVE-B.ST,1,0.008918885926942677,EOD,0.005018885926942677
2026-04-15,INVE-B.ST,0,-0.004241235529531151,STOP,-0.008141235529531152
2026-04-17,INVE-B.ST,0,0.023354614107317984,EOD,0.019454614107317983
2026-04-20,INVE-B.ST,0,-0.010373443819205241,STOP,-0.014273443819205242
2026-04-21,INVE-B.ST,1,-0.00710594315245483,STOP,-0.01100594315245483
2026-04-24,INVE-B.ST,3,-0.007014277348088571,STOP,-0.010914277348088572
2026-04-27,INVE-B.ST,1,-0.005211149501385903,EOD,-0.009111149501385904
2026-04-28,INVE-B.ST,1,-0.009752822702697062,STOP,-0.013652822702697062
2026-04-30,INVE-B.ST,1,0.010594930268454261,EOD,0.006694930268454261
2026-05-05,INVE-B.ST,0,0.0009453237096979095,EOD,-0.0029546762903020904
2026-05-06,INVE-B.ST,0,0.0051669640661575755,EOD,0.0012669640661575757
2026-05-11,INVE-B.ST,1,0.00040593747357076104,EOD,-0.0034940625264292388
2026-05-12,INVE-B.ST,2,-0.0028598333390270625,EOD,-0.006759833339027062
2026-05-18,INVE-B.ST,0,0.009232481871751519,EOD,0.005332481871751519
2026-05-19,INVE-B.ST,2,-0.0041926379750262255,EOD,-0.008092637975026226
2026-05-20,INVE-B.ST,0,0.008945563472882334,EOD,0.005045563472882334
2026-05-21,INVE-B.ST,0,-0.006137392376167394,STOP,-0.010037392376167395
2026-05-22,INVE-B.ST,3,0.0017109605341596446,EOD,-0.0021890394658403553
2026-05-25,INVE-B.ST,2,0.0044115263073241096,EOD,0.0005115263073241097
2026-05-28,INVE-B.ST,0,-0.005397545705257412,STOP,-0.009297545705257412
2026-05-29,INVE-B.ST,0,0.00448492880036655,EOD,0.0005849288003665501
2026-06-01,INVE-B.ST,0,-0.007354920464316073,STOP,-0.011254920464316073
2026-06-02,INVE-B.ST,0,-0.0063686304374556135,STOP,-0.010268630437455614
2026-06-05,INVE-B.ST,1,0.0026274303309601343,EOD,-0.0012725696690398655
2026-06-08,INVE-B.ST,1,0.009816960113953943,EOD,0.005916960113953943
2026-06-09,INVE-B.ST,2,-0.008759330622539419,STOP,-0.01265933062253942
2026-06-10,INVE-B.ST,6,-0.00816113216718184,STOP,-0.01206113216718184
2026-06-11,INVE-B.ST,1,-0.007001304878426318,EOD,-0.010901304878426318
2026-06-12,INVE-B.ST,0,-0.010399064249241752,STOP,-0.014299064249241752
2026-06-16,INVE-B.ST,0,-0.002988549721844369,EOD,-0.006888549721844369
2026-06-17,INVE-B.ST,0,0.005335730681507833,EOD,0.0014357306815078333
2026-06-22,INVE-B.ST,4,0.007290882957318168,EOD,0.003390882957318168
2026-06-24,INVE-B.ST,2,0.0006381620931716903,EOD,-0.0032618379068283096
2026-06-25,INVE-B.ST,1,0.003534445531208963,EOD,-0.00036555446879103694
2026-06-29,INVE-B.ST,3,0.002651819069574124,EOD,-0.0012481809304258759
2026-06-30,INVE-B.ST,0,0.005118571268336369,EOD,0.0012185712683363695
2026-07-02,INVE-B.ST,0,0.010408813066023814,EOD,0.0065088130660238145
2026-07-03,INVE-B.ST,5,-0.0023356169810233585,EOD,-0.006235616981023358
2023-08-09,LIFCO-B.ST,0,-0.005741612192546319,EOD,-0.00964161219254632
2023-08-10,LIFCO-B.ST,0,-0.006237945446459392,STOP,-0.010137945446459393
2023-08-14,LIFCO-B.ST,0,0.0024142925411121396,EOD,-0.0014857074588878602
2023-08-17,LIFCO-B.ST,0,-0.01225490196078427,STOP,-0.01615490196078427
2023-08-18,LIFCO-B.ST,7,-0.0024863251358760996,EOD,-0.006386325135876099
2023-08-21,LIFCO-B.ST,3,-0.01041669662667244,STOP,-0.01431669662667244
2023-08-23,LIFCO-B.ST,5,0.0002503281690002801,EOD,-0.0036496718309997197
2023-08-25,LIFCO-B.ST,0,-0.009786684809245605,STOP,-0.013686684809245606
2023-08-30,LIFCO-B.ST,4,0.0,EOD,-0.0039
2023-08-31,LIFCO-B.ST,0,-0.0062158128396901935,STOP,-0.010115812839690194
2023-09-01,LIFCO-B.ST,0,0.00792474567550494,EOD,0.004024745675504941
2023-09-04,LIFCO-B.ST,0,0.00583088887486749,EOD,0.0019308888748674905
2023-09-05,LIFCO-B.ST,0,-0.010541432584629029,STOP,-0.01444143258462903
2023-09-13,LIFCO-B.ST,0,-0.005923223964135249,EOD,-0.00982322396413525
2023-09-14,LIFCO-B.ST,4,-0.008518295934332176,STOP,-0.012418295934332177
2023-09-18,LIFCO-B.ST,2,-0.007354790733615335,STOP,-0.011254790733615336
2023-09-19,LIFCO-B.ST,0,-0.013134583909119146,STOP,-0.017034583909119147
2023-09-20,LIFCO-B.ST,0,0.006661558249637434,EOD,0.002761558249637434
2023-09-21,LIFCO-B.ST,5,-0.00919776739819711,STOP,-0.01309776739819711
2023-09-26,LIFCO-B.ST,0,-0.007116451589057715,STOP,-0.011016451589057716
2023-09-27,LIFCO-B.ST,0,-0.005517619731578383,EOD,-0.009417619731578383
2023-10-03,LIFCO-B.ST,0,-0.013827257922667702,STOP,-0.017727257922667702
2023-10-04,LIFCO-B.ST,2,-0.001322401459742717,EOD,-0.005222401459742717
2023-10-05,LIFCO-B.ST,0,-0.00994761202347838,STOP,-0.013847612023478381
2023-10-06,LIFCO-B.ST,1,-0.008449992352474123,STOP,-0.012349992352474123
2023-10-09,LIFCO-B.ST,1,-0.015100281745332178,STOP,-0.01900028174533218
2023-10-10,LIFCO-B.ST,1,0.004893186901348878,EOD,0.0009931869013488784
2023-10-11,LIFCO-B.ST,1,-0.009419505612111356,STOP,-0.013319505612111357
2023-10-17,LIFCO-B.ST,0,-0.01089268376726693,STOP,-0.014792683767266931
2023-10-19,LIFCO-B.ST,5,-0.010254938510630529,STOP,-0.01415493851063053
2023-10-20,LIFCO-B.ST,0,0.016885520476836557,EOD,0.012985520476836557
2023-10-26,LIFCO-B.ST,0,0.01084433859904066,EOD,0.0069443385990406595
2023-10-27,LIFCO-B.ST,0,0.011190218107540728,EOD,0.007290218107540728
2023-10-30,LIFCO-B.ST,0,-0.003968268985800716,EOD,-0.007868268985800717
2023-10-31,LIFCO-B.ST,3,0.005426769215968408,EOD,0.001526769215968408
2023-11-01,LIFCO-B.ST,3,-0.005882337981579333,STOP,-0.009782337981579334
2023-11-02,LIFCO-B.ST,0,-0.0071667461926843146,EOD,-0.011066746192684315
2023-11-03,LIFCO-B.ST,1,0.0009416770846459865,EOD,-0.0029583229153540133
2023-11-07,LIFCO-B.ST,1,0.00046878032487551735,EOD,-0.0034312196751244825
2023-11-08,LIFCO-B.ST,0,0.004662004662004726,EOD,0.0007620046620047264
2023-11-09,LIFCO-B.ST,0,0.016362786815663943,EOD,0.012462786815663943
2023-11-10,LIFCO-B.ST,0,0.007844932958851025,EOD,0.0039449329588510254
2023-11-14,LIFCO-B.ST,0,0.03795154626235364,EOD,0.03405154626235364
2023-11-15,LIFCO-B.ST,0,-0.01993927570687648,STOP,-0.02383927570687648
2023-11-17,LIFCO-B.ST,0,0.003996488310256341,EOD,9.648831025634106e-05
2023-11-20,LIFCO-B.ST,0,0.008810572687224738,EOD,0.004910572687224738
2023-11-22,LIFCO-B.ST,0,0.0013083429906892707,EOD,-0.002591657009310729
2023-11-23,LIFCO-B.ST,0,-0.010743446638531995,EOD,-0.014643446638531996
2023-11-24,LIFCO-B.ST,2,-0.0017234344883861885,EOD,-0.005623434488386188
2023-11-29,LIFCO-B.ST,0,0.0008733491189614195,EOD,-0.0030266508810385803
2023-11-30,LIFCO-B.ST,3,-0.01303780930214482,STOP,-0.01693780930214482
2023-12-01,LIFCO-B.ST,0,0.003499509062158568,EOD,-0.000400490937841432
2023-12-04,LIFCO-B.ST,2,-0.008225081802962664,STOP,-0.012125081802962664
2023-12-05,LIFCO-B.ST,0,0.019006453116563238,EOD,0.015106453116563237
2023-12-06,LIFCO-B.ST,0,0.012179730458400595,EOD,0.008279730458400594
2023-12-07,LIFCO-B.ST,4,-0.0025052446910882598,EOD,-0.00640524469108826
2023-12-08,LIFCO-B.ST,0,0.0012510552457876134,EOD,-0.0026489447542123864
2023-12-11,LIFCO-B.ST,0,0.009925532945384896,EOD,0.006025532945384896
2023-12-14,LIFCO-B.ST,1,-0.0019952114438236412,EOD,-0.005895211443823641
2023-12-15,LIFCO-B.ST,0,0.0011857828132719739,EOD,-0.002714217186728026
2023-12-18,LIFCO-B.ST,0,-0.005144452186218618,EOD,-0.009044452186218618
2023-12-20,LIFCO-B.ST,5,-0.01067614477423573,STOP,-0.01457614477423573
2023-12-22,LIFCO-B.ST,0,0.009795893455038174,EOD,0.005895893455038174
2023-12-28,LIFCO-B.ST,1,-0.00804181754942368,STOP,-0.01194181754942368
2024-01-08,LIFCO-B.ST,7,-0.0016460654176311262,EOD,-0.005546065417631126
2024-01-09,LIFCO-B.ST,1,0.0012260034961146804,EOD,-0.0026739965038853194
2024-01-10,LIFCO-B.ST,0,-0.004887971275935543,STOP,-0.008787971275935544
2024-01-11,LIFCO-B.ST,1,-0.005586628576118802,EOD,-0.009486628576118802
2024-01-12,LIFCO-B.ST,0,0.0,EOD,-0.0039
2024-01-16,LIFCO-B.ST,0,0.0023933231384900555,EOD,-0.0015066768615099443
2024-01-17,LIFCO-B.ST,0,0.011475422343269814,EOD,0.0075754223432698145
2024-01-18,LIFCO-B.ST,3,-0.001209689724829932,EOD,-0.005109689724829932
2024-01-23,LIFCO-B.ST,4,-0.0091743242112311,STOP,-0.0130743242112311
2024-01-24,LIFCO-B.ST,5,0.0011938044095289868,EOD,-0.002706195590471013
2024-01-25,LIFCO-B.ST,0,0.004743070941668703,EOD,0.0008430709416687035
2024-01-29,LIFCO-B.ST,0,0.004752463161355136,EOD,0.0008524631613551362
2024-02-01,LIFCO-B.ST,0,0.01020805212359277,EOD,0.00630805212359277
2024-02-02,LIFCO-B.ST,0,0.0068649416825636855,EOD,0.0029649416825636857
2024-02-07,LIFCO-B.ST,0,0.010898135400103204,EOD,0.006998135400103204
2024-02-08,LIFCO-B.ST,7,-0.0003708049647356271,EOD,-0.004270804964735627
2024-02-09,LIFCO-B.ST,3,-0.00849655783830483,STOP,-0.01239655783830483
2024-02-12,LIFCO-B.ST,1,0.0018511661928966028,EOD,-0.002048833807103397
2024-02-14,LIFCO-B.ST,0,-0.0026040986653327325,EOD,-0.006504098665332732
2024-02-19,LIFCO-B.ST,0,0.013191667951744979,EOD,0.009291667951744978
2024-02-20,LIFCO-B.ST,0,-0.0072202166064981865,STOP,-0.011120216606498187
2024-02-23,LIFCO-B.ST,5,-0.0050017646552794615,EOD,-0.008901764655279462
2024-02-26,LIFCO-B.ST,1,-0.0035612537160695235,EOD,-0.007461253716069523
2024-03-01,LIFCO-B.ST,6,0.0007184346674433684,EOD,-0.0031815653325566315
2024-03-06,LIFCO-B.ST,3,0.0036710720352659543,EOD,-0.00022892796473404555
2024-03-07,LIFCO-B.ST,1,0.009897405893875444,EOD,0.005997405893875444
2024-03-08,LIFCO-B.ST,0,0.002159072028404374,EOD,-0.0017409279715956258
2024-03-12,LIFCO-B.ST,6,0.008315212372439262,EOD,0.0044152123724392625
2024-03-13,LIFCO-B.ST,1,-0.004647902230281664,EOD,-0.008547902230281665
2024-03-15,LIFCO-B.ST,0,-0.005376344086021501,STOP,-0.009276344086021501
2024-03-18,LIFCO-B.ST,1,-0.007529602543824621,STOP,-0.011429602543824621
2024-03-19,LIFCO-B.ST,1,0.011564805017279411,EOD,0.007664805017279412
2024-03-20,LIFCO-B.ST,0,0.003548616193463694,EOD,-0.0003513838065363059
2024-03-21,LIFCO-B.ST,4,0.006579032182731925,EOD,0.0026790321827319255
2024-03-22,LIFCO-B.ST,1,0.0006866193457357728,EOD,-0.003213380654264227
2024-03-26,LIFCO-B.ST,1,-0.008287271567344212,STOP,-0.012187271567344213
2024-03-27,LIFCO-B.ST,1,-0.0034447125113665766,EOD,-0.0073447125113665765
2024-04-02,LIFCO-B.ST,0,-0.0035087719298245723,EOD,-0.007408771929824572
2024-04-08,LIFCO-B.ST,1,-0.007857186453683052,STOP,-0.011757186453683052
2024-04-09,LIFCO-B.ST,0,0.006401094291715426,EOD,0.002501094291715426
2024-04-10,LIFCO-B.ST,0,-0.016597572987343656,STOP,-0.020497572987343657
2024-04-15,LIFCO-B.ST,0,-0.002138296829880648,EOD,-0.006038296829880648
2024-04-17,LIFCO-B.ST,0,-0.005083492837732573,EOD,-0.008983492837732573
2024-04-19,LIFCO-B.ST,3,0.0058910385403518895,EOD,0.0019910385403518896
2024-04-23,LIFCO-B.ST,0,0.009461449123041588,EOD,0.005561449123041588
2024-04-24,LIFCO-B.ST,2,-0.0022155672562149675,EOD,-0.006115567256214967
2024-04-26,LIFCO-B.ST,0,0.01683241774759492,EOD,0.012932417747594918
2024-04-29,LIFCO-B.ST,0,0.0044909492314071375,EOD,0.0005909492314071377
2024-04-30,LIFCO-B.ST,0,0.00446433133008739,EOD,0.0005643313300873901
2024-05-03,LIFCO-B.ST,4,0.004450970557442702,EOD,0.0005509705574427018
2024-05-07,LIFCO-B.ST,6,0.0037174721189590088,EOD,-0.00018252788104099107
2024-05-08,LIFCO-B.ST,0,-0.0021962155077099865,EOD,-0.006096215507709986
2024-05-10,LIFCO-B.ST,0,0.008733713685135536,EOD,0.004833713685135536
2024-05-14,LIFCO-B.ST,0,0.007278020701757759,EOD,0.0033780207017577593
2024-05-15,LIFCO-B.ST,0,-0.006451569150425662,STOP,-0.010351569150425663
2024-05-16,LIFCO-B.ST,0,0.004249335102574747,EOD,0.0003493351025747474
2024-05-17,LIFCO-B.ST,0,0.0070621465882492185,EOD,0.0031621465882492187
2024-05-20,LIFCO-B.ST,1,-0.001391767240706554,EOD,-0.005291767240706554
2024-05-21,LIFCO-B.ST,3,-0.004181227202199489,STOP,-0.00808122720219949
2024-05-22,LIFCO-B.ST,4,0.0,EOD,-0.0039
2024-05-23,LIFCO-B.ST,0,-0.005544026575459382,STOP,-0.009444026575459383
2024-05-24,LIFCO-B.ST,0,-0.007022472211107966,STOP,-0.010922472211107967
2024-05-27,LIFCO-B.ST,5,0.004950581592978898,EOD,0.0010505815929788978
2024-05-28,LIFCO-B.ST,0,-0.009110042603780344,STOP,-0.013010042603780345
2024-05-30,LIFCO-B.ST,5,0.0014524106948046178,EOD,-0.002447589305195382
2024-05-31,LIFCO-B.ST,2,0.00725163193807421,EOD,0.00335163193807421
2024-06-04,LIFCO-B.ST,5,-0.0021490189014415906,EOD,-0.00604901890144159
2024-06-11,LIFCO-B.ST,0,0.013286670604785833,EOD,0.009386670604785832
2024-06-12,LIFCO-B.ST,0,-0.006854009882341083,STOP,-0.010754009882341084
2024-06-18,LIFCO-B.ST,0,0.00564177034231661,EOD,0.00174177034231661
2024-06-20,LIFCO-B.ST,0,0.00485771629835563,EOD,0.0009577162983556301
2024-06-24,LIFCO-B.ST,0,0.014603552156885025,EOD,0.010703552156885024
2024-06-25,LIFCO-B.ST,1,-0.008281552786671975,EOD,-0.012181552786671976
2024-06-27,LIFCO-B.ST,6,0.0,EOD,-0.0039
2024-07-01,LIFCO-B.ST,5,-0.00749322943220776,STOP,-0.01139322943220776
2024-07-02,LIFCO-B.ST,0,0.01646086314300277,EOD,0.012560863143002768
2024-07-03,LIFCO-B.ST,1,-0.006036278460301303,STOP,-0.009936278460301304
2024-07-05,LIFCO-B.ST,3,-0.008689859617106444,STOP,-0.012589859617106444
2024-07-08,LIFCO-B.ST,2,-0.00133331298828121,EOD,-0.00523331298828121
2024-07-09,LIFCO-B.ST,0,-0.008614896259442673,STOP,-0.012514896259442673
2024-07-10,LIFCO-B.ST,0,0.0013387698474058851,EOD,-0.0025612301525941147
2024-07-11,LIFCO-B.ST,6,-0.00799997965494792,EOD,-0.01189997965494792
2024-07-16,LIFCO-B.ST,0,-0.0031466332234457717,EOD,-0.0070466332234457715
2024-07-17,LIFCO-B.ST,6,-0.002515684883549474,EOD,-0.006415684883549474
2024-07-18,LIFCO-B.ST,0,-0.0012594266020070632,EOD,-0.005159426602007063
2024-07-19,LIFCO-B.ST,0,0.0075471506178754755,EOD,0.0036471506178754757
2024-07-22,LIFCO-B.ST,0,0.010539348518776581,EOD,0.006639348518776581
2024-07-23,LIFCO-B.ST,1,-0.00794137492970659,STOP,-0.011841374929706591
2024-07-26,LIFCO-B.ST,0,0.008997389727305016,EOD,0.0050973897273050165
2024-07-29,LIFCO-B.ST,0,-0.006349206349206327,EOD,-0.010249206349206327
2024-07-31,LIFCO-B.ST,6,-0.004388695600264447,EOD,-0.008288695600264448
2024-08-01,LIFCO-B.ST,1,-0.005660338971599788,STOP,-0.009560338971599788
2024-08-07,LIFCO-B.ST,0,0.019294702844987466,EOD,0.015394702844987465
2024-08-09,LIFCO-B.ST,0,-0.008480124108796616,STOP,-0.012380124108796617
2024-08-13,LIFCO-B.ST,0,-0.003931887808108048,STOP,-0.007831887808108048
2024-08-14,LIFCO-B.ST,0,0.0013020634133791287,EOD,-0.002597936586620871
2024-08-15,LIFCO-B.ST,4,0.0025923129525162736,EOD,-0.0013076870474837262
2024-08-19,LIFCO-B.ST,7,-0.0006369815510549603,EOD,-0.00453698155105496
2024-08-20,LIFCO-B.ST,5,-0.003795104872562627,EOD,-0.007695104872562627
2024-08-21,LIFCO-B.ST,0,-0.006321112637740267,STOP,-0.010221112637740268
2024-08-22,LIFCO-B.ST,0,0.0012538993620199168,EOD,-0.002646100637980083
2024-08-23,LIFCO-B.ST,4,0.0031133249128130203,EOD,-0.0007866750871869796
2024-08-28,LIFCO-B.ST,0,0.012165450573309089,EOD,0.008265450573309088
2024-08-29,LIFCO-B.ST,0,0.008338351436371072,EOD,0.004438351436371072
2024-08-30,LIFCO-B.ST,0,0.0035108608832312704,EOD,-0.0003891391167687294
2024-09-03,LIFCO-B.ST,0,-0.007580192721619916,STOP,-0.011480192721619917
2024-09-04,LIFCO-B.ST,0,-0.015596825988748009,STOP,-0.01949682598874801
2024-09-06,LIFCO-B.ST,0,0.0006284779440015598,EOD,-0.00327152205599844
2024-09-09,LIFCO-B.ST,6,0.0,EOD,-0.0039
2024-09-10,LIFCO-B.ST,0,-0.01096225995866007,STOP,-0.01486225995866007
2024-09-16,LIFCO-B.ST,0,0.005467763445393681,EOD,0.001567763445393681
2024-09-17,LIFCO-B.ST,2,-0.004186584695087481,STOP,-0.008086584695087481
2024-09-19,LIFCO-B.ST,0,0.010340707239330449,EOD,0.006440707239330449
2024-09-20,LIFCO-B.ST,2,0.0005945666190849686,EOD,-0.0033054333809150313
2024-09-23,LIFCO-B.ST,2,0.004144536603478244,EOD,0.000244536603478244
2024-09-25,LIFCO-B.ST,2,0.002958579881656709,EOD,-0.000941420118343291
2024-10-01,LIFCO-B.ST,0,-0.009473007119865096,STOP,-0.013373007119865096
2024-10-02,LIFCO-B.ST,1,0.011432064922751728,EOD,0.007532064922751728
2024-10-04,LIFCO-B.ST,4,-0.008358172516324647,STOP,-0.012258172516324647
2024-10-09,LIFCO-B.ST,3,-0.0012011828723254014,EOD,-0.005101182872325401
2024-10-11,LIFCO-B.ST,1,0.0030674846625766694,EOD,-0.0008325153374233304
2024-10-14,LIFCO-B.ST,5,0.001811520422174473,EOD,-0.002088479577825527
2024-10-15,LIFCO-B.ST,2,-0.015393670448088037,STOP,-0.019293670448088038
2024-10-17,LIFCO-B.ST,4,-0.004219391042768583,EOD,-0.008119391042768584
2024-10-18,LIFCO-B.ST,0,0.009135201144204741,EOD,0.005235201144204741
2024-10-21,LIFCO-B.ST,5,-0.010817234729518677,STOP,-0.014717234729518677
2024-10-23,LIFCO-B.ST,4,0.0012803902186275806,EOD,-0.002619609781372419
2024-10-24,LIFCO-B.ST,4,-0.00830142401717715,EOD,-0.012201424017177151
2024-10-25,LIFCO-B.ST,0,0.019011406476437287,EOD,0.015111406476437286
2024-10-28,LIFCO-B.ST,3,0.006752646683428454,EOD,0.002852646683428454
2024-10-31,LIFCO-B.ST,2,-0.010591881297459138,STOP,-0.014491881297459139
2024-11-01,LIFCO-B.ST,1,-0.0087445915171811,STOP,-0.0126445915171811
2024-11-04,LIFCO-B.ST,0,0.0,EOD,-0.0039
2024-11-05,LIFCO-B.ST,0,0.002472150117057925,EOD,-0.0014278498829420746
2024-11-07,LIFCO-B.ST,0,0.003076923076922977,EOD,-0.0008230769230770226
2024-11-11,LIFCO-B.ST,0,0.0,EOD,-0.0039
2024-11-13,LIFCO-B.ST,0,-0.009276438022940314,STOP,-0.013176438022940315
2024-11-14,LIFCO-B.ST,4,0.0,EOD,-0.0039
2024-11-21,LIFCO-B.ST,0,0.005799028176357357,EOD,0.0018990281763573572
2024-11-22,LIFCO-B.ST,0,-0.008888850136408721,STOP,-0.012788850136408722
2024-11-26,LIFCO-B.ST,0,0.00503146573432578,EOD,0.0011314657343257798
2024-11-27,LIFCO-B.ST,0,-0.0031055900621117516,EOD,-0.007005590062111751
2024-11-28,LIFCO-B.ST,0,-0.011677897554532857,STOP,-0.015577897554532857
2024-11-29,LIFCO-B.ST,3,0.026674957401757515,EOD,0.022774957401757515
2024-12-02,LIFCO-B.ST,2,0.011515114524147663,EOD,0.007615114524147663
2024-12-03,LIFCO-B.ST,1,0.0065593686555349695,EOD,0.0026593686555349697
2024-12-04,LIFCO-B.ST,0,0.0035169450366989707,EOD,-0.0003830549633010291
2024-12-06,LIFCO-B.ST,4,0.0017657625811369204,EOD,-0.0021342374188630794
2024-12-10,LIFCO-B.ST,2,-0.009456210836788603,STOP,-0.013356210836788604
2024-12-11,LIFCO-B.ST,0,0.007164160885027915,EOD,0.003264160885027915
2024-12-17,LIFCO-B.ST,2,-0.007719642755853351,STOP,-0.011619642755853352
2024-12-19,LIFCO-B.ST,0,-0.014145159688945919,STOP,-0.01804515968894592
2024-12-20,LIFCO-B.ST,5,-0.006321112637740267,STOP,-0.010221112637740268
2024-12-23,LIFCO-B.ST,0,0.006879337995645773,EOD,0.0029793379956457736
2024-12-27,LIFCO-B.ST,0,-0.0024799079212979303,EOD,-0.00637990792129793
2024-12-30,LIFCO-B.ST,2,-0.003738355785144032,EOD,-0.007638355785144032
2025-01-03,LIFCO-B.ST,0,-0.004901979575474669,STOP,-0.00880197957547467
2025-01-07,LIFCO-B.ST,0,0.006626542792262713,EOD,0.002726542792262713
2025-01-14,LIFCO-B.ST,4,-0.01127115269977863,STOP,-0.015171152699778631
2025-01-15,LIFCO-B.ST,0,0.021645022053527363,EOD,0.017745022053527362
2025-01-16,LIFCO-B.ST,3,0.001781490870731428,EOD,-0.0021185091292685717
2025-01-17,LIFCO-B.ST,0,0.003529447667738994,EOD,-0.0003705523322610057
2025-01-20,LIFCO-B.ST,6,-0.0029069767441860517,EOD,-0.0068069767441860515
2025-01-21,LIFCO-B.ST,1,-0.009286164104332584,STOP,-0.013186164104332584
2025-01-22,LIFCO-B.ST,0,-0.008615737779515853,STOP,-0.012515737779515854
2025-01-23,LIFCO-B.ST,5,0.004022970966909067,EOD,0.0001229709669090676
2025-01-28,LIFCO-B.ST,0,-0.004603009422960547,EOD,-0.008503009422960547
2025-01-29,LIFCO-B.ST,0,-0.005688282040049675,STOP,-0.009588282040049675
2025-01-31,LIFCO-B.ST,6,-0.00544959128065392,EOD,-0.009349591280653921
2025-02-03,LIFCO-B.ST,1,-0.013415282159668807,STOP,-0.017315282159668807
2025-02-05,LIFCO-B.ST,1,0.016013218104624194,EOD,0.012113218104624193
2025-02-06,LIFCO-B.ST,5,0.007588042799373307,EOD,0.003688042799373307
2025-02-10,LIFCO-B.ST,0,0.021001665155441218,EOD,0.017101665155441217
2025-02-11,LIFCO-B.ST,1,-0.00309281496657543,EOD,-0.00699281496657543
2025-02-12,LIFCO-B.ST,6,-0.008196674537606752,STOP,-0.012096674537606752
2025-02-13,LIFCO-B.ST,1,0.014639039914865037,EOD,0.010739039914865037
2025-02-18,LIFCO-B.ST,0,0.001972356461860114,EOD,-0.0019276435381398857
2025-02-21,LIFCO-B.ST,0,-0.009230784880809306,STOP,-0.013130784880809307
2025-02-27,LIFCO-B.ST,0,-0.0059108332479245185,EOD,-0.00981083324792452
2025-02-28,LIFCO-B.ST,0,-0.008130081300813052,STOP,-0.012030081300813053
2025-03-03,LIFCO-B.ST,0,0.005974963651593113,EOD,0.0020749636515931128
2025-03-05,LIFCO-B.ST,0,-0.006386359697825639,EOD,-0.01028635969782564
2025-03-07,LIFCO-B.ST,0,0.006514641520756204,EOD,0.002614641520756204
2025-03-11,LIFCO-B.ST,0,-0.01742925980747001,STOP,-0.02132925980747001
2025-03-13,LIFCO-B.ST,0,0.0,EOD,-0.0039
2025-03-14,LIFCO-B.ST,2,0.000558296154768323,EOD,-0.003341703845231677
2025-03-17,LIFCO-B.ST,1,-0.001662066768741366,EOD,-0.005562066768741366
2025-03-18,LIFCO-B.ST,0,0.004917999434340903,EOD,0.001017999434340903
2025-03-19,LIFCO-B.ST,0,0.007518846284742864,EOD,0.003618846284742864
2025-03-24,LIFCO-B.ST,2,-0.014323591237359046,STOP,-0.018223591237359046
2025-03-25,LIFCO-B.ST,1,0.002680965147453085,EOD,-0.001219034852546915
2025-03-27,LIFCO-B.ST,5,0.002185758997182319,EOD,-0.001714241002817681
2025-03-28,LIFCO-B.ST,0,-0.010326053785241207,STOP,-0.014226053785241208
2025-04-01,LIFCO-B.ST,0,0.007254481439155969,EOD,0.003354481439155969
2025-04-02,LIFCO-B.ST,6,0.004988964444144539,EOD,0.0010889644441445393
2025-04-07,LIFCO-B.ST,2,-0.0037360278998301855,EOD,-0.007636027899830185
2025-04-08,LIFCO-B.ST,1,-0.0030525029956318672,EOD,-0.006952502995631867
2025-04-14,LIFCO-B.ST,2,0.0017616150697696842,EOD,-0.0021383849302303156
2025-04-15,LIFCO-B.ST,0,0.00921131912277695,EOD,0.005311319122776951
2025-04-23,LIFCO-B.ST,5,0.0045584219473380205,EOD,0.0006584219473380207
2025-04-24,LIFCO-B.ST,1,0.012521326046979198,EOD,0.008621326046979197
2025-04-25,LIFCO-B.ST,0,-0.01675678974873307,EOD,-0.02065678974873307
2025-04-29,LIFCO-B.ST,0,0.002213664427388018,EOD,-0.0016863355726119819
2025-04-30,LIFCO-B.ST,1,0.01686610877723216,EOD,0.012966108777232158
2025-05-02,LIFCO-B.ST,6,-0.004217201184120611,EOD,-0.008117201184120612
2025-05-05,LIFCO-B.ST,0,-0.005252101008698995,STOP,-0.009152101008698996
2025-05-07,LIFCO-B.ST,0,0.001578963430304281,EOD,-0.002321036569695719
2025-05-08,LIFCO-B.ST,0,-0.0005141701980238,EOD,-0.0044141701980238
2025-05-09,LIFCO-B.ST,4,-0.008184174442535164,STOP,-0.012084174442535164
2025-05-12,LIFCO-B.ST,1,0.0015015167526304385,EOD,-0.0023984832473695613
2025-05-13,LIFCO-B.ST,5,0.0004979623665681832,EOD,-0.0034020376334318167
2025-05-15,LIFCO-B.ST,3,0.001981224206864196,EOD,-0.0019187757931358037
2025-05-16,LIFCO-B.ST,0,-0.010279031190144505,STOP,-0.014179031190144506
2025-05-19,LIFCO-B.ST,5,0.0039879749183853175,EOD,8.797491838531766e-05
2025-05-21,LIFCO-B.ST,5,-0.004016079638624048,STOP,-0.007916079638624049
2025-05-27,LIFCO-B.ST,1,-0.01232037534740571,STOP,-0.01622037534740571
2025-05-28,LIFCO-B.ST,0,-0.0025706940874036244,EOD,-0.006470694087403624
2025-05-30,LIFCO-B.ST,0,0.0,EOD,-0.0039
2025-06-02,LIFCO-B.ST,0,0.0051599586390767005,EOD,0.0012599586390767007
2025-06-04,LIFCO-B.ST,0,0.010111223302037287,EOD,0.006211223302037287
2025-06-05,LIFCO-B.ST,0,0.003461903851667003,EOD,-0.0004380961483329967
2025-06-10,LIFCO-B.ST,2,-0.009481007756246829,STOP,-0.01338100775624683
2025-06-11,LIFCO-B.ST,0,-0.006496766677184906,STOP,-0.010396766677184907
2025-06-13,LIFCO-B.ST,0,-0.00562943131569027,STOP,-0.00952943131569027
2025-06-17,LIFCO-B.ST,0,-0.01034661132138981,STOP,-0.01424661132138981
2025-06-23,LIFCO-B.ST,0,0.0010553928667134116,EOD,-0.0028446071332865882
2025-06-25,LIFCO-B.ST,3,0.002593360954801227,EOD,-0.0013066390451987727
2025-06-26,LIFCO-B.ST,0,-0.009773631461614696,STOP,-0.013673631461614696
2025-06-27,LIFCO-B.ST,0,0.0127681305466536,EOD,0.0088681305466536
2025-07-01,LIFCO-B.ST,0,-0.008849620786139822,STOP,-0.012749620786139823
2025-07-03,LIFCO-B.ST,0,0.0057172876216797786,EOD,0.0018172876216797787
2025-07-04,LIFCO-B.ST,0,0.007276555091923154,EOD,0.003376555091923154
2025-07-07,LIFCO-B.ST,2,0.0020565238893797133,EOD,-0.0018434761106202865
2025-07-09,LIFCO-B.ST,0,0.0030612556301816696,EOD,-0.0008387443698183302
2025-07-10,LIFCO-B.ST,0,0.007006976351855654,EOD,0.003106976351855654
2025-07-11,LIFCO-B.ST,0,-0.001992994033714557,EOD,-0.005892994033714557
2025-07-14,LIFCO-B.ST,0,-0.002744237148050166,EOD,-0.006644237148050166
2025-07-15,LIFCO-B.ST,4,-0.020890532822839147,EOD,-0.024790532822839148
2025-07-17,LIFCO-B.ST,0,0.002229705512165392,EOD,-0.001670294487834608
2025-07-18,LIFCO-B.ST,0,-0.010982976018480195,STOP,-0.014882976018480196
2025-07-23,LIFCO-B.ST,0,-0.01181105774730673,STOP,-0.01571105774730673
2025-07-25,LIFCO-B.ST,6,-0.0005688629225232278,EOD,-0.004468862922523228
2025-07-28,LIFCO-B.ST,0,-0.00503360816505638,STOP,-0.008933608165056381
2025-07-29,LIFCO-B.ST,0,0.005649717514124353,EOD,0.001749717514124353
2025-07-30,LIFCO-B.ST,0,-0.002254757103981486,EOD,-0.006154757103981486
2025-08-04,LIFCO-B.ST,0,0.0040816148585549605,EOD,0.0001816148585549607
2025-08-07,LIFCO-B.ST,0,0.0023174616589787256,EOD,-0.0015825383410212742
2025-08-08,LIFCO-B.ST,0,-0.00519626970174436,STOP,-0.009096269701744361
2025-08-14,LIFCO-B.ST,3,-0.005235566773936773,STOP,-0.009135566773936774
2025-08-19,LIFCO-B.ST,1,0.023768151324728315,EOD,0.019868151324728314
2025-08-20,LIFCO-B.ST,1,-0.0011369923546438176,EOD,-0.0050369923546438175
2025-08-22,LIFCO-B.ST,1,0.006900587976705452,EOD,0.0030005879767054525
2025-08-28,LIFCO-B.ST,0,-0.005844535150951402,STOP,-0.009744535150951403
2025-09-03,LIFCO-B.ST,1,-0.007840790276415044,STOP,-0.011740790276415045
2025-09-04,LIFCO-B.ST,0,-0.007250736847384864,STOP,-0.011150736847384865
2025-09-05,LIFCO-B.ST,5,-0.002995805981335864,EOD,-0.006895805981335864
2025-09-08,LIFCO-B.ST,7,0.002392399297694192,EOD,-0.0015076007023058077
2025-09-11,LIFCO-B.ST,3,0.0048222006099469805,EOD,0.0009222006099469807
2025-09-12,LIFCO-B.ST,5,-0.00417668366073265,EOD,-0.00807668366073265
2025-09-15,LIFCO-B.ST,0,-0.010695205104685912,STOP,-0.014595205104685913
2025-09-18,LIFCO-B.ST,0,0.00490197957547478,EOD,0.0010019795754747799
2025-09-19,LIFCO-B.ST,0,-0.012727309718276514,STOP,-0.016627309718276514
2025-09-30,LIFCO-B.ST,2,-0.00690949036314481,STOP,-0.01080949036314481
2025-10-01,LIFCO-B.ST,1,0.0062893081761006275,EOD,0.0023893081761006277
2025-10-02,LIFCO-B.ST,0,-0.0018529203476100875,EOD,-0.005752920347610087
2025-10-03,LIFCO-B.ST,5,-0.0055283116609482486,STOP,-0.00942831166094825
2025-10-07,LIFCO-B.ST,0,0.0012217284787452432,EOD,-0.0026782715212547567
2025-10-08,LIFCO-B.ST,0,0.0024039012616927646,EOD,-0.0014960987383072352
2025-10-10,LIFCO-B.ST,0,-0.007678694792228602,STOP,-0.011578694792228603
2025-10-14,LIFCO-B.ST,0,-0.006634536087265497,STOP,-0.010534536087265498
2025-10-15,LIFCO-B.ST,6,-0.007185610468516068,STOP,-0.011085610468516069
2025-10-16,LIFCO-B.ST,0,-0.005984440236229016,STOP,-0.009884440236229017
2025-10-17,LIFCO-B.ST,2,0.006024096385542244,EOD,0.0021240963855422438
2025-10-20,LIFCO-B.ST,6,-0.005344382001804648,STOP,-0.009244382001804649
2025-10-21,LIFCO-B.ST,6,-0.007042235863993995,STOP,-0.010942235863993996
2025-10-22,LIFCO-B.ST,0,0.0005858588477065663,EOD,-0.0033141411522934336
2025-10-23,LIFCO-B.ST,1,0.011648223852926964,EOD,0.0077482238529269646
2025-10-29,LIFCO-B.ST,0,-0.013333333333333308,STOP,-0.01723333333333331
2025-10-30,LIFCO-B.ST,1,0.004862203494369721,EOD,0.0009622034943697214
2025-11-03,LIFCO-B.ST,2,-0.010337372816791479,STOP,-0.01423737281679148
2025-11-04,LIFCO-B.ST,2,-0.0016639104086519918,EOD,-0.005563910408651992
2025-11-05,LIFCO-B.ST,5,-0.0005552809557270999,EOD,-0.0044552809557271
2025-11-10,LIFCO-B.ST,5,-0.0056465271910577375,EOD,-0.009546527191057738
2025-11-11,LIFCO-B.ST,0,0.007278766789152735,EOD,0.0033787667891527354
2025-11-12,LIFCO-B.ST,0,0.01049720384798003,EOD,0.00659720384798003
2025-11-19,LIFCO-B.ST,0,0.012411383814374455,EOD,0.008511383814374454
2025-11-21,LIFCO-B.ST,4,-0.0017502205580586239,EOD,-0.005650220558058624
2025-11-25,LIFCO-B.ST,2,0.005211402265068665,EOD,0.0013114022650686655
2025-11-26,LIFCO-B.ST,1,-0.0011376390487507493,EOD,-0.005037639048750749
2025-12-03,LIFCO-B.ST,0,-0.0023175500644740943,EOD,-0.006217550064474094
2025-12-04,LIFCO-B.ST,5,0.0022752780975014986,EOD,-0.0016247219024985013
2025-12-05,LIFCO-B.ST,1,-0.007357119831408965,STOP,-0.011257119831408965
2025-12-10,LIFCO-B.ST,5,-0.0005848310147112956,EOD,-0.0044848310147112954
2025-12-11,LIFCO-B.ST,0,0.002322933579340658,EOD,-0.0015770664206593418
2025-12-12,LIFCO-B.ST,0,-0.005116508969374989,EOD,-0.00901650896937499
2025-12-15,LIFCO-B.ST,0,-0.009637171241852704,STOP,-0.013537171241852705
2025-12-16,LIFCO-B.ST,0,-0.00284738031105336,EOD,-0.00674738031105336
2025-12-18,LIFCO-B.ST,0,0.004034564543182739,EOD,0.00013456454318273945
2025-12-19,LIFCO-B.ST,0,0.006868900796819677,EOD,0.002968900796819677
2025-12-23,LIFCO-B.ST,0,-0.003972740978240852,STOP,-0.007872740978240853
2025-12-29,LIFCO-B.ST,5,-0.002834467218255199,EOD,-0.006734467218255199
2025-12-30,LIFCO-B.ST,1,0.002849002849002913,EOD,-0.001050997150997087
2026-01-07,LIFCO-B.ST,0,0.010900710632346877,EOD,0.007000710632346877
2026-01-09,LIFCO-B.ST,0,0.011614402064136664,EOD,0.007714402064136664
2026-01-15,LIFCO-B.ST,4,0.005392505621250265,EOD,0.0014925056212502655
2026-01-20,LIFCO-B.ST,6,-0.007490617797139443,STOP,-0.011390617797139443
2026-01-21,LIFCO-B.ST,6,0.0037759982791849556,EOD,-0.00012400172081504426
2026-01-27,LIFCO-B.ST,0,-0.006321112637740267,EOD,-0.010221112637740268
2026-02-03,LIFCO-B.ST,5,0.00512165856202218,EOD,0.0012216585620221801
2026-02-04,LIFCO-B.ST,0,0.0025380322398060873,EOD,-0.0013619677601939125
2026-02-06,LIFCO-B.ST,2,0.015832806185153814,EOD,0.011932806185153813
2026-02-10,LIFCO-B.ST,1,-0.011111129949122334,STOP,-0.015011129949122334
2026-02-13,LIFCO-B.ST,2,0.0012820317195012532,EOD,-0.0026179682804987467
2026-02-16,LIFCO-B.ST,0,-0.007001948190828333,STOP,-0.010901948190828334
2026-02-17,LIFCO-B.ST,4,0.008349409616173364,EOD,0.004449409616173365
2026-02-18,LIFCO-B.ST,3,0.00760936570364068,EOD,0.0037093657036406805
2026-02-19,LIFCO-B.ST,0,0.004372248104660192,EOD,0.0004722481046601926
2026-02-23,LIFCO-B.ST,0,-0.008755434333479029,STOP,-0.01265543433347903
2026-02-24,LIFCO-B.ST,0,0.007594917393937806,EOD,0.003694917393937806
2026-02-27,LIFCO-B.ST,2,0.0006218335996821533,EOD,-0.0032781664003178465
2026-03-02,LIFCO-B.ST,0,-0.003186743272468706,EOD,-0.007086743272468706
2026-03-04,LIFCO-B.ST,1,-0.008436099936845798,EOD,-0.012336099936845799
2026-03-05,LIFCO-B.ST,0,-0.010505620955055917,STOP,-0.014405620955055917
2026-03-09,LIFCO-B.ST,0,-0.00815779848565601,EOD,-0.01205779848565601
2026-03-10,LIFCO-B.ST,6,-0.009973404660058693,STOP,-0.013873404660058694
2026-03-12,LIFCO-B.ST,0,-0.010752728969764092,STOP,-0.014652728969764092
2026-03-13,LIFCO-B.ST,3,-0.008113569964594225,STOP,-0.012013569964594226
2026-03-16,LIFCO-B.ST,4,-0.0020548154229986793,EOD,-0.005954815422998679
2026-03-17,LIFCO-B.ST,3,-0.004814284577897121,STOP,-0.008714284577897122
2026-03-18,LIFCO-B.ST,0,-0.010238907849829393,STOP,-0.014138907849829394
2026-03-23,LIFCO-B.ST,0,-0.009572923582795045,STOP,-0.013472923582795046
2026-03-25,LIFCO-B.ST,0,-0.009873125001008787,STOP,-0.013773125001008787
2026-03-26,LIFCO-B.ST,3,-0.004946974899238121,STOP,-0.008846974899238122
2026-03-30,LIFCO-B.ST,1,0.004276484901466704,EOD,0.0003764849014667041
2026-04-07,LIFCO-B.ST,1,-0.014174343823434965,STOP,-0.018074343823434966
2026-04-10,LIFCO-B.ST,1,0.007591484816082517,EOD,0.0036914848160825168
2026-04-13,LIFCO-B.ST,0,0.013148746688473212,EOD,0.009248746688473211
2026-04-14,LIFCO-B.ST,0,0.006729474824539228,EOD,0.002829474824539228
2026-04-15,LIFCO-B.ST,0,-0.0053085804111367985,STOP,-0.0092085804111368
2026-04-16,LIFCO-B.ST,1,0.01642575591410922,EOD,0.012525755914109218
2026-04-17,LIFCO-B.ST,0,0.03492063492063502,EOD,0.031020634920635018
2026-04-20,LIFCO-B.ST,0,-0.006748503702549868,STOP,-0.010648503702549869
2026-04-21,LIFCO-B.ST,0,-0.00862065239594001,STOP,-0.01252065239594001
2026-04-22,LIFCO-B.ST,1,-0.008196740237886968,EOD,-0.012096740237886969
2026-04-23,LIFCO-B.ST,6,-0.0076190282428075795,STOP,-0.01151902824280758
2026-04-28,LIFCO-B.ST,0,-0.012794571693497514,STOP,-0.016694571693497515
2026-04-30,LIFCO-B.ST,0,0.009142075103074632,EOD,0.005242075103074632
2026-05-06,LIFCO-B.ST,0,0.01324971573321676,EOD,0.00934971573321676
2026-05-11,LIFCO-B.ST,2,0.004304204661308431,EOD,0.0004042046613084308
2026-05-12,LIFCO-B.ST,4,0.002863344051622585,EOD,-0.0010366559483774148
2026-05-18,LIFCO-B.ST,4,0.01435750148014625,EOD,0.01045750148014625
2026-05-19,LIFCO-B.ST,1,-0.0013802412468357783,EOD,-0.005280241246835778
2026-05-20,LIFCO-B.ST,2,0.014482800713900845,EOD,0.010582800713900845
2026-05-21,LIFCO-B.ST,0,-0.010121457698301195,STOP,-0.014021457698301196
2026-05-25,LIFCO-B.ST,0,0.011356025269859904,EOD,0.007456025269859904
2026-05-27,LIFCO-B.ST,0,-0.022965880184859677,STOP,-0.026865880184859678
2026-05-29,LIFCO-B.ST,0,0.010190217602568552,EOD,0.006290217602568552
2026-06-01,LIFCO-B.ST,4,-0.012145769830119835,STOP,-0.016045769830119835
2026-06-02,LIFCO-B.ST,0,-0.012683638962390109,STOP,-0.01658363896239011
2026-06-03,LIFCO-B.ST,0,-0.014676431206270935,STOP,-0.018576431206270935
2026-06-04,LIFCO-B.ST,0,0.002638482060556502,EOD,-0.001261517939443498
2026-06-05,LIFCO-B.ST,0,0.008524610175461023,EOD,0.004624610175461023
2026-06-08,LIFCO-B.ST,1,0.01133331298828133,EOD,0.00743331298828133
2026-06-09,LIFCO-B.ST,0,-0.003924073699654751,EOD,-0.007824073699654752
2026-06-10,LIFCO-B.ST,5,-0.006527415273629877,STOP,-0.010427415273629878
2026-06-11,LIFCO-B.ST,1,-0.00983606557377048,EOD,-0.013736065573770481
2026-06-16,LIFCO-B.ST,0,-0.010862600308256809,STOP,-0.01476260030825681
2026-06-22,LIFCO-B.ST,6,0.001960804259854898,EOD,-0.0019391957401451018
2026-06-24,LIFCO-B.ST,2,0.04342109278628703,EOD,0.03952109278628703
2026-06-25,LIFCO-B.ST,4,-0.010638278571819426,EOD,-0.014538278571819427
2026-06-29,LIFCO-B.ST,0,-0.005018744188210356,STOP,-0.008918744188210356
2026-06-30,LIFCO-B.ST,1,-0.001258634083853294,EOD,-0.005158634083853294
2026-07-01,LIFCO-B.ST,0,0.006896589990693647,EOD,0.002996589990693647
2026-07-02,LIFCO-B.ST,0,0.018714909188313422,EOD,0.014814909188313422
2026-07-03,LIFCO-B.ST,6,-0.005464443917186035,STOP,-0.009364443917186036
2026-07-07,LIFCO-B.ST,4,0.0018587550378112994,EOD,-0.0020412449621887005
2023-08-08,NIBE-B.ST,2,0.0017733986981827154,EOD,-0.0021266013018172844
2023-08-10,NIBE-B.ST,4,0.003113172911900719,EOD,-0.0007868270880992808
2023-08-14,NIBE-B.ST,1,-0.0015941629484734765,EOD,-0.005494162948473476
2023-08-17,NIBE-B.ST,5,-0.01043214571424056,EOD,-0.01433214571424056
2023-08-18,NIBE-B.ST,5,0.0015235540113360813,EOD,-0.0023764459886639186
2023-08-21,NIBE-B.ST,2,-0.008163257362146625,STOP,-0.012063257362146626
2023-08-22,NIBE-B.ST,2,0.0020382632115842902,EOD,-0.0018617367884157096
2023-08-23,NIBE-B.ST,0,0.009471612119441808,EOD,0.005571612119441808
2023-08-24,NIBE-B.ST,2,-0.014720000382942633,EOD,-0.018620000382942634
2023-08-25,NIBE-B.ST,0,-0.00024413316896398918,EOD,-0.004144133168963989
2023-08-28,NIBE-B.ST,6,0.001922196855065339,EOD,-0.001977803144934661
2023-08-31,NIBE-B.ST,0,-0.004120169070792046,EOD,-0.008020169070792046
2023-09-04,NIBE-B.ST,0,0.0036523381298638746,EOD,-0.0002476618701361252
2023-09-08,NIBE-B.ST,5,-0.016226736952931864,STOP,-0.020126736952931865
2023-09-13,NIBE-B.ST,0,-0.009020964844157597,STOP,-0.012920964844157598
2023-09-14,NIBE-B.ST,5,-0.011494261078045076,EOD,-0.015394261078045077
2023-09-18,NIBE-B.ST,1,-0.009446652667430944,EOD,-0.013346652667430944
2023-09-20,NIBE-B.ST,2,0.007816828076001814,EOD,0.003916828076001814
2023-09-26,NIBE-B.ST,0,-0.0052003112905124604,EOD,-0.009100311290512461
2023-09-27,NIBE-B.ST,0,-0.0008751102790293119,EOD,-0.004775110279029312
2023-09-28,NIBE-B.ST,5,0.010057537255507176,EOD,0.0061575372555071764
2023-10-03,NIBE-B.ST,0,0.002019610361580604,EOD,-0.001880389638419396
2023-10-04,NIBE-B.ST,0,-0.015593442069643415,STOP,-0.019493442069643416
2023-10-05,NIBE-B.ST,0,-0.007159221452145648,EOD,-0.011059221452145648
2023-10-10,NIBE-B.ST,0,0.019406400896366804,EOD,0.015506400896366804
2023-10-12,NIBE-B.ST,0,-0.00838455134979299,STOP,-0.012284551349792991
2023-10-16,NIBE-B.ST,3,0.015485307168313422,EOD,0.011585307168313422
2023-10-19,NIBE-B.ST,2,0.0006131348380922219,EOD,-0.003286865161907778
2023-10-20,NIBE-B.ST,0,-0.00770178703176827,EOD,-0.01160178703176827
2023-10-23,NIBE-B.ST,7,0.0015484433460175584,EOD,-0.0023515566539824414
2023-10-26,NIBE-B.ST,0,0.0044571598321727635,EOD,0.0005571598321727636
2023-10-31,NIBE-B.ST,1,0.005956129665507737,EOD,0.002056129665507737
2023-11-02,NIBE-B.ST,0,-0.00575753414269653,EOD,-0.00965753414269653
2023-11-03,NIBE-B.ST,0,0.005247822425059834,EOD,0.001347822425059834
2023-11-08,NIBE-B.ST,4,-0.007518796992481258,EOD,-0.011418796992481259
2023-11-09,NIBE-B.ST,1,0.007213641733314846,EOD,0.0033136417333148463
2023-11-13,NIBE-B.ST,1,-0.0006120091057802979,EOD,-0.004512009105780298
2023-11-14,NIBE-B.ST,0,0.050151903788933305,EOD,0.046251903788933305
2023-11-15,NIBE-B.ST,1,-0.0690121565469134,STOP,-0.0729121565469134
2023-11-17,NIBE-B.ST,0,0.0027598942319344566,EOD,-0.0011401057680655432
2023-11-20,NIBE-B.ST,5,-0.013414592589741092,STOP,-0.017314592589741093
2023-11-22,NIBE-B.ST,0,-0.01059856734819098,EOD,-0.01449856734819098
2023-11-23,NIBE-B.ST,0,-0.011465783513628147,EOD,-0.015365783513628148
2023-11-29,NIBE-B.ST,0,0.007405069334825987,EOD,0.003505069334825987
2023-12-01,NIBE-B.ST,0,0.012254084423149347,EOD,0.008354084423149347
2023-12-05,NIBE-B.ST,0,0.02963678258115343,EOD,0.02573678258115343
2023-12-06,NIBE-B.ST,0,0.04772105961535389,EOD,0.04382105961535389
2023-12-08,NIBE-B.ST,0,0.01917397291812617,EOD,0.015273972918126169
2023-12-11,NIBE-B.ST,0,-0.008330998362783948,EOD,-0.012230998362783949
2023-12-14,NIBE-B.ST,0,0.015522866990070883,EOD,0.011622866990070882
2023-12-15,NIBE-B.ST,0,-0.021899783578846144,STOP,-0.025799783578846144
2023-12-18,NIBE-B.ST,0,-0.01979414125313761,STOP,-0.02369414125313761
2023-12-19,NIBE-B.ST,5,-0.0034927744183662623,EOD,-0.007392774418366262
2023-12-22,NIBE-B.ST,0,0.0,EOD,-0.0039
2024-01-08,NIBE-B.ST,3,-0.004610946509920333,EOD,-0.008510946509920334
2024-01-11,NIBE-B.ST,0,-0.011463078450195008,STOP,-0.015363078450195009
2024-01-18,NIBE-B.ST,1,0.014531946703561394,EOD,0.010631946703561393
2024-01-23,NIBE-B.ST,0,0.010763528414105883,EOD,0.006863528414105883
2024-01-24,NIBE-B.ST,0,-0.014024798020736973,STOP,-0.017924798020736973
2024-01-25,NIBE-B.ST,0,-0.012974363266952227,STOP,-0.016874363266952228
2024-01-26,NIBE-B.ST,1,0.007969397300344738,EOD,0.0040693973003447384
2024-01-31,NIBE-B.ST,6,0.004161365847237475,EOD,0.000261365847237475
2024-02-01,NIBE-B.ST,0,0.018222496237590313,EOD,0.014322496237590313
2024-02-05,NIBE-B.ST,2,-0.01359223564656864,STOP,-0.01749223564656864
2024-02-06,NIBE-B.ST,5,0.012458988877593447,EOD,0.008558988877593446
2024-02-07,NIBE-B.ST,4,-0.00525984438584437,EOD,-0.00915984438584437
2024-02-14,NIBE-B.ST,0,-0.004244978520061671,EOD,-0.008144978520061671
2024-02-16,NIBE-B.ST,0,-0.059021414683364415,STOP,-0.06292141468336442
2024-02-20,NIBE-B.ST,2,0.005420048947527345,EOD,0.0015200489475273452
2024-02-27,NIBE-B.ST,1,-0.017049400661811487,STOP,-0.020949400661811488
2024-03-01,NIBE-B.ST,0,0.015053046217870403,EOD,0.011153046217870402
2024-03-05,NIBE-B.ST,0,-0.014507774273761376,STOP,-0.018407774273761376
2024-03-06,NIBE-B.ST,0,0.0069156556850564765,EOD,0.0030156556850564767
2024-03-07,NIBE-B.ST,2,0.01729505370594997,EOD,0.01339505370594997
2024-03-08,NIBE-B.ST,0,-0.004739380252472558,EOD,-0.008639380252472559
2024-03-12,NIBE-B.ST,3,-0.013518067471023354,STOP,-0.017418067471023355
2024-03-15,NIBE-B.ST,1,-0.0014476659208700893,EOD,-0.005347665920870089
2024-03-18,NIBE-B.ST,0,-0.012168938657443729,STOP,-0.01606893865744373
2024-03-19,NIBE-B.ST,0,-0.011636352539062478,STOP,-0.015536352539062478
2024-03-20,NIBE-B.ST,4,-0.0057782536773632875,EOD,-0.009678253677363288
2024-03-21,NIBE-B.ST,0,-0.01782594260754089,EOD,-0.02172594260754089
2024-03-22,NIBE-B.ST,0,-0.017768301735782144,STOP,-0.021668301735782144
2024-03-26,NIBE-B.ST,0,0.020142189377122532,EOD,0.016242189377122532
2024-03-28,NIBE-B.ST,0,0.022568089746613618,EOD,0.018668089746613617
2024-04-04,NIBE-B.ST,0,0.0010256253756009137,EOD,-0.002874374624399086
2024-04-05,NIBE-B.ST,0,-0.008464076363248307,EOD,-0.012364076363248308
2024-04-08,NIBE-B.ST,0,0.02136040550025231,EOD,0.01746040550025231
2024-04-09,NIBE-B.ST,0,0.027037936147234376,EOD,0.023137936147234375
2024-04-10,NIBE-B.ST,3,-0.019325511204137613,STOP,-0.023225511204137614
2024-04-11,NIBE-B.ST,4,-0.008984356984729214,EOD,-0.012884356984729214
2024-04-15,NIBE-B.ST,0,-0.00039185849147560514,EOD,-0.004291858491475605
2024-04-17,NIBE-B.ST,0,0.006525279136422313,EOD,0.002625279136422313
2024-04-19,NIBE-B.ST,7,0.00040976146693205706,EOD,-0.0034902385330679428
2024-04-22,NIBE-B.ST,5,-0.01580317841572787,STOP,-0.01970317841572787
2024-04-23,NIBE-B.ST,0,-0.009163328236685087,STOP,-0.013063328236685087
2024-04-26,NIBE-B.ST,0,-0.0034802842406687073,EOD,-0.007380284240668707
2024-04-29,NIBE-B.ST,1,-0.009645061700005453,STOP,-0.013545061700005454
2024-05-03,NIBE-B.ST,1,0.012608416578181902,EOD,0.008708416578181902
2024-05-06,NIBE-B.ST,1,-0.009697439617583292,STOP,-0.013597439617583293
2024-05-07,NIBE-B.ST,0,0.012410677766541367,EOD,0.008510677766541366
2024-05-08,NIBE-B.ST,0,-0.006186320201085116,EOD,-0.010086320201085117
2024-05-10,NIBE-B.ST,0,0.007751981226527427,EOD,0.003851981226527427
2024-05-13,NIBE-B.ST,1,-0.014884053799248398,STOP,-0.0187840537992484
2024-05-14,NIBE-B.ST,4,0.010738309072668928,EOD,0.006838309072668928
2024-05-16,NIBE-B.ST,6,-0.00032616532718865443,EOD,-0.004226165327188654
2024-05-20,NIBE-B.ST,1,0.0035816755442861226,EOD,-0.00031832445571387726
2024-05-22,NIBE-B.ST,7,0.0007312781530059986,EOD,-0.003168721846994001
2024-05-23,NIBE-B.ST,4,-0.019891473585842423,STOP,-0.023791473585842424
2024-05-24,NIBE-B.ST,2,-0.006693949767997198,EOD,-0.010593949767997199
2024-05-27,NIBE-B.ST,0,0.005919343076123518,EOD,0.002019343076123518
2024-05-28,NIBE-B.ST,0,-0.0118961761510048,EOD,-0.0157961761510048
2024-05-30,NIBE-B.ST,0,0.020205897670416917,EOD,0.016305897670416916
2024-05-31,NIBE-B.ST,0,-0.020588285205272117,STOP,-0.024488285205272117
2024-06-03,NIBE-B.ST,0,0.009015506820301944,EOD,0.005115506820301944
2024-06-07,NIBE-B.ST,4,-0.019155581414371348,STOP,-0.02305558141437135
2024-06-11,NIBE-B.ST,0,-0.011752990908786232,STOP,-0.015652990908786232
2024-06-12,NIBE-B.ST,4,0.014688325686397441,EOD,0.01078832568639744
2024-06-17,NIBE-B.ST,7,0.0004224940268919841,EOD,-0.0034775059731080157
2024-06-19,NIBE-B.ST,1,-0.012471467079741894,EOD,-0.016371467079741894
2024-06-26,NIBE-B.ST,0,-0.02229166030883789,STOP,-0.02619166030883789
2024-06-28,NIBE-B.ST,0,-0.010246292063441853,STOP,-0.014146292063441854
2024-07-03,NIBE-B.ST,0,0.019408933946927,EOD,0.015508933946926998
2024-07-05,NIBE-B.ST,2,-0.016787099287585483,STOP,-0.020687099287585484
2024-07-08,NIBE-B.ST,0,-0.005982879997039503,EOD,-0.009882879997039504
2024-07-11,NIBE-B.ST,4,0.014263099258133405,EOD,0.010363099258133404
2024-07-12,NIBE-B.ST,0,0.0345967311121842,EOD,0.030696731112184197
2024-07-16,NIBE-B.ST,0,-0.010942337586576034,STOP,-0.014842337586576035
2024-07-17,NIBE-B.ST,4,0.01674005057246508,EOD,0.012840050572465081
2024-07-18,NIBE-B.ST,0,0.011432242716117091,EOD,0.007532242716117092
2024-07-22,NIBE-B.ST,0,0.0016963916733150342,EOD,-0.0022036083266849657
2024-07-23,NIBE-B.ST,0,-0.0035661459088550673,EOD,-0.007466145908855067
2024-07-25,NIBE-B.ST,0,0.0008567341337306633,EOD,-0.0030432658662693365
2024-07-29,NIBE-B.ST,1,0.00560341191773861,EOD,0.00170341191773861
2024-07-30,NIBE-B.ST,0,-0.0052943666568646686,EOD,-0.00919436665686467
2024-07-31,NIBE-B.ST,0,-0.020012567745268273,EOD,-0.023912567745268273
2024-08-05,NIBE-B.ST,0,0.032953991929627335,EOD,0.029053991929627335
2024-08-07,NIBE-B.ST,5,-0.012701323913652751,STOP,-0.016601323913652752
2024-08-08,NIBE-B.ST,4,0.0055659017720737225,EOD,0.0016659017720737227
2024-08-09,NIBE-B.ST,0,-0.003359496545413676,EOD,-0.007259496545413676
2024-08-13,NIBE-B.ST,4,0.019607829954089162,EOD,0.01570782995408916
2024-08-14,NIBE-B.ST,2,-0.005513111161459694,EOD,-0.009413111161459695
2024-08-19,NIBE-B.ST,6,-0.006655946326488249,EOD,-0.01055594632648825
2024-08-22,NIBE-B.ST,0,-0.013279674794376639,EOD,-0.01717967479437664
2024-08-23,NIBE-B.ST,1,0.020383494486010845,EOD,0.016483494486010844
2024-08-26,NIBE-B.ST,1,0.03002766672929047,EOD,0.02612766672929047
2024-08-27,NIBE-B.ST,0,-0.014789582274750024,STOP,-0.018689582274750025
2024-08-28,NIBE-B.ST,0,-0.008206369307115935,EOD,-0.012106369307115936
2024-08-30,NIBE-B.ST,2,-0.00393392530171488,EOD,-0.00783392530171488
2024-09-03,NIBE-B.ST,0,-0.018916780960726354,STOP,-0.022816780960726354
2024-09-04,NIBE-B.ST,1,-0.006318821129503327,EOD,-0.010218821129503328
2024-09-06,NIBE-B.ST,2,-0.013308007310616654,STOP,-0.017208007310616655
2024-09-10,NIBE-B.ST,0,-0.01642935322959027,STOP,-0.020329353229590272
2024-09-13,NIBE-B.ST,1,0.016557697086452272,EOD,0.012657697086452271
2024-09-16,NIBE-B.ST,4,-0.012226505960607814,STOP,-0.016126505960607815
2024-09-17,NIBE-B.ST,2,0.021842188336159918,EOD,0.017942188336159917
2024-09-23,NIBE-B.ST,4,-0.0034900055869535596,EOD,-0.007390005586953559
2024-09-24,NIBE-B.ST,1,-0.00469119779481264,EOD,-0.008591197794812641
2024-09-25,NIBE-B.ST,0,0.014568523831882674,EOD,0.010668523831882673
2024-09-26,NIBE-B.ST,0,0.007639177648954387,EOD,0.0037391776489543874
2024-10-09,NIBE-B.ST,0,-0.00040105189877770453,EOD,-0.004301051898777704
2024-10-14,NIBE-B.ST,6,0.0028973383802284314,EOD,-0.0010026616197715684
2024-10-15,NIBE-B.ST,1,-0.018687754976637994,STOP,-0.022587754976637994
2024-10-16,NIBE-B.ST,1,0.008506220766024475,EOD,0.004606220766024475
2024-10-17,NIBE-B.ST,1,0.007742405037514333,EOD,0.003842405037514333
2024-10-18,NIBE-B.ST,0,0.003189789631157014,EOD,-0.0007102103688429858
2024-10-21,NIBE-B.ST,0,-0.028820637265627447,STOP,-0.03272063726562745
2024-10-24,NIBE-B.ST,0,-0.0007932785062002567,EOD,-0.004693278506200257
2024-10-25,NIBE-B.ST,0,0.027788759061136314,EOD,0.023888759061136314
2024-10-28,NIBE-B.ST,0,0.019186493102328894,EOD,0.015286493102328894
2024-10-29,NIBE-B.ST,0,-0.016026847051752946,STOP,-0.019926847051752947
2024-10-30,NIBE-B.ST,4,-0.012030063542673441,STOP,-0.015930063542673442
2024-11-01,NIBE-B.ST,2,-0.0053578030671597165,EOD,-0.009257803067159717
2024-11-04,NIBE-B.ST,0,0.04011997344444351,EOD,0.03621997344444351
2024-11-07,NIBE-B.ST,0,-0.02649771543003976,STOP,-0.03039771543003976
2024-11-08,NIBE-B.ST,3,-0.020420277703010692,STOP,-0.024320277703010693
2024-11-11,NIBE-B.ST,0,-0.002791056420939353,EOD,-0.006691056420939353
2024-11-12,NIBE-B.ST,0,-0.013131343957149655,STOP,-0.017031343957149656
2024-11-13,NIBE-B.ST,0,-0.00793331467092373,EOD,-0.01183331467092373
2024-11-14,NIBE-B.ST,0,0.0269636783877798,EOD,0.0230636783877798
2024-11-22,NIBE-B.ST,0,0.013064662413228456,EOD,0.009164662413228455
2024-11-25,NIBE-B.ST,5,0.00976110884966963,EOD,0.005861108849669631
2024-11-27,NIBE-B.ST,6,0.003008151845603546,EOD,-0.0008918481543964537
2024-11-28,NIBE-B.ST,0,-0.009050652613549426,STOP,-0.012950652613549427
2024-12-02,NIBE-B.ST,0,0.017577699206919206,EOD,0.013677699206919205
2024-12-03,NIBE-B.ST,0,-0.012984270824811794,STOP,-0.016884270824811795
2024-12-04,NIBE-B.ST,0,-0.010681478003230604,EOD,-0.014581478003230605
2024-12-06,NIBE-B.ST,0,0.0010403503044495999,EOD,-0.0028596496955504
2024-12-10,NIBE-B.ST,2,-0.015654784668935995,STOP,-0.019554784668935996
2024-12-11,NIBE-B.ST,5,-0.012715520111757472,STOP,-0.016615520111757473
2024-12-18,NIBE-B.ST,0,-0.005019420750907888,EOD,-0.008919420750907889
2024-12-20,NIBE-B.ST,6,0.0028537201917235855,EOD,-0.0010462798082764143
2024-12-23,NIBE-B.ST,0,-0.0028455996465547306,EOD,-0.0067455996465547305
2024-12-27,NIBE-B.ST,0,0.0023652386874553066,EOD,-0.0015347613125446932
2024-12-30,NIBE-B.ST,2,-0.0009408869068295855,EOD,-0.004840886906829585
2025-01-03,NIBE-B.ST,0,0.0047414558620846314,EOD,0.0008414558620846316
2025-01-07,NIBE-B.ST,2,-0.03326040333452951,STOP,-0.03716040333452951
2025-01-09,NIBE-B.ST,0,-0.006595028500746558,EOD,-0.010495028500746559
2025-01-13,NIBE-B.ST,6,0.019743601481119866,EOD,0.015843601481119865
2025-01-15,NIBE-B.ST,3,0.006787342032403165,EOD,0.0028873420324031654
2025-01-16,NIBE-B.ST,1,0.01281411088228368,EOD,0.00891411088228368
2025-01-17,NIBE-B.ST,0,0.004270469719088066,EOD,0.000370469719088066
2025-01-20,NIBE-B.ST,4,-0.006829979316542056,EOD,-0.010729979316542057
2025-01-21,NIBE-B.ST,0,-0.026183919834376845,STOP,-0.030083919834376846
2025-01-23,NIBE-B.ST,1,0.024152277465443017,EOD,0.020252277465443017
2025-01-27,NIBE-B.ST,0,0.0015790591457900405,EOD,-0.0023209408542099593
2025-01-28,NIBE-B.ST,0,-0.01732284464673539,STOP,-0.021222844646735392
2025-02-03,NIBE-B.ST,4,0.006245673389375872,EOD,0.002345673389375872
2025-02-04,NIBE-B.ST,1,-0.013199773201742149,STOP,-0.01709977320174215
2025-02-05,NIBE-B.ST,7,0.0036823899793478887,EOD,-0.00021761002065211112
2025-02-06,NIBE-B.ST,0,0.0356737916246026,EOD,0.0317737916246026
2025-02-10,NIBE-B.ST,6,0.020279353076182005,EOD,0.016379353076182004
2025-02-11,NIBE-B.ST,0,0.0116407337624429,EOD,0.007740733762442901
2025-02-12,NIBE-B.ST,0,-0.026203655266756942,STOP,-0.030103655266756943
2025-02-13,NIBE-B.ST,1,0.00502929290926768,EOD,0.0011292929092676799
2025-02-20,NIBE-B.ST,0,0.0019704885236802028,EOD,-0.001929511476319797
2025-02-21,NIBE-B.ST,1,-0.01987878048058711,STOP,-0.02377878048058711
2025-02-25,NIBE-B.ST,0,-0.0027080407002476603,EOD,-0.00660804070024766
2025-02-27,NIBE-B.ST,1,0.000487816043016398,EOD,-0.003412183956983602
2025-03-03,NIBE-B.ST,1,-0.003007587518616961,EOD,-0.006907587518616961
2025-03-05,NIBE-B.ST,0,0.015513446408435883,EOD,0.011613446408435882
2025-03-06,NIBE-B.ST,4,0.0021176506491269453,EOD,-0.0017823493508730545
2025-03-10,NIBE-B.ST,3,0.011896481197510633,EOD,0.007996481197510633
2025-03-11,NIBE-B.ST,0,-0.02396415807968233,STOP,-0.02786415807968233
2025-03-12,NIBE-B.ST,3,-0.02161548911144806,STOP,-0.02551548911144806
2025-03-13,NIBE-B.ST,0,0.010482197990695052,EOD,0.006582197990695053
2025-03-14,NIBE-B.ST,0,0.03200003487723224,EOD,0.02810003487723224
2025-03-18,NIBE-B.ST,0,-0.013197762748615616,EOD,-0.017097762748615616
2025-03-27,NIBE-B.ST,3,0.0015022878155757091,EOD,-0.0023977121844242907
2025-04-02,NIBE-B.ST,1,0.025155538936119548,EOD,0.021255538936119547
2025-04-07,NIBE-B.ST,2,-0.001248467989523605,EOD,-0.005148467989523605
2025-04-08,NIBE-B.ST,4,-0.008216038114733704,EOD,-0.012116038114733704
2025-04-09,NIBE-B.ST,0,-0.01577377390969481,EOD,-0.01967377390969481
2025-04-11,NIBE-B.ST,7,-0.009688837866972833,EOD,-0.013588837866972833
2025-04-14,NIBE-B.ST,0,0.012268197276338766,EOD,0.008368197276338765
2025-04-15,NIBE-B.ST,0,0.01646086314300277,EOD,0.012560863143002768
2025-04-22,NIBE-B.ST,1,0.011332223437086508,EOD,0.0074322234370865084
2025-04-23,NIBE-B.ST,0,0.0007870565276706376,EOD,-0.003112943472329362
2025-04-24,NIBE-B.ST,0,0.03035854161753959,EOD,0.02645854161753959
2025-04-30,NIBE-B.ST,1,0.009156123070573674,EOD,0.005256123070573674
2025-05-02,NIBE-B.ST,5,0.007078792579036763,EOD,0.0031787925790367636
2025-05-05,NIBE-B.ST,0,-0.004625364365770879,EOD,-0.00852536436577088
2025-05-07,NIBE-B.ST,0,-0.015363125267166433,EOD,-0.019263125267166434
2025-05-08,NIBE-B.ST,0,0.002519972320942143,EOD,-0.0013800276790578566
2025-05-12,NIBE-B.ST,1,-0.0008659255687214484,EOD,-0.004765925568721448
2025-05-13,NIBE-B.ST,7,-0.005907227531232628,EOD,-0.009807227531232629
2025-05-14,NIBE-B.ST,4,-0.01163527039844181,STOP,-0.015535270398441811
2025-05-15,NIBE-B.ST,2,-0.03529928938405147,EOD,-0.03919928938405147
2025-05-20,NIBE-B.ST,0,0.0026178155438654205,EOD,-0.0012821844561345793
2025-05-22,NIBE-B.ST,2,-0.007555387955560211,EOD,-0.011455387955560212
2025-05-28,NIBE-B.ST,0,0.0022156611264025905,EOD,-0.0016843388735974093
2025-05-30,NIBE-B.ST,0,-0.01920233382095471,STOP,-0.02310233382095471
2025-06-03,NIBE-B.ST,7,0.000260372946247589,EOD,-0.003639627053752411
2025-06-04,NIBE-B.ST,0,0.008409735021456699,EOD,0.004509735021456699
2025-06-09,NIBE-B.ST,1,-0.01332324775164917,STOP,-0.01722324775164917
2025-06-10,NIBE-B.ST,0,0.018696256430916103,EOD,0.014796256430916102
2025-06-11,NIBE-B.ST,0,-0.010083616550682462,STOP,-0.013983616550682462
2025-06-13,NIBE-B.ST,0,0.040443063038806404,EOD,0.0365430630388064
2025-06-17,NIBE-B.ST,0,-0.009925501706059436,EOD,-0.013825501706059437
2025-06-19,NIBE-B.ST,0,-0.009034648261590172,STOP,-0.012934648261590173
2025-06-23,NIBE-B.ST,0,-0.021672673696136124,EOD,-0.025572673696136125
2025-06-26,NIBE-B.ST,6,0.001789358301008681,EOD,-0.0021106416989913187
2025-06-27,NIBE-B.ST,0,0.017941624391780042,EOD,0.014041624391780042
2025-07-02,NIBE-B.ST,0,0.03485578884916274,EOD,0.030955788849162738
2025-07-03,NIBE-B.ST,0,-0.012924102230008727,STOP,-0.016824102230008728
2025-07-04,NIBE-B.ST,2,0.006552744729615867,EOD,0.002652744729615867
2025-07-09,NIBE-B.ST,1,-0.0025539960791961525,EOD,-0.006453996079196152
2025-07-15,NIBE-B.ST,0,-0.011522782215856564,EOD,-0.015422782215856565
2025-07-18,NIBE-B.ST,0,-0.011319900854139808,EOD,-0.015219900854139809
2025-07-21,NIBE-B.ST,0,-0.008877746117440521,STOP,-0.012777746117440522
2025-07-23,NIBE-B.ST,0,0.003751147060620852,EOD,-0.00014885293937914792
2025-07-25,NIBE-B.ST,0,0.01377775404188375,EOD,0.009877754041883749
2025-07-29,NIBE-B.ST,0,-0.009821055563871695,STOP,-0.013721055563871695
2025-07-30,NIBE-B.ST,0,0.0308340579678259,EOD,0.0269340579678259
2025-08-07,NIBE-B.ST,0,-0.001338420049973088,EOD,-0.005238420049973088
2025-08-08,NIBE-B.ST,0,-0.01238941070439481,STOP,-0.01628941070439481
2025-08-12,NIBE-B.ST,6,0.0027003319147249627,EOD,-0.0011996680852750371
2025-08-15,NIBE-B.ST,0,0.0037586112174028408,EOD,-0.00014138878259715906
2025-08-19,NIBE-B.ST,1,0.03174606744488795,EOD,0.027846067444887948
2025-08-20,NIBE-B.ST,1,0.002457016064927986,EOD,-0.0014429839350720139
2025-08-22,NIBE-B.ST,6,0.019026561854766477,EOD,0.015126561854766477
2025-08-28,NIBE-B.ST,0,-0.01274823353989496,STOP,-0.01664823353989496
2025-09-01,NIBE-B.ST,0,-0.007418800572916995,STOP,-0.011318800572916995
2025-09-03,NIBE-B.ST,0,-0.008758010307376773,EOD,-0.012658010307376774
2025-09-04,NIBE-B.ST,0,-0.008227212600325662,EOD,-0.012127212600325663
2025-09-08,NIBE-B.ST,7,0.0018291009664730407,EOD,-0.002070899033526959
2025-09-17,NIBE-B.ST,2,-0.0027594449278897093,EOD,-0.006659444927889709
2025-09-18,NIBE-B.ST,0,0.00839657065724797,EOD,0.0044965706572479705
2025-09-19,NIBE-B.ST,0,-0.014323631421731542,STOP,-0.018223631421731543
2025-09-23,NIBE-B.ST,0,-0.015856196398034594,EOD,-0.019756196398034595
2025-09-24,NIBE-B.ST,0,-0.014836774793320018,STOP,-0.01873677479332002
2025-09-29,NIBE-B.ST,0,0.00891860884331419,EOD,0.005018608843314191
2025-09-30,NIBE-B.ST,2,-0.0005396777394101049,EOD,-0.004439677739410105
2025-10-01,NIBE-B.ST,0,-0.004263252134726225,EOD,-0.008163252134726226
2025-10-03,NIBE-B.ST,0,-0.010695227528323081,STOP,-0.014595227528323082
2025-10-09,NIBE-B.ST,0,-0.012294999098439008,STOP,-0.01619499909843901
2025-10-10,NIBE-B.ST,0,-0.012534034738690636,STOP,-0.016434034738690637
2025-10-13,NIBE-B.ST,7,0.0002756928491458588,EOD,-0.003624307150854141
2025-10-14,NIBE-B.ST,1,-0.011640852614399733,STOP,-0.015540852614399733
2025-10-16,NIBE-B.ST,0,-0.011491058213742633,STOP,-0.015391058213742634
2025-10-20,NIBE-B.ST,1,-0.009944768032163154,STOP,-0.013844768032163154
2025-10-21,NIBE-B.ST,3,-0.007275679151790615,STOP,-0.011175679151790616
2025-10-23,NIBE-B.ST,3,0.0045687177593487505,EOD,0.0006687177593487506
2025-10-24,NIBE-B.ST,6,-0.0007824407714523973,EOD,-0.004682440771452397
2025-10-27,NIBE-B.ST,0,-0.010362635414346344,STOP,-0.014262635414346345
2025-10-29,NIBE-B.ST,5,-0.003651522928827866,EOD,-0.007551522928827866
2025-11-03,NIBE-B.ST,0,-0.01405406642604523,STOP,-0.01795406642604523
2025-11-04,NIBE-B.ST,2,-0.007182379302506869,EOD,-0.01108237930250687
2025-11-05,NIBE-B.ST,3,0.0024469862853435664,EOD,-0.0014530137146564334
2025-11-06,NIBE-B.ST,0,-0.0073329837045497115,STOP,-0.011232983704549712
2025-11-10,NIBE-B.ST,0,0.001873152176209869,EOD,-0.0020268478237901308
2025-11-11,NIBE-B.ST,0,0.009551621742337923,EOD,0.005651621742337924
2025-11-17,NIBE-B.ST,0,-0.027998843336129786,STOP,-0.03189884333612979
2025-11-18,NIBE-B.ST,0,-0.016193057950182332,STOP,-0.020093057950182333
2025-11-19,NIBE-B.ST,0,0.005332499396774049,EOD,0.0014324993967740488
2025-11-21,NIBE-B.ST,3,-0.004039809412131223,EOD,-0.007939809412131224
2025-11-24,NIBE-B.ST,5,-0.0021046211171603657,EOD,-0.0060046211171603655
2025-11-25,NIBE-B.ST,5,0.0035841975366033285,EOD,-0.0003158024633966713
2025-11-28,NIBE-B.ST,0,0.00547399730388487,EOD,0.0015739973038848701
2025-12-03,NIBE-B.ST,0,-0.004857090541294684,EOD,-0.008757090541294685
2025-12-05,NIBE-B.ST,0,-0.012328788025738446,EOD,-0.016228788025738447
2025-12-08,NIBE-B.ST,0,-0.00882757778825427,STOP,-0.012727577788254271
2025-12-10,NIBE-B.ST,5,0.002015539756604179,EOD,-0.001884460243395821
2025-12-11,NIBE-B.ST,0,0.010841685488923947,EOD,0.006941685488923947
2025-12-12,NIBE-B.ST,0,-0.009510493778682294,STOP,-0.013410493778682295
2025-12-15,NIBE-B.ST,0,-0.003072642812731896,EOD,-0.006972642812731896
2025-12-16,NIBE-B.ST,0,-0.015341680905720856,STOP,-0.019241680905720857
2025-12-18,NIBE-B.ST,4,0.010644498401854774,EOD,0.006744498401854774
2025-12-19,NIBE-B.ST,0,-0.012136615903809767,STOP,-0.016036615903809767
2025-12-29,NIBE-B.ST,4,0.010526284945175712,EOD,0.0066262849451757125
2025-12-30,NIBE-B.ST,0,0.0033812038943230593,EOD,-0.0005187961056769405
2026-01-02,NIBE-B.ST,4,0.009497211168538744,EOD,0.005597211168538744
2026-01-07,NIBE-B.ST,1,-0.012546647557198587,STOP,-0.016446647557198588
2026-01-15,NIBE-B.ST,2,0.007313122187280641,EOD,0.003413122187280641
2026-01-16,NIBE-B.ST,5,-0.007244444712836806,EOD,-0.011144444712836807
2026-01-22,NIBE-B.ST,5,-0.009332971444954485,EOD,-0.013232971444954486
2026-01-26,NIBE-B.ST,5,-0.007567277338966449,EOD,-0.01146727733896645
2026-01-29,NIBE-B.ST,5,-0.008101926587610997,STOP,-0.012001926587610998
2026-01-30,NIBE-B.ST,3,-0.00812779645263062,STOP,-0.01202779645263062
2026-02-03,NIBE-B.ST,6,-0.01185998990545245,STOP,-0.01575998990545245
2026-02-04,NIBE-B.ST,0,0.04309355827853523,EOD,0.039193558278535226
2026-02-05,NIBE-B.ST,1,-0.011937125179609542,STOP,-0.015837125179609543
2026-02-06,NIBE-B.ST,3,0.004093928176245765,EOD,0.00019392817624576484
2026-02-13,NIBE-B.ST,3,0.010406087094763539,EOD,0.006506087094763539
2026-02-17,NIBE-B.ST,1,0.009086335690480007,EOD,0.005186335690480008
2026-02-19,NIBE-B.ST,5,0.0025458831956752803,EOD,-0.0013541168043247195
2026-02-20,NIBE-B.ST,1,0.0030037278997021577,EOD,-0.0008962721002978421
2026-02-24,NIBE-B.ST,0,0.005479387238978228,EOD,0.0015793872389782285
2026-02-26,NIBE-B.ST,0,0.006079061316702106,EOD,0.002179061316702106
2026-02-27,NIBE-B.ST,4,0.010908141419479378,EOD,0.007008141419479378
2026-03-02,NIBE-B.ST,0,0.0026007404977084203,EOD,-0.0012992595022915795
2026-03-04,NIBE-B.ST,0,-0.005235669237058427,EOD,-0.009135669237058427
2026-03-05,NIBE-B.ST,0,-0.010761677325678343,STOP,-0.014661677325678343
2026-03-09,NIBE-B.ST,6,-0.006413918685110542,EOD,-0.010313918685110543
2026-03-11,NIBE-B.ST,4,-0.01739876173582433,STOP,-0.02129876173582433
2026-03-12,NIBE-B.ST,1,-0.002019610361580715,EOD,-0.005919610361580715
2026-03-13,NIBE-B.ST,1,-0.013043500375056638,STOP,-0.01694350037505664
2026-03-17,NIBE-B.ST,3,-0.011426878917175864,EOD,-0.015326878917175865
2026-03-19,NIBE-B.ST,0,0.0015239023153850173,EOD,-0.0023760976846149825
2026-03-20,NIBE-B.ST,0,0.0031564021568966094,EOD,-0.0007435978431033904
2026-03-23,NIBE-B.ST,2,0.023008318278060713,EOD,0.019108318278060712
2026-03-24,NIBE-B.ST,0,0.034842261486450976,EOD,0.030942261486450975
2026-03-25,NIBE-B.ST,0,0.018797963353657243,EOD,0.014897963353657243
2026-03-30,NIBE-B.ST,0,0.029508247980347013,EOD,0.025608247980347013
2026-03-31,NIBE-B.ST,0,0.013126804883092813,EOD,0.009226804883092812
2026-04-07,NIBE-B.ST,1,-0.019923437128822163,STOP,-0.023823437128822164
2026-04-08,NIBE-B.ST,2,0.002520122816330961,EOD,-0.001379877183669039
2026-04-10,NIBE-B.ST,0,-0.015519372216381111,STOP,-0.01941937221638111
2026-04-13,NIBE-B.ST,0,0.011779129870830074,EOD,0.007879129870830073
2026-04-14,NIBE-B.ST,4,-0.0035834095482982775,EOD,-0.007483409548298277
2026-04-15,NIBE-B.ST,1,-0.012351464653521327,STOP,-0.016251464653521328
2026-04-16,NIBE-B.ST,4,-0.009032590227519899,STOP,-0.0129325902275199
2026-04-17,NIBE-B.ST,3,0.0016855212348119153,EOD,-0.0022144787651880845
2026-04-20,NIBE-B.ST,1,-0.02232669283133648,STOP,-0.02622669283133648
2026-04-21,NIBE-B.ST,0,-0.0018442099835145331,EOD,-0.005744209983514533
2026-04-22,NIBE-B.ST,1,-0.01694914203410247,STOP,-0.020849142034102472
2026-04-27,NIBE-B.ST,1,-0.010856716923976384,STOP,-0.014756716923976385
2026-04-30,NIBE-B.ST,0,0.0060871682945617955,EOD,0.0021871682945617957
2026-05-04,NIBE-B.ST,0,0.07319345636279917,EOD,0.06929345636279917
2026-05-06,NIBE-B.ST,0,-0.013463603521317702,STOP,-0.017363603521317703
2026-05-11,NIBE-B.ST,1,0.0030296217333376507,EOD,-0.0008703782666623491
2026-05-18,NIBE-B.ST,2,0.020094617119369662,EOD,0.01619461711936966
2026-05-20,NIBE-B.ST,0,-0.009957623336185994,EOD,-0.013857623336185995
2026-05-21,NIBE-B.ST,0,0.0062266498256260405,EOD,0.0023266498256260407
2026-05-29,NIBE-B.ST,2,-0.013755158761725061,STOP,-0.017655158761725062
2026-06-01,NIBE-B.ST,1,-0.01383125806072405,STOP,-0.01773125806072405
2026-06-02,NIBE-B.ST,1,0.008603979566858655,EOD,0.004703979566858655
2026-06-04,NIBE-B.ST,0,-0.0179144908103539,EOD,-0.0218144908103539
2026-06-05,NIBE-B.ST,0,-0.006724045130392264,EOD,-0.010624045130392265
2026-06-09,NIBE-B.ST,1,-0.006299631684745344,EOD,-0.010199631684745344
2026-06-10,NIBE-B.ST,1,-0.0063082706530916965,STOP,-0.010208270653091697
2026-06-11,NIBE-B.ST,1,0.0005577372399123703,EOD,-0.0033422627600876295
2026-06-12,NIBE-B.ST,0,-0.01180346696606227,STOP,-0.01570346696606227
2026-06-22,NIBE-B.ST,0,-0.01298698781063079,STOP,-0.01688698781063079
2026-06-24,NIBE-B.ST,0,0.021324994001911568,EOD,0.017424994001911567
2026-06-25,NIBE-B.ST,0,0.017056472423882862,EOD,0.013156472423882862
2026-06-26,NIBE-B.ST,0,-0.018736636817546004,STOP,-0.022636636817546005
2026-06-30,NIBE-B.ST,0,0.005022329922138136,EOD,0.0011223299221381359
2026-07-01,NIBE-B.ST,0,-0.007516610713522609,STOP,-0.01141661071352261
2026-07-02,NIBE-B.ST,4,-0.007773425200957362,EOD,-0.011673425200957363
2023-08-09,NDA-SE.ST,0,-0.0005005636433190741,EOD,-0.004400563643319074
2023-08-10,NDA-SE.ST,0,0.0026372781760075625,EOD,-0.0012627218239924373
2023-08-14,NDA-SE.ST,0,-0.00541608123095072,STOP,-0.00931608123095072
2023-08-16,NDA-SE.ST,0,-0.0051503167580434495,EOD,-0.00905031675804345
2023-08-17,NDA-SE.ST,0,-0.002665331512005431,EOD,-0.006565331512005431
2023-08-18,NDA-SE.ST,6,0.00033395321368345776,EOD,-0.003566046786316542
2023-08-21,NDA-SE.ST,0,-0.0066291270279645875,STOP,-0.010529127027964588
2023-08-22,NDA-SE.ST,0,-0.005785098745803241,STOP,-0.009685098745803242
2023-08-25,NDA-SE.ST,0,0.004078886435153084,EOD,0.0001788864351530842
2023-08-28,NDA-SE.ST,5,-0.0006659050396298216,EOD,-0.0045659050396298214
2023-08-29,NDA-SE.ST,2,-0.002648565598679875,EOD,-0.006548565598679875
2023-08-31,NDA-SE.ST,0,-0.005923985644886942,STOP,-0.009823985644886943
2023-09-01,NDA-SE.ST,0,-0.0047980990638528676,STOP,-0.008698099063852868
2023-09-04,NDA-SE.ST,0,-0.004609854893919185,STOP,-0.008509854893919186
2023-09-05,NDA-SE.ST,0,0.0008231681870083385,EOD,-0.0030768318129916613
2023-09-07,NDA-SE.ST,1,-0.009046040196745486,STOP,-0.012946040196745487
2023-09-11,NDA-SE.ST,0,-0.005773646985945513,STOP,-0.009673646985945514
2023-09-14,NDA-SE.ST,2,0.003315049596753772,EOD,-0.000584950403246228
2023-09-15,NDA-SE.ST,0,-0.00032611213380961956,EOD,-0.004226112133809619
2023-09-18,NDA-SE.ST,0,-0.006016242794874227,STOP,-0.009916242794874228
2023-09-20,NDA-SE.ST,1,0.007217887926745714,EOD,0.0033178879267457143
2023-09-21,NDA-SE.ST,5,0.00016275958788103395,EOD,-0.003737240412118966
2023-09-22,NDA-SE.ST,0,0.002768311090457498,EOD,-0.0011316889095425017
2023-09-26,NDA-SE.ST,0,-0.010910891537420087,STOP,-0.014810891537420087
2023-09-28,NDA-SE.ST,1,0.004352164617144938,EOD,0.00045216461714493814
2023-09-29,NDA-SE.ST,0,0.0018348725429802037,EOD,-0.002065127457019796
2023-10-03,NDA-SE.ST,0,-0.0081274120256416,STOP,-0.012027412025641601
2023-10-04,NDA-SE.ST,0,0.0008470786513949946,EOD,-0.003052921348605005
2023-10-05,NDA-SE.ST,3,-0.006574500870782485,STOP,-0.010474500870782485
2023-10-06,NDA-SE.ST,1,0.006873425598056926,EOD,0.002973425598056926
2023-10-09,NDA-SE.ST,1,-0.007678168680424813,STOP,-0.011578168680424814
2023-10-10,NDA-SE.ST,0,0.0027951658088720688,EOD,-0.001104834191127931
2023-10-11,NDA-SE.ST,0,0.011957404608666788,EOD,0.008057404608666788
2023-10-12,NDA-SE.ST,0,-0.005645136679372498,STOP,-0.009545136679372498
2023-10-18,NDA-SE.ST,0,-0.006780726158495676,EOD,-0.010680726158495676
2023-10-20,NDA-SE.ST,0,-0.012227390496852952,EOD,-0.016127390496852953
2023-10-26,NDA-SE.ST,4,0.006318287623086061,EOD,0.002418287623086061
2023-10-27,NDA-SE.ST,0,-0.009251458873040241,STOP,-0.013151458873040242
2023-10-31,NDA-SE.ST,2,-0.004580937632416515,STOP,-0.008480937632416516
2023-11-01,NDA-SE.ST,0,-0.005248922554736191,STOP,-0.009148922554736191
2023-11-02,NDA-SE.ST,5,0.003391503206751967,EOD,-0.000508496793248033
2023-11-08,NDA-SE.ST,3,0.006866978985045513,EOD,0.0029669789850455134
2023-11-09,NDA-SE.ST,7,0.0006794787880601838,EOD,-0.003220521211939816
2023-11-14,NDA-SE.ST,4,0.001859624561567852,EOD,-0.002040375438432148
2023-11-15,NDA-SE.ST,5,-0.002188570114069699,EOD,-0.006088570114069699
2023-11-16,NDA-SE.ST,3,-0.0033568438535227507,EOD,-0.0072568438535227505
2023-11-17,NDA-SE.ST,0,0.004672940630015887,EOD,0.0007729406300158873
2023-11-23,NDA-SE.ST,0,0.011736666371215287,EOD,0.007836666371215287
2023-11-24,NDA-SE.ST,0,-0.005349376403489092,STOP,-0.009249376403489093
2023-11-28,NDA-SE.ST,0,-0.003056551316715117,EOD,-0.006956551316715117
2023-11-29,NDA-SE.ST,3,-0.003919555914113415,EOD,-0.007819555914113416
2023-11-30,NDA-SE.ST,0,0.0005119896719347761,EOD,-0.0033880103280652238
2023-12-01,NDA-SE.ST,5,-0.0010096142181206247,EOD,-0.0049096142181206245
2023-12-05,NDA-SE.ST,0,0.0016775452624928633,EOD,-0.0022224547375071365
2023-12-07,NDA-SE.ST,0,0.005534093752245006,EOD,0.0016340937522450064
2023-12-08,NDA-SE.ST,1,0.009142274575391518,EOD,0.005242274575391518
2023-12-11,NDA-SE.ST,3,0.002619084089253043,EOD,-0.0012809159107469567
2023-12-14,NDA-SE.ST,4,0.004065040650406582,EOD,0.00016504065040658187
2023-12-15,NDA-SE.ST,0,-0.001918448175034726,EOD,-0.005818448175034726
2023-12-18,NDA-SE.ST,0,-0.0009578154402675176,EOD,-0.0048578154402675175
2023-12-22,NDA-SE.ST,0,-0.0042126074382392575,STOP,-0.008112607438239258
2023-12-27,NDA-SE.ST,3,-0.0008022308725955662,EOD,-0.004702230872595566
2023-12-29,NDA-SE.ST,0,0.003522776674430572,EOD,-0.00037722332556942764
2024-01-02,NDA-SE.ST,4,0.00047249611755884047,EOD,-0.0034275038824411594
2024-01-04,NDA-SE.ST,0,0.01234563338190875,EOD,0.008445633381908749
2024-01-05,NDA-SE.ST,2,0.0012307974008414213,EOD,-0.0026692025991585785
2024-01-09,NDA-SE.ST,0,-0.007568703737071747,STOP,-0.011468703737071748
2024-01-10,NDA-SE.ST,0,0.003427344015198397,EOD,-0.0004726559848016029
2024-01-12,NDA-SE.ST,0,-0.007042265292547922,STOP,-0.010942265292547923
2024-01-17,NDA-SE.ST,0,-0.0065411589887668375,STOP,-0.010441158988766838
2024-01-18,NDA-SE.ST,2,-0.0027083317253912,EOD,-0.0066083317253912
2024-01-22,NDA-SE.ST,0,-0.006307122717286728,STOP,-0.010207122717286729
2024-01-24,NDA-SE.ST,2,0.004238625659809481,EOD,0.0003386256598094809
2024-01-25,NDA-SE.ST,0,0.01452217819925572,EOD,0.010622178199255719
2024-01-26,NDA-SE.ST,5,0.0030697919195403767,EOD,-0.0008302080804596232
2024-01-30,NDA-SE.ST,0,0.0026069340796202045,EOD,-0.0012930659203797953
2024-02-01,NDA-SE.ST,0,-0.010131005353418376,STOP,-0.014031005353418377
2024-02-02,NDA-SE.ST,4,0.0007799571249689219,EOD,-0.003120042875031078
2024-02-12,NDA-SE.ST,0,0.008196749556249383,EOD,0.004296749556249383
2024-02-13,NDA-SE.ST,0,0.0018145927464492395,EOD,-0.0020854072535507603
2024-02-14,NDA-SE.ST,0,-0.003616656486615688,STOP,-0.007516656486615688
2024-02-15,NDA-SE.ST,0,-0.004922054689176614,STOP,-0.008822054689176614
2024-02-16,NDA-SE.ST,1,-0.000809049153362551,EOD,-0.004709049153362551
2024-02-19,NDA-SE.ST,0,0.0001605640189450419,EOD,-0.003739435981054958
2024-02-20,NDA-SE.ST,0,-0.006707093198806469,STOP,-0.01060709319880647
2024-02-21,NDA-SE.ST,0,-0.0025678036251928216,EOD,-0.006467803625192821
2024-02-23,NDA-SE.ST,5,0.0008020410160116676,EOD,-0.0030979589839883323
2024-02-27,NDA-SE.ST,1,0.0056135091801747805,EOD,0.0017135091801747807
2024-02-28,NDA-SE.ST,0,0.008406068206303852,EOD,0.004506068206303852
2024-03-01,NDA-SE.ST,0,-0.006759948137868843,STOP,-0.010659948137868844
2024-03-04,NDA-SE.ST,0,-0.0009432694971748257,EOD,-0.0048432694971748255
2024-03-05,NDA-SE.ST,1,0.0029841753866881593,EOD,-0.0009158246133118405
2024-03-06,NDA-SE.ST,1,-0.004821171984105255,STOP,-0.008721171984105255
2024-03-07,NDA-SE.ST,0,-0.0014060922399846687,EOD,-0.0053060922399846685
2024-03-08,NDA-SE.ST,0,-0.0038874204554621983,STOP,-0.007787420455462198
2024-03-12,NDA-SE.ST,4,0.004585659284206178,EOD,0.0006856592842061785
2024-03-13,NDA-SE.ST,0,0.0097745978811139,EOD,0.0058745978811139
2024-03-19,NDA-SE.ST,0,0.0019066213727418901,EOD,-0.0019933786272581097
2024-03-21,NDA-SE.ST,0,0.00015771265404040946,EOD,-0.0037422873459595904
2024-03-22,NDA-SE.ST,0,-0.0008396177615638267,EOD,-0.0047396177615638265
2024-03-26,NDA-SE.ST,0,0.008583004913268688,EOD,0.004683004913268688
2024-04-02,NDA-SE.ST,0,0.0012260034961146804,EOD,-0.0026739965038853194
2024-04-03,NDA-SE.ST,0,-0.005622465447728375,EOD,-0.009522465447728376
2024-04-04,NDA-SE.ST,0,-0.007648928917752595,EOD,-0.011548928917752596
2024-04-05,NDA-SE.ST,3,0.004473388087917973,EOD,0.0005733880879179734
2024-04-08,NDA-SE.ST,3,-0.0024213321070472027,EOD,-0.0063213321070472025
2024-04-09,NDA-SE.ST,0,-0.0007961662049040807,EOD,-0.0046961662049040806
2024-04-11,NDA-SE.ST,0,-0.005968961328229883,STOP,-0.009868961328229883
2024-04-12,NDA-SE.ST,0,-0.0031910772297415457,EOD,-0.0070910772297415455
2024-04-17,NDA-SE.ST,1,0.0036436999857667463,EOD,-0.00025630001423325357
2024-04-19,NDA-SE.ST,1,0.010375062974470106,EOD,0.006475062974470106
2024-04-22,NDA-SE.ST,2,0.005866309255735613,EOD,0.0019663092557356135
2024-04-23,NDA-SE.ST,0,0.010861204201434882,EOD,0.006961204201434882
2024-04-26,NDA-SE.ST,0,0.0007824606551893876,EOD,-0.0031175393448106123
2024-05-02,NDA-SE.ST,0,-0.006586641483260713,STOP,-0.010486641483260714
2024-05-06,NDA-SE.ST,0,0.006617408514677736,EOD,0.0027174085146777363
2024-05-07,NDA-SE.ST,0,0.007689350069465251,EOD,0.0037893500694652507
2024-05-10,NDA-SE.ST,2,0.0,EOD,-0.0039
2024-05-13,NDA-SE.ST,0,0.007909627508533523,EOD,0.004009627508533523
2024-05-16,NDA-SE.ST,6,-0.0034103596714647466,EOD,-0.007310359671464746
2024-05-17,NDA-SE.ST,1,0.0015026066045906727,EOD,-0.002397393395409327
2024-05-23,NDA-SE.ST,7,0.0003818484377482445,EOD,-0.0035181515622517553
2024-05-24,NDA-SE.ST,6,-0.001152469485351415,EOD,-0.005052469485351415
2024-05-27,NDA-SE.ST,0,-0.004999953049879768,STOP,-0.008899953049879769
2024-05-28,NDA-SE.ST,0,0.000766918007641948,EOD,-0.003133081992358052
2024-05-30,NDA-SE.ST,0,0.0023327198968192686,EOD,-0.0015672801031807312
2024-06-03,NDA-SE.ST,0,-0.006901794007742157,STOP,-0.010801794007742158
2024-06-11,NDA-SE.ST,0,-0.008583619954091515,STOP,-0.012483619954091515
2024-06-12,NDA-SE.ST,0,0.01466044604169836,EOD,0.01076044604169836
2024-06-19,NDA-SE.ST,4,-0.00625240673266203,STOP,-0.010152406732662031
2024-06-20,NDA-SE.ST,0,-0.0007871397175400752,EOD,-0.004687139717540075
2024-06-24,NDA-SE.ST,1,0.004713263627159181,EOD,0.0008132636271591812
2024-06-26,NDA-SE.ST,0,-0.007480290931040856,STOP,-0.011380290931040857
2024-06-28,NDA-SE.ST,0,-0.007081050642672948,STOP,-0.010981050642672949
2024-07-01,NDA-SE.ST,5,0.008133135114857026,EOD,0.0042331351148570265
2024-07-04,NDA-SE.ST,0,-0.0003870522286576472,EOD,-0.004287052228657647
2024-07-08,NDA-SE.ST,0,-0.008300419381484736,STOP,-0.012200419381484737
2024-07-10,NDA-SE.ST,1,0.003253367513683658,EOD,-0.0006466324863163416
2024-07-12,NDA-SE.ST,1,0.008389895402008074,EOD,0.004489895402008074
2024-07-18,NDA-SE.ST,0,0.001223940373310528,EOD,-0.0026760596266894717
2024-07-22,NDA-SE.ST,0,0.011240416396478103,EOD,0.007340416396478104
2024-07-24,NDA-SE.ST,0,-0.0076304975762424565,STOP,-0.011530497576242457
2024-07-25,NDA-SE.ST,0,-0.007676743016098442,STOP,-0.011576743016098442
2024-07-26,NDA-SE.ST,3,0.00040002441406250533,EOD,-0.0034999755859374945
2024-07-29,NDA-SE.ST,1,-0.006711397267116559,STOP,-0.01061139726711656
2024-07-30,NDA-SE.ST,2,0.002381921866033032,EOD,-0.0015180781339669677
2024-08-05,NDA-SE.ST,0,-0.002129471863293708,EOD,-0.006029471863293708
2024-08-07,NDA-SE.ST,1,0.002992784203923682,EOD,-0.000907215796076318
2024-08-08,NDA-SE.ST,0,0.016232326757345206,EOD,0.012332326757345205
2024-08-09,NDA-SE.ST,0,-0.002909443845691695,EOD,-0.006809443845691695
2024-08-12,NDA-SE.ST,0,-0.0045586659328789025,STOP,-0.008458665932878903
2024-08-13,NDA-SE.ST,0,-0.003731318026001018,STOP,-0.007631318026001018
2024-08-15,NDA-SE.ST,4,0.0008315881423790472,EOD,-0.0030684118576209526
2024-08-16,NDA-SE.ST,7,0.0004137612940766644,EOD,-0.0034862387059233354
2024-08-19,NDA-SE.ST,0,-0.0037067921909440527,EOD,-0.0076067921909440525
2024-08-21,NDA-SE.ST,1,0.003368433902138257,EOD,-0.0005315660978617428
2024-08-22,NDA-SE.ST,0,-0.0016680948714880017,EOD,-0.0055680948714880016
2024-08-23,NDA-SE.ST,0,-0.001240131461504368,EOD,-0.005140131461504368
2024-08-26,NDA-SE.ST,1,-0.004135649244743633,EOD,-0.008035649244743634
2024-08-27,NDA-SE.ST,0,-0.0008281447132181263,EOD,-0.004728144713218126
2024-08-29,NDA-SE.ST,0,-0.0037235991222502873,STOP,-0.007623599122250287
2024-08-30,NDA-SE.ST,0,0.001652867340844466,EOD,-0.0022471326591555338
2024-09-02,NDA-SE.ST,0,-0.0032773577703990586,EOD,-0.0071773577703990584
2024-09-04,NDA-SE.ST,0,-0.0008347754671793606,EOD,-0.00473477546717936
2024-09-05,NDA-SE.ST,0,-0.0008216801695042353,EOD,-0.004721680169504235
2024-09-09,NDA-SE.ST,6,0.004975111788660946,EOD,0.0010751117886609466
2024-09-16,NDA-SE.ST,0,-0.003385539743656185,EOD,-0.007285539743656185
2024-09-17,NDA-SE.ST,1,0.004623817283468501,EOD,0.0007238172834685011
2024-09-19,NDA-SE.ST,0,0.008340283463500686,EOD,0.004440283463500686
2024-09-20,NDA-SE.ST,0,-0.006964408703498015,STOP,-0.010864408703498016
2024-09-24,NDA-SE.ST,1,-0.006993057031464467,STOP,-0.010893057031464468
2024-09-26,NDA-SE.ST,0,-0.0008378590314165324,EOD,-0.004737859031416532
2024-09-30,NDA-SE.ST,0,-0.007475095635156248,STOP,-0.011375095635156249
2024-10-01,NDA-SE.ST,0,-0.007926549523046611,STOP,-0.011826549523046612
2024-10-02,NDA-SE.ST,0,-0.00797987865001315,STOP,-0.011879878650013151
2024-10-04,NDA-SE.ST,4,-0.00508264369338951,STOP,-0.008982643693389511
2024-10-07,NDA-SE.ST,3,-0.00042030620971800214,EOD,-0.004320306209718002
2024-10-08,NDA-SE.ST,0,0.0012658356614254629,EOD,-0.002634164338574537
2024-10-10,NDA-SE.ST,2,-0.005887338676647258,STOP,-0.009787338676647259
2024-10-15,NDA-SE.ST,6,-0.005069695664189577,STOP,-0.008969695664189578
2024-10-16,NDA-SE.ST,0,-0.005494518251149327,STOP,-0.009394518251149328
2024-10-17,NDA-SE.ST,0,0.0007958493665476407,EOD,-0.003104150633452359
2024-10-18,NDA-SE.ST,0,0.005158742268880134,EOD,0.0012587422688801345
2024-10-24,NDA-SE.ST,0,-0.006021677893402577,STOP,-0.009921677893402578
2024-10-25,NDA-SE.ST,0,-0.004809607006982741,EOD,-0.008709607006982742
2024-10-28,NDA-SE.ST,0,-0.005189632941148936,STOP,-0.009089632941148937
2024-10-31,NDA-SE.ST,1,-0.0063872499142340056,STOP,-0.010287249914234006
2024-11-01,NDA-SE.ST,0,0.003553074953182911,EOD,-0.00034692504681708893
2024-11-04,NDA-SE.ST,0,-0.004643892096738322,EOD,-0.008543892096738323
2024-11-11,NDA-SE.ST,4,-0.0031884727478264097,EOD,-0.0070884727478264095
2024-11-13,NDA-SE.ST,1,-0.007343953516662061,STOP,-0.011243953516662061
2024-11-14,NDA-SE.ST,0,0.0065093198733185975,EOD,0.0026093198733185977
2024-11-15,NDA-SE.ST,0,0.0024106312504177385,EOD,-0.0014893687495822613
2024-11-18,NDA-SE.ST,0,-0.008726743965757344,STOP,-0.012626743965757345
2024-11-20,NDA-SE.ST,0,-0.005983246981489554,STOP,-0.009883246981489555
2024-11-26,NDA-SE.ST,3,-0.0012299622815737932,EOD,-0.005129962281573793
2024-11-27,NDA-SE.ST,0,-0.005354213490189608,STOP,-0.009254213490189608
2024-11-28,NDA-SE.ST,0,0.004063388765538578,EOD,0.00016338876553857826
2024-11-29,NDA-SE.ST,0,-0.0032415034111245022,STOP,-0.007141503411124502
2024-12-02,NDA-SE.ST,0,0.012591414061501105,EOD,0.008691414061501104
2024-12-03,NDA-SE.ST,0,-0.005138351983232425,EOD,-0.009038351983232426
2024-12-04,NDA-SE.ST,2,-0.007097803661026303,STOP,-0.010997803661026304
2024-12-05,NDA-SE.ST,5,0.003933910354072978,EOD,3.3910354072978245e-05
2024-12-12,NDA-SE.ST,4,0.006129955123445496,EOD,0.0022299551234454965
2024-12-13,NDA-SE.ST,1,-0.002026753166538997,EOD,-0.005926753166538997
2024-12-17,NDA-SE.ST,4,-0.004504467069914475,STOP,-0.008404467069914476
2024-12-18,NDA-SE.ST,0,0.004946401146132429,EOD,0.0010464011461324288
2024-12-23,NDA-SE.ST,0,-0.001268983928570222,EOD,-0.005168983928570222
2024-12-27,NDA-SE.ST,0,0.0029288575240258297,EOD,-0.0009711424759741702
2024-12-30,NDA-SE.ST,0,0.005403107896886139,EOD,0.0015031078968861392
2025-01-02,NDA-SE.ST,6,0.002051702939110722,EOD,-0.0018482970608892776
2025-01-03,NDA-SE.ST,3,-0.007299282267666407,EOD,-0.011199282267666408
2025-01-07,NDA-SE.ST,0,0.010354403749614827,EOD,0.006454403749614827
2025-01-09,NDA-SE.ST,1,-0.003982477003954155,EOD,-0.007882477003954155
2025-01-10,NDA-SE.ST,1,-0.0015974197533317191,EOD,-0.005497419753331719
2025-01-13,NDA-SE.ST,3,0.003572882799049548,EOD,-0.0003271172009504516
2025-01-14,NDA-SE.ST,3,0.00039233466422228247,EOD,-0.0035076653357777174
2025-01-15,NDA-SE.ST,0,-0.0034993171514239307,EOD,-0.0073993171514239306
2025-01-21,NDA-SE.ST,0,0.002684096011488002,EOD,-0.001215903988511998
2025-01-22,NDA-SE.ST,0,-0.006473770630306519,STOP,-0.01037377063030652
2025-01-23,NDA-SE.ST,7,0.0015054342420304234,EOD,-0.0023945657579695764
2025-01-27,NDA-SE.ST,0,0.0011256577597327233,EOD,-0.0027743422402672765
2025-02-06,NDA-SE.ST,0,0.014722927946947406,EOD,0.010822927946947405
2025-02-11,NDA-SE.ST,4,0.010674870151945681,EOD,0.006774870151945681
2025-02-12,NDA-SE.ST,5,0.0,EOD,-0.0039
2025-02-13,NDA-SE.ST,2,-0.00784462460872637,STOP,-0.01174462460872637
2025-02-14,NDA-SE.ST,1,0.0,EOD,-0.0039
2025-02-17,NDA-SE.ST,0,0.0077778003833912646,EOD,0.0038778003833912647
2025-02-18,NDA-SE.ST,2,0.002562158338860865,EOD,-0.001337841661139135
2025-02-19,NDA-SE.ST,0,-0.004730669034629487,STOP,-0.008630669034629487
2025-02-20,NDA-SE.ST,0,0.0007353389964384061,EOD,-0.0031646610035615938
2025-02-21,NDA-SE.ST,0,0.006202049075515692,EOD,0.0023020490755156922
2025-02-24,NDA-SE.ST,2,-0.0032443904696703996,EOD,-0.007144390469670399
2025-02-25,NDA-SE.ST,0,0.00752690359683017,EOD,0.0036269035968301703
2025-02-26,NDA-SE.ST,0,0.010250950721283791,EOD,0.0063509507212837915
2025-03-03,NDA-SE.ST,1,0.0,EOD,-0.0039
2025-03-05,NDA-SE.ST,0,-0.002114078970204769,EOD,-0.006014078970204769
2025-03-06,NDA-SE.ST,5,-0.0010474434335259186,EOD,-0.0049474434335259184
2025-03-07,NDA-SE.ST,0,0.006973500994162274,EOD,0.003073500994162274
2025-03-11,NDA-SE.ST,1,-0.009420837925788628,STOP,-0.013320837925788628
2025-03-13,NDA-SE.ST,0,0.0007042683346170087,EOD,-0.003195731665382991
2025-03-14,NDA-SE.ST,0,0.005948258501196069,EOD,0.002048258501196069
2025-03-18,NDA-SE.ST,0,-0.006954102773141568,STOP,-0.010854102773141569
2025-03-25,NDA-SE.ST,1,0.0007586558604804061,EOD,-0.0031413441395195937
2025-03-27,NDA-SE.ST,0,-0.00572300635280254,EOD,-0.00962300635280254
2025-03-28,NDA-SE.ST,0,-0.007680491731482331,STOP,-0.011580491731482331
2025-04-03,NDA-SE.ST,0,-0.011267617914518357,STOP,-0.015167617914518358
2025-04-07,NDA-SE.ST,0,0.013519603796832369,EOD,0.009619603796832368
2025-04-08,NDA-SE.ST,5,-0.006102850626561573,EOD,-0.010002850626561574
2025-04-09,NDA-SE.ST,1,-0.019902697384005186,STOP,-0.023802697384005186
2025-04-11,NDA-SE.ST,2,-0.013947603409249387,STOP,-0.017847603409249388
2025-04-14,NDA-SE.ST,6,0.00041461900821282427,EOD,-0.0034853809917871756
2025-04-15,NDA-SE.ST,2,0.0073081730793951305,EOD,0.0034081730793951307
2025-04-23,NDA-SE.ST,5,-0.0003915068407053246,EOD,-0.004291506840705324
2025-04-25,NDA-SE.ST,0,0.009316746271814669,EOD,0.005416746271814669
2025-04-28,NDA-SE.ST,1,-0.010614055809457401,EOD,-0.014514055809457402
2025-05-05,NDA-SE.ST,0,-0.004057565764478799,STOP,-0.0079575657644788
2025-05-07,NDA-SE.ST,4,-0.0022255418766023993,EOD,-0.006125541876602399
2025-05-08,NDA-SE.ST,1,-0.0011042263418018505,EOD,-0.00500422634180185
2025-05-14,NDA-SE.ST,7,0.0,EOD,-0.0039
2025-05-15,NDA-SE.ST,0,0.006904047282726866,EOD,0.0030040472827268664
2025-05-16,NDA-SE.ST,0,0.0025026158702310397,EOD,-0.0013973841297689601
2025-05-19,NDA-SE.ST,6,-0.001065405909247752,EOD,-0.004965405909247752
2025-05-20,NDA-SE.ST,5,-0.0024683081522069994,EOD,-0.006368308152206999
2025-05-21,NDA-SE.ST,5,-0.002142113853770833,EOD,-0.006042113853770833
2025-05-22,NDA-SE.ST,0,-0.005736845243924482,STOP,-0.009636845243924483
2025-05-26,NDA-SE.ST,0,-0.00612175776846513,STOP,-0.010021757768465131
2025-05-27,NDA-SE.ST,5,-0.0025180295216951087,EOD,-0.0064180295216951086
2025-05-30,NDA-SE.ST,0,0.0014425691729966772,EOD,-0.0024574308270033226
2025-06-02,NDA-SE.ST,0,0.0017927572999001384,EOD,-0.0021072427000998614
2025-06-04,NDA-SE.ST,0,-0.005003552385857368,STOP,-0.008903552385857369
2025-06-09,NDA-SE.ST,7,0.0003585733442243999,EOD,-0.0035414266557756
2025-06-11,NDA-SE.ST,0,-0.005759451606347388,STOP,-0.009659451606347388
2025-06-12,NDA-SE.ST,1,0.009134088010595232,EOD,0.005234088010595232
2025-06-13,NDA-SE.ST,0,-0.006936816132980472,STOP,-0.010836816132980473
2025-06-16,NDA-SE.ST,0,0.0069292261557225565,EOD,0.0030292261557225567
2025-06-18,NDA-SE.ST,0,0.00036379085389603993,EOD,-0.00353620914610396
2025-06-23,NDA-SE.ST,0,-0.009879187010789159,STOP,-0.01377918701078916
2025-06-24,NDA-SE.ST,1,-0.0018070111237504793,EOD,-0.005707011123750479
2025-06-26,NDA-SE.ST,1,-0.009740303348236168,STOP,-0.013640303348236169
2025-06-27,NDA-SE.ST,0,0.007489322928768916,EOD,0.0035893229287689158
2025-06-30,NDA-SE.ST,0,-0.003881461281602605,STOP,-0.007781461281602605
2025-07-02,NDA-SE.ST,0,0.002494589002948633,EOD,-0.001405410997051367
2025-07-03,NDA-SE.ST,0,0.00527983093197637,EOD,0.0013798309319763705
2025-07-07,NDA-SE.ST,5,0.0,EOD,-0.0039
2025-07-09,NDA-SE.ST,0,0.011925618462631293,EOD,0.008025618462631293
2025-07-10,NDA-SE.ST,0,-0.00517419810824693,STOP,-0.00907419810824693
2025-07-14,NDA-SE.ST,0,0.00746005720609455,EOD,0.0035600572060945504
2025-07-16,NDA-SE.ST,0,-0.002120162909949208,EOD,-0.006020162909949208
2025-07-21,NDA-SE.ST,0,-0.0018181818181818299,EOD,-0.00571818181818183
2025-07-23,NDA-SE.ST,0,0.009433984201506318,EOD,0.005533984201506318
2025-07-24,NDA-SE.ST,0,0.0,EOD,-0.0039
2025-07-29,NDA-SE.ST,0,-0.008812125105499113,STOP,-0.012712125105499114
2025-07-30,NDA-SE.ST,0,0.004191450430305332,EOD,0.00029145043030533255
2025-08-01,NDA-SE.ST,1,-0.00947040389066467,STOP,-0.01337040389066467
2025-08-04,NDA-SE.ST,1,0.0031457318325214256,EOD,-0.0007542681674785742
2025-08-06,NDA-SE.ST,0,-0.002079743859672911,EOD,-0.005979743859672911
2025-08-07,NDA-SE.ST,0,0.002412066368052912,EOD,-0.0014879336319470879
2025-08-08,NDA-SE.ST,0,0.004791217789178015,EOD,0.0008912177891780152
2025-08-13,NDA-SE.ST,0,0.007427351785237013,EOD,0.003527351785237013
2025-08-14,NDA-SE.ST,0,0.012926727672149196,EOD,0.009026727672149196
2025-08-19,NDA-SE.ST,3,-0.003944813145551618,EOD,-0.007844813145551618
2025-08-20,NDA-SE.ST,7,-0.0026376123480585933,STOP,-0.006537612348058593
2025-08-22,NDA-SE.ST,0,0.00636087652774342,EOD,0.00246087652774342
2025-08-25,NDA-SE.ST,0,-0.0033355571738400425,STOP,-0.007235557173840042
2025-08-26,NDA-SE.ST,2,-0.0006732150889339206,EOD,-0.00457321508893392
2025-08-29,NDA-SE.ST,6,-0.0013808229106204717,EOD,-0.0052808229106204715
2025-09-01,NDA-SE.ST,0,-0.0010201234420963434,EOD,-0.004920123442096343
2025-09-04,NDA-SE.ST,0,0.008541168075632655,EOD,0.004641168075632655
2025-09-05,NDA-SE.ST,1,-0.004388988038387498,STOP,-0.008288988038387499
2025-09-08,NDA-SE.ST,0,0.0,EOD,-0.0039
2025-09-10,NDA-SE.ST,0,-0.008010660372467227,STOP,-0.011910660372467227
2025-09-11,NDA-SE.ST,0,-0.0066733397348626156,STOP,-0.010573339734862616
2025-09-12,NDA-SE.ST,0,0.003346720350915433,EOD,-0.0005532796490845667
2025-09-15,NDA-SE.ST,0,0.0036519772289431707,EOD,-0.00024802277105682915
2025-09-16,NDA-SE.ST,0,-0.007603265431301631,STOP,-0.011503265431301632
2025-09-17,NDA-SE.ST,0,-0.005299788459301014,STOP,-0.009199788459301014
2025-09-19,NDA-SE.ST,0,0.0072320236724903175,EOD,0.0033320236724903177
2025-09-23,NDA-SE.ST,1,0.004591649473629333,EOD,0.0006916494736293336
2025-09-26,NDA-SE.ST,0,0.01065543320276885,EOD,0.006755433202768849
2025-09-29,NDA-SE.ST,5,0.0003179844308922597,EOD,-0.00358201556910774
2025-09-30,NDA-SE.ST,1,-0.0056997715723433595,STOP,-0.00959977157234336
2025-10-01,NDA-SE.ST,0,-0.0013007931592987632,EOD,-0.005200793159298763
2025-10-03,NDA-SE.ST,2,-0.00711978060527918,STOP,-0.01101978060527918
2025-10-06,NDA-SE.ST,5,-0.003574930321340042,EOD,-0.007474930321340042
2025-10-07,NDA-SE.ST,3,-0.006842639769565895,STOP,-0.010742639769565895
2025-10-08,NDA-SE.ST,0,-0.004573648704897182,STOP,-0.008473648704897183
2025-10-09,NDA-SE.ST,0,0.0016350556571589347,EOD,-0.002264944342841065
2025-10-10,NDA-SE.ST,5,-0.007402697844164474,EOD,-0.011302697844164475
2025-10-14,NDA-SE.ST,0,0.004533757996781906,EOD,0.0006337579967819066
2025-10-15,NDA-SE.ST,0,-0.007013108452094463,EOD,-0.010913108452094464
2025-10-17,NDA-SE.ST,0,-0.008804993059650212,STOP,-0.012704993059650213
2025-10-20,NDA-SE.ST,0,-0.00842954040697097,STOP,-0.01232954040697097
2025-10-21,NDA-SE.ST,0,-0.003725588898764509,STOP,-0.007625588898764509
2025-10-23,NDA-SE.ST,0,-0.007151798093581352,STOP,-0.011051798093581353
2025-10-27,NDA-SE.ST,0,-0.005644364463528451,STOP,-0.009544364463528451
2025-10-29,NDA-SE.ST,5,-0.00030952058689714956,EOD,-0.004209520586897149
2025-10-30,NDA-SE.ST,4,-0.0003062036180242478,EOD,-0.004206203618024248
2025-11-03,NDA-SE.ST,0,-0.012765994550246962,STOP,-0.016665994550246963
2025-11-06,NDA-SE.ST,1,0.010075508904147101,EOD,0.0061755089041471015
2025-11-10,NDA-SE.ST,6,-0.004979693889588521,STOP,-0.008879693889588522
2025-11-11,NDA-SE.ST,0,0.009888694774713658,EOD,0.005988694774713658
2025-11-12,NDA-SE.ST,5,0.001512859304084735,EOD,-0.002387140695915265
2025-11-13,NDA-SE.ST,0,-0.003609059269266912,EOD,-0.007509059269266912
2025-11-19,NDA-SE.ST,5,-0.0006289692045008399,EOD,-0.00452896920450084
2025-11-20,NDA-SE.ST,0,0.0024867508940407124,EOD,-0.0014132491059592875
2025-11-21,NDA-SE.ST,0,0.008419025839357053,EOD,0.004519025839357053
2025-11-24,NDA-SE.ST,6,-0.0024330529886530394,EOD,-0.006333052988653039
2025-11-25,NDA-SE.ST,2,0.004842633574675181,EOD,0.0009426335746751816
2025-11-26,NDA-SE.ST,1,0.002989536621823552,EOD,-0.0009104633781764479
2025-12-02,NDA-SE.ST,0,0.0005888742221993315,EOD,-0.0033111257778006683
2025-12-03,NDA-SE.ST,0,-0.0038213352848316395,EOD,-0.007721335284831639
2025-12-08,NDA-SE.ST,5,0.002073405440752518,EOD,-0.0018265945592474816
2025-12-10,NDA-SE.ST,5,-0.0011834138949241568,EOD,-0.005083413894924157
2025-12-11,NDA-SE.ST,0,0.009166101342538813,EOD,0.005266101342538813
2025-12-12,NDA-SE.ST,0,-0.0034934853188682835,STOP,-0.007393485318868283
2025-12-18,NDA-SE.ST,0,0.005599836376126932,EOD,0.0016998363761269323
2025-12-22,NDA-SE.ST,0,-0.005803830425351819,STOP,-0.00970383042535182
2025-12-30,NDA-SE.ST,0,0.005783690198385427,EOD,0.0018836901983854274
2026-01-02,NDA-SE.ST,0,0.004260153291673063,EOD,0.0003601532916730635
2026-01-08,NDA-SE.ST,4,0.002863688330592362,EOD,-0.0010363116694076377
2026-01-12,NDA-SE.ST,5,0.0014285714285713347,EOD,-0.002471428571428665
2026-01-13,NDA-SE.ST,3,-0.00028217778544181726,EOD,-0.004182177785441817
2026-01-14,NDA-SE.ST,2,0.0002804433589567168,EOD,-0.003619556641043283
2026-01-15,NDA-SE.ST,0,0.003333367241753482,EOD,-0.0005666327582465177
2026-01-20,NDA-SE.ST,6,-0.0014204545454545858,EOD,-0.005320454545454586
2026-01-21,NDA-SE.ST,0,-0.00829755049065628,STOP,-0.012197550490656281
2026-01-22,NDA-SE.ST,5,0.001394700139470073,EOD,-0.0025052998605299267
2026-01-26,NDA-SE.ST,1,-0.00028052202949679916,EOD,-0.004180522029496799
2026-01-27,NDA-SE.ST,1,0.0019504380577759495,EOD,-0.0019495619422240503
2026-01-29,NDA-SE.ST,0,-0.01607448423271396,STOP,-0.01997448423271396
2026-01-30,NDA-SE.ST,0,-0.010034404020901055,EOD,-0.013934404020901056
2026-02-03,NDA-SE.ST,0,-0.0025224045046957633,EOD,-0.006422404504695763
2026-02-04,NDA-SE.ST,0,-0.006105972145403649,EOD,-0.01000597214540365
2026-02-06,NDA-SE.ST,0,-0.003914971679500279,EOD,-0.00781497167950028
2026-02-09,NDA-SE.ST,0,-0.006431818432019454,STOP,-0.010331818432019454
2026-02-10,NDA-SE.ST,0,-0.008333333333333304,STOP,-0.012233333333333304
2026-02-12,NDA-SE.ST,0,-0.009505239860306824,STOP,-0.013405239860306825
2026-02-16,NDA-SE.ST,0,-0.002568475776715484,EOD,-0.006468475776715484
2026-02-17,NDA-SE.ST,1,0.004847395581068836,EOD,0.0009473955810688365
2026-02-18,NDA-SE.ST,0,-0.00561167237444149,STOP,-0.00951167237444149
2026-02-20,NDA-SE.ST,0,0.006462541022734136,EOD,0.0025625410227341364
2026-02-23,NDA-SE.ST,4,-0.005268979102398985,STOP,-0.009168979102398986
2026-02-25,NDA-SE.ST,0,-0.004469290791943137,EOD,-0.008369290791943138
2026-02-26,NDA-SE.ST,3,-0.007248413758109917,STOP,-0.011148413758109918
2026-02-27,NDA-SE.ST,0,-0.006457097786987331,STOP,-0.010357097786987332
2026-03-04,NDA-SE.ST,0,0.009751827334714358,EOD,0.005851827334714358
2026-03-05,NDA-SE.ST,0,-0.0096378149877141,EOD,-0.0135378149877141
2026-03-09,NDA-SE.ST,0,0.014961813424379855,EOD,0.011061813424379854
2026-03-10,NDA-SE.ST,0,-0.012202243050778883,STOP,-0.016102243050778883
2026-03-11,NDA-SE.ST,1,-0.006485884810901732,STOP,-0.010385884810901733
2026-03-12,NDA-SE.ST,7,-0.0032371266199329174,EOD,-0.007137126619932917
2026-03-13,NDA-SE.ST,0,-0.0011834138949241568,EOD,-0.005083413894924157
2026-03-16,NDA-SE.ST,4,0.0005880084853402412,EOD,-0.0033119915146597586
2026-03-17,NDA-SE.ST,0,0.0011761067018700722,EOD,-0.0027238932981299277
2026-03-18,NDA-SE.ST,0,-0.00784194535341276,STOP,-0.011741945353412761
2026-03-23,NDA-SE.ST,0,0.024831316011100002,EOD,0.0209313160111
2026-03-25,NDA-SE.ST,0,-0.016528964100910537,STOP,-0.020428964100910538
2026-03-27,NDA-SE.ST,6,-0.0035165461280821653,EOD,-0.007416546128082165
2026-03-30,NDA-SE.ST,0,0.013375835054239671,EOD,0.00947583505423967
2026-03-31,NDA-SE.ST,0,-0.00586417869285305,EOD,-0.009764178692853051
2026-04-01,NDA-SE.ST,3,-0.0012128378147044927,EOD,-0.0051128378147044925
2026-04-02,NDA-SE.ST,0,0.0006047223528009571,EOD,-0.0032952776471990427
2026-04-07,NDA-SE.ST,0,-0.010791385004946807,STOP,-0.014691385004946808
2026-04-10,NDA-SE.ST,1,0.00734861819604693,EOD,0.00344861819604693
2026-04-13,NDA-SE.ST,0,0.0026277194057937603,EOD,-0.0012722805942062395
2026-04-14,NDA-SE.ST,0,0.009490905024771346,EOD,0.005590905024771346
2026-04-15,NDA-SE.ST,3,-0.005125336696986671,EOD,-0.009025336696986672
2026-04-17,NDA-SE.ST,4,0.0005799136287931717,EOD,-0.003320086371206828
2026-04-20,NDA-SE.ST,0,-0.0075340656549734986,STOP,-0.0114340656549735
2026-04-21,NDA-SE.ST,0,-0.0020396625353525932,EOD,-0.005939662535352593
2026-04-24,NDA-SE.ST,3,-0.004398826979472137,EOD,-0.008298826979472138
2026-04-27,NDA-SE.ST,0,0.0011726587198095384,EOD,-0.0027273412801904614
2026-04-28,NDA-SE.ST,0,-0.0014501160606195107,EOD,-0.0053501160606195105
2026-04-29,NDA-SE.ST,2,0.0,EOD,-0.0039
2026-04-30,NDA-SE.ST,1,0.0008723998716824166,EOD,-0.003027600128317583
2026-05-05,NDA-SE.ST,0,-0.005544278804736846,EOD,-0.009444278804736847
2026-05-06,NDA-SE.ST,0,-0.005188780122913128,EOD,-0.009088780122913129
2026-05-08,NDA-SE.ST,1,0.0014797277568261435,EOD,-0.0024202722431738563
2026-05-11,NDA-SE.ST,0,-0.0023570648419420914,EOD,-0.006257064841942091
2026-05-12,NDA-SE.ST,3,-0.001772543880400712,EOD,-0.005672543880400712
2026-05-18,NDA-SE.ST,0,0.013231402291214112,EOD,0.009331402291214111
2026-05-19,NDA-SE.ST,2,-0.0040334021085175475,STOP,-0.007933402108517548
2026-05-20,NDA-SE.ST,1,0.013298659105765331,EOD,0.00939865910576533
2026-05-21,NDA-SE.ST,0,-0.006517392555250079,STOP,-0.01041739255525008
2026-05-22,NDA-SE.ST,0,0.002817695173845669,EOD,-0.0010823048261543308
2026-05-25,NDA-SE.ST,2,0.0058284934073389305,EOD,0.0019284934073389307
2026-05-29,NDA-SE.ST,6,-0.0058873171618978315,STOP,-0.009787317161897832
2026-06-03,NDA-SE.ST,0,0.002285679408482233,EOD,-0.0016143205915177669
2026-06-09,NDA-SE.ST,0,-0.006562019380795259,EOD,-0.01046201938079526
2026-06-10,NDA-SE.ST,0,-0.005442549021099086,STOP,-0.009342549021099086
2026-06-11,NDA-SE.ST,0,-0.004568835087789047,EOD,-0.008468835087789048
2026-06-12,NDA-SE.ST,0,0.0016882558070341336,EOD,-0.0022117441929658662
2026-06-15,NDA-SE.ST,6,-0.0033278208173040946,EOD,-0.0072278208173040944
2026-06-16,NDA-SE.ST,0,-0.0035951833202533257,STOP,-0.0074951833202533255
2026-06-17,NDA-SE.ST,0,0.01088480197302144,EOD,0.006984801973021441
2026-06-22,NDA-SE.ST,1,0.005989687667159238,EOD,0.0020896876671592382
2026-06-25,NDA-SE.ST,2,-0.0016698458288932905,EOD,-0.00556984582889329
2026-06-26,NDA-SE.ST,0,0.0036131694125984826,EOD,-0.00028683058740151725
2026-06-29,NDA-SE.ST,0,0.006355397483661651,EOD,0.0024553974836616513
2026-06-30,NDA-SE.ST,0,0.010453886638153387,EOD,0.006553886638153387
2026-07-01,NDA-SE.ST,0,-0.006273917818477637,STOP,-0.010173917818477637
2026-07-02,NDA-SE.ST,0,0.01664848855111889,EOD,0.012748488551118889
2026-07-03,NDA-SE.ST,5,0.002942766558154286,EOD,-0.0009572334418457137
2026-07-07,NDA-SE.ST,0,-0.0010579050251982025,EOD,-0.004957905025198202
2023-08-08,SAAB-B.ST,2,-0.006362629310014745,STOP,-0.010262629310014745
2023-08-09,SAAB-B.ST,2,-0.0031701088969114943,EOD,-0.007070108896911494
2023-08-14,SAAB-B.ST,0,0.001801152698150732,EOD,-0.002098847301849268
2023-08-15,SAAB-B.ST,0,-0.0021513306441244273,EOD,-0.006051330644124427
2023-08-16,SAAB-B.ST,6,-0.0014398629015868192,EOD,-0.005339862901586819
2023-08-18,SAAB-B.ST,7,0.0,EOD,-0.0039
2023-08-21,SAAB-B.ST,0,-0.005347593582887722,EOD,-0.009247593582887723
2023-08-23,SAAB-B.ST,0,0.011055656815242454,EOD,0.007155656815242454
2023-08-24,SAAB-B.ST,0,-0.005981745721364895,EOD,-0.009881745721364896
2023-08-25,SAAB-B.ST,3,-0.004216486933576458,EOD,-0.008116486933576458
2023-08-28,SAAB-B.ST,5,0.0038207923822017875,EOD,-7.92076177982123e-05
2023-08-29,SAAB-B.ST,3,-0.009996531663117536,EOD,-0.013896531663117537
2023-08-30,SAAB-B.ST,5,0.0024212441185575972,EOD,-0.0014787558814424026
2023-08-31,SAAB-B.ST,0,-0.008910129179930504,STOP,-0.012810129179930504
2023-09-01,SAAB-B.ST,1,-0.0034258308355930023,EOD,-0.007325830835593002
2023-09-04,SAAB-B.ST,5,-0.005790232192406264,EOD,-0.009690232192406265
2023-09-05,SAAB-B.ST,0,0.0061643417567422976,EOD,0.0022643417567422977
2023-09-06,SAAB-B.ST,3,-0.000679158597729157,EOD,-0.004579158597729157
2023-09-08,SAAB-B.ST,1,-0.00842034372311784,STOP,-0.012320343723117841
2023-09-11,SAAB-B.ST,0,0.0019960282479469793,EOD,-0.0019039717520530205
2023-09-12,SAAB-B.ST,2,-0.010081320661839421,EOD,-0.013981320661839422
2023-09-13,SAAB-B.ST,6,-0.0003292923921499602,EOD,-0.00422929239214996
2023-09-14,SAAB-B.ST,5,-0.0025822718673035316,EOD,-0.0064822718673035315
2023-09-15,SAAB-B.ST,0,-0.006399999999999961,EOD,-0.010299999999999962
2023-09-27,SAAB-B.ST,0,0.0053956834532373765,EOD,0.0014956834532373767
2023-09-29,SAAB-B.ST,0,-0.010668562837014672,STOP,-0.014568562837014673
2023-10-03,SAAB-B.ST,0,0.0,EOD,-0.0039
2023-10-05,SAAB-B.ST,0,0.008202765060856487,EOD,0.0043027650608564874
2023-10-09,SAAB-B.ST,0,-0.0034818940024248235,EOD,-0.007381894002424823
2023-10-11,SAAB-B.ST,0,-0.005163511187607606,EOD,-0.009063511187607606
2023-10-12,SAAB-B.ST,0,0.00545146883650971,EOD,0.0015514688365097099
2023-10-13,SAAB-B.ST,0,-0.009090950192024438,STOP,-0.012990950192024439
2023-10-17,SAAB-B.ST,1,-0.012706085343158202,STOP,-0.016606085343158203
2023-10-24,SAAB-B.ST,0,0.007806998943688859,EOD,0.003906998943688859
2023-10-25,SAAB-B.ST,0,0.007024938230580924,EOD,0.003124938230580924
2023-10-30,SAAB-B.ST,1,-0.003855505198043341,EOD,-0.007755505198043341
2023-10-31,SAAB-B.ST,0,-0.0006988546418599251,EOD,-0.004598854641859925
2023-11-01,SAAB-B.ST,0,0.008968631108160707,EOD,0.0050686311081607075
2023-11-03,SAAB-B.ST,0,-0.004498227657331322,EOD,-0.008398227657331322
2023-11-07,SAAB-B.ST,0,0.006371638205199037,EOD,0.0024716382051990374
2023-11-08,SAAB-B.ST,0,-0.009440602122486874,STOP,-0.013340602122486875
2023-11-13,SAAB-B.ST,0,-0.016736359823117164,STOP,-0.020636359823117165
2023-11-20,SAAB-B.ST,4,-0.004189880289895642,EOD,-0.008089880289895643
2023-11-22,SAAB-B.ST,1,0.004590352178439838,EOD,0.0006903521784398384
2023-11-28,SAAB-B.ST,2,0.0011069660257150282,EOD,-0.0027930339742849716
2023-11-29,SAAB-B.ST,1,-0.0014588781774396153,EOD,-0.005358878177439615
2023-12-01,SAAB-B.ST,1,0.005484460694698434,EOD,0.0015844606946984344
2023-12-05,SAAB-B.ST,5,0.0003612937425070406,EOD,-0.003538706257492959
2023-12-06,SAAB-B.ST,0,-0.011207541703218471,STOP,-0.015107541703218472
2023-12-08,SAAB-B.ST,5,0.010026039099217954,EOD,0.006126039099217954
2023-12-12,SAAB-B.ST,2,-0.004644472387696941,EOD,-0.008544472387696941
2023-12-15,SAAB-B.ST,0,0.0038568567281092037,EOD,-4.314327189079616e-05
2023-12-18,SAAB-B.ST,0,-0.001373710155541108,EOD,-0.005273710155541108
2023-12-19,SAAB-B.ST,0,0.0030896822924075806,EOD,-0.0008103177075924192
2023-12-20,SAAB-B.ST,0,0.00981053395333431,EOD,0.005910533953334311
2023-12-27,SAAB-B.ST,0,0.0,EOD,-0.0039
2023-12-28,SAAB-B.ST,1,0.0033123551514309124,EOD,-0.0005876448485690874
2024-01-04,SAAB-B.ST,1,0.02570785788440988,EOD,0.02180785788440988
2024-01-05,SAAB-B.ST,2,0.0003148806725243869,EOD,-0.003585119327475613
2024-01-08,SAAB-B.ST,2,-0.007502325546342448,EOD,-0.011402325546342448
2024-01-09,SAAB-B.ST,0,-0.011325411903218785,EOD,-0.015225411903218786
2024-01-10,SAAB-B.ST,0,-0.002453291308105454,EOD,-0.006353291308105454
2024-01-11,SAAB-B.ST,2,0.0051829640458269655,EOD,0.0012829640458269656
2024-01-12,SAAB-B.ST,0,0.008045237307356734,EOD,0.004145237307356734
2024-01-15,SAAB-B.ST,2,-0.009886577367918759,EOD,-0.01378657736791876
2024-01-18,SAAB-B.ST,0,0.006725110505756637,EOD,0.0028251105057566376
2024-01-22,SAAB-B.ST,2,0.00824738672450298,EOD,0.004347386724502981
2024-01-24,SAAB-B.ST,4,-0.005544278804736846,EOD,-0.009444278804736847
2024-01-29,SAAB-B.ST,0,-0.005286307762022768,EOD,-0.009186307762022769
2024-01-30,SAAB-B.ST,0,-0.012850449693099564,STOP,-0.016750449693099564
2024-02-01,SAAB-B.ST,6,-0.002359845996957932,EOD,-0.006259845996957932
2024-02-02,SAAB-B.ST,5,-0.003512916234163055,EOD,-0.007412916234163055
2024-02-05,SAAB-B.ST,0,-0.009362146880448008,STOP,-0.013262146880448009
2024-02-08,SAAB-B.ST,0,-0.0005749905016447787,EOD,-0.0044749905016447785
2024-02-09,SAAB-B.ST,0,-0.020027047081148552,EOD,-0.023927047081148553
2024-02-12,SAAB-B.ST,0,0.012191906314186651,EOD,0.00829190631418665
2024-02-13,SAAB-B.ST,0,-0.02079542434663273,STOP,-0.02469542434663273
2024-02-14,SAAB-B.ST,1,0.007532451679180152,EOD,0.0036324516791801523
2024-02-15,SAAB-B.ST,0,-0.011684038508733008,EOD,-0.015584038508733009
2024-02-16,SAAB-B.ST,5,-0.001764066811963616,EOD,-0.005664066811963616
2024-02-19,SAAB-B.ST,3,0.004031257566441182,EOD,0.00013125756644118223
2024-02-23,SAAB-B.ST,1,0.006371050048128879,EOD,0.002471050048128879
2024-02-26,SAAB-B.ST,0,0.015046882573642062,EOD,0.011146882573642061
2024-02-28,SAAB-B.ST,0,0.007918786540758838,EOD,0.004018786540758838
2024-03-01,SAAB-B.ST,0,-0.0053281223588602655,EOD,-0.009228122358860266
2024-03-04,SAAB-B.ST,1,0.030624502810751908,EOD,0.026724502810751907
2024-03-07,SAAB-B.ST,0,0.011438336035155316,EOD,0.007538336035155317
2024-03-11,SAAB-B.ST,0,-0.0018867636626621609,EOD,-0.005786763662662161
2024-03-15,SAAB-B.ST,5,-0.0054869545724144375,EOD,-0.009386954572414438
2024-03-18,SAAB-B.ST,0,-0.009810604409598689,STOP,-0.01371060440959869
2024-03-19,SAAB-B.ST,1,0.004466279710853005,EOD,0.0005662797108530052
2024-03-20,SAAB-B.ST,0,0.0044198895027625085,EOD,0.0005198895027625086
2024-03-21,SAAB-B.ST,4,-0.008913056746773118,EOD,-0.012813056746773119
2024-03-22,SAAB-B.ST,0,0.005379814793045945,EOD,0.0014798147930459452
2024-03-25,SAAB-B.ST,2,-0.009886373053838327,STOP,-0.013786373053838327
2024-03-26,SAAB-B.ST,0,0.005645018348191755,EOD,0.001745018348191755
2024-03-27,SAAB-B.ST,0,-0.0012358519124935352,EOD,-0.005135851912493535
2024-04-03,SAAB-B.ST,5,0.007509399560595265,EOD,0.0036093995605952648
2024-04-08,SAAB-B.ST,0,0.010084367067368705,EOD,0.006184367067368705
2024-04-12,SAAB-B.ST,0,-0.011822871572824245,EOD,-0.015722871572824246
2024-04-15,SAAB-B.ST,1,0.0019132523557865433,EOD,-0.0019867476442134565
2024-04-23,SAAB-B.ST,0,0.023604704379383668,EOD,0.019704704379383667
2024-04-24,SAAB-B.ST,4,-0.0036177520994554735,EOD,-0.007517752099455473
2024-05-02,SAAB-B.ST,0,-0.007069569221244354,EOD,-0.010969569221244355
2024-05-03,SAAB-B.ST,4,0.0022799817284178125,EOD,-0.0016200182715821873
2024-05-06,SAAB-B.ST,5,0.006259822014220262,EOD,0.0023598220142202623
2024-05-08,SAAB-B.ST,0,0.0034639664963369565,EOD,-0.0004360335036630433
2024-05-14,SAAB-B.ST,0,0.026280596420865887,EOD,0.022380596420865886
2024-05-15,SAAB-B.ST,0,0.008583690987124415,EOD,0.004683690987124415
2024-05-17,SAAB-B.ST,1,0.008834691335620315,EOD,0.004934691335620315
2024-05-20,SAAB-B.ST,0,0.0024864933159485236,EOD,-0.0014135066840514762
2024-05-22,SAAB-B.ST,0,-0.008048289738430636,EOD,-0.011948289738430637
2024-05-23,SAAB-B.ST,0,0.004024144869215318,EOD,0.0001241448692153183
2024-05-24,SAAB-B.ST,0,0.0024048340822269143,EOD,-0.0014951659177730855
2024-05-30,SAAB-B.ST,0,0.002506291223111079,EOD,-0.0013937087768889208
2024-05-31,SAAB-B.ST,3,0.01563123806206157,EOD,0.01173123806206157
2024-06-07,SAAB-B.ST,0,0.04732596613852125,EOD,0.043425966138521246
2024-06-11,SAAB-B.ST,0,-0.018712573995415482,STOP,-0.022612573995415483
2024-06-19,SAAB-B.ST,2,0.015230583134711262,EOD,0.011330583134711261
2024-06-24,SAAB-B.ST,0,0.022504726917909723,EOD,0.018604726917909722
2024-06-27,SAAB-B.ST,0,0.010640409010288732,EOD,0.006740409010288732
2024-07-03,SAAB-B.ST,0,0.01197843895610018,EOD,0.008078438956100178
2024-07-04,SAAB-B.ST,0,0.007232176789115474,EOD,0.0033321767891154744
2024-07-05,SAAB-B.ST,1,-0.008288334414311316,STOP,-0.012188334414311316
2024-07-08,SAAB-B.ST,0,0.00784923358421108,EOD,0.00394923358421108
2024-07-09,SAAB-B.ST,0,-0.013640683162223777,STOP,-0.017540683162223777
2024-07-10,SAAB-B.ST,0,0.018202719976236237,EOD,0.014302719976236236
2024-07-11,SAAB-B.ST,0,-0.00542364755536906,EOD,-0.00932364755536906
2024-07-15,SAAB-B.ST,0,-0.012520933428446734,EOD,-0.016420933428446735
2024-07-16,SAAB-B.ST,2,0.009405568528269681,EOD,0.005505568528269681
2024-07-17,SAAB-B.ST,2,-0.009293680297397744,STOP,-0.013193680297397745
2024-07-18,SAAB-B.ST,1,0.0007477091851635365,EOD,-0.0031522908148364634
2024-07-24,SAAB-B.ST,0,0.008027292992152102,EOD,0.004127292992152102
2024-07-26,SAAB-B.ST,0,0.0068792739399483605,EOD,0.0029792739399483606
2024-07-29,SAAB-B.ST,3,-0.012583746810272078,EOD,-0.01648374681027208
2024-07-30,SAAB-B.ST,4,-0.0018564231005482323,EOD,-0.005756423100548232
2024-07-31,SAAB-B.ST,0,0.005902756943044318,EOD,0.0020027569430443185
2024-08-05,SAAB-B.ST,0,0.006538797035351651,EOD,0.0026387970353516513
2024-08-07,SAAB-B.ST,0,-0.012973215536263627,STOP,-0.016873215536263628
2024-08-08,SAAB-B.ST,4,0.0019071708161153555,EOD,-0.0019928291838846443
2024-08-09,SAAB-B.ST,0,0.005434795436218609,EOD,0.0015347954362186092
2024-08-12,SAAB-B.ST,0,-0.0008232021023025782,EOD,-0.004723202102302578
2024-08-13,SAAB-B.ST,1,0.004274386638903227,EOD,0.0003743866389032272
2024-08-14,SAAB-B.ST,5,0.002753725242509386,EOD,-0.0011462747574906137
2024-08-15,SAAB-B.ST,7,-0.00019435908047638062,EOD,-0.0040943590804763804
2024-08-22,SAAB-B.ST,1,-0.0073730775437046425,STOP,-0.011273077543704643
2024-08-23,SAAB-B.ST,4,-0.0035834353105494987,EOD,-0.0074834353105494985
2024-08-27,SAAB-B.ST,0,0.011922451437938575,EOD,0.008022451437938574
2024-08-28,SAAB-B.ST,5,-0.004752040894563492,EOD,-0.008652040894563492
2024-08-29,SAAB-B.ST,3,0.0045548906977872505,EOD,0.0006548906977872507
2024-09-03,SAAB-B.ST,0,-0.012875536480686733,STOP,-0.016775536480686734
2024-09-04,SAAB-B.ST,0,-0.0024229209328537893,EOD,-0.006322920932853789
2024-09-06,SAAB-B.ST,0,-0.013291980684820182,STOP,-0.017191980684820182
2024-09-09,SAAB-B.ST,1,0.004908481993608049,EOD,0.0010084819936080494
2024-09-10,SAAB-B.ST,4,-0.004422821640890029,EOD,-0.00832282164089003
2024-09-13,SAAB-B.ST,2,0.005628937297839309,EOD,0.0017289372978393095
2024-09-16,SAAB-B.ST,1,-0.0012859110494364279,EOD,-0.005185911049436428
2024-09-17,SAAB-B.ST,0,-0.005347593582887722,STOP,-0.009247593582887723
2024-09-18,SAAB-B.ST,0,-0.008720984587668124,EOD,-0.012620984587668124
2024-09-19,SAAB-B.ST,0,0.007211511689146022,EOD,0.003311511689146022
2024-09-23,SAAB-B.ST,6,0.0,EOD,-0.0039
2024-09-25,SAAB-B.ST,0,0.012926997756549374,EOD,0.009026997756549374
2024-09-26,SAAB-B.ST,0,-0.018846475722067435,STOP,-0.022746475722067436
2024-09-27,SAAB-B.ST,4,-0.007764315925722798,EOD,-0.011664315925722799
2024-10-01,SAAB-B.ST,0,0.013832213386656855,EOD,0.009932213386656855
2024-10-02,SAAB-B.ST,1,-0.0023939197029719805,EOD,-0.00629391970297198
2024-10-03,SAAB-B.ST,0,-0.01716738197424894,STOP,-0.02106738197424894
2024-10-07,SAAB-B.ST,6,-0.004610331731099038,EOD,-0.008510331731099038
2024-10-08,SAAB-B.ST,0,-0.004607230456731282,EOD,-0.008507230456731282
2024-10-10,SAAB-B.ST,0,-0.02084247532782968,STOP,-0.02474247532782968
2024-10-11,SAAB-B.ST,4,0.00809522356305803,EOD,0.0041952235630580295
2024-10-14,SAAB-B.ST,7,0.002574318125299291,EOD,-0.001325681874700709
2024-10-17,SAAB-B.ST,2,0.0011361054148280036,EOD,-0.002763894585171996
2024-10-18,SAAB-B.ST,0,0.0013680029529548055,EOD,-0.0025319970470451944
2024-10-22,SAAB-B.ST,0,0.015042385812533032,EOD,0.011142385812533032
2024-10-24,SAAB-B.ST,0,-0.01598507787398984,EOD,-0.01988507787398984
2024-10-28,SAAB-B.ST,0,0.005615563938478729,EOD,0.0017155639384787294
2024-11-01,SAAB-B.ST,0,-0.003142522775498091,EOD,-0.007042522775498091
2024-11-05,SAAB-B.ST,0,0.03417837600890028,EOD,0.03027837600890028
2024-11-07,SAAB-B.ST,0,0.03314312094211158,EOD,0.02924312094211158
2024-11-15,SAAB-B.ST,0,-0.004660055451363165,EOD,-0.008560055451363166
2024-11-18,SAAB-B.ST,1,0.003345193695067028,EOD,-0.0005548063049329718
2024-11-19,SAAB-B.ST,0,0.027898326452320488,EOD,0.023998326452320487
2024-11-21,SAAB-B.ST,5,0.006085192697768749,EOD,0.002185192697768749
2024-11-25,SAAB-B.ST,1,-0.02315747051683048,STOP,-0.02705747051683048
2024-11-26,SAAB-B.ST,0,0.0033243427053728514,EOD,-0.0005756572946271485
2024-12-02,SAAB-B.ST,3,-0.007993428869178865,EOD,-0.011893428869178865
2024-12-03,SAAB-B.ST,0,0.01041448939923928,EOD,0.00651448939923928
2024-12-05,SAAB-B.ST,0,0.0044435097199193585,EOD,0.0005435097199193587
2024-12-11,SAAB-B.ST,0,0.007778751509228687,EOD,0.0038787515092286876
2024-12-16,SAAB-B.ST,0,-0.0032044434531972588,EOD,-0.007104443453197259
2024-12-18,SAAB-B.ST,0,0.0013345331302718755,EOD,-0.0025654668697281243
2024-12-19,SAAB-B.ST,0,-0.0033229951712050454,EOD,-0.007222995171205045
2024-12-20,SAAB-B.ST,0,-0.009178432933678593,STOP,-0.013078432933678594
2024-12-23,SAAB-B.ST,1,-0.0006283782924257908,EOD,-0.004528378292425791
2024-12-27,SAAB-B.ST,0,-0.01456002107058807,STOP,-0.01846002107058807
2025-01-03,SAAB-B.ST,5,-0.00021520572603528354,EOD,-0.004115205726035283
2025-01-08,SAAB-B.ST,0,-0.005509654878457115,EOD,-0.009409654878457116
2025-01-14,SAAB-B.ST,0,0.005855522996560003,EOD,0.0019555229965600033
2025-01-15,SAAB-B.ST,0,0.0032292787944026013,EOD,-0.0006707212055973985
2025-01-16,SAAB-B.ST,0,-0.0027466465803869244,EOD,-0.006646646580386924
2025-01-17,SAAB-B.ST,2,-0.01640037470657474,STOP,-0.02030037470657474
2025-01-20,SAAB-B.ST,4,-0.008466996203934096,EOD,-0.012366996203934097
2025-01-21,SAAB-B.ST,0,0.024085678986516923,EOD,0.020185678986516922
2025-01-22,SAAB-B.ST,1,-0.009321456550522522,STOP,-0.013221456550522523
2025-01-23,SAAB-B.ST,1,0.02287581699346397,EOD,0.01897581699346397
2025-01-28,SAAB-B.ST,2,-0.003656661027686803,EOD,-0.007556661027686803
2025-01-31,SAAB-B.ST,0,0.003757018931408229,EOD,-0.00014298106859177064
2025-02-03,SAAB-B.ST,6,0.0008226941308961955,EOD,-0.0030773058691038043
2025-02-05,SAAB-B.ST,0,0.003368433902138257,EOD,-0.0005315660978617428
2025-02-10,SAAB-B.ST,0,0.0018374329852128835,EOD,-0.0020625670147871164
2025-02-11,SAAB-B.ST,0,-0.016258314415044328,STOP,-0.02015831441504433
2025-02-13,SAAB-B.ST,0,0.04279798859249295,EOD,0.03889798859249295
2025-02-14,SAAB-B.ST,0,0.029028225678841224,EOD,0.025128225678841223
2025-02-17,SAAB-B.ST,0,0.07064807999699196,EOD,0.06674807999699196
2025-02-18,SAAB-B.ST,0,-0.037610579482921236,STOP,-0.04151057948292124
2025-02-19,SAAB-B.ST,0,-0.0027123860906482777,EOD,-0.0066123860906482776
2025-02-20,SAAB-B.ST,0,-0.030920943301776527,STOP,-0.03482094330177653
2025-02-21,SAAB-B.ST,2,-0.0028552437643989403,EOD,-0.00675524376439894
2025-02-25,SAAB-B.ST,0,0.009934813657878738,EOD,0.0060348136578787384
2025-02-27,SAAB-B.ST,0,0.020853383848065787,EOD,0.016953383848065787
2025-03-04,SAAB-B.ST,1,-0.0358904276808647,STOP,-0.0397904276808647
2025-03-05,SAAB-B.ST,0,0.0021745537478099486,EOD,-0.0017254462521900512
2025-03-06,SAAB-B.ST,5,-0.011857707509881465,EOD,-0.015757707509881466
2025-03-11,SAAB-B.ST,1,0.0036649054881789933,EOD,-0.0002350945118210065
2025-03-12,SAAB-B.ST,4,0.01436031331592691,EOD,0.010460313315926908
2025-03-14,SAAB-B.ST,0,0.04521107692798476,EOD,0.04131107692798476
2025-03-18,SAAB-B.ST,0,-0.0010922626384253231,EOD,-0.004992262638425323
2025-03-24,SAAB-B.ST,1,0.00569836638019483,EOD,0.0017983663801948305
2025-03-25,SAAB-B.ST,0,0.0,EOD,-0.0039
2025-03-27,SAAB-B.ST,0,0.003848510969506558,EOD,-5.148903049344202e-05
2025-03-31,SAAB-B.ST,0,-0.002407532165070503,EOD,-0.006307532165070503
2025-04-01,SAAB-B.ST,0,0.020085933431583713,EOD,0.016185933431583713
2025-04-03,SAAB-B.ST,0,0.04228378572805069,EOD,0.03838378572805069
2025-04-07,SAAB-B.ST,0,0.029678120984655054,EOD,0.025778120984655054
2025-04-08,SAAB-B.ST,0,0.012643823101925467,EOD,0.008743823101925466
2025-04-11,SAAB-B.ST,6,-0.0066002641072479,EOD,-0.0105002641072479
2025-04-14,SAAB-B.ST,0,0.010943737263543474,EOD,0.007043737263543474
2025-04-15,SAAB-B.ST,6,0.005298176458551795,EOD,0.0013981764585517956
2025-04-22,SAAB-B.ST,0,-0.028272510823481367,STOP,-0.03217251082348137
2025-04-24,SAAB-B.ST,1,0.010570100254231107,EOD,0.0066701002542311075
2025-04-25,SAAB-B.ST,0,-0.026610311149651178,EOD,-0.03051031114965118
2025-04-29,SAAB-B.ST,3,0.012494201166051155,EOD,0.008594201166051155
2025-04-30,SAAB-B.ST,0,0.007649030138322521,EOD,0.0037490301383225214
2025-05-02,SAAB-B.ST,0,0.01624230420840478,EOD,0.012342304208404778
2025-05-08,SAAB-B.ST,4,0.0058384292749122935,EOD,0.0019384292749122936
2025-05-14,SAAB-B.ST,0,-0.01926628108238959,STOP,-0.023166281082389592
2025-05-15,SAAB-B.ST,0,-0.010343663714269424,EOD,-0.014243663714269425
2025-05-16,SAAB-B.ST,1,-0.006748574462145829,EOD,-0.01064857446214583
2025-05-19,SAAB-B.ST,1,0.02034009952726068,EOD,0.01644009952726068
2025-05-21,SAAB-B.ST,3,0.0018426319662012691,EOD,-0.0020573680337987307
2025-05-23,SAAB-B.ST,0,-0.012656907317123212,STOP,-0.016556907317123212
2025-05-26,SAAB-B.ST,0,-0.01005233045647902,EOD,-0.01395233045647902
2025-05-27,SAAB-B.ST,6,-0.0005238344683080598,EOD,-0.00442383446830806
2025-06-02,SAAB-B.ST,1,-0.020223398860406916,STOP,-0.024123398860406917
2025-06-03,SAAB-B.ST,0,0.0037313556858902253,EOD,-0.00016864431410977456
2025-06-05,SAAB-B.ST,0,0.01699715436867577,EOD,0.01309715436867577
2025-06-11,SAAB-B.ST,0,0.009263456952046889,EOD,0.005363456952046889
2025-06-16,SAAB-B.ST,3,-0.010348455958784308,EOD,-0.014248455958784309
2025-06-17,SAAB-B.ST,1,0.03552377525676231,EOD,0.03162377525676231
2025-06-18,SAAB-B.ST,0,0.000605730502606594,EOD,-0.003294269497393406
2025-06-24,SAAB-B.ST,0,-0.019290641345791615,EOD,-0.023190641345791616
2025-06-25,SAAB-B.ST,0,0.014804832209879493,EOD,0.010904832209879492
2025-06-26,SAAB-B.ST,0,0.033935317147530064,EOD,0.030035317147530063
2025-06-30,SAAB-B.ST,0,0.0020892223854462877,EOD,-0.0018107776145537121
2025-07-04,SAAB-B.ST,2,-0.0057361498812618095,EOD,-0.00963614988126181
2025-07-07,SAAB-B.ST,6,0.003012048192771122,EOD,-0.000887951807228878
2025-07-09,SAAB-B.ST,3,0.014032584634156908,EOD,0.010132584634156908
2025-07-14,SAAB-B.ST,0,0.004907962978495606,EOD,0.001007962978495606
2025-07-17,SAAB-B.ST,4,0.005337494072148008,EOD,0.0014374940721480082
2025-07-18,SAAB-B.ST,2,0.0262433238250368,EOD,0.0223433238250368
2025-07-22,SAAB-B.ST,0,-0.018181771943063474,STOP,-0.022081771943063475
2025-07-23,SAAB-B.ST,0,0.02617600051865998,EOD,0.02227600051865998
2025-07-29,SAAB-B.ST,0,0.009598770907381482,EOD,0.005698770907381482
2025-07-30,SAAB-B.ST,0,-0.01993667218867834,STOP,-0.02383667218867834
2025-07-31,SAAB-B.ST,3,-0.003733432806469761,EOD,-0.007633432806469761
2025-08-04,SAAB-B.ST,0,-0.009981144619526816,STOP,-0.013881144619526817
2025-08-06,SAAB-B.ST,7,0.007625024163768979,EOD,0.003725024163768979
2025-08-11,SAAB-B.ST,1,0.0017076968428240136,EOD,-0.0021923031571759862
2025-08-12,SAAB-B.ST,0,0.0035856330537225034,EOD,-0.0003143669462774964
2025-08-13,SAAB-B.ST,0,-0.009186888488973644,STOP,-0.013086888488973644
2025-08-14,SAAB-B.ST,0,0.026824409439718977,EOD,0.022924409439718976
2025-08-18,SAAB-B.ST,0,0.011197500674757555,EOD,0.007297500674757555
2025-08-20,SAAB-B.ST,0,-0.00429483393981378,EOD,-0.008194833939813781
2025-08-21,SAAB-B.ST,6,-0.007410272783592409,EOD,-0.01131027278359241
2025-08-22,SAAB-B.ST,2,-0.005374256800323884,EOD,-0.009274256800323885
2025-08-25,SAAB-B.ST,1,0.01210750039662467,EOD,0.00820750039662467
2025-08-26,SAAB-B.ST,6,-0.00037108016146802925,EOD,-0.004271080161468029
2025-08-27,SAAB-B.ST,1,-0.012386784811646345,STOP,-0.016286784811646346
2025-08-28,SAAB-B.ST,5,-0.0009266123473357091,EOD,-0.004826612347335709
2025-09-03,SAAB-B.ST,0,-0.012476745264490274,STOP,-0.016376745264490275
2025-09-05,SAAB-B.ST,0,-0.0015524700405973313,EOD,-0.005452470040597331
2025-09-09,SAAB-B.ST,0,0.01110451366065579,EOD,0.0072045136606557906
2025-09-10,SAAB-B.ST,4,0.00019200227308191486,EOD,-0.003707997726918085
2025-09-11,SAAB-B.ST,0,0.016800282546869605,EOD,0.012900282546869604
2025-09-12,SAAB-B.ST,0,-0.011111111111111072,STOP,-0.015011111111111072
2025-09-15,SAAB-B.ST,6,0.006022985658863167,EOD,0.002122985658863167
2025-09-17,SAAB-B.ST,2,-0.021824977584078087,STOP,-0.025724977584078088
2025-09-18,SAAB-B.ST,2,-0.006643208240676435,EOD,-0.010543208240676435
2025-09-19,SAAB-B.ST,0,0.028092128560096574,EOD,0.024192128560096574
2025-09-22,SAAB-B.ST,2,0.021186441154428026,EOD,0.017286441154428026
2025-09-25,SAAB-B.ST,0,0.009334251333061427,EOD,0.005434251333061428
2025-09-26,SAAB-B.ST,2,-0.0017391304347825765,EOD,-0.005639130434782576
2025-09-29,SAAB-B.ST,0,0.01463418887467327,EOD,0.01073418887467327
2025-10-02,SAAB-B.ST,0,-0.014368340689743242,STOP,-0.018268340689743243
2025-10-03,SAAB-B.ST,0,-0.009603631714280025,EOD,-0.013503631714280026
2025-10-16,SAAB-B.ST,0,-0.0013432401419360973,EOD,-0.005243240141936097
2025-10-22,SAAB-B.ST,0,-0.008345051273582649,EOD,-0.01224505127358265
2025-10-24,SAAB-B.ST,0,-0.01620191368446644,EOD,-0.02010191368446644
2025-10-30,SAAB-B.ST,4,-0.007772968659525148,EOD,-0.011672968659525149
2025-10-31,SAAB-B.ST,0,0.010412697007864846,EOD,0.006512697007864846
2025-11-03,SAAB-B.ST,0,-0.010618195604589431,EOD,-0.014518195604589432
2025-11-04,SAAB-B.ST,5,0.0009527439246002078,EOD,-0.002947256075399792
2025-11-05,SAAB-B.ST,5,-0.016568180492042672,STOP,-0.020468180492042673
2025-11-07,SAAB-B.ST,0,0.000970873786407811,EOD,-0.002929126213592189
2025-11-10,SAAB-B.ST,0,-0.0019015020984533004,EOD,-0.0058015020984533
2025-11-12,SAAB-B.ST,0,-0.015212016787626625,STOP,-0.019112016787626626
2025-11-13,SAAB-B.ST,0,0.0011261948852125947,EOD,-0.002773805114787405
2025-11-17,SAAB-B.ST,0,-0.04266666666666663,EOD,-0.04656666666666663
2025-11-20,SAAB-B.ST,2,-0.015267151861718675,EOD,-0.019167151861718676
2025-11-21,SAAB-B.ST,3,-0.02134766906101826,STOP,-0.02524766906101826
2025-11-25,SAAB-B.ST,2,-0.01891633213222077,EOD,-0.02281633213222077
2025-11-26,SAAB-B.ST,5,-0.0013804691261731783,EOD,-0.005280469126173178
2025-11-27,SAAB-B.ST,0,-0.015991717979296438,STOP,-0.01989171797929644
2025-12-02,SAAB-B.ST,4,0.00010644458650044264,EOD,-0.003793555413499557
2025-12-04,SAAB-B.ST,0,0.002620545073375169,EOD,-0.0012794549266248309
2025-12-05,SAAB-B.ST,2,-0.007304465981399444,EOD,-0.011204465981399445
2025-12-08,SAAB-B.ST,1,0.0074830247711752396,EOD,0.0035830247711752397
2025-12-11,SAAB-B.ST,2,-0.0023776742183612143,EOD,-0.006277674218361214
2025-12-12,SAAB-B.ST,3,-0.006068863860650531,EOD,-0.009968863860650531
2025-12-15,SAAB-B.ST,5,-0.009647556517756173,STOP,-0.013547556517756174
2025-12-17,SAAB-B.ST,3,-0.007576522694238141,EOD,-0.011476522694238142
2025-12-18,SAAB-B.ST,0,0.012553981969220862,EOD,0.008653981969220861
2025-12-22,SAAB-B.ST,2,0.00627699545636462,EOD,0.0023769954563646204
2026-01-02,SAAB-B.ST,0,0.0026867276245692295,EOD,-0.0012132723754307703
2026-01-07,SAAB-B.ST,1,0.018362020384590894,EOD,0.014462020384590893
2026-01-08,SAAB-B.ST,5,-0.012623078017326983,EOD,-0.016523078017326984
2026-01-09,SAAB-B.ST,3,0.0195843550722139,EOD,0.0156843550722139
2026-01-12,SAAB-B.ST,0,-0.005573852145236979,EOD,-0.00947385214523698
2026-01-13,SAAB-B.ST,3,0.003849374219982993,EOD,-5.062578001700704e-05
2026-01-15,SAAB-B.ST,0,-0.002294946346929505,EOD,-0.006194946346929505
2026-01-19,SAAB-B.ST,2,-0.03107838205898361,EOD,-0.03497838205898361
2026-01-20,SAAB-B.ST,5,0.0045423094190897295,EOD,0.0006423094190897297
2026-01-21,SAAB-B.ST,0,-0.012599304373091091,STOP,-0.016499304373091092
2026-01-22,SAAB-B.ST,0,-0.02545968882602545,STOP,-0.02935968882602545
2026-01-23,SAAB-B.ST,0,0.015254220046565958,EOD,0.011354220046565958
2026-01-27,SAAB-B.ST,4,0.012317729516344578,EOD,0.008417729516344577
2026-01-28,SAAB-B.ST,3,-0.01724620919897424,STOP,-0.02114620919897424
2026-02-04,SAAB-B.ST,2,-0.019377586568538496,STOP,-0.023277586568538497
2026-02-06,SAAB-B.ST,0,0.004281326900563931,EOD,0.00038132690056393113
2026-02-09,SAAB-B.ST,6,-0.0041561343954796826,EOD,-0.008056134395479683
2026-02-11,SAAB-B.ST,4,-0.003253254199748312,EOD,-0.007153254199748312
2026-02-13,SAAB-B.ST,0,0.006619404581609478,EOD,0.0027194045816094784
2026-02-17,SAAB-B.ST,5,0.0030365404216703418,EOD,-0.000863459578329658
2026-02-18,SAAB-B.ST,2,0.012074284509239641,EOD,0.00817428450923964
2026-02-19,SAAB-B.ST,0,0.01646529367683147,EOD,0.012565293676831471
2026-02-20,SAAB-B.ST,6,-0.011754149182968021,STOP,-0.015654149182968022
2026-02-27,SAAB-B.ST,5,-0.006235704313212964,EOD,-0.010135704313212965
2026-03-04,SAAB-B.ST,0,0.020006156116060048,EOD,0.016106156116060047
2026-03-06,SAAB-B.ST,0,0.0056958318135615915,EOD,0.0017958318135615917
2026-03-09,SAAB-B.ST,0,0.031709578115978854,EOD,0.027809578115978853
2026-03-10,SAAB-B.ST,0,0.007523197230071776,EOD,0.0036231972300717766
2026-03-12,SAAB-B.ST,0,-0.015927731715071225,EOD,-0.019827731715071226
2026-03-13,SAAB-B.ST,0,-0.0050805630366712595,EOD,-0.00898056303667126
2026-03-16,SAAB-B.ST,4,0.0037928163179248298,EOD,-0.00010718368207517006
2026-03-17,SAAB-B.ST,0,0.0040905592300493065,EOD,0.00019055923004930673
2026-03-18,SAAB-B.ST,0,0.000143360021272132,EOD,-0.003756639978727868
2026-03-23,SAAB-B.ST,0,0.012365231363207885,EOD,0.008465231363207884
2026-03-26,SAAB-B.ST,1,-0.005991922602479716,EOD,-0.009891922602479716
2026-03-30,SAAB-B.ST,0,0.024745721332097403,EOD,0.020845721332097403
2026-03-31,SAAB-B.ST,0,0.026433955800602593,EOD,0.022533955800602593
2026-04-01,SAAB-B.ST,0,-0.02070255909239116,STOP,-0.02460255909239116
2026-04-02,SAAB-B.ST,0,-0.013976310746668719,EOD,-0.01787631074666872
2026-04-09,SAAB-B.ST,7,-0.00399233463951687,EOD,-0.00789233463951687
2026-04-13,SAAB-B.ST,5,0.011749367412624334,EOD,0.007849367412624333
2026-04-15,SAAB-B.ST,1,0.0053607033122182735,EOD,0.0014607033122182736
2026-04-17,SAAB-B.ST,0,-0.013491066441908783,STOP,-0.017391066441908784
2026-04-20,SAAB-B.ST,0,-0.012256528025856972,STOP,-0.016156528025856973
2026-04-23,SAAB-B.ST,2,0.030042120905151792,EOD,0.02614212090515179
2026-04-27,SAAB-B.ST,2,-0.010636400324215312,EOD,-0.014536400324215312
2026-04-28,SAAB-B.ST,6,-0.008923841795166254,STOP,-0.012823841795166255
2026-04-29,SAAB-B.ST,3,-0.017338046259303908,STOP,-0.021238046259303908
2026-04-30,SAAB-B.ST,0,-0.0030265482821543177,EOD,-0.0069265482821543175
2026-05-05,SAAB-B.ST,0,0.0006953466106016659,EOD,-0.003204653389398334
2026-05-18,SAAB-B.ST,0,0.016307139431154027,EOD,0.012407139431154027
2026-05-19,SAAB-B.ST,0,-0.00829793070566509,EOD,-0.012197930705665092
2026-05-20,SAAB-B.ST,1,0.005949024690718785,EOD,0.002049024690718785
2026-05-21,SAAB-B.ST,0,-0.010926880042112841,STOP,-0.014826880042112842
2026-05-22,SAAB-B.ST,4,-0.017094039387520965,STOP,-0.020994039387520966
2026-05-25,SAAB-B.ST,0,0.0033483052638965116,EOD,-0.0005516947361034882
2026-05-26,SAAB-B.ST,1,0.0012967992272348017,EOD,-0.002603200772765198
2026-05-27,SAAB-B.ST,2,-0.010510810133389392,STOP,-0.014410810133389393
2026-05-28,SAAB-B.ST,0,0.022900807196189144,EOD,0.019000807196189143
2026-06-04,SAAB-B.ST,3,0.01057082477232063,EOD,0.006670824772320631
2026-06-05,SAAB-B.ST,0,0.004533364692535624,EOD,0.0006333646925356243
2026-06-09,SAAB-B.ST,1,-0.014849669951245259,EOD,-0.01874966995124526
2026-06-11,SAAB-B.ST,2,-0.01743856742141736,STOP,-0.021338567421417362
2026-06-16,SAAB-B.ST,1,-0.02791145332050049,STOP,-0.03181145332050049
2026-06-17,SAAB-B.ST,0,-0.0037167925835123183,EOD,-0.007616792583512318
2026-06-23,SAAB-B.ST,0,-0.00668500561479024,EOD,-0.010585005614790241
2026-06-29,SAAB-B.ST,3,-0.014028056112224463,STOP,-0.017928056112224464
2026-07-01,SAAB-B.ST,0,-0.0024961363737311393,EOD,-0.006396136373731139
2026-07-02,SAAB-B.ST,0,0.047725185156975325,EOD,0.043825185156975324
2026-07-06,SAAB-B.ST,0,-0.0025458247945061574,EOD,-0.006445824794506157
2023-08-09,SAND.ST,0,-0.007221954848529832,EOD,-0.011121954848529833
2023-08-10,SAND.ST,6,-0.005777549185719155,EOD,-0.009677549185719156
2023-08-14,SAND.ST,0,-0.0028957087527199388,EOD,-0.006795708752719939
2023-08-16,SAND.ST,0,-0.0019521420614899698,EOD,-0.00585214206148997
2023-08-18,SAND.ST,0,0.0059641996344108605,EOD,0.0020641996344108607
2023-08-21,SAND.ST,0,-0.0073928045594977565,STOP,-0.011292804559497757
2023-08-22,SAND.ST,0,0.0074220680588781285,EOD,0.0035220680588781287
2023-08-25,SAND.ST,0,-0.004448883547684246,EOD,-0.008348883547684247
2023-08-28,SAND.ST,4,0.00195412389466032,EOD,-0.0019458761053396797
2023-08-29,SAND.ST,3,0.001912931060778389,EOD,-0.001987068939221611
2023-08-31,SAND.ST,2,-0.007153075926702224,STOP,-0.011053075926702224
2023-09-01,SAND.ST,1,-0.0014374846964286814,EOD,-0.005337484696428681
2023-09-04,SAND.ST,0,-0.008068329249476869,EOD,-0.01196832924947687
2023-09-05,SAND.ST,0,-0.007170172188726731,STOP,-0.011070172188726732
2023-09-06,SAND.ST,4,0.002375296912114022,EOD,-0.0015247030878859777
2023-09-11,SAND.ST,6,-0.0024108004566748553,EOD,-0.006310800456674855
2023-09-14,SAND.ST,2,0.009930486894790924,EOD,0.006030486894790924
2023-09-15,SAND.ST,0,-0.005769216097318175,EOD,-0.009669216097318176
2023-09-19,SAND.ST,0,-0.005777549185719155,STOP,-0.009677549185719156
2023-09-20,SAND.ST,0,0.015033977446147873,EOD,0.011133977446147872
2023-09-21,SAND.ST,0,-0.010110692708627633,STOP,-0.014010692708627634
2023-09-26,SAND.ST,0,-0.009745188143684858,STOP,-0.013645188143684858
2023-09-27,SAND.ST,0,-0.006024081157762207,EOD,-0.009924081157762207
2023-09-28,SAND.ST,2,0.008542698232372858,EOD,0.004642698232372859
2023-09-29,SAND.ST,0,-0.006416599272428436,STOP,-0.010316599272428437
2023-10-03,SAND.ST,0,-0.002254570106565379,EOD,-0.006154570106565379
2023-10-05,SAND.ST,0,-0.003276179014519043,EOD,-0.007176179014519043
2023-10-06,SAND.ST,2,0.0002504535601626223,EOD,-0.0036495464398373775
2023-10-10,SAND.ST,0,0.01713714344692674,EOD,0.013237143446926738
2023-10-12,SAND.ST,0,-0.008288698958756946,STOP,-0.012188698958756947
2023-10-16,SAND.ST,5,-0.0025131943084677477,EOD,-0.0064131943084677475
2023-10-18,SAND.ST,0,-0.007641365138463585,STOP,-0.011541365138463586
2023-10-24,SAND.ST,0,0.013384304328852847,EOD,0.009484304328852847
2023-10-25,SAND.ST,0,0.0018686109931875805,EOD,-0.0020313890068124193
2023-10-26,SAND.ST,0,0.011531290911580339,EOD,0.007631290911580339
2023-10-27,SAND.ST,0,-0.009559230072147429,STOP,-0.01345923007214743
2023-10-30,SAND.ST,0,-0.003963011889035695,EOD,-0.007863011889035695
2023-10-31,SAND.ST,0,-0.013881581881670102,STOP,-0.017781581881670103
2023-11-02,SAND.ST,0,0.007265226660327695,EOD,0.003365226660327695
2023-11-08,SAND.ST,5,-0.005148005148005175,EOD,-0.009048005148005175
2023-11-09,SAND.ST,1,0.015424164524421524,EOD,0.011524164524421524
2023-11-14,SAND.ST,0,-0.0038197095833274464,STOP,-0.007719709583327446
2023-11-15,SAND.ST,0,0.006366322581715433,EOD,0.0024663225817154336
2023-11-17,SAND.ST,0,-0.0019733295634262182,EOD,-0.005873329563426218
2023-11-20,SAND.ST,0,0.0024606299582148328,EOD,-0.001439370041785167
2023-11-21,SAND.ST,0,-0.003433040555153477,STOP,-0.007333040555153477
2023-11-22,SAND.ST,0,-0.004863813085183133,EOD,-0.008763813085183134
2023-11-27,SAND.ST,3,0.003412954302346005,EOD,-0.00048704569765399466
2023-11-30,SAND.ST,1,0.001936078822204701,EOD,-0.001963921177795299
2023-12-01,SAND.ST,0,0.0009546393710844203,EOD,-0.0029453606289155795
2023-12-04,SAND.ST,4,-0.010426525821052968,STOP,-0.014326525821052968
2023-12-06,SAND.ST,4,0.003291005915776024,EOD,-0.0006089940842239757
2023-12-07,SAND.ST,0,-0.006999533264764879,STOP,-0.01089953326476488
2023-12-11,SAND.ST,0,0.01560285130854755,EOD,0.011702851308547549
2023-12-13,SAND.ST,1,-0.004672897196261627,STOP,-0.008572897196261628
2023-12-14,SAND.ST,1,0.0022893773533574358,EOD,-0.001610622646642564
2023-12-18,SAND.ST,0,-0.005901057801857568,STOP,-0.009801057801857568
2023-12-19,SAND.ST,0,-0.003624843963842106,EOD,-0.007524843963842106
2023-12-20,SAND.ST,5,-0.0013680029529548055,EOD,-0.005268002952954805
2023-12-21,SAND.ST,5,-0.005957850916314067,STOP,-0.009857850916314068
2023-12-22,SAND.ST,4,-0.0009161564152372348,EOD,-0.004816156415237235
2023-12-27,SAND.ST,0,-0.009074410414636191,EOD,-0.012974410414636192
2023-12-29,SAND.ST,1,-0.003654581157033099,EOD,-0.007554581157033099
2024-01-08,SAND.ST,3,0.0004679742861195546,EOD,-0.003432025713880445
2024-01-11,SAND.ST,5,-0.006554349790584557,STOP,-0.010454349790584558
2024-01-12,SAND.ST,0,0.005132948339066967,EOD,0.0012329483390669674
2024-01-16,SAND.ST,0,-0.0023629488921441677,EOD,-0.0062629488921441675
2024-01-18,SAND.ST,0,0.001447891197762674,EOD,-0.0024521088022373258
2024-01-22,SAND.ST,6,-0.000954256685147592,EOD,-0.004854256685147592
2024-01-23,SAND.ST,2,0.005665707889290994,EOD,0.0017657078892909942
2024-01-25,SAND.ST,0,0.01382488479262678,EOD,0.009924884792626779
2024-01-29,SAND.ST,5,-0.005066817469323914,STOP,-0.008966817469323915
2024-01-31,SAND.ST,0,-0.014375615989620227,EOD,-0.018275615989620228
2024-02-01,SAND.ST,0,-0.0031934167791410895,EOD,-0.007093416779141089
2024-02-02,SAND.ST,2,-0.004968341802398024,EOD,-0.008868341802398025
2024-02-06,SAND.ST,0,-0.005974278562930646,STOP,-0.009874278562930647
2024-02-07,SAND.ST,0,-0.010492714798262082,STOP,-0.014392714798262082
2024-02-08,SAND.ST,0,-0.004591368163398779,EOD,-0.00849136816339878
2024-02-13,SAND.ST,0,0.0018535398092114352,EOD,-0.0020464601907885646
2024-02-14,SAND.ST,0,0.00649347800023814,EOD,0.00259347800023814
2024-02-16,SAND.ST,0,0.009004952476533656,EOD,0.0051049524765336566
2024-02-19,SAND.ST,1,-0.004028620953774098,STOP,-0.007928620953774099
2024-02-20,SAND.ST,0,-0.005369113862381147,STOP,-0.009269113862381148
2024-02-21,SAND.ST,0,0.012917567467636504,EOD,0.009017567467636503
2024-02-23,SAND.ST,0,0.005231090841147701,EOD,0.001331090841147701
2024-02-27,SAND.ST,3,-0.0012998398951084011,EOD,-0.005199839895108401
2024-02-28,SAND.ST,4,0.0038994535727217006,EOD,-5.464272782992538e-07
2024-02-29,SAND.ST,6,-0.002996627520296613,EOD,-0.006896627520296613
2024-03-01,SAND.ST,0,-0.005965035852953604,STOP,-0.009865035852953605
2024-03-05,SAND.ST,4,-0.007308736725805121,STOP,-0.011208736725805121
2024-03-06,SAND.ST,0,0.009024521405484709,EOD,0.005124521405484709
2024-03-07,SAND.ST,0,0.008554319819907175,EOD,0.004654319819907175
2024-03-08,SAND.ST,0,0.0021150592762659848,EOD,-0.001784940723734015
2024-03-11,SAND.ST,4,-0.006794081118962292,STOP,-0.010694081118962293
2024-03-12,SAND.ST,0,-0.00632377748439561,STOP,-0.01022377748439561
2024-03-13,SAND.ST,6,-0.003347293103589166,EOD,-0.007247293103589166
2024-03-14,SAND.ST,0,-0.0008354091618258952,EOD,-0.004735409161825895
2024-03-15,SAND.ST,0,0.008720892101796052,EOD,0.004820892101796052
2024-03-18,SAND.ST,0,-0.0065681693900931926,STOP,-0.010468169390093193
2024-03-19,SAND.ST,0,-0.006677821630874159,STOP,-0.01057782163087416
2024-03-20,SAND.ST,2,-0.001656975586568965,EOD,-0.005556975586568965
2024-03-21,SAND.ST,4,0.006952952753546793,EOD,0.003052952753546793
2024-03-22,SAND.ST,0,0.002442959404787892,EOD,-0.0014570405952121076
2024-03-26,SAND.ST,0,0.0041511001466845165,EOD,0.0002511001466845167
2024-04-02,SAND.ST,0,-0.018181792960679233,STOP,-0.022081792960679233
2024-04-04,SAND.ST,0,0.01087868662558833,EOD,0.00697868662558833
2024-04-05,SAND.ST,0,0.00831946776529957,EOD,0.004419467765299571
2024-04-08,SAND.ST,4,-0.0012295207039254574,EOD,-0.005129520703925457
2024-04-09,SAND.ST,3,-0.006538581384065045,STOP,-0.010438581384065046
2024-04-10,SAND.ST,0,-0.007748751713424484,STOP,-0.011648751713424485
2024-04-12,SAND.ST,0,-0.007835026377255194,STOP,-0.011735026377255195
2024-04-15,SAND.ST,0,-0.007793310629574002,EOD,-0.011693310629574002
2024-04-17,SAND.ST,0,-0.006234413806933348,EOD,-0.010134413806933348
2024-04-19,SAND.ST,5,0.0008442896250924203,EOD,-0.0030557103749075795
2024-04-23,SAND.ST,7,-0.002609790607461804,EOD,-0.006509790607461804
2024-04-26,SAND.ST,0,0.0044189128878238115,EOD,0.0005189128878238117
2024-04-30,SAND.ST,0,0.000898862688728963,EOD,-0.003001137311271037
2024-05-03,SAND.ST,4,-0.004981911631848024,EOD,-0.008881911631848025
2024-05-06,SAND.ST,0,0.0135685206566456,EOD,0.009668520656645599
2024-05-07,SAND.ST,0,0.00879120879120876,EOD,0.00489120879120876
2024-05-08,SAND.ST,0,0.005179097816346845,EOD,0.001279097816346845
2024-05-10,SAND.ST,2,-0.0063938617262360165,EOD,-0.010293861726236017
2024-05-14,SAND.ST,1,0.005591410975302358,EOD,0.001691410975302358
2024-05-15,SAND.ST,1,-0.004251700735438568,STOP,-0.008151700735438569
2024-05-17,SAND.ST,6,-0.001311202131802136,EOD,-0.005211202131802136
2024-05-20,SAND.ST,0,0.012728044288684348,EOD,0.008828044288684347
2024-05-21,SAND.ST,0,-0.0050356564535232184,STOP,-0.00893565645352322
2024-05-24,SAND.ST,0,-0.005904720030509902,STOP,-0.009804720030509903
2024-05-27,SAND.ST,1,-0.005446179591027334,STOP,-0.009346179591027334
2024-05-30,SAND.ST,0,-0.0030276685012192717,EOD,-0.0069276685012192715
2024-05-31,SAND.ST,4,-0.00475987050828075,STOP,-0.008659870508280751
2024-06-04,SAND.ST,5,-0.006213977524677672,STOP,-0.010113977524677673
2024-06-05,SAND.ST,0,-0.0022281640534742575,EOD,-0.006128164053474257
2024-06-07,SAND.ST,0,-0.006637168141592875,STOP,-0.010537168141592876
2024-06-12,SAND.ST,0,0.011220825699087777,EOD,0.007320825699087778
2024-06-19,SAND.ST,2,-0.0036866500081005338,EOD,-0.007586650008100534
2024-06-24,SAND.ST,0,0.01779860914172282,EOD,0.01389860914172282
2024-06-26,SAND.ST,0,-0.0051378144425824335,STOP,-0.009037814442582434
2024-06-28,SAND.ST,0,-0.006080463204872322,STOP,-0.009980463204872322
2024-07-01,SAND.ST,4,0.0004653611277616321,EOD,-0.0034346388722383677
2024-07-03,SAND.ST,0,-0.006505547938372325,STOP,-0.010405547938372325
2024-07-05,SAND.ST,1,-0.01060887001560018,STOP,-0.014508870015600181
2024-07-08,SAND.ST,0,-0.006545086191829919,STOP,-0.01044508619182992
2024-07-10,SAND.ST,1,-0.0014231643615496559,EOD,-0.005323164361549656
2024-07-11,SAND.ST,4,0.0,EOD,-0.0039
2024-07-12,SAND.ST,0,0.023809552643214715,EOD,0.019909552643214715
2024-07-15,SAND.ST,1,-0.004124628364215122,STOP,-0.008024628364215122
2024-07-16,SAND.ST,4,0.0,EOD,-0.0039
2024-07-18,SAND.ST,3,-0.0023169601155199615,EOD,-0.006216960115519961
2024-07-19,SAND.ST,2,-0.018561484918793503,STOP,-0.022461484918793503
2024-07-22,SAND.ST,0,0.0009267699046056066,EOD,-0.0029732300953943932
2024-07-23,SAND.ST,2,-0.004627487143711528,EOD,-0.008527487143711529
2024-07-24,SAND.ST,0,0.01967211685359338,EOD,0.01577211685359338
2024-07-25,SAND.ST,5,0.007888616929198067,EOD,0.003988616929198067
2024-07-26,SAND.ST,1,-0.002743442401000884,EOD,-0.006643442401000884
2024-07-30,SAND.ST,5,-0.0018314739361849908,EOD,-0.005731473936184991
2024-07-31,SAND.ST,0,-0.006346369521932349,EOD,-0.01024636952193235
2024-08-02,SAND.ST,0,-0.012771982148515493,STOP,-0.016671982148515493
2024-08-05,SAND.ST,0,-0.02076123027624288,STOP,-0.024661230276242882
2024-08-07,SAND.ST,0,-0.005882337981579333,STOP,-0.009782337981579334
2024-08-08,SAND.ST,1,0.009378054487883869,EOD,0.005478054487883869
2024-08-09,SAND.ST,0,-0.006809382848795065,STOP,-0.010709382848795065
2024-08-14,SAND.ST,0,0.0014641437808406987,EOD,-0.002435856219159301
2024-08-15,SAND.ST,4,0.007699667089648976,EOD,0.0037996670896489762
2024-08-16,SAND.ST,0,-0.006172853818051771,STOP,-0.010072853818051772
2024-08-20,SAND.ST,0,-0.0042075452181635775,STOP,-0.008107545218163578
2024-08-21,SAND.ST,1,-0.008886852797721723,STOP,-0.012786852797721723
2024-08-22,SAND.ST,1,-0.0004684126628367036,EOD,-0.004368412662836703
2024-08-23,SAND.ST,0,0.0009345651787018294,EOD,-0.0029654348212981704
2024-08-26,SAND.ST,3,0.00046644639161663726,EOD,-0.0034335536083833626
2024-08-27,SAND.ST,0,-0.004638218792627824,STOP,-0.008538218792627825
2024-08-28,SAND.ST,1,0.0023408239031494915,EOD,-0.0015591760968505083
2024-08-29,SAND.ST,0,0.007852179899501932,EOD,0.003952179899501932
2024-08-30,SAND.ST,5,-0.00228519192425114,EOD,-0.00618519192425114
2024-09-05,SAND.ST,3,-0.0058939694059789716,STOP,-0.009793969405978972
2024-09-06,SAND.ST,0,-0.009199433353390019,STOP,-0.01309943335339002
2024-09-09,SAND.ST,6,-0.0024740226862927095,EOD,-0.006374022686292709
2024-09-13,SAND.ST,6,-0.0019370164478662577,EOD,-0.0058370164478662575
2024-09-17,SAND.ST,2,0.011510762093450255,EOD,0.007610762093450255
2024-09-19,SAND.ST,0,0.01065309456590624,EOD,0.0067530945659062406
2024-09-23,SAND.ST,5,-0.00093238670509177,EOD,-0.00483238670509177
2024-09-24,SAND.ST,0,-0.010919058789586544,STOP,-0.014819058789586545
2024-09-25,SAND.ST,2,0.0,EOD,-0.0039
2024-09-26,SAND.ST,0,0.018418646596172872,EOD,0.014518646596172871
2024-09-27,SAND.ST,4,0.00043766347271612105,EOD,-0.0034623365272838788
2024-09-30,SAND.ST,0,-0.011673138403020311,STOP,-0.015573138403020312
2024-10-01,SAND.ST,4,-0.011873337821949437,STOP,-0.015773337821949437
2024-10-02,SAND.ST,6,-0.003992874537954494,EOD,-0.007892874537954495
2024-10-04,SAND.ST,4,0.0022331398554265025,EOD,-0.0016668601445734973
2024-10-08,SAND.ST,1,-0.005906419880544744,EOD,-0.009806419880544745
2024-10-09,SAND.ST,0,-0.006811989195224966,STOP,-0.010711989195224966
2024-10-11,SAND.ST,0,0.009157509413429521,EOD,0.005257509413429521
2024-10-16,SAND.ST,0,0.0,EOD,-0.0039
2024-10-18,SAND.ST,0,-0.00045930567812701995,EOD,-0.00435930567812702
2024-10-23,SAND.ST,3,0.0014265480142858777,EOD,-0.002473451985714122
2024-10-24,SAND.ST,0,-0.010401876823840084,STOP,-0.014301876823840085
2024-10-25,SAND.ST,1,0.0057197184498902764,EOD,0.0018197184498902766
2024-10-28,SAND.ST,0,-0.003766420979082641,STOP,-0.007666420979082641
2024-10-29,SAND.ST,0,-0.012873577249461254,STOP,-0.016773577249461255
2024-10-31,SAND.ST,4,-0.006631971173828077,STOP,-0.010531971173828078
2024-11-04,SAND.ST,0,-0.009004710409878602,STOP,-0.012904710409878603
2024-11-05,SAND.ST,0,-0.00860011001200367,STOP,-0.01250011001200367
2024-11-07,SAND.ST,0,0.01831850289845338,EOD,0.01441850289845338
2024-11-13,SAND.ST,0,-0.00640080262279874,STOP,-0.010300802622798741
2024-11-14,SAND.ST,0,-0.0009837528049189137,EOD,-0.0048837528049189135
2024-11-15,SAND.ST,0,0.0034448669230073836,EOD,-0.0004551330769926162
2024-11-18,SAND.ST,6,0.000488236539241127,EOD,-0.003411763460758873
2024-11-21,SAND.ST,4,0.004967709810431042,EOD,0.0010677098104310426
2024-11-26,SAND.ST,2,-0.005952441322918833,STOP,-0.009852441322918834
2024-11-27,SAND.ST,0,-0.006968610945830789,STOP,-0.01086861094583079
2024-11-28,SAND.ST,0,-0.008867010107181383,STOP,-0.012767010107181384
2024-12-02,SAND.ST,0,0.01926882051818679,EOD,0.01536882051818679
2024-12-03,SAND.ST,3,0.0023923444976077235,EOD,-0.0015076555023922763
2024-12-06,SAND.ST,2,0.0014110432001712692,EOD,-0.0024889567998287307
2024-12-09,SAND.ST,5,-0.0059880378406712564,EOD,-0.009888037840671257
2024-12-10,SAND.ST,2,-0.005113928741528051,STOP,-0.009013928741528052
2024-12-11,SAND.ST,0,0.0014091266339053554,EOD,-0.0024908733660946444
2024-12-17,SAND.ST,0,0.002440214811585628,EOD,-0.0014597851884143717
2024-12-20,SAND.ST,4,0.005304385288939173,EOD,0.0014043852889391731
2024-12-23,SAND.ST,0,-0.005780316230834415,EOD,-0.009680316230834415
2024-12-27,SAND.ST,0,-0.006001485204087387,STOP,-0.009901485204087387
2024-12-30,SAND.ST,2,-0.0022624281651631994,EOD,-0.006162428165163199
2025-01-03,SAND.ST,0,-0.006454755870732187,STOP,-0.010354755870732188
2025-01-08,SAND.ST,0,-0.0009741692414478864,EOD,-0.004874169241447886
2025-01-09,SAND.ST,0,0.0058083103232868805,EOD,0.0019083103232868806
2025-01-15,SAND.ST,0,0.012801530116160587,EOD,0.008901530116160586
2025-01-16,SAND.ST,1,-0.007225433313581164,STOP,-0.011125433313581165
2025-01-17,SAND.ST,0,0.001912089680251805,EOD,-0.001987910319748195
2025-01-20,SAND.ST,5,-0.0033238945239496553,EOD,-0.007223894523949655
2025-01-21,SAND.ST,1,0.008075995003525849,EOD,0.004175995003525849
2025-01-22,SAND.ST,0,-0.01400560244043747,STOP,-0.01790560244043747
2025-01-23,SAND.ST,0,0.04164786084757632,EOD,0.03774786084757632
2025-01-24,SAND.ST,7,0.002159827213822796,EOD,-0.001740172786177204
2025-01-28,SAND.ST,0,-0.001730892015183505,EOD,-0.005630892015183505
2025-02-03,SAND.ST,4,-0.010704700843677695,STOP,-0.014604700843677695
2025-02-04,SAND.ST,6,0.0030987703671740974,EOD,-0.0008012296328259024
2025-02-06,SAND.ST,0,0.018551291167223205,EOD,0.014651291167223204
2025-02-10,SAND.ST,7,-0.002178649237472796,EOD,-0.006078649237472796
2025-02-11,SAND.ST,0,-0.004368720081540212,STOP,-0.008268720081540212
2025-02-12,SAND.ST,0,0.0012914466113500556,EOD,-0.0026085533886499443
2025-02-13,SAND.ST,0,0.011382786606153772,EOD,0.007482786606153772
2025-02-14,SAND.ST,0,-0.0070774228552904495,STOP,-0.01097742285529045
2025-02-17,SAND.ST,0,-0.005016709713846046,STOP,-0.008916709713846047
2025-02-18,SAND.ST,4,0.006688988812411312,EOD,0.002788988812411312
2025-02-20,SAND.ST,0,0.006366723094824334,EOD,0.002466723094824334
2025-02-21,SAND.ST,0,-0.004199915894018247,STOP,-0.008099915894018248
2025-02-25,SAND.ST,1,-0.00042785984609450267,EOD,-0.0043278598460945025
2025-02-26,SAND.ST,0,0.00042172434480192145,EOD,-0.0034782756551980784
2025-02-27,SAND.ST,0,-0.007633600629609494,STOP,-0.011533600629609495
2025-02-28,SAND.ST,0,-0.0012875667457417084,EOD,-0.005187566745741708
2025-03-03,SAND.ST,0,-0.0012848096435024159,EOD,-0.005184809643502416
2025-03-05,SAND.ST,0,0.0030368631160182513,EOD,-0.0008631368839817485
2025-03-06,SAND.ST,6,-0.0033927185810180838,EOD,-0.007292718581018084
2025-03-07,SAND.ST,0,0.004297378655412798,EOD,0.00039737865541279813
2025-03-12,SAND.ST,0,-0.006941458149742452,STOP,-0.010841458149742453
2025-03-13,SAND.ST,1,-0.0039266749933143386,EOD,-0.00782667499331434
2025-03-14,SAND.ST,1,0.005598635094071991,EOD,0.001698635094071991
2025-03-17,SAND.ST,4,0.0008535934512898802,EOD,-0.0030464065487101196
2025-03-18,SAND.ST,0,-0.008849583128987981,STOP,-0.012749583128987982
2025-03-25,SAND.ST,1,0.013531168756607759,EOD,0.009631168756607758
2025-03-28,SAND.ST,0,-0.007200678968052654,STOP,-0.011100678968052655
2025-04-01,SAND.ST,1,-0.007996294253178493,STOP,-0.011896294253178494
2025-04-07,SAND.ST,0,0.016459752838452024,EOD,0.012559752838452024
2025-04-08,SAND.ST,5,-0.015763307828594142,EOD,-0.019663307828594143
2025-04-14,SAND.ST,6,-0.0074270233235245176,EOD,-0.011327023323524518
2025-04-15,SAND.ST,0,-0.005777263025148027,EOD,-0.009677263025148028
2025-04-16,SAND.ST,0,-0.01251993011685859,STOP,-0.01641993011685859
2025-04-22,SAND.ST,0,0.018852910218923435,EOD,0.014952910218923435
2025-04-23,SAND.ST,5,-0.01125281337504802,EOD,-0.015152813375048022
2025-04-24,SAND.ST,2,0.011133587450851135,EOD,0.007233587450851135
2025-04-25,SAND.ST,5,-0.002941206389782458,EOD,-0.006841206389782458
2025-04-28,SAND.ST,4,-0.004880429623171145,EOD,-0.008780429623171146
2025-04-29,SAND.ST,1,-0.008771944827132838,STOP,-0.012671944827132839
2025-05-07,SAND.ST,0,0.004462117842789937,EOD,0.0005621178427899368
2025-05-08,SAND.ST,0,0.0014655742854439158,EOD,-0.002434425714556084
2025-05-12,SAND.ST,0,0.0,EOD,-0.0039
2025-05-13,SAND.ST,4,-0.009611011915403367,STOP,-0.013511011915403368
2025-05-15,SAND.ST,0,0.008341070557474017,EOD,0.0044410705574740176
2025-05-20,SAND.ST,2,-0.00923361008145207,EOD,-0.013133610081452071
2025-05-22,SAND.ST,0,-0.0071258907363420665,STOP,-0.011025890736342067
2025-05-27,SAND.ST,0,-0.005706119499897744,EOD,-0.009606119499897744
2025-05-28,SAND.ST,0,0.003809538341703833,EOD,-9.046165829616672e-05
2025-05-30,SAND.ST,0,-0.000477356102699833,EOD,-0.004377356102699833
2025-06-02,SAND.ST,0,-0.002401537018870803,EOD,-0.006301537018870803
2025-06-04,SAND.ST,0,0.006616228053412776,EOD,0.002716228053412776
2025-06-10,SAND.ST,7,0.0013960123791456613,EOD,-0.0025039876208543385
2025-06-13,SAND.ST,0,-0.003786100521550151,EOD,-0.007686100521550151
2025-06-16,SAND.ST,0,0.008490580432819916,EOD,0.0045905804328199165
2025-06-17,SAND.ST,0,-0.0023419203747072626,EOD,-0.006241920374707262
2025-06-19,SAND.ST,0,0.002855739301744542,EOD,-0.0010442606982554578
2025-06-23,SAND.ST,0,-0.007611754842796414,STOP,-0.011511754842796415
2025-06-26,SAND.ST,1,-0.011173226821114768,STOP,-0.015073226821114769
2025-06-27,SAND.ST,6,0.0018264561483305464,EOD,-0.0020735438516694535
2025-07-02,SAND.ST,0,0.01317580107253824,EOD,0.00927580107253824
2025-07-03,SAND.ST,0,-0.006249972752162436,STOP,-0.010149972752162437
2025-07-04,SAND.ST,5,-0.0017994113800362532,EOD,-0.005699411380036253
2025-07-07,SAND.ST,5,-0.0009008871542440788,EOD,-0.004800887154244079
2025-07-08,SAND.ST,6,0.004037726244583872,EOD,0.0001377262445838726
2025-07-09,SAND.ST,0,-0.0026408048097960046,EOD,-0.0065408048097960044
2025-07-10,SAND.ST,0,0.007782114258576334,EOD,0.003882114258576334
2025-07-11,SAND.ST,0,-0.006866978985045624,STOP,-0.010766978985045625
2025-07-14,SAND.ST,0,-0.004370629312333452,EOD,-0.008270629312333452
2025-07-15,SAND.ST,0,-0.005644824292362904,STOP,-0.009544824292362905
2025-07-16,SAND.ST,1,-0.01050325556448306,STOP,-0.014403255564483061
2025-07-18,SAND.ST,0,-0.012320328542094416,STOP,-0.016220328542094417
2025-07-21,SAND.ST,0,-0.006683337032240666,STOP,-0.010583337032240667
2025-07-23,SAND.ST,0,0.00458138615895054,EOD,0.0006813861589505402
2025-07-24,SAND.ST,0,-0.006964408703498015,STOP,-0.010864408703498016
2025-07-25,SAND.ST,2,0.010748268578411935,EOD,0.006848268578411935
2025-07-29,SAND.ST,0,-0.0016426854065066943,EOD,-0.005542685406506694
2025-07-30,SAND.ST,0,-0.0028854583240717213,EOD,-0.006785458324071721
2025-08-05,SAND.ST,3,0.001276608730884199,EOD,-0.002623391269115801
2025-08-07,SAND.ST,0,0.0084459458370989,EOD,0.004545945837098901
2025-08-08,SAND.ST,0,-0.005008398065369013,STOP,-0.008908398065369014
2025-08-13,SAND.ST,0,-0.0033543104895505937,STOP,-0.0072543104895505936
2025-08-14,SAND.ST,3,-0.002513577094249597,EOD,-0.006413577094249597
2025-08-15,SAND.ST,0,-0.004569966176456108,EOD,-0.008469966176456109
2025-08-19,SAND.ST,1,0.015513614038751289,EOD,0.011613614038751288
2025-08-20,SAND.ST,0,0.0008305521001144012,EOD,-0.0030694478998855987
2025-08-22,SAND.ST,0,0.012474012474012364,EOD,0.008574012474012363
2025-08-25,SAND.ST,0,-0.007395184215716388,STOP,-0.011295184215716389
2025-08-26,SAND.ST,0,0.000414963085127118,EOD,-0.003485036914872882
2025-08-27,SAND.ST,3,-0.004960715082761413,STOP,-0.008860715082761414
2025-08-28,SAND.ST,0,-0.004547295876316859,STOP,-0.00844729587631686
2025-08-29,SAND.ST,1,-0.004993745039544306,EOD,-0.008893745039544307
2025-09-01,SAND.ST,0,-0.006247396759137547,STOP,-0.010147396759137547
2025-09-03,SAND.ST,0,0.002104377050319517,EOD,-0.0017956229496804829
2025-09-04,SAND.ST,0,-0.006633461297555043,EOD,-0.010533461297555044
2025-09-05,SAND.ST,1,-0.01070395599035956,STOP,-0.01460395599035956
2025-09-08,SAND.ST,2,0.013093339962956918,EOD,0.009193339962956917
2025-09-11,SAND.ST,4,0.0004017923100361198,EOD,-0.00349820768996388
2025-09-12,SAND.ST,3,-0.0007993483240671395,EOD,-0.004699348324067139
2025-09-15,SAND.ST,3,-0.013613379684599525,STOP,-0.017513379684599525
2025-09-16,SAND.ST,0,-0.0007849173698853962,STOP,-0.004684917369885396
2025-09-18,SAND.ST,0,-0.0019394880670108305,EOD,-0.00583948806701083
2025-09-19,SAND.ST,0,-0.004248768364032651,EOD,-0.008148768364032652
2025-09-23,SAND.ST,0,0.007680491731482331,EOD,0.003780491731482331
2025-09-26,SAND.ST,3,0.0015354852072337888,EOD,-0.002364514792766211
2025-09-29,SAND.ST,1,-0.006841574567803987,STOP,-0.010741574567803988
2025-09-30,SAND.ST,2,0.006923029972956796,EOD,0.003023029972956796
2025-10-01,SAND.ST,0,-0.006498517459355702,STOP,-0.010398517459355702
2025-10-02,SAND.ST,0,-0.0007523765938202143,EOD,-0.004652376593820214
2025-10-03,SAND.ST,0,0.008227420558142962,EOD,0.004327420558142962
2025-10-06,SAND.ST,1,0.0011136537392133494,EOD,-0.0027863462607866504
2025-10-10,SAND.ST,0,-0.008112139041320465,STOP,-0.012012139041320466
2025-10-14,SAND.ST,5,0.005630630759634547,EOD,0.0017306307596345475
2025-10-16,SAND.ST,0,0.004411809584673687,EOD,0.0005118095846736873
2025-10-17,SAND.ST,3,-0.006980251024446549,EOD,-0.01088025102444655
2025-10-20,SAND.ST,1,-0.01098901098901095,STOP,-0.01488901098901095
2025-10-21,SAND.ST,0,-0.01022925536678787,STOP,-0.014129255366787871
2025-10-23,SAND.ST,2,0.0060071102721952485,EOD,0.0021071102721952487
2025-10-24,SAND.ST,2,0.0020913423362849404,EOD,-0.0018086576637150594
2025-10-27,SAND.ST,1,-0.005168848852183716,STOP,-0.009068848852183717
2025-10-28,SAND.ST,4,0.00940105005116365,EOD,0.005501050051163651
2025-10-29,SAND.ST,6,-0.0003460418806768839,EOD,-0.004246041880676884
2025-10-30,SAND.ST,4,-0.0034578145151810125,EOD,-0.007357814515181012
2025-11-04,SAND.ST,2,-0.006036975036166514,STOP,-0.009936975036166515
2025-11-05,SAND.ST,2,0.021291697160782164,EOD,0.017391697160782163
2025-11-06,SAND.ST,0,-0.0062326449759377844,STOP,-0.010132644975937785
2025-11-10,SAND.ST,2,0.0,EOD,-0.0039
2025-11-11,SAND.ST,0,0.005854036648627492,EOD,0.001954036648627492
2025-11-12,SAND.ST,0,-0.0003408524389776346,EOD,-0.0042408524389776344
2025-11-13,SAND.ST,0,-0.006445027052778274,STOP,-0.010345027052778275
2025-11-14,SAND.ST,6,0.0020862520541800045,EOD,-0.0018137479458199953
2025-11-19,SAND.ST,2,0.002880762541603188,EOD,-0.001019237458396812
2025-11-21,SAND.ST,3,0.0032584860851119224,EOD,-0.0006415139148880774
2025-11-24,SAND.ST,3,0.002139822099058719,EOD,-0.0017601779009412807
2025-11-25,SAND.ST,2,0.005315378933788084,EOD,0.0014153789337880843
2025-11-26,SAND.ST,5,-0.001047077811409225,EOD,-0.004947077811409225
2025-11-28,SAND.ST,1,0.0,EOD,-0.0039
2025-12-01,SAND.ST,2,0.007029876977152849,EOD,0.0031298769771528493
2025-12-02,SAND.ST,0,0.002433026276513983,EOD,-0.0014669737234860166
2025-12-03,SAND.ST,0,0.0003443736419335153,EOD,-0.0035556263580664845
2025-12-08,SAND.ST,0,-0.007836414967525518,STOP,-0.011736414967525519
2025-12-11,SAND.ST,0,0.001024302891084794,EOD,-0.002875697108915206
2025-12-12,SAND.ST,0,-0.005423749503442821,STOP,-0.009323749503442821
2025-12-15,SAND.ST,1,0.000341901208600337,EOD,-0.003558098791399663
2025-12-16,SAND.ST,0,-0.004120920867881295,STOP,-0.008020920867881295
2025-12-18,SAND.ST,0,0.02181446875635995,EOD,0.01791446875635995
2025-12-19,SAND.ST,7,-0.0026981038548693492,EOD,-0.006598103854869349
2025-12-22,SAND.ST,0,-0.00637795882985015,STOP,-0.01027795882985015
2025-12-29,SAND.ST,0,0.002008052637309188,EOD,-0.001891947362690812
2025-12-30,SAND.ST,0,0.004326082505719642,EOD,0.0004260825057196419
2026-01-02,SAND.ST,0,-0.008275405327676011,STOP,-0.012175405327676012
2026-01-07,SAND.ST,0,0.005396864149305625,EOD,0.0014968641493056248
2026-01-09,SAND.ST,0,0.012520044611506798,EOD,0.008620044611506797
2026-01-12,SAND.ST,5,-0.0006317504838134758,EOD,-0.004531750483813476
2026-01-13,SAND.ST,5,0.0040650980618188726,EOD,0.00016509806181887274
2026-01-15,SAND.ST,3,0.002135485762962741,EOD,-0.0017645142370372588
2026-01-20,SAND.ST,5,0.009108021206266637,EOD,0.005208021206266637
2026-01-21,SAND.ST,0,0.006142506027362105,EOD,0.0022425060273621048
2026-01-22,SAND.ST,0,-0.0009063075316276814,EOD,-0.004806307531627681
2026-01-23,SAND.ST,0,0.00512978949408871,EOD,0.0012297894940887103
2026-01-26,SAND.ST,1,0.019242314428859375,EOD,0.015342314428859374
2026-01-27,SAND.ST,7,0.005824111926463482,EOD,0.0019241119264634824
2026-01-29,SAND.ST,0,-0.005616399791407489,EOD,-0.00951639979140749
2026-02-03,SAND.ST,0,0.007713464994404173,EOD,0.0038134649944041735
2026-02-04,SAND.ST,0,-0.005898156051022063,EOD,-0.009798156051022064
2026-02-05,SAND.ST,1,-0.008650937394577563,STOP,-0.012550937394577563
2026-02-06,SAND.ST,0,0.011976031490419814,EOD,0.008076031490419813
2026-02-09,SAND.ST,3,0.013073704838990396,EOD,0.009173704838990396
2026-02-10,SAND.ST,0,0.001049852746678237,EOD,-0.002850147253321763
2026-02-11,SAND.ST,0,0.011238859708238902,EOD,0.007338859708238902
2026-02-16,SAND.ST,0,-0.00553799060103688,EOD,-0.00943799060103688
2026-02-18,SAND.ST,6,0.002110785733426823,EOD,-0.0017892142665731766
2026-02-19,SAND.ST,0,-0.007124042762615468,STOP,-0.011024042762615469
2026-02-20,SAND.ST,0,0.002111980824519355,EOD,-0.0017880191754806448
2026-02-23,SAND.ST,0,0.001306847862058591,EOD,-0.0025931521379414088
2026-02-24,SAND.ST,0,0.010072297968831467,EOD,0.0061722979688314675
2026-02-25,SAND.ST,0,0.00176369921339381,EOD,-0.0021363007866061897
2026-02-26,SAND.ST,0,0.0025188916876575096,EOD,-0.0013811083123424902
2026-03-02,SAND.ST,0,-0.008594524378229385,EOD,-0.012494524378229385
2026-03-04,SAND.ST,1,0.00026324323538395866,EOD,-0.003636756764616041
2026-03-05,SAND.ST,0,-0.00864784658743345,STOP,-0.01254784658743345
2026-03-09,SAND.ST,0,-0.013760162349056415,STOP,-0.017660162349056416
2026-03-10,SAND.ST,0,0.017924056783923836,EOD,0.014024056783923836
2026-03-11,SAND.ST,5,-0.0031553555823576884,EOD,-0.007055355582357688
2026-03-12,SAND.ST,1,-0.01204190079454348,STOP,-0.01594190079454348
2026-03-16,SAND.ST,4,-0.01192784408590497,STOP,-0.01582784408590497
2026-03-17,SAND.ST,3,-0.008988798334357395,STOP,-0.012888798334357396
2026-03-18,SAND.ST,0,-0.019688301795722007,STOP,-0.023588301795722008
2026-03-20,SAND.ST,2,-0.008736167889695223,STOP,-0.012636167889695224
2026-03-23,SAND.ST,0,0.041730163619959404,EOD,0.0378301636199594
2026-03-24,SAND.ST,6,0.004957749306768511,EOD,0.001057749306768511
2026-03-25,SAND.ST,0,-0.0031046447187016435,EOD,-0.007004644718701643
2026-03-30,SAND.ST,0,0.0017386441405500275,EOD,-0.0021613558594499723
2026-03-31,SAND.ST,0,0.010746571627197055,EOD,0.006846571627197055
2026-04-02,SAND.ST,0,0.01187513869231882,EOD,0.00797513869231882
2026-04-07,SAND.ST,0,0.002437686529597638,EOD,-0.0014623134704023618
2026-04-08,SAND.ST,5,-0.0012696800799874008,EOD,-0.005169680079987401
2026-04-09,SAND.ST,3,0.003815822886568565,EOD,-8.417711343143477e-05
2026-04-10,SAND.ST,0,0.009277864393897772,EOD,0.0053778643938977725
2026-04-13,SAND.ST,5,0.0005038090857210076,EOD,-0.0033961909142789922
2026-04-15,SAND.ST,0,-0.005742790993679803,STOP,-0.009642790993679803
2026-04-16,SAND.ST,7,0.0007556367581076362,EOD,-0.0031443632418923636
2026-04-17,SAND.ST,4,-0.0053017068193803585,STOP,-0.00920170681938036
2026-04-20,SAND.ST,0,-0.0143457530746669,STOP,-0.0182457530746669
2026-04-22,SAND.ST,1,-0.01253132832080206,STOP,-0.01643132832080206
2026-04-23,SAND.ST,0,0.006286145142732735,EOD,0.0023861451427327355
2026-04-24,SAND.ST,3,-0.010275704520089302,STOP,-0.014175704520089302
2026-04-29,SAND.ST,0,0.0018439980985200943,EOD,-0.0020560019014799055
2026-04-30,SAND.ST,0,0.01483445325434607,EOD,0.010934453254346069
2026-05-05,SAND.ST,0,0.01704846563809248,EOD,0.01314846563809248
2026-05-06,SAND.ST,0,0.03007906876809341,EOD,0.026179068768093408
2026-05-11,SAND.ST,5,-0.002709292829758292,EOD,-0.006609292829758292
2026-05-12,SAND.ST,3,-0.0060274307041952024,STOP,-0.009927430704195203
2026-05-18,SAND.ST,0,0.029604397311256303,EOD,0.025704397311256302
2026-05-19,SAND.ST,4,-0.018296045832034036,STOP,-0.022196045832034036
2026-05-20,SAND.ST,0,-0.008793574452115482,STOP,-0.012693574452115483
2026-05-21,SAND.ST,0,0.012372259963808974,EOD,0.008472259963808973
2026-05-22,SAND.ST,0,0.01837548307985193,EOD,0.014475483079851928
2026-05-25,SAND.ST,0,0.003347112077693115,EOD,-0.0005528879223068847
2026-05-27,SAND.ST,3,-0.009499389491736232,STOP,-0.013399389491736233
2026-05-29,SAND.ST,2,-0.0013262599469495706,EOD,-0.00522625994694957
2026-06-01,SAND.ST,1,-0.015139474653469431,STOP,-0.019039474653469432
2026-06-02,SAND.ST,0,0.00631245086646004,EOD,0.00241245086646004
2026-06-03,SAND.ST,0,-0.009394587653537623,STOP,-0.013294587653537623
2026-06-05,SAND.ST,3,-0.0031323732391353998,EOD,-0.0070323732391354
2026-06-08,SAND.ST,2,0.0005319473591256507,EOD,-0.003368052640874349
2026-06-10,SAND.ST,6,-0.014737405734458808,STOP,-0.01863740573445881
2026-06-11,SAND.ST,0,-0.002712967942054667,EOD,-0.006612967942054667
2026-06-12,SAND.ST,0,-0.020296612127843172,STOP,-0.024196612127843173
2026-06-16,SAND.ST,0,-0.00787195449982403,EOD,-0.01177195449982403
2026-06-17,SAND.ST,0,0.007097560945421355,EOD,0.0031975609454213553
2026-06-25,SAND.ST,1,0.009933759133605502,EOD,0.006033759133605502
2026-06-29,SAND.ST,0,0.0017989763003676273,EOD,-0.0021010236996323725
2026-06-30,SAND.ST,1,0.0070510897757045665,EOD,0.0031510897757045667
2026-07-02,SAND.ST,0,0.003815822886568565,EOD,-8.417711343143477e-05
2026-07-03,SAND.ST,0,0.01353679587803125,EOD,0.009636795878031248
2023-08-08,SEB-A.ST,0,-0.013784955037954627,STOP,-0.017684955037954628
2023-08-09,SEB-A.ST,0,-0.005891594517048571,EOD,-0.009791594517048571
2023-08-10,SEB-A.ST,0,0.0019516002192692117,EOD,-0.0019483997807307881
2023-08-11,SEB-A.ST,0,-0.00039034386709868585,EOD,-0.004290343867098686
2023-08-14,SEB-A.ST,0,-0.002344630164271444,EOD,-0.006244630164271444
2023-08-16,SEB-A.ST,0,-0.004715115710185458,EOD,-0.008615115710185459
2023-08-17,SEB-A.ST,0,-0.006703518005190201,STOP,-0.010603518005190202
2023-08-18,SEB-A.ST,7,-0.0003977360666433949,EOD,-0.004297736066643395
2023-08-21,SEB-A.ST,1,-0.00753672792254223,STOP,-0.01143672792254223
2023-08-25,SEB-A.ST,0,0.00243799605788797,EOD,-0.0014620039421120298
2023-08-28,SEB-A.ST,7,-0.002389510509483106,EOD,-0.006289510509483106
2023-08-29,SEB-A.ST,0,-0.006722012610795192,EOD,-0.010622012610795192
2023-08-30,SEB-A.ST,0,-0.006324134796504399,STOP,-0.0102241347965044
2023-08-31,SEB-A.ST,0,-0.0027450860715380054,EOD,-0.006645086071538005
2023-09-01,SEB-A.ST,0,-0.0007852255619886783,EOD,-0.004685225561988678
2023-09-04,SEB-A.ST,0,-0.008928583063905537,EOD,-0.012828583063905538
2023-09-05,SEB-A.ST,0,0.002721546097321559,EOD,-0.001178453902678441
2023-09-07,SEB-A.ST,0,-0.007809449247695888,STOP,-0.011709449247695888
2023-09-14,SEB-A.ST,0,0.0034911732221851732,EOD,-0.0004088267778148266
2023-09-15,SEB-A.ST,0,-0.0003843431930204977,EOD,-0.0042843431930204975
2023-09-18,SEB-A.ST,0,-0.005751534011538162,STOP,-0.009651534011538163
2023-09-19,SEB-A.ST,0,-0.007713074022960842,STOP,-0.011613074022960843
2023-09-20,SEB-A.ST,0,0.014722927946947406,EOD,0.010822927946947405
2023-09-21,SEB-A.ST,5,0.003429854868211013,EOD,-0.0004701451317889868
2023-09-26,SEB-A.ST,2,-0.001146858958512964,EOD,-0.005046858958512964
2023-09-28,SEB-A.ST,4,-0.0038520800326994342,STOP,-0.007752080032699434
2023-09-29,SEB-A.ST,0,0.003456197840166375,EOD,-0.0004438021598336247
2023-10-03,SEB-A.ST,0,-0.011098331542143347,STOP,-0.014998331542143348
2023-10-04,SEB-A.ST,0,-0.0007833801247610905,EOD,-0.00468338012476109
2023-10-05,SEB-A.ST,4,-0.002332838549916727,EOD,-0.006232838549916727
2023-10-06,SEB-A.ST,0,0.006153869628906294,EOD,0.0022538696289062946
2023-10-10,SEB-A.ST,0,0.0,EOD,-0.0039
2023-10-11,SEB-A.ST,3,0.007473841384093127,EOD,0.0035738413840931274
2023-10-12,SEB-A.ST,0,0.010309233173954935,EOD,0.006409233173954935
2023-10-18,SEB-A.ST,0,-0.012963651225307626,EOD,-0.016863651225307627
2023-10-20,SEB-A.ST,0,-0.01121495327102806,STOP,-0.015114953271028062
2023-10-24,SEB-A.ST,1,-0.0030709704144673555,EOD,-0.006970970414467355
2023-10-27,SEB-A.ST,0,-0.014847499974129819,EOD,-0.01874749997412982
2023-10-31,SEB-A.ST,1,-0.004006410158440721,EOD,-0.007906410158440721
2023-11-02,SEB-A.ST,5,0.002024291497975783,EOD,-0.0018757085020242167
2023-11-08,SEB-A.ST,2,0.0032440704508049922,EOD,-0.0006559295491950076
2023-11-09,SEB-A.ST,2,0.0012115823326892539,EOD,-0.002688417667310746
2023-11-14,SEB-A.ST,6,0.0012038645884098198,EOD,-0.00269613541159018
2023-11-17,SEB-A.ST,0,0.006781001072740933,EOD,0.0028810010727409333
2023-11-22,SEB-A.ST,0,0.0,EOD,-0.0039
2023-11-23,SEB-A.ST,0,0.009516293355729122,EOD,0.005616293355729122
2023-11-29,SEB-A.ST,0,0.0067487584288306035,EOD,0.0028487584288306037
2023-11-30,SEB-A.ST,0,0.0011825110578105313,EOD,-0.0027174889421894685
2023-12-01,SEB-A.ST,5,-0.00039181365957008385,EOD,-0.004291813659570084
2023-12-05,SEB-A.ST,5,0.0,EOD,-0.0039
2023-12-06,SEB-A.ST,0,0.0,EOD,-0.0039
2023-12-08,SEB-A.ST,6,0.0,EOD,-0.0039
2023-12-11,SEB-A.ST,4,0.002610897700550119,EOD,-0.001289102299449881
2023-12-15,SEB-A.ST,0,-0.007299270072992692,EOD,-0.011199270072992693
2023-12-18,SEB-A.ST,0,-0.0021906028363855023,EOD,-0.006090602836385502
2023-12-19,SEB-A.ST,1,-0.002562270043021786,EOD,-0.006462270043021786
2023-12-22,SEB-A.ST,0,0.00330394242529386,EOD,-0.00059605757470614
2023-12-29,SEB-A.ST,0,0.0028839882052968946,EOD,-0.0010160117947031052
2024-01-02,SEB-A.ST,0,-0.0007128018627250432,EOD,-0.004612801862725043
2024-01-04,SEB-A.ST,1,0.0035335689045936647,EOD,-0.00036643109540633514
2024-01-09,SEB-A.ST,0,-0.005629859376466428,STOP,-0.009529859376466429
2024-01-11,SEB-A.ST,3,-0.0048882469494409,STOP,-0.0087882469494409
2024-01-12,SEB-A.ST,0,-0.004856031757759616,EOD,-0.008756031757759616
2024-01-17,SEB-A.ST,0,0.010230133971827593,EOD,0.006330133971827593
2024-01-18,SEB-A.ST,0,-0.005763710620809492,EOD,-0.009663710620809493
2024-01-19,SEB-A.ST,4,-0.007521511503224554,STOP,-0.011421511503224555
2024-01-22,SEB-A.ST,2,0.001429060040038177,EOD,-0.002470939959961823
2024-01-24,SEB-A.ST,4,0.0007002159845215239,EOD,-0.003199784015478476
2024-01-25,SEB-A.ST,0,0.034400565032531416,EOD,0.030500565032531415
2024-01-30,SEB-A.ST,0,-0.006958169883618637,STOP,-0.010858169883618637
2024-02-01,SEB-A.ST,0,-0.0006735658254100052,EOD,-0.004573565825410005
2024-02-02,SEB-A.ST,4,0.0003330206712648387,EOD,-0.003566979328735161
2024-02-09,SEB-A.ST,2,0.0006782374064797647,EOD,-0.003221762593520235
2024-02-12,SEB-A.ST,3,0.0026926549193337923,EOD,-0.0012073450806662075
2024-02-13,SEB-A.ST,4,-0.0023435292213717096,EOD,-0.006243529221371709
2024-02-14,SEB-A.ST,4,-0.0006715302137357826,EOD,-0.004571530213735782
2024-02-15,SEB-A.ST,0,0.007002354605717187,EOD,0.0031023546057171872
2024-02-16,SEB-A.ST,2,0.003261578539115906,EOD,-0.000638421460884094
2024-02-20,SEB-A.ST,0,0.0013131775721253458,EOD,-0.002586822427874654
2024-02-21,SEB-A.ST,2,-0.005566410358309737,STOP,-0.009466410358309738
2024-02-23,SEB-A.ST,3,0.0013310944974520567,EOD,-0.002568905502547943
2024-02-26,SEB-A.ST,0,-0.0009939953780732091,EOD,-0.004893995378073209
2024-02-27,SEB-A.ST,5,0.003639892592671057,EOD,-0.000260107407328943
2024-02-29,SEB-A.ST,3,0.004572154933611738,EOD,0.0006721549336117386
2024-03-04,SEB-A.ST,0,-0.0022794275256227126,EOD,-0.006179427525622712
2024-03-05,SEB-A.ST,1,0.0016355903828404461,EOD,-0.0022644096171595537
2024-03-06,SEB-A.ST,0,-0.0022786854792163913,EOD,-0.006178685479216391
2024-03-07,SEB-A.ST,0,0.009477104236877087,EOD,0.005577104236877088
2024-03-08,SEB-A.ST,0,-0.0019292800756129935,EOD,-0.005829280075612993
2024-03-12,SEB-A.ST,0,0.012670645122590862,EOD,0.008770645122590862
2024-03-13,SEB-A.ST,4,0.0025649834119982895,EOD,-0.0013350165880017103
2024-03-14,SEB-A.ST,0,-0.009529860598257,STOP,-0.013429860598257001
2024-03-19,SEB-A.ST,2,0.0019248494143111472,EOD,-0.0019751505856888526
2024-03-20,SEB-A.ST,0,0.006601891920264169,EOD,0.0027018919202641692
2024-03-21,SEB-A.ST,3,0.009867281240930614,EOD,0.0059672812409306145
2024-03-22,SEB-A.ST,1,-0.008378016257156062,STOP,-0.012278016257156063
2024-03-25,SEB-A.ST,0,-0.0037099699949936227,EOD,-0.0076099699949936225
2024-03-26,SEB-A.ST,0,0.00774938815749282,EOD,0.0038493881574928205
2024-04-02,SEB-A.ST,1,0.0013708856435810102,EOD,-0.0025291143564189896
2024-04-04,SEB-A.ST,0,0.0037542870427154096,EOD,-0.00014571295728459024
2024-04-05,SEB-A.ST,4,0.00446281622047584,EOD,0.0005628162204758405
2024-04-08,SEB-A.ST,3,0.006068738219582315,EOD,0.002168738219582315
2024-04-10,SEB-A.ST,0,-0.004718653038293774,STOP,-0.008618653038293775
2024-04-12,SEB-A.ST,0,-0.008460236886632777,EOD,-0.012360236886632778
2024-04-15,SEB-A.ST,0,-0.010770825113737281,STOP,-0.014670825113737282
2024-04-17,SEB-A.ST,0,0.0017415534286673306,EOD,-0.002158446571332669
2024-04-18,SEB-A.ST,7,0.0024138351966593863,EOD,-0.0014861648033406135
2024-04-19,SEB-A.ST,6,0.0010337277062371086,EOD,-0.002866272293762891
2024-04-22,SEB-A.ST,1,-0.0006810085077226802,EOD,-0.00458100850772268
2024-04-23,SEB-A.ST,0,0.015566856526279649,EOD,0.011666856526279648
2024-04-24,SEB-A.ST,0,-0.014319747235781555,EOD,-0.018219747235781555
2024-04-26,SEB-A.ST,1,0.0,EOD,-0.0039
2024-04-29,SEB-A.ST,0,-0.004456696112937419,EOD,-0.00835669611293742
2024-05-02,SEB-A.ST,5,-0.007529131126361777,STOP,-0.011429131126361777
2024-05-03,SEB-A.ST,1,0.0010229059769297777,EOD,-0.002877094023070222
2024-05-06,SEB-A.ST,0,0.011467095772291325,EOD,0.007567095772291325
2024-05-07,SEB-A.ST,1,0.0023132243071193326,EOD,-0.0015867756928806672
2024-05-10,SEB-A.ST,0,0.008560999280319725,EOD,0.004660999280319726
2024-05-23,SEB-A.ST,0,0.002331043075212591,EOD,-0.0015689569247874088
2024-05-27,SEB-A.ST,0,0.005745225556260003,EOD,0.0018452255562600032
2024-05-30,SEB-A.ST,3,0.004758646629488217,EOD,0.000858646629488217
2024-05-31,SEB-A.ST,0,0.005392570003741826,EOD,0.0014925700037418258
2024-06-03,SEB-A.ST,5,-0.005312105042067028,STOP,-0.009212105042067029
2024-06-05,SEB-A.ST,2,0.001339564260911974,EOD,-0.002560435739088026
2024-06-12,SEB-A.ST,0,0.003892352431220658,EOD,-7.647568779341717e-06
2024-06-14,SEB-A.ST,0,-0.006529546456762625,STOP,-0.010429546456762626
2024-06-19,SEB-A.ST,0,0.00032940086134747304,EOD,-0.0035705991386525268
2024-06-20,SEB-A.ST,1,0.0,EOD,-0.0039
2024-06-24,SEB-A.ST,5,0.004576639177567676,EOD,0.0006766391775676764
2024-06-25,SEB-A.ST,0,-0.006514657980456029,STOP,-0.01041465798045603
2024-06-26,SEB-A.ST,0,-0.010406543762703224,STOP,-0.014306543762703225
2024-06-27,SEB-A.ST,0,-0.0038671664088293367,EOD,-0.0077671664088293365
2024-06-28,SEB-A.ST,1,-0.00031940626498283553,EOD,-0.004219406264982835
2024-07-03,SEB-A.ST,1,0.0028929407869728863,EOD,-0.0010070592130271136
2024-07-04,SEB-A.ST,0,-0.0012666051676563095,EOD,-0.005166605167656309
2024-07-08,SEB-A.ST,0,-0.010539821929788862,STOP,-0.014439821929788862
2024-07-10,SEB-A.ST,6,0.0009749359150721393,EOD,-0.0029250640849278605
2024-07-11,SEB-A.ST,0,0.015078541884468777,EOD,0.011178541884468776
2024-07-12,SEB-A.ST,5,0.0031525849984750387,EOD,-0.0007474150015249611
2024-07-16,SEB-A.ST,0,-0.015063000554438655,EOD,-0.018963000554438655
2024-07-18,SEB-A.ST,1,0.015610365877477994,EOD,0.011710365877477993
2024-07-19,SEB-A.ST,0,-0.006169031229779298,STOP,-0.010069031229779299
2024-07-22,SEB-A.ST,0,-0.00462962962962965,STOP,-0.008529629629629651
2024-07-23,SEB-A.ST,0,-0.007936526419642598,STOP,-0.011836526419642598
2024-07-25,SEB-A.ST,0,0.014761345154294503,EOD,0.010861345154294502
2024-07-26,SEB-A.ST,0,0.0009216214837750591,EOD,-0.0029783785162249407
2024-07-29,SEB-A.ST,1,-0.0057697964376448585,STOP,-0.00966979643764486
2024-07-30,SEB-A.ST,5,0.0021276966779064654,EOD,-0.0017723033220935344
2024-07-31,SEB-A.ST,2,-0.005123513417709558,STOP,-0.009023513417709558
2024-08-05,SEB-A.ST,0,0.0016949152542373724,EOD,-0.0022050847457626274
2024-08-07,SEB-A.ST,0,0.007762465087085779,EOD,0.0038624650870857794
2024-08-08,SEB-A.ST,0,0.010788879378297533,EOD,0.006888879378297534
2024-08-09,SEB-A.ST,0,-0.0029742031669903746,EOD,-0.006874203166990374
2024-08-13,SEB-A.ST,0,-0.006249979922645976,STOP,-0.010149979922645977
2024-08-14,SEB-A.ST,5,-0.0036053952196329897,EOD,-0.0075053952196329895
2024-08-15,SEB-A.ST,4,0.008172605589675142,EOD,0.004272605589675142
2024-08-19,SEB-A.ST,5,-0.0028809024137900208,EOD,-0.006780902413790021
2024-08-21,SEB-A.ST,0,-0.004237248515948422,STOP,-0.008137248515948423
2024-08-22,SEB-A.ST,0,0.0026110258697236155,EOD,-0.0012889741302763843
2024-08-23,SEB-A.ST,0,0.0029013341749442034,EOD,-0.0009986658250557964
2024-08-26,SEB-A.ST,0,0.0009622139906755312,EOD,-0.0029377860093244687
2024-08-27,SEB-A.ST,0,-0.004796929777562298,STOP,-0.008696929777562298
2024-08-28,SEB-A.ST,0,0.003835130170786183,EOD,-6.486982921381692e-05
2024-08-29,SEB-A.ST,3,-0.0031675640206950684,EOD,-0.007067564020695068
2024-09-04,SEB-A.ST,1,-0.002581438556710558,EOD,-0.006481438556710558
2024-09-05,SEB-A.ST,0,0.006083972104802271,EOD,0.002183972104802271
2024-09-06,SEB-A.ST,4,-0.010226851236410539,STOP,-0.01412685123641054
2024-09-09,SEB-A.ST,6,0.0006373875551684005,EOD,-0.0032626124448315993
2024-09-10,SEB-A.ST,0,-0.011991126115988515,STOP,-0.015891126115988516
2024-09-16,SEB-A.ST,0,0.0031989762651152276,EOD,-0.0007010237348847722
2024-09-17,SEB-A.ST,0,-0.008818859190452777,STOP,-0.012718859190452778
2024-09-25,SEB-A.ST,0,-0.007657925792037834,STOP,-0.011557925792037835
2024-09-26,SEB-A.ST,0,0.001596423947996195,EOD,-0.002303576052003805
2024-09-30,SEB-A.ST,0,-0.008628896587151602,STOP,-0.012528896587151603
2024-10-04,SEB-A.ST,0,-0.006003962195661461,STOP,-0.009903962195661462
2024-10-07,SEB-A.ST,4,-0.0016523462984628923,EOD,-0.005552346298462892
2024-10-08,SEB-A.ST,0,0.0016561775757155672,EOD,-0.0022438224242844326
2024-10-09,SEB-A.ST,5,0.0013276615674386871,EOD,-0.0025723384325613127
2024-10-11,SEB-A.ST,5,0.00397486661573998,EOD,7.486661573998053e-05
2024-10-14,SEB-A.ST,5,-0.0006580509821307867,EOD,-0.0045580509821307865
2024-10-16,SEB-A.ST,5,-0.0032851511828217994,EOD,-0.007185151182821799
2024-10-17,SEB-A.ST,0,-0.006702763063384465,EOD,-0.010602763063384466
2024-10-18,SEB-A.ST,0,-0.00032249629650837885,EOD,-0.004222496296508379
2024-10-21,SEB-A.ST,5,-0.005159645507976984,STOP,-0.009059645507976985
2024-10-22,SEB-A.ST,5,0.0038684127731505313,EOD,-3.1587226849468485e-05
2024-10-25,SEB-A.ST,0,-0.008286376860616285,EOD,-0.012186376860616285
2024-10-28,SEB-A.ST,0,0.013625809859358462,EOD,0.009725809859358461
2024-10-29,SEB-A.ST,2,-0.003564504477510111,EOD,-0.007464504477510111
2024-10-31,SEB-A.ST,2,-0.006935190457713292,STOP,-0.010835190457713292
2024-11-01,SEB-A.ST,0,0.003278688524590123,EOD,-0.0006213114754098767
2024-11-04,SEB-A.ST,0,0.003879768038770548,EOD,-2.0231961229451832e-05
2024-11-05,SEB-A.ST,0,-0.004500141012592995,EOD,-0.008400141012592996
2024-11-11,SEB-A.ST,0,0.00676330468120967,EOD,0.00286330468120967
2024-11-14,SEB-A.ST,5,-0.0016523462984628923,EOD,-0.005552346298462892
2024-11-15,SEB-A.ST,0,0.0059622999236099705,EOD,0.0020622999236099707
2024-11-20,SEB-A.ST,0,-0.007575817734874035,STOP,-0.011475817734874036
2024-11-21,SEB-A.ST,3,0.0009888540427895887,EOD,-0.002911145957210411
2024-11-26,SEB-A.ST,0,-0.0006709567357801038,EOD,-0.004570956735780104
2024-11-27,SEB-A.ST,4,0.003702477552734784,EOD,-0.00019752244726521564
2024-11-28,SEB-A.ST,0,0.006993027601997159,EOD,0.0030930276019971595
2024-11-29,SEB-A.ST,0,-0.0062623399298176174,STOP,-0.010162339929817618
2024-12-02,SEB-A.ST,0,0.006914637805499835,EOD,0.003014637805499835
2024-12-03,SEB-A.ST,0,-0.006822533038402745,STOP,-0.010722533038402746
2024-12-04,SEB-A.ST,0,-0.007154511242378092,STOP,-0.011054511242378093
2024-12-05,SEB-A.ST,0,0.013947513723012062,EOD,0.010047513723012061
2024-12-09,SEB-A.ST,0,0.0028790591136020893,EOD,-0.0010209408863979105
2024-12-13,SEB-A.ST,4,-0.0025707528250823453,EOD,-0.006470752825082345
2024-12-16,SEB-A.ST,0,-0.010532996876940204,EOD,-0.014432996876940205
2024-12-18,SEB-A.ST,0,0.0009715619248924501,EOD,-0.0029284380751075497
2024-12-27,SEB-A.ST,0,0.0026516001345726625,EOD,-0.0012483998654273373
2024-12-30,SEB-A.ST,0,0.0016496205540466047,EOD,-0.002250379445953395
2025-01-02,SEB-A.ST,6,-0.002286127299557239,EOD,-0.006186127299557239
2025-01-03,SEB-A.ST,0,0.0042304535053308,EOD,0.0003304535053308003
2025-01-07,SEB-A.ST,0,-0.004787743563498648,EOD,-0.008687743563498648
2025-01-08,SEB-A.ST,0,-0.00672001953125001,STOP,-0.01062001953125001
2025-01-09,SEB-A.ST,1,0.0022601926440519726,EOD,-0.0016398073559480272
2025-01-10,SEB-A.ST,1,-0.00032218461817679067,EOD,-0.0042221846181767905
2025-01-13,SEB-A.ST,0,-0.005144714159214248,STOP,-0.009044714159214248
2025-01-14,SEB-A.ST,0,-0.006003140273252328,STOP,-0.009903140273252328
2025-01-15,SEB-A.ST,2,0.007228119750895212,EOD,0.0033281197508952124
2025-01-17,SEB-A.ST,6,-0.005885978836228989,EOD,-0.00978597883622899
2025-01-21,SEB-A.ST,5,0.0027769018189927053,EOD,-0.0011230981810072945
2025-01-22,SEB-A.ST,0,-0.009459890106922386,STOP,-0.013359890106922387
2025-01-27,SEB-A.ST,1,-0.003917986259179385,EOD,-0.007817986259179385
2025-02-04,SEB-A.ST,7,0.0,EOD,-0.0039
2025-02-06,SEB-A.ST,0,0.019987270142714175,EOD,0.016087270142714175
2025-02-07,SEB-A.ST,0,-0.0043330048592937764,EOD,-0.008233004859293777
2025-02-11,SEB-A.ST,4,0.008698410573587223,EOD,0.004798410573587223
2025-02-12,SEB-A.ST,0,-0.0036574586550073285,EOD,-0.007557458655007328
2025-02-13,SEB-A.ST,0,0.00304599463046773,EOD,-0.0008540053695322699
2025-02-14,SEB-A.ST,0,0.003334362303325067,EOD,-0.0005656376966749329
2025-02-17,SEB-A.ST,0,0.0011912579767845433,EOD,-0.0027087420232154566
2025-02-18,SEB-A.ST,3,0.0017735918568309028,EOD,-0.002126408143169097
2025-02-19,SEB-A.ST,0,-0.0038302528472208275,STOP,-0.007730252847220827
2025-02-20,SEB-A.ST,0,-0.004749201936783742,EOD,-0.008649201936783743
2025-02-21,SEB-A.ST,0,0.0005906133663564628,EOD,-0.003309386633643537
2025-02-24,SEB-A.ST,2,0.00029404910826480446,EOD,-0.0036059508917351954
2025-02-25,SEB-A.ST,0,-0.004075673643331501,EOD,-0.007975673643331502
2025-02-26,SEB-A.ST,0,0.011024043105302805,EOD,0.007124043105302806
2025-02-27,SEB-A.ST,0,-0.008013703039154274,STOP,-0.011913703039154275
2025-02-28,SEB-A.ST,0,-0.003463238692730908,EOD,-0.007363238692730908
2025-03-03,SEB-A.ST,1,0.00861821300602883,EOD,0.00471821300602883
2025-03-05,SEB-A.ST,0,0.00975048401909917,EOD,0.005850484019099171
2025-03-07,SEB-A.ST,0,0.006802790524672364,EOD,0.0029027905246723643
2025-03-10,SEB-A.ST,3,-0.00364346366996815,EOD,-0.00754346366996815
2025-03-11,SEB-A.ST,0,-0.011791162445525472,STOP,-0.015691162445525472
2025-03-13,SEB-A.ST,0,-0.005792065075887365,STOP,-0.009692065075887366
2025-03-14,SEB-A.ST,1,0.008417979380215934,EOD,0.004517979380215934
2025-03-17,SEB-A.ST,2,-0.003719564500625938,EOD,-0.007619564500625938
2025-03-18,SEB-A.ST,0,-0.00028499887505017973,EOD,-0.0041849988750501796
2025-03-19,SEB-A.ST,0,-0.007681400304498598,STOP,-0.011581400304498599
2025-03-25,SEB-A.ST,1,0.004050908193748759,EOD,0.00015090819374875917
2025-03-27,SEB-A.ST,0,-0.009649087113943744,EOD,-0.013549087113943745
2025-03-28,SEB-A.ST,0,-0.010385756676557834,STOP,-0.014285756676557834
2025-04-01,SEB-A.ST,1,-0.003899183613579771,EOD,-0.007799183613579771
2025-04-07,SEB-A.ST,0,0.013214242422732836,EOD,0.009314242422732835
2025-04-08,SEB-A.ST,4,-0.010824912140927179,EOD,-0.01472491214092718
2025-04-11,SEB-A.ST,2,-0.012792397375443687,STOP,-0.016692397375443688
2025-04-14,SEB-A.ST,0,0.01310666796678972,EOD,0.00920666796678972
2025-04-15,SEB-A.ST,0,0.012102350803133488,EOD,0.008202350803133487
2025-04-22,SEB-A.ST,0,0.006221978522291005,EOD,0.0023219785222910053
2025-04-24,SEB-A.ST,2,-0.0006758421547081728,EOD,-0.004575842154708173
2025-04-25,SEB-A.ST,0,-0.0029969827941013216,EOD,-0.0068969827941013214
2025-04-28,SEB-A.ST,1,-0.0036351820268613055,EOD,-0.007535182026861305
2025-05-05,SEB-A.ST,0,-0.0067894460679485125,STOP,-0.010689446067948513
2025-05-08,SEB-A.ST,2,-0.004529258715108342,EOD,-0.008429258715108343
2025-05-12,SEB-A.ST,0,0.005694361778592505,EOD,0.001794361778592505
2025-05-14,SEB-A.ST,4,-0.005997455712422717,STOP,-0.009897455712422717
2025-05-15,SEB-A.ST,0,0.00755903589443907,EOD,0.0036590358944390703
2025-05-16,SEB-A.ST,0,-0.012330456458875205,STOP,-0.016230456458875206
2025-05-19,SEB-A.ST,5,0.0021645399512757457,EOD,-0.001735460048724254
2025-05-20,SEB-A.ST,1,0.0021432384457189535,EOD,-0.0017567615542810463
2025-05-21,SEB-A.ST,5,-0.003681019039973199,EOD,-0.007581019039973199
2025-05-23,SEB-A.ST,0,-0.006249999999999978,STOP,-0.010149999999999978
2025-05-26,SEB-A.ST,1,0.0031191515313855334,EOD,-0.0007808484686144665
2025-05-30,SEB-A.ST,0,-0.007451083051867702,STOP,-0.011351083051867703
2025-06-02,SEB-A.ST,7,0.0009202079538919161,EOD,-0.0029797920461080837
2025-06-04,SEB-A.ST,5,-0.006717594525286308,STOP,-0.010617594525286309
2025-06-05,SEB-A.ST,2,-0.003362904564323088,EOD,-0.007262904564323088
2025-06-11,SEB-A.ST,0,-0.005426645294855703,STOP,-0.009326645294855704
2025-06-12,SEB-A.ST,0,0.009488752586801263,EOD,0.005588752586801264
2025-06-13,SEB-A.ST,0,-0.005828202136455185,STOP,-0.009728202136455186
2025-06-16,SEB-A.ST,0,0.0018280791091471738,EOD,-0.002071920890852826
2025-06-18,SEB-A.ST,3,0.004581551704226028,EOD,0.000681551704226028
2025-06-19,SEB-A.ST,1,-0.0012157869194053816,EOD,-0.0051157869194053815
2025-06-23,SEB-A.ST,0,-0.009771029639790041,STOP,-0.013671029639790042
2025-06-27,SEB-A.ST,0,0.007888367886434544,EOD,0.003988367886434544
2025-07-02,SEB-A.ST,0,0.0030238886092752715,EOD,-0.0008761113907247283
2025-07-03,SEB-A.ST,1,0.004204185875328559,EOD,0.000304185875328559
2025-07-07,SEB-A.ST,3,0.0003012232033603457,EOD,-0.003598776796639654
2025-07-09,SEB-A.ST,1,0.00480184732089195,EOD,0.0009018473208919501
2025-07-10,SEB-A.ST,0,0.0023802076121426374,EOD,-0.0015197923878573624
2025-07-14,SEB-A.ST,0,0.008211716262992441,EOD,0.004311716262992441
2025-07-18,SEB-A.ST,0,-0.0012008222430355264,EOD,-0.005100822243035526
2025-07-21,SEB-A.ST,0,0.008115363962694966,EOD,0.004215363962694966
2025-07-23,SEB-A.ST,0,0.005609665863616886,EOD,0.0017096658636168863
2025-07-24,SEB-A.ST,0,-0.005221985050194222,EOD,-0.009121985050194223
2025-07-29,SEB-A.ST,0,-0.012188079317008493,STOP,-0.016088079317008494
2025-07-30,SEB-A.ST,0,0.002607166467724742,EOD,-0.001292833532275258
2025-08-01,SEB-A.ST,1,-0.008511958644428441,STOP,-0.012411958644428442
2025-08-04,SEB-A.ST,0,0.00408518776368938,EOD,0.00018518776368937982
2025-08-05,SEB-A.ST,5,-0.008678044240864491,STOP,-0.012578044240864492
2025-08-06,SEB-A.ST,0,-0.0014446691452829619,EOD,-0.005344669145282962
2025-08-07,SEB-A.ST,0,0.0008601442690558958,EOD,-0.003039855730944104
2025-08-08,SEB-A.ST,0,-0.001993200975797804,EOD,-0.005893200975797804
2025-08-12,SEB-A.ST,3,0.0005634146676936069,EOD,-0.003336585332306393
2025-08-13,SEB-A.ST,5,0.003082976852997854,EOD,-0.0008170231470021458
2025-08-14,SEB-A.ST,0,0.0019465563892444582,EOD,-0.0019534436107555416
2025-08-20,SEB-A.ST,2,0.004225352112676051,EOD,0.0003253521126760509
2025-08-21,SEB-A.ST,4,0.001966878952054385,EOD,-0.0019331210479456148
2025-08-22,SEB-A.ST,0,0.008389261601778664,EOD,0.004489261601778664
2025-08-25,SEB-A.ST,0,-0.002223423624541865,EOD,-0.006123423624541865
2025-08-29,SEB-A.ST,4,0.0025787790730211757,EOD,-0.0013212209269788241
2025-09-01,SEB-A.ST,0,0.004249291784702569,EOD,0.00034929178470256925
2025-09-04,SEB-A.ST,0,0.005405388041207271,EOD,0.001505388041207271
2025-09-08,SEB-A.ST,0,-0.004528660178938604,STOP,-0.008428660178938605
2025-09-10,SEB-A.ST,0,-0.0005593182427781063,EOD,-0.004459318242778106
2025-09-11,SEB-A.ST,0,0.0005582255479918974,EOD,-0.0033417744520081024
2025-09-12,SEB-A.ST,2,0.0022235084427162377,EOD,-0.0016764915572837621
2025-09-15,SEB-A.ST,0,0.0008255869994107101,EOD,-0.0030744130005892897
2025-09-16,SEB-A.ST,0,-0.0008249059677679638,STOP,-0.004724905967767964
2025-09-17,SEB-A.ST,0,0.002483426908504338,EOD,-0.0014165730914956617
2025-09-19,SEB-A.ST,0,0.0021965616863131032,EOD,-0.0017034383136868966
2025-09-23,SEB-A.ST,0,0.010693703772816088,EOD,0.006793703772816088
2025-09-25,SEB-A.ST,2,0.00027444046429936364,EOD,-0.003625559535700636
2025-09-26,SEB-A.ST,0,0.005695621145676455,EOD,0.0017956211456764551
2025-09-30,SEB-A.ST,1,-0.005933068397730001,STOP,-0.009833068397730002
2025-10-01,SEB-A.ST,1,0.0051574210856752956,EOD,0.0012574210856752957
2025-10-03,SEB-A.ST,1,0.0,EOD,-0.0039
2025-10-06,SEB-A.ST,0,0.007301277166463338,EOD,0.003401277166463338
2025-10-08,SEB-A.ST,0,-0.008894845803150253,STOP,-0.012794845803150254
2025-10-09,SEB-A.ST,0,0.0019119958420739103,EOD,-0.0019880041579260896
2025-10-10,SEB-A.ST,5,-0.010259146478362902,STOP,-0.014159146478362902
2025-10-14,SEB-A.ST,0,0.0016602272098751314,EOD,-0.0022397727901248684
2025-10-15,SEB-A.ST,0,-0.0043907961863746126,STOP,-0.008290796186374613
2025-10-17,SEB-A.ST,3,0.0030657919201222406,EOD,-0.0008342080798777593
2025-10-23,SEB-A.ST,0,-0.02029220745710547,EOD,-0.024192207457105472
2025-10-27,SEB-A.ST,5,-0.0005494840852506844,EOD,-0.004449484085250684
2025-10-28,SEB-A.ST,0,-0.0013732490843678669,EOD,-0.005273249084367867
2025-10-30,SEB-A.ST,0,0.0002739893247003522,EOD,-0.0036260106752996476
2025-11-04,SEB-A.ST,4,0.006954102920723182,EOD,0.003054102920723182
2025-11-05,SEB-A.ST,0,-0.0013781698368890982,EOD,-0.005278169836889098
2025-11-06,SEB-A.ST,1,0.003292214559756479,EOD,-0.0006077854402435209
2025-11-10,SEB-A.ST,7,0.0,EOD,-0.0039
2025-11-11,SEB-A.ST,0,0.007650239871499265,EOD,0.003750239871499265
2025-11-12,SEB-A.ST,0,0.003223239984897708,EOD,-0.000676760015102292
2025-11-13,SEB-A.ST,0,-0.005597031010641018,EOD,-0.009497031010641019
2025-11-19,SEB-A.ST,1,0.001131524459644595,EOD,-0.002768475540355405
2025-11-20,SEB-A.ST,0,0.002232817018707589,EOD,-0.0016671829812924107
2025-11-21,SEB-A.ST,0,0.004486837005412525,EOD,0.0005868370054125252
2025-11-25,SEB-A.ST,3,0.004118616006929976,EOD,0.00021861600692997616
2025-11-26,SEB-A.ST,0,0.007869725634964464,EOD,0.003969725634964464
2025-11-27,SEB-A.ST,0,0.002672367630620842,EOD,-0.0012276323693791577
2025-11-28,SEB-A.ST,4,-0.001063530683310554,EOD,-0.004963530683310554
2025-12-01,SEB-A.ST,6,0.0029122995774080174,EOD,-0.0009877004225919825
2025-12-02,SEB-A.ST,0,-0.00026323219892254723,EOD,-0.004163232198922547
2025-12-03,SEB-A.ST,3,-0.007629554985312481,STOP,-0.011529554985312482
2025-12-05,SEB-A.ST,2,-0.007097743777009224,EOD,-0.010997743777009225
2025-12-08,SEB-A.ST,1,0.0034455826997275008,EOD,-0.00045441730027249907
2025-12-10,SEB-A.ST,1,0.004485520335174797,EOD,0.0005855203351747976
2025-12-11,SEB-A.ST,0,0.011280135507008904,EOD,0.007380135507008904
2025-12-12,SEB-A.ST,0,-0.0043836558611772825,STOP,-0.008283655861177283
2025-12-15,SEB-A.ST,0,-0.004178652726612997,STOP,-0.008078652726612998
2025-12-18,SEB-A.ST,2,0.00792393014166981,EOD,0.004023930141669811
2025-12-19,SEB-A.ST,0,0.00234007769683231,EOD,-0.0015599223031676898
2025-12-29,SEB-A.ST,0,-0.003617555288073282,STOP,-0.007517555288073282
2025-12-30,SEB-A.ST,0,0.0033530764819129644,EOD,-0.0005469235180870355
2026-01-02,SEB-A.ST,0,0.0035487804727107886,EOD,-0.00035121952728921126
2026-01-08,SEB-A.ST,2,0.008381985498221,EOD,0.004481985498221001
2026-01-12,SEB-A.ST,0,0.006821658136188624,EOD,0.0029216581361886243
2026-01-13,SEB-A.ST,6,-0.001492552496307531,EOD,-0.005392552496307531
2026-01-15,SEB-A.ST,0,-0.0014844287120118205,EOD,-0.00538442871201182
2026-01-20,SEB-A.ST,5,-0.0073734909394681525,STOP,-0.011273490939468153
2026-01-21,SEB-A.ST,0,0.016309872568888828,EOD,0.012409872568888827
2026-01-26,SEB-A.ST,0,-0.005925910855516969,EOD,-0.00982591085551697
2026-01-27,SEB-A.ST,2,0.0019646065053702255,EOD,-0.0019353934946297743
2026-01-30,SEB-A.ST,0,-0.01031991727815329,EOD,-0.01421991727815329
2026-02-03,SEB-A.ST,0,-0.013510193267808779,EOD,-0.01741019326780878
2026-02-04,SEB-A.ST,0,0.0050226015537140345,EOD,0.0011226015537140347
2026-02-06,SEB-A.ST,0,0.003050361529357337,EOD,-0.0008496384706426626
2026-02-10,SEB-A.ST,0,-0.005070993993283146,STOP,-0.008970993993283147
2026-02-16,SEB-A.ST,0,-0.0038991420649936437,EOD,-0.0077991420649936435
2026-02-17,SEB-A.ST,1,0.0038890328040612765,EOD,-1.0967195938723327e-05
2026-02-18,SEB-A.ST,0,-0.002806854097084255,EOD,-0.006706854097084255
2026-02-20,SEB-A.ST,0,0.007971216642242318,EOD,0.004071216642242318
2026-02-23,SEB-A.ST,2,-0.008354399475870244,STOP,-0.012254399475870245
2026-02-25,SEB-A.ST,1,-0.0022964886718577215,EOD,-0.006196488671857721
2026-02-26,SEB-A.ST,3,-0.003561419167507518,EOD,-0.007461419167507518
2026-03-02,SEB-A.ST,0,0.0031763161614732915,EOD,-0.0007236838385267083
2026-03-04,SEB-A.ST,1,0.0,EOD,-0.0039
2026-03-05,SEB-A.ST,0,-0.0002702137310628405,EOD,-0.00417021373106284
2026-03-09,SEB-A.ST,0,0.008815460625430482,EOD,0.0049154606254304825
2026-03-11,SEB-A.ST,1,0.0008013309707206595,EOD,-0.0030986690292793403
2026-03-12,SEB-A.ST,1,-0.006149699981199852,STOP,-0.010049699981199853
2026-03-13,SEB-A.ST,0,-0.004354943195688854,EOD,-0.008254943195688855
2026-03-16,SEB-A.ST,1,-0.001356483971027389,EOD,-0.005256483971027389
2026-03-17,SEB-A.ST,0,0.004330192431706736,EOD,0.0004301924317067366
2026-03-18,SEB-A.ST,0,-0.009554075643748439,STOP,-0.01345407564374844
2026-03-23,SEB-A.ST,0,-0.009997143498949645,STOP,-0.013897143498949646
2026-03-25,SEB-A.ST,1,0.00321639211554281,EOD,-0.0006836078844571899
2026-03-30,SEB-A.ST,0,-0.0157159307350464,STOP,-0.019615930735046402
2026-03-31,SEB-A.ST,1,-0.00519626970174436,EOD,-0.009096269701744361
2026-04-02,SEB-A.ST,0,-0.0034003448858237473,EOD,-0.007300344885823747
2026-04-07,SEB-A.ST,0,-0.010402058139030057,STOP,-0.014302058139030058
2026-04-08,SEB-A.ST,3,-0.009021290057659725,STOP,-0.012921290057659726
2026-04-10,SEB-A.ST,0,0.007214223494860672,EOD,0.0033142234948606722
2026-04-13,SEB-A.ST,0,0.013008614353246184,EOD,0.009108614353246183
2026-04-14,SEB-A.ST,0,0.007592240789657145,EOD,0.0036922407896571455
2026-04-15,SEB-A.ST,3,0.0013466200281126994,EOD,-0.0025533799718873004
2026-04-17,SEB-A.ST,1,0.007639802982179367,EOD,0.003739802982179367
2026-04-20,SEB-A.ST,0,-0.010018905528714428,STOP,-0.013918905528714429
2026-04-21,SEB-A.ST,0,-0.004632185850221404,EOD,-0.008532185850221405
2026-04-24,SEB-A.ST,3,-0.004737964736035716,STOP,-0.008637964736035716
2026-04-27,SEB-A.ST,0,-0.0011173013868278625,EOD,-0.005017301386827862
2026-04-28,SEB-A.ST,0,-0.004168982909646735,STOP,-0.008068982909646735
2026-04-29,SEB-A.ST,1,0.0,EOD,-0.0039
2026-04-30,SEB-A.ST,1,0.0008286955606870983,EOD,-0.0030713044393129016
2026-05-05,SEB-A.ST,0,-0.005815580360066797,EOD,-0.009715580360066797
2026-05-06,SEB-A.ST,0,0.0005460996253054962,EOD,-0.0033539003746945037
2026-05-08,SEB-A.ST,1,0.004997189705630012,EOD,0.001097189705630012
2026-05-11,SEB-A.ST,0,0.001934269739809702,EOD,-0.001965730260190298
2026-05-18,SEB-A.ST,0,0.007533516330949119,EOD,0.0036335163309491195
2026-05-19,SEB-A.ST,2,-0.005221197934465627,STOP,-0.009121197934465627
2026-05-20,SEB-A.ST,2,0.014624774833911225,EOD,0.010724774833911224
2026-05-21,SEB-A.ST,0,-0.0013469827143247626,EOD,-0.005246982714324762
2026-05-22,SEB-A.ST,1,0.0034889634237085243,EOD,-0.0004110365762914755
2026-05-25,SEB-A.ST,0,0.0036948902587390364,EOD,-0.0002051097412609634
2026-05-29,SEB-A.ST,0,-0.004599600051292008,STOP,-0.008499600051292008
2026-06-08,SEB-A.ST,2,-0.005706538324770749,EOD,-0.00960653832477075
2026-06-09,SEB-A.ST,0,-0.007057562830053099,STOP,-0.0109575628300531
2026-06-10,SEB-A.ST,0,-0.00788470362352689,STOP,-0.01178470362352689
2026-06-11,SEB-A.ST,1,-0.005698795396243184,STOP,-0.009598795396243184
2026-06-12,SEB-A.ST,0,0.004520025689617402,EOD,0.000620025689617402
2026-06-15,SEB-A.ST,6,-0.00077757336044737,EOD,-0.00467757336044737
2026-06-16,SEB-A.ST,0,-0.004390527255774601,STOP,-0.008290527255774602
2026-06-17,SEB-A.ST,2,-0.0051679586563307955,STOP,-0.009067958656330796
2026-06-25,SEB-A.ST,2,-0.006008327759437271,EOD,-0.009908327759437272
2026-06-26,SEB-A.ST,0,0.0034156273571239737,EOD,-0.0004843726428760261
2026-06-29,SEB-A.ST,1,-0.0010468303849647809,EOD,-0.004946830384964781
2026-06-30,SEB-A.ST,0,0.00941908809774561,EOD,0.0055190880977456095
2026-07-01,SEB-A.ST,0,-0.0059600617500545905,STOP,-0.009860061750054591
2026-07-02,SEB-A.ST,0,0.010072297968831467,EOD,0.0061722979688314675
2026-07-03,SEB-A.ST,5,-0.0005068732993855907,EOD,-0.0044068732993855905
2026-07-06,SEB-A.ST,6,0.0017627340183687945,EOD,-0.0021372659816312053
2026-07-07,SEB-A.ST,0,0.0009969937295963849,EOD,-0.002903006270403615
2023-08-08,SKA-B.ST,0,-0.006756794120979848,STOP,-0.010656794120979848
2023-08-09,SKA-B.ST,0,-0.006701132413201472,EOD,-0.010601132413201472
2023-08-10,SKA-B.ST,0,0.0018237267584062522,EOD,-0.0020762732415937476
2023-08-11,SKA-B.ST,6,-0.0033302319908863343,EOD,-0.007230231990886334
2023-08-14,SKA-B.ST,0,-0.0024346265845620607,EOD,-0.0063346265845620605
2023-08-16,SKA-B.ST,0,-0.0068069682052548375,STOP,-0.010706968205254838
2023-08-18,SKA-B.ST,7,-0.0012787529159020705,EOD,-0.00517875291590207
2023-08-21,SKA-B.ST,0,-0.008349409616173364,STOP,-0.012249409616173365
2023-08-22,SKA-B.ST,0,-0.004497250084749216,EOD,-0.008397250084749217
2023-08-23,SKA-B.ST,0,0.0032195749528309836,EOD,-0.0006804250471690162
2023-08-25,SKA-B.ST,0,-0.0035484067855342527,EOD,-0.0074484067855342525
2023-08-30,SKA-B.ST,0,-0.007216875501883435,STOP,-0.011116875501883436
2023-08-31,SKA-B.ST,0,0.0012469589441526097,EOD,-0.00265304105584739
2023-09-01,SKA-B.ST,1,-0.006554326290636903,EOD,-0.010454326290636903
2023-09-04,SKA-B.ST,3,-0.005315765335656142,STOP,-0.009215765335656143
2023-09-05,SKA-B.ST,1,0.0021309351812215382,EOD,-0.0017690648187784616
2023-09-06,SKA-B.ST,5,-0.0024198980513520096,EOD,-0.0063198980513520095
2023-09-07,SKA-B.ST,1,-0.006051437216338829,STOP,-0.00995143721633883
2023-09-08,SKA-B.ST,0,-0.007936526419642598,STOP,-0.011836526419642598
2023-09-11,SKA-B.ST,0,0.003274802392091214,EOD,-0.0006251976079087859
2023-09-13,SKA-B.ST,5,0.0026857471802204103,EOD,-0.0012142528197795896
2023-09-14,SKA-B.ST,0,0.017225980346571745,EOD,0.013325980346571745
2023-09-15,SKA-B.ST,1,0.0033917813692334597,EOD,-0.0005082186307665401
2023-09-20,SKA-B.ST,0,0.007795065973870141,EOD,0.0038950659738701413
2023-09-21,SKA-B.ST,5,-0.00917691394475928,STOP,-0.01307691394475928
2023-09-25,SKA-B.ST,0,-0.009566668415516788,STOP,-0.013466668415516789
2023-09-27,SKA-B.ST,0,0.004285714285714226,EOD,0.00038571428571422626
2023-09-28,SKA-B.ST,0,0.008806835521351308,EOD,0.0049068355213513085
2023-09-29,SKA-B.ST,0,0.0025062486248605964,EOD,-0.0013937513751394034
2023-10-03,SKA-B.ST,0,-0.012831479450714944,STOP,-0.016731479450714945
2023-10-04,SKA-B.ST,0,0.013470003231378147,EOD,0.009570003231378146
2023-10-05,SKA-B.ST,0,0.006607261570356959,EOD,0.0027072615703569594
2023-10-06,SKA-B.ST,1,-0.009377629582850933,STOP,-0.013277629582850933
2023-10-09,SKA-B.ST,1,-0.008465011432467029,STOP,-0.01236501143246703
2023-10-10,SKA-B.ST,0,-0.013736263736263687,EOD,-0.017636263736263688
2023-10-11,SKA-B.ST,1,-0.008271298315500442,EOD,-0.012171298315500442
2023-10-12,SKA-B.ST,0,-0.0071823373025293735,STOP,-0.011082337302529374
2023-10-13,SKA-B.ST,0,-0.008647157889862256,STOP,-0.012547157889862257
2023-10-17,SKA-B.ST,0,-0.009778614595037816,STOP,-0.013678614595037816
2023-10-18,SKA-B.ST,0,-0.010422716175827573,STOP,-0.014322716175827574
2023-10-19,SKA-B.ST,2,-0.0070859885667658995,EOD,-0.0109859885667659
2023-10-20,SKA-B.ST,0,-0.006598625464090957,EOD,-0.010498625464090958
2023-10-24,SKA-B.ST,1,0.0011950818102657301,EOD,-0.0027049181897342697
2023-10-26,SKA-B.ST,1,0.007827176104487465,EOD,0.003927176104487466
2023-10-27,SKA-B.ST,0,-0.0006140994766193897,EOD,-0.0045140994766193895
2023-10-31,SKA-B.ST,0,0.002395981806441405,EOD,-0.0015040181935585947
2023-11-01,SKA-B.ST,1,-0.022340719659253327,EOD,-0.026240719659253328
2023-11-02,SKA-B.ST,0,0.005974173194403631,EOD,0.0020741731944036315
2023-11-08,SKA-B.ST,0,0.011574074307680426,EOD,0.007674074307680427
2023-11-09,SKA-B.ST,1,0.0212418300653594,EOD,0.0173418300653594
2023-11-14,SKA-B.ST,0,0.05720753896638131,EOD,0.05330753896638131
2023-11-16,SKA-B.ST,4,-0.010687022900763399,STOP,-0.0145870229007634
2023-11-17,SKA-B.ST,0,0.006646562559006863,EOD,0.0027465625590068635
2023-11-20,SKA-B.ST,1,-0.005995203727242715,EOD,-0.009895203727242716
2023-11-22,SKA-B.ST,0,-0.0003031400534807549,EOD,-0.004203140053480755
2023-11-23,SKA-B.ST,0,-0.016632034156483066,EOD,-0.020532034156483067
2023-11-24,SKA-B.ST,0,-0.0002994194716036125,EOD,-0.004199419471603612
2023-11-29,SKA-B.ST,0,0.00208514049448838,EOD,-0.0018148595055116198
2023-11-30,SKA-B.ST,1,-0.001481481481481528,EOD,-0.005381481481481528
2023-12-01,SKA-B.ST,0,0.004711443094108425,EOD,0.0008114430941084253
2023-12-05,SKA-B.ST,0,0.0029316915335866334,EOD,-0.0009683084664133665
2023-12-06,SKA-B.ST,1,0.006676307091346256,EOD,0.0027763070913462565
2023-12-07,SKA-B.ST,0,0.00779674358130622,EOD,0.0038967435813062204
2023-12-08,SKA-B.ST,0,-0.008566533110873964,STOP,-0.012466533110873965
2023-12-11,SKA-B.ST,0,0.009795430241134495,EOD,0.005895430241134495
2023-12-18,SKA-B.ST,0,-0.004696166317765926,EOD,-0.008596166317765927
2023-12-21,SKA-B.ST,0,0.0008332994249131698,EOD,-0.00306670057508683
2023-12-22,SKA-B.ST,0,0.00469098299023929,EOD,0.0007909829902392898
2024-01-08,SKA-B.ST,4,0.007303387931223648,EOD,0.0034033879312236484
2024-01-10,SKA-B.ST,0,0.007217090196448117,EOD,0.0033170901964481173
2024-01-18,SKA-B.ST,1,0.007096374363863678,EOD,0.003196374363863678
2024-01-23,SKA-B.ST,2,-0.00729713939130705,EOD,-0.011197139391307051
2024-01-24,SKA-B.ST,1,0.0023174616589787256,EOD,-0.0015825383410212742
2024-01-25,SKA-B.ST,0,-0.011223004018660054,STOP,-0.015123004018660055
2024-01-26,SKA-B.ST,4,-0.0005785715937767222,EOD,-0.004478571593776722
2024-01-29,SKA-B.ST,5,0.0017366312692204122,EOD,-0.0021633687307795876
2024-01-31,SKA-B.ST,1,0.0027677830993257935,EOD,-0.0011322169006742063
2024-02-01,SKA-B.ST,0,0.0063693928388066645,EOD,0.0024693928388066647
2024-02-05,SKA-B.ST,2,-0.011142061281337101,STOP,-0.015042061281337102
2024-02-06,SKA-B.ST,0,-0.008700465035487936,STOP,-0.012600465035487937
2024-02-07,SKA-B.ST,0,-0.001404494382022503,EOD,-0.005304494382022503
2024-02-08,SKA-B.ST,0,0.006711392213426315,EOD,0.002811392213426315
2024-02-09,SKA-B.ST,5,-0.025740025740025763,EOD,-0.029640025740025763
2024-02-14,SKA-B.ST,0,0.007008102704893826,EOD,0.003108102704893826
2024-02-15,SKA-B.ST,1,0.005321979949349576,EOD,0.0014219799493495758
2024-02-21,SKA-B.ST,1,-0.005963626256037413,STOP,-0.009863626256037414
2024-02-23,SKA-B.ST,2,0.0,EOD,-0.0039
2024-02-26,SKA-B.ST,4,0.002159876683935469,EOD,-0.001740123316064531
2024-02-27,SKA-B.ST,0,0.009641152014891574,EOD,0.005741152014891574
2024-02-28,SKA-B.ST,0,-0.0053050397877983935,STOP,-0.009205039787798394
2024-02-29,SKA-B.ST,2,0.0034147301058182755,EOD,-0.0004852698941817243
2024-03-01,SKA-B.ST,0,-0.008817411417705312,STOP,-0.012717411417705313
2024-03-05,SKA-B.ST,0,-0.003421921068319289,EOD,-0.007321921068319289
2024-03-06,SKA-B.ST,0,-0.003961965070834905,STOP,-0.007861965070834906
2024-03-07,SKA-B.ST,0,0.012725311870706468,EOD,0.008825311870706468
2024-03-08,SKA-B.ST,0,0.013516978228362175,EOD,0.009616978228362175
2024-03-11,SKA-B.ST,0,-0.012411332441717104,EOD,-0.016311332441717105
2024-03-13,SKA-B.ST,0,0.003301975495711096,EOD,-0.000598024504288904
2024-03-15,SKA-B.ST,0,-0.009414789330868367,STOP,-0.013314789330868368
2024-03-18,SKA-B.ST,0,-0.009462946821051754,STOP,-0.013362946821051755
2024-03-19,SKA-B.ST,1,0.0025733401551559787,EOD,-0.0013266598448440211
2024-03-20,SKA-B.ST,1,0.002640612537010645,EOD,-0.001259387462989355
2024-03-21,SKA-B.ST,5,-0.0005153625454411559,EOD,-0.004415362545441156
2024-03-22,SKA-B.ST,0,-0.007456914224730715,STOP,-0.011356914224730716
2024-03-26,SKA-B.ST,0,-0.0030627404972948247,EOD,-0.0069627404972948245
2024-03-27,SKA-B.ST,1,-0.007645260057754788,STOP,-0.011545260057754789
2024-04-02,SKA-B.ST,0,-0.013368299091784053,STOP,-0.017268299091784053
2024-04-03,SKA-B.ST,0,-0.011703511053316018,STOP,-0.015603511053316019
2024-04-04,SKA-B.ST,0,-0.00512820512820511,EOD,-0.00902820512820511
2024-04-05,SKA-B.ST,1,-0.005437612732103858,EOD,-0.009337612732103859
2024-04-08,SKA-B.ST,0,0.010861084967342949,EOD,0.006961084967342949
2024-04-09,SKA-B.ST,0,-0.0051163981356562305,STOP,-0.009016398135656231
2024-04-11,SKA-B.ST,0,-0.008753846420992861,STOP,-0.012653846420992862
2024-04-12,SKA-B.ST,0,-0.011282035632011245,STOP,-0.015182035632011245
2024-04-15,SKA-B.ST,3,0.0028549341769164016,EOD,-0.0010450658230835982
2024-04-16,SKA-B.ST,3,-0.009421633200760393,STOP,-0.013321633200760394
2024-04-17,SKA-B.ST,1,-0.005787982561705318,EOD,-0.009687982561705319
2024-04-18,SKA-B.ST,6,0.0,EOD,-0.0039
2024-04-19,SKA-B.ST,1,0.009333333333333416,EOD,0.005433333333333416
2024-04-22,SKA-B.ST,0,0.006558236935843009,EOD,0.0026582369358430094
2024-04-23,SKA-B.ST,0,0.006732199647222492,EOD,0.0028321996472224923
2024-04-26,SKA-B.ST,1,0.003938041543806614,EOD,3.8041543806614266e-05
2024-04-29,SKA-B.ST,6,-0.0038860103626943143,EOD,-0.007786010362694314
2024-05-02,SKA-B.ST,0,-0.008587009882359165,STOP,-0.012487009882359165
2024-05-03,SKA-B.ST,4,0.006398771235960998,EOD,0.0024987712359609985
2024-05-06,SKA-B.ST,1,0.006085177316494272,EOD,0.0021851773164942726
2024-05-07,SKA-B.ST,1,0.010020039773760203,EOD,0.006120039773760203
2024-05-08,SKA-B.ST,0,-0.004075410286911052,EOD,-0.007975410286911053
2024-05-14,SKA-B.ST,0,-0.008214112754771019,STOP,-0.01211411275477102
2024-05-15,SKA-B.ST,1,-0.006005190059970578,STOP,-0.009905190059970578
2024-05-16,SKA-B.ST,0,0.0007635996823811553,EOD,-0.0031364003176188445
2024-05-23,SKA-B.ST,0,-0.013007284285614373,STOP,-0.016907284285614374
2024-05-24,SKA-B.ST,5,0.005787902273419077,EOD,0.0018879022734190768
2024-05-27,SKA-B.ST,0,0.004960819573066155,EOD,0.0010608195730661555
2024-05-28,SKA-B.ST,0,-0.0044166841164209325,STOP,-0.008316684116420933
2024-05-30,SKA-B.ST,0,0.008595251979462093,EOD,0.004695251979462093
2024-06-03,SKA-B.ST,0,-0.007167539473153406,STOP,-0.011067539473153407
2024-06-05,SKA-B.ST,0,0.001074097483996006,EOD,-0.002825902516003994
2024-06-07,SKA-B.ST,0,-0.0056376002778942835,STOP,-0.009537600277894284
2024-06-11,SKA-B.ST,2,0.0067769044222363295,EOD,0.0028769044222363297
2024-06-12,SKA-B.ST,4,0.007970244550070449,EOD,0.004070244550070449
2024-06-13,SKA-B.ST,2,-0.009217803232757449,STOP,-0.01311780323275745
2024-06-14,SKA-B.ST,0,-0.01099759559197988,STOP,-0.014897595591979881
2024-06-18,SKA-B.ST,2,0.005197505362385835,EOD,0.001297505362385835
2024-06-20,SKA-B.ST,2,0.00025675507962930055,EOD,-0.0036432449203706993
2024-07-03,SKA-B.ST,0,0.005347593582887722,EOD,0.001447593582887722
2024-07-04,SKA-B.ST,6,0.006813433076335862,EOD,0.002913433076335862
2024-07-05,SKA-B.ST,1,-0.014044943601318916,STOP,-0.017944943601318916
2024-07-08,SKA-B.ST,0,-0.008498552399461401,STOP,-0.012398552399461402
2024-07-10,SKA-B.ST,0,0.004610702711804304,EOD,0.0007107027118043044
2024-07-11,SKA-B.ST,7,0.00025106876663150146,EOD,-0.0036489312333684984
2024-07-12,SKA-B.ST,5,0.0064452308945319725,EOD,0.0025452308945319727
2024-07-15,SKA-B.ST,1,-0.006413433997681572,STOP,-0.010313433997681573
2024-07-16,SKA-B.ST,1,0.017690447683123445,EOD,0.013790447683123444
2024-07-18,SKA-B.ST,0,0.01062287244522131,EOD,0.00672287244522131
2024-07-22,SKA-B.ST,0,-0.01715343996564822,STOP,-0.02105343996564822
2024-07-24,SKA-B.ST,2,-0.007586490711383731,STOP,-0.011486490711383732
2024-07-25,SKA-B.ST,6,0.00048234849616290987,EOD,-0.00341765150383709
2024-07-26,SKA-B.ST,0,0.012042388855968644,EOD,0.008142388855968644
2024-07-29,SKA-B.ST,0,-0.0061582331320272354,STOP,-0.010058233132027236
2024-07-30,SKA-B.ST,3,-0.0023663037992361913,EOD,-0.006266303799236191
2024-08-02,SKA-B.ST,1,-0.01543051736638612,STOP,-0.01933051736638612
2024-08-05,SKA-B.ST,0,0.008831152977881507,EOD,0.004931152977881507
2024-08-07,SKA-B.ST,0,0.0050825921219821435,EOD,0.0011825921219821437
2024-08-08,SKA-B.ST,1,0.00839058838792539,EOD,0.004490588387925391
2024-08-09,SKA-B.ST,0,-0.008208924858131184,STOP,-0.012108924858131184
2024-08-12,SKA-B.ST,4,-0.0014940390796731595,EOD,-0.005394039079673159
2024-08-16,SKA-B.ST,0,-0.005955319842392948,STOP,-0.009855319842392948
2024-08-19,SKA-B.ST,0,0.002985104992615062,EOD,-0.0009148950073849379
2024-08-20,SKA-B.ST,5,-0.004928536372998504,STOP,-0.008828536372998505
2024-08-21,SKA-B.ST,0,0.0009852066415871885,EOD,-0.0029147933584128113
2024-08-22,SKA-B.ST,0,-0.0014676506943570589,EOD,-0.005367650694357059
2024-08-23,SKA-B.ST,1,0.00048664770567219406,EOD,-0.0034133522943278058
2024-08-27,SKA-B.ST,0,-0.003414619259717977,EOD,-0.007314619259717977
2024-08-29,SKA-B.ST,0,0.008272491232321988,EOD,0.004372491232321988
2024-08-30,SKA-B.ST,0,-0.00623502662713582,STOP,-0.01013502662713582
2024-09-04,SKA-B.ST,0,-0.005381560066404112,EOD,-0.009281560066404113
2024-09-05,SKA-B.ST,0,-0.0078086427154062665,STOP,-0.011708642715406267
2024-09-06,SKA-B.ST,5,-0.008208924858131184,STOP,-0.012108924858131184
2024-09-10,SKA-B.ST,0,-0.012224938875305624,EOD,-0.016124938875305625
2024-09-13,SKA-B.ST,0,0.001952216530936246,EOD,-0.0019477834690637538
2024-09-16,SKA-B.ST,0,0.007831575236546762,EOD,0.003931575236546762
2024-09-17,SKA-B.ST,6,0.0,EOD,-0.0039
2024-09-18,SKA-B.ST,0,-0.005769216097318175,STOP,-0.009669216097318176
2024-09-23,SKA-B.ST,0,0.00942951410866022,EOD,0.00552951410866022
2024-09-25,SKA-B.ST,0,-0.00649354877384023,STOP,-0.01039354877384023
2024-09-26,SKA-B.ST,1,0.004636068679407357,EOD,0.0007360686794073571
2024-10-01,SKA-B.ST,0,-0.007511765744204757,STOP,-0.011411765744204758
2024-10-02,SKA-B.ST,0,-0.0032710137768326986,EOD,-0.007171013776832698
2024-10-03,SKA-B.ST,2,0.0009310844757948189,EOD,-0.002968915524205181
2024-10-04,SKA-B.ST,0,-0.0013599412668059419,EOD,-0.005259941266805942
2024-10-07,SKA-B.ST,1,0.010421400469240671,EOD,0.006521400469240672
2024-10-08,SKA-B.ST,1,-0.004968341802398024,EOD,-0.008868341802398025
2024-10-09,SKA-B.ST,2,0.006787330316742057,EOD,0.0028873303167420575
2024-10-11,SKA-B.ST,4,-0.0009057832675631872,EOD,-0.004805783267563187
2024-10-16,SKA-B.ST,7,0.0004563707984532872,EOD,-0.0034436292015467126
2024-10-17,SKA-B.ST,2,-0.003154560466408718,EOD,-0.007054560466408718
2024-10-18,SKA-B.ST,0,-0.004066918856132751,STOP,-0.007966918856132751
2024-10-21,SKA-B.ST,0,-0.005439765067223767,STOP,-0.009339765067223768
2024-10-25,SKA-B.ST,0,-0.002758648751795989,EOD,-0.006658648751795989
2024-10-28,SKA-B.ST,5,0.010526329756328723,EOD,0.006626329756328723
2024-10-30,SKA-B.ST,0,0.0,EOD,-0.0039
2024-10-31,SKA-B.ST,0,-0.005532489543613739,STOP,-0.00943248954361374
2024-11-01,SKA-B.ST,0,-0.0032080520533106505,EOD,-0.00710805205331065
2024-11-04,SKA-B.ST,0,-0.0004543666548949554,EOD,-0.004354366654894955
2024-11-05,SKA-B.ST,0,-0.0072398466222426405,STOP,-0.011139846622242641
2024-11-07,SKA-B.ST,0,0.01107665057068341,EOD,0.007176650570683411
2024-11-08,SKA-B.ST,3,-0.004824588173314104,EOD,-0.008724588173314105
2024-11-12,SKA-B.ST,0,-0.005681831444135699,EOD,-0.0095818314441357
2024-11-14,SKA-B.ST,3,0.001793694603068996,EOD,-0.002106305396931004
2024-11-15,SKA-B.ST,0,-0.004464285714285698,EOD,-0.008364285714285699
2024-11-20,SKA-B.ST,0,-0.010374393700577134,STOP,-0.014274393700577134
2024-11-22,SKA-B.ST,3,0.0031861491031659472,EOD,-0.0007138508968340526
2024-11-27,SKA-B.ST,0,-0.006395586731475333,STOP,-0.010295586731475334
2024-11-28,SKA-B.ST,0,0.0008888753255207327,EOD,-0.003011124674479267
2024-11-29,SKA-B.ST,2,0.009764744422736671,EOD,0.005864744422736671
2024-12-02,SKA-B.ST,2,0.008810572687224738,EOD,0.004910572687224738
2024-12-03,SKA-B.ST,0,0.0026018682950825767,EOD,-0.0012981317049174232
2024-12-04,SKA-B.ST,7,0.0004298832420583931,EOD,-0.0034701167579416067
2024-12-06,SKA-B.ST,1,0.01030925199752164,EOD,0.00640925199752164
2024-12-10,SKA-B.ST,0,-0.006852274533257541,STOP,-0.010752274533257541
2024-12-11,SKA-B.ST,1,0.006029324606690256,EOD,0.0021293246066902563
2024-12-13,SKA-B.ST,0,0.002541257218195536,EOD,-0.0013587427818044636
2024-12-16,SKA-B.ST,6,0.0012674400322167934,EOD,-0.0026325599677832065
2024-12-17,SKA-B.ST,0,-0.005924710694848345,STOP,-0.009824710694848346
2024-12-18,SKA-B.ST,0,-0.005080427450238845,STOP,-0.008980427450238845
2024-12-19,SKA-B.ST,0,-0.009892486244119647,STOP,-0.013792486244119648
2024-12-20,SKA-B.ST,5,-0.006996024775149712,STOP,-0.010896024775149712
2024-12-23,SKA-B.ST,0,0.0013060646745477467,EOD,-0.002593935325452253
2024-12-27,SKA-B.ST,0,0.0012936742546518776,EOD,-0.0026063257453481222
2024-12-30,SKA-B.ST,0,-0.003014629446348449,STOP,-0.006914629446348449
2025-01-02,SKA-B.ST,0,0.012815035975152655,EOD,0.008915035975152655
2025-01-03,SKA-B.ST,0,0.0010488776740011918,EOD,-0.002851122325998808
2025-01-09,SKA-B.ST,0,-0.0026132669319055557,EOD,-0.0065132669319055555
2025-01-15,SKA-B.ST,0,0.012685887222466663,EOD,0.008785887222466662
2025-01-17,SKA-B.ST,0,-0.00255757070718432,EOD,-0.00645757070718432
2025-01-20,SKA-B.ST,5,-0.0012820643237513307,EOD,-0.0051820643237513305
2025-01-21,SKA-B.ST,4,0.01144066503492458,EOD,0.00754066503492458
2025-01-22,SKA-B.ST,0,0.0037174468145182438,EOD,-0.00018255318548175605
2025-01-23,SKA-B.ST,7,0.0,EOD,-0.0039
2025-01-29,SKA-B.ST,0,0.0033970405594812014,EOD,-0.0005029594405187984
2025-01-31,SKA-B.ST,0,-0.0054621976964613905,STOP,-0.009362197696461391
2025-02-03,SKA-B.ST,2,0.0017138353287655672,EOD,-0.0021861646712344326
2025-02-05,SKA-B.ST,0,0.01412665970353788,EOD,0.01022665970353788
2025-02-06,SKA-B.ST,0,0.011754840838080316,EOD,0.007854840838080315
2025-02-07,SKA-B.ST,2,-0.011609907394973917,EOD,-0.015509907394973918
2025-02-10,SKA-B.ST,7,0.0015479640322462185,EOD,-0.0023520359677537813
2025-02-11,SKA-B.ST,5,-0.005403295497897642,STOP,-0.009303295497897643
2025-02-13,SKA-B.ST,0,0.002317520732563416,EOD,-0.0015824792674365836
2025-02-14,SKA-B.ST,5,-0.002300519992408101,EOD,-0.006200519992408101
2025-02-19,SKA-B.ST,0,-0.008136404703041222,STOP,-0.012036404703041223
2025-02-20,SKA-B.ST,0,-0.0007883206568701784,EOD,-0.004688320656870178
2025-02-21,SKA-B.ST,2,-0.005503120794311145,STOP,-0.009403120794311146
2025-02-24,SKA-B.ST,2,-0.010756959953156175,STOP,-0.014656959953156176
2025-02-25,SKA-B.ST,0,0.0031922895989009437,EOD,-0.0007077104010990562
2025-02-26,SKA-B.ST,0,-0.005102052732290363,EOD,-0.009002052732290364
2025-02-27,SKA-B.ST,0,0.006306685544982704,EOD,0.0024066855449827044
2025-02-28,SKA-B.ST,7,0.0007855339491267266,EOD,-0.0031144660508732732
2025-03-05,SKA-B.ST,0,-0.0043392745700813196,EOD,-0.00823927457008132
2025-03-07,SKA-B.ST,0,0.010028078497379633,EOD,0.0061280784973796335
2025-03-13,SKA-B.ST,0,0.0020746887966804906,EOD,-0.0018253112033195093
2025-03-20,SKA-B.ST,5,0.0028513113981352145,EOD,-0.0010486886018647853
2025-03-24,SKA-B.ST,6,-0.006916179524555255,EOD,-0.010816179524555256
2025-03-25,SKA-B.ST,0,-0.002446944747936608,EOD,-0.006346944747936608
2025-03-28,SKA-B.ST,0,-0.016129019383983922,STOP,-0.020029019383983923
2025-04-01,SKA-B.ST,0,-0.004899804470002822,EOD,-0.008799804470002823
2025-04-02,SKA-B.ST,6,0.00806091816909027,EOD,0.00416091816909027
2025-04-07,SKA-B.ST,2,0.0012642225031604948,EOD,-0.002635777496839505
2025-04-08,SKA-B.ST,3,-0.0023136089883917244,EOD,-0.006213608988391724
2025-04-14,SKA-B.ST,4,0.005934703097692617,EOD,0.0020347030976926176
2025-04-15,SKA-B.ST,0,-0.004796163069544335,EOD,-0.008696163069544335
2025-04-16,SKA-B.ST,0,0.009178714475770011,EOD,0.005278714475770011
2025-04-23,SKA-B.ST,5,-0.002348520499456219,EOD,-0.006248520499456219
2025-04-24,SKA-B.ST,2,-0.0009393938655509748,EOD,-0.004839393865550975
2025-04-28,SKA-B.ST,5,-0.0013748994315017082,EOD,-0.005274899431501708
2025-04-30,SKA-B.ST,0,0.012206134654124456,EOD,0.008306134654124456
2025-05-06,SKA-B.ST,7,-0.012356588598142926,STOP,-0.016256588598142926
2025-05-07,SKA-B.ST,4,-0.004930551651375681,EOD,-0.008830551651375682
2025-05-08,SKA-B.ST,0,0.0044642857142858094,EOD,0.0005642857142858096
2025-05-14,SKA-B.ST,0,-0.0008474446959414461,EOD,-0.004747444695941446
2025-05-15,SKA-B.ST,4,-0.005501494011716401,STOP,-0.009401494011716402
2025-05-19,SKA-B.ST,6,0.002974912618629366,EOD,-0.0009250873813706336
2025-05-20,SKA-B.ST,3,0.0033641843628726686,EOD,-0.0005358156371273312
2025-05-30,SKA-B.ST,0,-0.01590028791046849,STOP,-0.019800287910468492
2025-06-02,SKA-B.ST,3,0.011847355328397313,EOD,0.007947355328397313
2025-06-04,SKA-B.ST,0,0.0013004033624894884,EOD,-0.0025995966375105114
2025-06-05,SKA-B.ST,0,-0.0042844902577140465,EOD,-0.008184490257714047
2025-06-10,SKA-B.ST,0,-0.0008557849843980891,EOD,-0.004755784984398089
2025-06-11,SKA-B.ST,0,-0.008547008547008517,STOP,-0.012447008547008517
2025-06-12,SKA-B.ST,4,-0.0021505376344086446,EOD,-0.0060505376344086445
2025-06-13,SKA-B.ST,0,-0.006513243509001954,EOD,-0.010413243509001954
2025-06-16,SKA-B.ST,7,0.0030594271805313156,EOD,-0.0008405728194686842
2025-06-17,SKA-B.ST,0,-0.0048077189197711645,EOD,-0.008707718919771165
2025-06-18,SKA-B.ST,6,-0.006547359057346491,STOP,-0.010447359057346492
2025-06-23,SKA-B.ST,0,-0.008366398521395868,EOD,-0.012266398521395869
2025-06-26,SKA-B.ST,0,-0.0008992668782863422,EOD,-0.004799266878286342
2025-06-27,SKA-B.ST,0,0.0066755675138949755,EOD,0.0027755675138949757
2025-07-01,SKA-B.ST,0,-0.011706465700427882,STOP,-0.015606465700427882
2025-07-02,SKA-B.ST,6,0.0018026550981342648,EOD,-0.002097344901865735
2025-07-03,SKA-B.ST,0,-0.00223813793044092,EOD,-0.00613813793044092
2025-07-08,SKA-B.ST,7,0.0,EOD,-0.0039
2025-07-09,SKA-B.ST,1,0.00044805602546138523,EOD,-0.0034519439745386146
2025-07-10,SKA-B.ST,0,0.004888916015624911,EOD,0.0009889160156249114
2025-07-14,SKA-B.ST,0,0.0008948409317324213,EOD,-0.0030051590682675785
2025-07-15,SKA-B.ST,0,-0.0022172949002217113,EOD,-0.006117294900221711
2025-07-16,SKA-B.ST,2,-0.013245033112582738,EOD,-0.01714503311258274
2025-07-17,SKA-B.ST,0,0.0048479776690406595,EOD,0.0009479776690406597
2025-07-23,SKA-B.ST,0,0.0021834061135370675,EOD,-0.0017165938864629323
2025-07-24,SKA-B.ST,0,-0.005174631219601711,STOP,-0.009074631219601711
2025-07-25,SKA-B.ST,6,0.00434216233933471,EOD,0.0004421623393347099
2025-07-29,SKA-B.ST,0,-0.003429074330446258,EOD,-0.007329074330446258
2025-07-30,SKA-B.ST,0,-0.005150201494601658,STOP,-0.009050201494601659
2025-08-01,SKA-B.ST,1,-0.007054700537858838,STOP,-0.010954700537858839
2025-08-06,SKA-B.ST,0,-0.0017428927951388395,EOD,-0.005642892795138839
2025-08-07,SKA-B.ST,0,0.010362667673729176,EOD,0.006462667673729176
2025-08-08,SKA-B.ST,0,-0.004257130804527276,STOP,-0.008157130804527277
2025-08-12,SKA-B.ST,4,0.00042072404206794367,EOD,-0.003479275957932056
2025-08-14,SKA-B.ST,0,0.00790018252176461,EOD,0.0040001825217646095
2025-08-15,SKA-B.ST,0,-0.004893951725845613,EOD,-0.008793951725845614
2025-08-19,SKA-B.ST,0,0.014291758060123616,EOD,0.010391758060123615
2025-08-20,SKA-B.ST,3,-0.0016597257115533726,EOD,-0.005559725711553372
2025-08-22,SKA-B.ST,1,0.009535667831087835,EOD,0.005635667831087835
2025-09-03,SKA-B.ST,1,-0.00735617551766643,STOP,-0.01125617551766643
2025-09-04,SKA-B.ST,2,0.00043124668455263304,EOD,-0.0034687533154473668
2025-09-05,SKA-B.ST,0,-0.005565081411777584,STOP,-0.009465081411777584
2025-09-08,SKA-B.ST,0,0.008620689655172376,EOD,0.004720689655172376
2025-09-10,SKA-B.ST,4,-0.0008382741069355992,EOD,-0.004738274106935599
2025-09-11,SKA-B.ST,0,0.014589412626288878,EOD,0.010689412626288877
2025-09-15,SKA-B.ST,0,-0.009472829583398013,STOP,-0.013372829583398013
2025-09-17,SKA-B.ST,4,-0.0025284706944768143,EOD,-0.006428470694476814
2025-09-18,SKA-B.ST,0,-0.005423458774755474,EOD,-0.009323458774755475
2025-09-19,SKA-B.ST,0,-0.004564340678488099,EOD,-0.0084643406784881
2025-09-24,SKA-B.ST,0,-0.0062945865748654795,STOP,-0.01019458657486548
2025-09-26,SKA-B.ST,3,0.010530750060128824,EOD,0.006630750060128824
2025-09-30,SKA-B.ST,1,0.00993786292540122,EOD,0.00603786292540122
2025-10-01,SKA-B.ST,0,0.0041135334220196995,EOD,0.0002135334220196997
2025-10-03,SKA-B.ST,2,-0.007311141649348651,STOP,-0.011211141649348652
2025-10-06,SKA-B.ST,5,-0.00040685965123676837,EOD,-0.004306859651236768
2025-10-07,SKA-B.ST,0,0.019440123494143924,EOD,0.015540123494143923
2025-10-08,SKA-B.ST,0,-0.0057493293794217415,STOP,-0.009649329379421742
2025-10-09,SKA-B.ST,2,0.0011290469672051717,EOD,-0.002770953032794828
2025-10-10,SKA-B.ST,0,-0.007479431733922293,STOP,-0.011379431733922293
2025-10-13,SKA-B.ST,0,-0.0003737148775584398,EOD,-0.00427371487755844
2025-10-14,SKA-B.ST,0,0.007515971266915278,EOD,0.003615971266915278
2025-10-20,SKA-B.ST,4,-0.0030475725446428292,STOP,-0.006947572544642829
2025-10-23,SKA-B.ST,3,0.00992368741799865,EOD,0.00602368741799865
2025-10-24,SKA-B.ST,6,0.002254814316998699,EOD,-0.0016451856830013009
2025-10-27,SKA-B.ST,0,-0.0022445776780288806,EOD,-0.0061445776780288805
2025-10-30,SKA-B.ST,2,-0.0030314051211480786,EOD,-0.006931405121148078
2025-11-03,SKA-B.ST,5,0.0011521440767243707,EOD,-0.002747855923275629
2025-11-04,SKA-B.ST,1,-0.005811700753693083,STOP,-0.009711700753693084
2025-11-05,SKA-B.ST,3,0.001149378517121713,EOD,-0.002750621482878287
2025-11-11,SKA-B.ST,7,-0.0036795140344050292,EOD,-0.007579514034405029
2025-11-12,SKA-B.ST,0,-0.0008153157185244453,EOD,-0.004715315718524445
2025-11-13,SKA-B.ST,0,-0.002820293943791463,EOD,-0.006720293943791463
2025-11-14,SKA-B.ST,1,-0.009307984601159003,STOP,-0.013207984601159004
2025-11-19,SKA-B.ST,0,0.004154549284082654,EOD,0.00025454928408265385
2025-11-21,SKA-B.ST,0,0.0012531456115556505,EOD,-0.0026468543884443493
2025-11-24,SKA-B.ST,4,-0.002880645877539889,EOD,-0.006780645877539889
2025-11-25,SKA-B.ST,0,0.005679488423871781,EOD,0.0017794884238717815
2025-11-26,SKA-B.ST,4,-0.002441033751286348,EOD,-0.006341033751286348
2025-12-03,SKA-B.ST,0,-0.006655536128738482,STOP,-0.010555536128738482
2025-12-04,SKA-B.ST,1,0.012335526470580005,EOD,0.008435526470580004
2025-12-05,SKA-B.ST,0,0.00040373881609911955,EOD,-0.0034962611839008803
2025-12-09,SKA-B.ST,4,0.0048622242034190855,EOD,0.0009622242034190856
2025-12-11,SKA-B.ST,6,0.002029220829486089,EOD,-0.0018707791705139106
2025-12-12,SKA-B.ST,1,-0.0020096462776006963,EOD,-0.005909646277600696
2025-12-15,SKA-B.ST,0,0.005591091011975857,EOD,0.0016910910119758574
2025-12-16,SKA-B.ST,0,-0.005560004520673734,STOP,-0.009460004520673734
2025-12-17,SKA-B.ST,1,-0.006377006311872102,STOP,-0.010277006311872103
2025-12-18,SKA-B.ST,0,0.006026516821144856,EOD,0.0021265168211448563
2025-12-19,SKA-B.ST,0,-0.0067540602656096516,STOP,-0.010654060265609652
2025-12-22,SKA-B.ST,0,-0.001973165004116928,EOD,-0.005873165004116928
2025-12-29,SKA-B.ST,0,-0.0015898614688779622,EOD,-0.005489861468877962
2025-12-30,SKA-B.ST,0,0.004780864335626189,EOD,0.0008808643356261895
2026-01-02,SKA-B.ST,3,0.009792341211621869,EOD,0.005892341211621869
2026-01-07,SKA-B.ST,0,0.008995594167436227,EOD,0.005095594167436227
2026-01-12,SKA-B.ST,5,0.0088463860009238,EOD,0.004946386000923801
2026-01-14,SKA-B.ST,0,-0.008784862030839724,STOP,-0.012684862030839725
2026-01-15,SKA-B.ST,0,0.007344840578988876,EOD,0.003444840578988876
2026-01-16,SKA-B.ST,0,0.005801327680683865,EOD,0.0019013276806838656
2026-01-20,SKA-B.ST,5,-0.007859303920572103,STOP,-0.011759303920572103
2026-01-22,SKA-B.ST,1,0.0025830708746541475,EOD,-0.0013169291253458523
2026-01-27,SKA-B.ST,5,-0.0022263677310412344,EOD,-0.006126367731041234
2026-01-29,SKA-B.ST,4,-0.008846273514452996,EOD,-0.012746273514452997
2026-01-30,SKA-B.ST,3,-0.0011077836281074838,EOD,-0.005007783628107484
2026-02-03,SKA-B.ST,6,0.002892218999696494,EOD,-0.0010077810003035056
2026-02-04,SKA-B.ST,1,-0.008574469270520857,EOD,-0.012474469270520858
2026-02-05,SKA-B.ST,1,0.0021521023306543263,EOD,-0.0017478976693456735
2026-02-10,SKA-B.ST,1,-0.010486845666549671,STOP,-0.014386845666549672
2026-02-11,SKA-B.ST,4,-0.009290226470817342,EOD,-0.013190226470817343
2026-02-12,SKA-B.ST,5,-0.011931439453332526,STOP,-0.015831439453332527
2026-02-13,SKA-B.ST,7,0.0007540787339670452,EOD,-0.0031459212660329547
2026-02-17,SKA-B.ST,0,0.014307182626674075,EOD,0.010407182626674075
2026-02-18,SKA-B.ST,4,-0.0011077836281074838,EOD,-0.005007783628107484
2026-02-19,SKA-B.ST,0,0.002594559817283626,EOD,-0.0013054401827163739
2026-02-20,SKA-B.ST,0,0.005446623214391932,EOD,0.0015466232143919326
2026-02-23,SKA-B.ST,0,-0.010111909912195571,STOP,-0.014011909912195572
2026-02-24,SKA-B.ST,0,-0.00761412501408032,STOP,-0.01151412501408032
2026-02-25,SKA-B.ST,2,-0.001454523259943219,EOD,-0.005354523259943219
2026-02-26,SKA-B.ST,0,-0.005765787760416696,EOD,-0.009665787760416697
2026-02-27,SKA-B.ST,0,-0.0014367597171467406,EOD,-0.00533675971714674
2026-03-02,SKA-B.ST,0,0.006607996882815215,EOD,0.002707996882815215
2026-03-04,SKA-B.ST,0,0.012748382980369177,EOD,0.008848382980369177
2026-03-05,SKA-B.ST,0,-0.007757687509483913,STOP,-0.011657687509483913
2026-03-09,SKA-B.ST,0,-0.0007840541052361871,EOD,-0.004684054105236187
2026-03-10,SKA-B.ST,0,-0.0022727503921046166,EOD,-0.006172750392104616
2026-03-11,SKA-B.ST,5,-0.007238071986607197,STOP,-0.011138071986607198
2026-03-13,SKA-B.ST,0,0.0023401174641128897,EOD,-0.0015598825358871101
2026-03-16,SKA-B.ST,4,0.0015551861489120355,EOD,-0.0023448138510879643
2026-03-17,SKA-B.ST,0,-0.005428437105920558,STOP,-0.009328437105920559
2026-03-23,SKA-B.ST,2,-0.01297073683479344,STOP,-0.01687073683479344
2026-03-25,SKA-B.ST,3,0.000799028948476721,EOD,-0.003100971051523279
2026-03-26,SKA-B.ST,0,-0.005595499254838043,STOP,-0.009495499254838044
2026-03-27,SKA-B.ST,6,-0.007260943272634268,EOD,-0.011160943272634269
2026-03-30,SKA-B.ST,3,0.00040504700683619,EOD,-0.00349495299316381
2026-03-31,SKA-B.ST,0,0.0063745263088272885,EOD,0.0024745263088272887
2026-04-02,SKA-B.ST,0,0.007999974300986867,EOD,0.0040999743009868675
2026-04-07,SKA-B.ST,1,-0.014367815731961442,STOP,-0.018267815731961443
2026-04-08,SKA-B.ST,3,-0.0023800320864302282,EOD,-0.006280032086430228
2026-04-09,SKA-B.ST,7,-0.0011909003582272204,EOD,-0.00509090035822722
2026-04-10,SKA-B.ST,1,0.0,EOD,-0.0039
2026-04-13,SKA-B.ST,2,0.001178793916533749,EOD,-0.0027212060834662507
2026-04-15,SKA-B.ST,3,-0.00622086324874549,STOP,-0.01012086324874549
2026-04-16,SKA-B.ST,1,-0.004705870385263489,STOP,-0.00860587038526349
2026-04-17,SKA-B.ST,3,0.025321385628753523,EOD,0.021421385628753523
2026-04-20,SKA-B.ST,0,-0.02241650509279458,STOP,-0.02631650509279458
2026-04-24,SKA-B.ST,3,-0.007512826976429521,STOP,-0.011412826976429521
2026-04-27,SKA-B.ST,3,-0.007569696798742531,STOP,-0.011469696798742532
2026-04-29,SKA-B.ST,2,-0.007673703992071346,STOP,-0.011573703992071346
2026-04-30,SKA-B.ST,0,0.0040567951318457585,EOD,0.00015679513184575864
2026-05-05,SKA-B.ST,0,0.008383257898265883,EOD,0.004483257898265884
2026-05-06,SKA-B.ST,0,0.013878204272249173,EOD,0.009978204272249172
2026-05-08,SKA-B.ST,0,-0.007480290931040856,STOP,-0.011380290931040857
2026-05-11,SKA-B.ST,0,0.006002401106985689,EOD,0.002102401106985689
2026-05-12,SKA-B.ST,1,-0.00797448156165792,STOP,-0.01187448156165792
2026-05-18,SKA-B.ST,0,0.001644035723251891,EOD,-0.002255964276748109
2026-05-19,SKA-B.ST,0,-0.00815328159444828,STOP,-0.012053281594448281
2026-05-20,SKA-B.ST,2,0.01654259697897431,EOD,0.01264259697897431
2026-05-21,SKA-B.ST,0,-0.008123476948785124,STOP,-0.012023476948785125
2026-05-22,SKA-B.ST,2,-0.0036158855707271176,EOD,-0.007515885570727117
2026-05-25,SKA-B.ST,6,0.0011825110578105313,EOD,-0.0027174889421894685
2026-05-27,SKA-B.ST,0,-0.006346711879327116,STOP,-0.010246711879327117
2026-05-28,SKA-B.ST,0,-0.00437894449876608,STOP,-0.00827894449876608
2026-05-29,SKA-B.ST,0,-0.005179295026923603,STOP,-0.009079295026923603
2026-06-02,SKA-B.ST,0,-0.01006846544210016,STOP,-0.013968465442100161
2026-06-03,SKA-B.ST,0,-0.005691032099529925,STOP,-0.009591032099529925
2026-06-05,SKA-B.ST,1,0.000812335299436473,EOD,-0.003087664700563527
2026-06-08,SKA-B.ST,0,-0.006208609114675689,STOP,-0.01010860911467569
2026-06-09,SKA-B.ST,0,-0.005391966067390563,STOP,-0.009291966067390564
2026-06-10,SKA-B.ST,0,-0.005448461938403315,STOP,-0.009348461938403316
2026-06-11,SKA-B.ST,0,-0.009712850600154366,STOP,-0.013612850600154366
2026-06-12,SKA-B.ST,0,-0.010326311181219294,STOP,-0.014226311181219295
2026-06-15,SKA-B.ST,2,-0.012155591421815548,STOP,-0.01605559142181555
2026-06-16,SKA-B.ST,0,-0.008983246235490294,STOP,-0.012883246235490295
2026-06-17,SKA-B.ST,0,0.005691032099530036,EOD,0.0017910320995300358
2026-06-22,SKA-B.ST,6,0.003968253968253954,EOD,6.825396825395433e-05
2026-06-23,SKA-B.ST,1,0.001984126984126977,EOD,-0.0019158730158730227
2026-06-24,SKA-B.ST,3,0.009400740801349894,EOD,0.005500740801349894
2026-06-25,SKA-B.ST,1,0.0007622416603796367,EOD,-0.003137758339620363
2026-06-30,SKA-B.ST,1,-0.004242096558892849,STOP,-0.00814209655889285
2026-07-02,SKA-B.ST,0,0.008560358782222721,EOD,0.004660358782222721
2026-07-03,SKA-B.ST,0,0.007530120308884669,EOD,0.0036301203088846693
2023-08-09,SKF-B.ST,0,-0.009152719811359233,STOP,-0.013052719811359234
2023-08-14,SKF-B.ST,1,-0.006444666852361669,EOD,-0.01034466685236167
2023-08-17,SKF-B.ST,0,-0.0027464981687358447,EOD,-0.0066464981687358446
2023-08-18,SKF-B.ST,0,-0.009402637829356242,STOP,-0.013302637829356243
2023-08-21,SKF-B.ST,0,-0.0027533038722200587,EOD,-0.0066533038722200585
2023-08-22,SKF-B.ST,0,0.00984406744810129,EOD,0.00594406744810129
2023-08-25,SKF-B.ST,0,-0.006122966223758297,EOD,-0.010022966223758298
2023-08-28,SKF-B.ST,6,-0.0008255030214838754,EOD,-0.004725503021483875
2023-09-01,SKF-B.ST,1,-0.007500033908420134,EOD,-0.011400033908420135
2023-09-05,SKF-B.ST,1,0.0030537910845636063,EOD,-0.0008462089154363936
2023-09-06,SKF-B.ST,2,0.005756595871125425,EOD,0.0018565958711254252
2023-09-11,SKF-B.ST,0,-0.0025048536795468923,EOD,-0.006404853679546892
2023-09-12,SKF-B.ST,0,0.0005549728368994256,EOD,-0.0033450271631005743
2023-09-14,SKF-B.ST,2,0.005260226556679459,EOD,0.0013602265566794594
2023-09-15,SKF-B.ST,0,-0.02158850170571458,EOD,-0.02548850170571458
2023-09-18,SKF-B.ST,4,0.0037786609891616862,EOD,-0.00012133901083831358
2023-09-20,SKF-B.ST,5,0.0002713133528478018,EOD,-0.003628686647152198
2023-09-26,SKF-B.ST,0,-0.011898051577992175,STOP,-0.015798051577992175
2023-09-27,SKF-B.ST,0,0.0008515989808184354,EOD,-0.0030484010191815644
2023-09-28,SKF-B.ST,4,0.009881422584351096,EOD,0.005981422584351096
2023-09-29,SKF-B.ST,0,0.008024332997955241,EOD,0.0041243329979552415
2023-10-03,SKF-B.ST,0,-0.0044395286642961995,EOD,-0.0083395286642962
2023-10-05,SKF-B.ST,0,-0.006609732459768036,EOD,-0.010509732459768037
2023-10-06,SKF-B.ST,0,0.00823271144415072,EOD,0.00433271144415072
2023-10-09,SKF-B.ST,1,-0.013922947736542013,STOP,-0.017822947736542014
2023-10-10,SKF-B.ST,0,0.006498847802312913,EOD,0.0025988478023129128
2023-10-12,SKF-B.ST,0,-0.009819484631952924,EOD,-0.013719484631952925
2023-10-17,SKF-B.ST,0,-0.011891643357206938,STOP,-0.01579164335720694
2023-10-18,SKF-B.ST,0,-0.006415586591265732,STOP,-0.010315586591265732
2023-10-23,SKF-B.ST,5,0.012033975459461166,EOD,0.008133975459461165
2023-10-24,SKF-B.ST,2,0.009843642028272148,EOD,0.005943642028272148
2023-10-25,SKF-B.ST,2,-0.004818542370388923,EOD,-0.008718542370388924
2023-10-26,SKF-B.ST,1,0.01198975835966487,EOD,0.00808975835966487
2023-10-27,SKF-B.ST,0,-0.015277777777777724,EOD,-0.019177777777777724
2023-10-30,SKF-B.ST,0,-0.007214223494860561,EOD,-0.011114223494860562
2023-11-02,SKF-B.ST,0,-0.006586152405826162,EOD,-0.010486152405826163
2023-11-03,SKF-B.ST,0,0.0029891470204228554,EOD,-0.0009108529795771444
2023-11-09,SKF-B.ST,1,0.020638415316364567,EOD,0.016738415316364566
2023-11-14,SKF-B.ST,4,0.015933093730916115,EOD,0.012033093730916114
2023-11-15,SKF-B.ST,0,-0.005750162498523337,EOD,-0.009650162498523338
2023-11-17,SKF-B.ST,0,0.003432764064074112,EOD,-0.0004672359359258879
2023-11-20,SKF-B.ST,3,-0.0031503851632490587,EOD,-0.0070503851632490585
2023-11-22,SKF-B.ST,0,-0.008861152738843137,STOP,-0.012761152738843137
2023-11-24,SKF-B.ST,2,0.0015682333872031329,EOD,-0.002331766612796867
2023-11-27,SKF-B.ST,6,-0.0007793915243590188,EOD,-0.004679391524359019
2023-11-28,SKF-B.ST,6,-0.00025881497177870916,EOD,-0.004158814971778709
2023-11-29,SKF-B.ST,0,0.002050199302772615,EOD,-0.0018498006972273847
2023-11-30,SKF-B.ST,1,0.001015806060087554,EOD,-0.002884193939912446
2023-12-01,SKF-B.ST,0,0.00731582729852831,EOD,0.0034158272985283103
2023-12-05,SKF-B.ST,6,-0.00355328400122934,EOD,-0.00745328400122934
2023-12-06,SKF-B.ST,2,0.01097810515986164,EOD,0.00707810515986164
2023-12-07,SKF-B.ST,0,0.004424823905016861,EOD,0.0005248239050168616
2023-12-08,SKF-B.ST,0,-0.000492398328460153,EOD,-0.004392398328460153
2023-12-11,SKF-B.ST,5,0.006400727493361957,EOD,0.0025007274933619575
2023-12-12,SKF-B.ST,1,-0.009245712391651506,STOP,-0.013145712391651507
2023-12-18,SKF-B.ST,1,-0.0024271844660194164,EOD,-0.006327184466019416
2023-12-19,SKF-B.ST,0,0.000969051419311473,EOD,-0.002930948580688527
2023-12-20,SKF-B.ST,4,0.0024142925411121396,EOD,-0.0014857074588878602
2023-12-22,SKF-B.ST,5,-0.007295719627774644,STOP,-0.011195719627774645
2024-01-02,SKF-B.ST,0,-0.008341496186388464,STOP,-0.012241496186388465
2024-01-08,SKF-B.ST,1,0.013533819289434534,EOD,0.009633819289434534
2024-01-12,SKF-B.ST,0,-0.0070940416112229565,EOD,-0.010994041611222957
2024-01-16,SKF-B.ST,0,-0.006201534616238735,STOP,-0.010101534616238736
2024-01-18,SKF-B.ST,0,0.022979349047010933,EOD,0.019079349047010932
2024-01-25,SKF-B.ST,5,-0.0029776977841966534,EOD,-0.006877697784196653
2024-01-31,SKF-B.ST,0,-0.030602637414235745,EOD,-0.034502637414235746
2024-02-01,SKF-B.ST,1,0.0014542076942314353,EOD,-0.0024457923057685646
2024-02-02,SKF-B.ST,0,0.0019092787421688406,EOD,-0.001990721257831159
2024-02-06,SKF-B.ST,1,0.0037611803631218965,EOD,-0.0001388196368781033
2024-02-08,SKF-B.ST,0,0.0004766007782273096,EOD,-0.00342339922177269
2024-02-09,SKF-B.ST,0,-0.004750593824228044,STOP,-0.008650593824228045
2024-02-12,SKF-B.ST,6,-0.0004763737381330291,EOD,-0.004376373738133029
2024-02-13,SKF-B.ST,0,-0.010426525821052968,STOP,-0.014326525821052968
2024-02-14,SKF-B.ST,0,0.005200974484707466,EOD,0.0013009744847074659
2024-02-15,SKF-B.ST,0,-0.0013844165019968324,EOD,-0.005284416501996832
2024-02-16,SKF-B.ST,0,-0.0013717560857068323,EOD,-0.005271756085706832
2024-02-19,SKF-B.ST,0,-0.005481941442217031,EOD,-0.009381941442217032
2024-02-21,SKF-B.ST,0,-0.0073394775390625,STOP,-0.0112394775390625
2024-02-23,SKF-B.ST,5,0.008189276736879636,EOD,0.004289276736879636
2024-02-27,SKF-B.ST,0,0.007654195864586599,EOD,0.0037541958645865995
2024-02-28,SKF-B.ST,6,0.0008854015601387211,EOD,-0.0030145984398612788
2024-03-05,SKF-B.ST,0,0.0004476549071077418,EOD,-0.003452345092892258
2024-03-06,SKF-B.ST,0,0.0008916493335759945,EOD,-0.0030083506664240053
2024-03-07,SKF-B.ST,1,0.0031277789932839806,EOD,-0.0007722210067160193
2024-03-08,SKF-B.ST,0,-0.002657245772393013,EOD,-0.006557245772393013
2024-03-11,SKF-B.ST,4,0.00353514379571096,EOD,-0.0003648562042890399
2024-03-12,SKF-B.ST,0,0.020896835505136657,EOD,0.016996835505136657
2024-03-14,SKF-B.ST,3,-0.0029991301051731645,EOD,-0.006899130105173164
2024-03-15,SKF-B.ST,0,0.00424628450106157,EOD,0.00034628450106157036
2024-03-18,SKF-B.ST,0,-0.009635538672656652,STOP,-0.013535538672656652
2024-03-19,SKF-B.ST,1,-0.006113510464997307,EOD,-0.010013510464997308
2024-03-20,SKF-B.ST,4,0.00043862326103338845,EOD,-0.0034613767389666114
2024-03-21,SKF-B.ST,5,-0.009482745466561138,STOP,-0.013382745466561138
2024-03-22,SKF-B.ST,2,0.0017286480804852289,EOD,-0.002171351919514771
2024-03-26,SKF-B.ST,1,0.008787345985792117,EOD,0.004887345985792117
2024-04-02,SKF-B.ST,1,-0.0022411474061906356,EOD,-0.006141147406190635
2024-04-03,SKF-B.ST,6,-0.0022421524663677195,EOD,-0.006142152466367719
2024-04-04,SKF-B.ST,0,0.008865247987104752,EOD,0.004965247987104752
2024-04-05,SKF-B.ST,0,0.010168006555208331,EOD,0.006268006555208331
2024-04-12,SKF-B.ST,0,-0.011225864545391206,STOP,-0.015125864545391207
2024-04-15,SKF-B.ST,0,-0.004034106367777679,EOD,-0.00793410636777768
2024-04-17,SKF-B.ST,0,-0.0013661340775027453,EOD,-0.005266134077502745
2024-04-19,SKF-B.ST,4,0.009195402298850519,EOD,0.005295402298850519
2024-04-22,SKF-B.ST,1,-0.013544018058690765,STOP,-0.017444018058690766
2024-04-23,SKF-B.ST,1,0.004472271792054672,EOD,0.0005722717920546719
2024-04-25,SKF-B.ST,0,-0.008014260920937821,STOP,-0.011914260920937822
2024-04-29,SKF-B.ST,0,-0.005644824292362904,EOD,-0.009544824292362905
2024-05-02,SKF-B.ST,0,-0.018439121389491997,STOP,-0.022339121389491998
2024-05-03,SKF-B.ST,1,-0.0025951161446635673,EOD,-0.006495116144663567
2024-05-06,SKF-B.ST,0,0.007305530599642784,EOD,0.0034055305996427846
2024-05-07,SKF-B.ST,0,0.011864419710838181,EOD,0.00796441971083818
2024-05-14,SKF-B.ST,0,-0.004678885899438434,STOP,-0.008578885899438435
2024-05-15,SKF-B.ST,4,-0.004629655198899241,STOP,-0.008529655198899241
2024-05-20,SKF-B.ST,0,0.0034158969350226442,EOD,-0.0004841030649773556
2024-05-21,SKF-B.ST,3,0.0021276595744681437,EOD,-0.0017723404255318561
2024-05-23,SKF-B.ST,0,-0.005078277328584457,EOD,-0.008978277328584458
2024-05-24,SKF-B.ST,0,-0.008939935714310732,STOP,-0.012839935714310732
2024-05-28,SKF-B.ST,0,-0.005139173225876648,STOP,-0.009039173225876648
2024-05-30,SKF-B.ST,0,-0.0013083429906893818,EOD,-0.005208342990689382
2024-05-31,SKF-B.ST,3,-0.007430056492864767,STOP,-0.011330056492864768
2024-06-03,SKF-B.ST,0,-0.006887671470065082,STOP,-0.010787671470065083
2024-06-05,SKF-B.ST,0,0.0,EOD,-0.0039
2024-06-10,SKF-B.ST,0,0.007579121378121112,EOD,0.003679121378121112
2024-06-12,SKF-B.ST,4,-0.006241681391998877,STOP,-0.010141681391998877
2024-06-17,SKF-B.ST,7,0.002861259476621303,EOD,-0.001038740523378697
2024-06-20,SKF-B.ST,3,-0.0037209444267805036,EOD,-0.0076209444267805035
2024-06-24,SKF-B.ST,0,-0.0037418290006485666,EOD,-0.007641829000648566
2024-06-27,SKF-B.ST,3,0.004265373916987558,EOD,0.00036537391698755837
2024-06-28,SKF-B.ST,0,-0.006560421445763853,STOP,-0.010460421445763854
2024-07-01,SKF-B.ST,5,-0.005573603953705986,EOD,-0.009473603953705986
2024-07-03,SKF-B.ST,1,-0.0014104516034892933,EOD,-0.005310451603489293
2024-07-04,SKF-B.ST,1,-0.009785675879723232,STOP,-0.013685675879723233
2024-07-08,SKF-B.ST,0,0.0032987604067351572,EOD,-0.0006012395932648426
2024-07-10,SKF-B.ST,0,-0.0014506917182333101,EOD,-0.00535069171823331
2024-07-11,SKF-B.ST,0,-0.007183907940979228,STOP,-0.011083907940979229
2024-07-12,SKF-B.ST,3,0.026128266033254244,EOD,0.022228266033254243
2024-07-16,SKF-B.ST,1,0.009891619474986957,EOD,0.005991619474986957
2024-07-17,SKF-B.ST,5,0.008438832752013736,EOD,0.0045388327520137365
2024-07-18,SKF-B.ST,3,-0.01902044670448977,EOD,-0.02292044670448977
2024-07-22,SKF-B.ST,0,0.0039741830085919805,EOD,7.418300859198066e-05
2024-07-25,SKF-B.ST,0,0.017285814200074467,EOD,0.013385814200074467
2024-07-26,SKF-B.ST,0,0.0012575452523253539,EOD,-0.002642454747674646
2024-07-30,SKF-B.ST,5,-0.001249375274234965,EOD,-0.005149375274234965
2024-08-02,SKF-B.ST,4,-0.008781054511549313,STOP,-0.012681054511549314
2024-08-05,SKF-B.ST,0,0.00668985795648025,EOD,0.00278985795648025
2024-08-07,SKF-B.ST,1,0.0,EOD,-0.0039
2024-08-08,SKF-B.ST,4,0.004823118258555192,EOD,0.0009231182585551926
2024-08-09,SKF-B.ST,0,-0.008718593904805116,STOP,-0.012618593904805117
2024-08-14,SKF-B.ST,4,-0.004251861912942134,STOP,-0.008151861912942135
2024-08-15,SKF-B.ST,4,0.0060542730916011145,EOD,0.0021542730916011147
2024-08-19,SKF-B.ST,0,-0.0015621090705058016,EOD,-0.005462109070505801
2024-08-20,SKF-B.ST,0,-0.004155860009131485,STOP,-0.008055860009131485
2024-08-22,SKF-B.ST,1,-0.00573061142076059,STOP,-0.00963061142076059
2024-08-23,SKF-B.ST,0,-0.004962115243590248,STOP,-0.008862115243590249
2024-08-26,SKF-B.ST,3,-0.0018233438410574232,EOD,-0.005723343841057423
2024-08-27,SKF-B.ST,0,-0.0033837018980789058,STOP,-0.007283701898078906
2024-08-28,SKF-B.ST,2,-0.005228758169934622,STOP,-0.009128758169934623
2024-08-29,SKF-B.ST,1,0.010392309855623783,EOD,0.006492309855623783
2024-09-02,SKF-B.ST,0,-0.0036147532677763827,EOD,-0.0075147532677763825
2024-09-06,SKF-B.ST,5,-0.009070884836991033,STOP,-0.012970884836991034
2024-09-10,SKF-B.ST,0,-0.011535325835279386,STOP,-0.015435325835279387
2024-09-12,SKF-B.ST,1,-0.007336989693019658,STOP,-0.011236989693019658
2024-09-13,SKF-B.ST,1,0.002712967942054778,EOD,-0.0011870320579452217
2024-09-16,SKF-B.ST,0,0.004573531432940259,EOD,0.000673531432940259
2024-09-17,SKF-B.ST,0,0.0447046802987181,EOD,0.0408046802987181
2024-09-18,SKF-B.ST,0,-0.0010136692607638498,EOD,-0.00491366926076385
2024-09-19,SKF-B.ST,1,0.008928510607507212,EOD,0.005028510607507212
2024-09-23,SKF-B.ST,6,-0.004120462622292376,EOD,-0.008020462622292376
2024-09-24,SKF-B.ST,0,-0.008551292364918028,EOD,-0.012451292364918029
2024-09-26,SKF-B.ST,4,0.0024715768287559836,EOD,-0.0014284231712440162
2024-09-27,SKF-B.ST,6,0.0024485798602962294,EOD,-0.0014514201397037704
2024-10-01,SKF-B.ST,0,-0.01232134093249626,STOP,-0.01622134093249626
2024-10-04,SKF-B.ST,0,0.0009910651398299386,EOD,-0.0029089348601700612
2024-10-09,SKF-B.ST,0,0.0043158472540572035,EOD,0.00041584725405720366
2024-10-11,SKF-B.ST,0,0.009221327253581268,EOD,0.005321327253581269
2024-10-16,SKF-B.ST,0,0.007743934040436828,EOD,0.0038439340404368286
2024-10-17,SKF-B.ST,5,-0.005865897155685529,EOD,-0.00976589715568553
2024-10-18,SKF-B.ST,0,0.011122330203738873,EOD,0.007222330203738873
2024-10-22,SKF-B.ST,4,0.0010116183678776647,EOD,-0.002888381632122335
2024-10-23,SKF-B.ST,5,-0.003258931594032788,EOD,-0.007158931594032788
2024-10-24,SKF-B.ST,0,-0.0077076230965400505,EOD,-0.011607623096540051
2024-10-25,SKF-B.ST,1,0.006999969482421875,EOD,0.003099969482421875
2024-10-28,SKF-B.ST,5,-0.011787863867023685,STOP,-0.015687863867023685
2024-10-29,SKF-B.ST,0,-0.010747420522915108,STOP,-0.014647420522915108
2024-11-04,SKF-B.ST,0,0.005381634718016226,EOD,0.0014816347180162262
2024-11-05,SKF-B.ST,0,0.011159571687802572,EOD,0.007259571687802572
2024-11-06,SKF-B.ST,0,-0.03440264502694723,STOP,-0.03830264502694723
2024-11-07,SKF-B.ST,0,0.018867924528301883,EOD,0.014967924528301882
2024-11-11,SKF-B.ST,0,-0.006086156435444079,EOD,-0.00998615643544408
2024-11-13,SKF-B.ST,0,-0.0067764235910621196,STOP,-0.01067642359106212
2024-11-14,SKF-B.ST,0,0.012242899301480703,EOD,0.008342899301480702
2024-11-15,SKF-B.ST,0,-0.0024236548356936227,EOD,-0.0063236548356936225
2024-11-21,SKF-B.ST,2,0.002973195419490038,EOD,-0.000926804580509962
2024-11-22,SKF-B.ST,7,0.002411963302649589,EOD,-0.0014880366973504108
2024-11-27,SKF-B.ST,0,0.006381949294226752,EOD,0.002481949294226752
2024-11-28,SKF-B.ST,0,-0.007695963885036017,STOP,-0.011595963885036017
2024-11-29,SKF-B.ST,0,-0.006695404660009285,STOP,-0.010595404660009286
2024-12-02,SKF-B.ST,1,0.01224108370164445,EOD,0.00834108370164445
2024-12-04,SKF-B.ST,0,-0.010114928497665265,EOD,-0.014014928497665266
2024-12-05,SKF-B.ST,6,0.0018348343875429496,EOD,-0.0020651656124570502
2024-12-06,SKF-B.ST,0,0.01459852642697701,EOD,0.01069852642697701
2024-12-10,SKF-B.ST,0,-0.002230151680668535,EOD,-0.006130151680668535
2024-12-17,SKF-B.ST,0,-0.0037002916884838477,EOD,-0.0076002916884838475
2024-12-20,SKF-B.ST,5,0.006283243548127926,EOD,0.002383243548127926
2024-12-23,SKF-B.ST,0,-0.007714517318284653,STOP,-0.011614517318284653
2024-12-27,SKF-B.ST,0,0.0014381005953560955,EOD,-0.0024618994046439044
2024-12-30,SKF-B.ST,1,-0.0024026909434653465,EOD,-0.006302690943465346
2025-01-03,SKF-B.ST,0,-0.0062052651635218226,STOP,-0.010105265163521823
2025-01-07,SKF-B.ST,0,-0.004642525665439767,EOD,-0.008542525665439768
2025-01-08,SKF-B.ST,0,-0.01024207130812782,STOP,-0.014142071308127821
2025-01-09,SKF-B.ST,0,0.013133222757210294,EOD,0.009233222757210294
2025-01-15,SKF-B.ST,0,0.020744902262458842,EOD,0.01684490226245884
2025-01-17,SKF-B.ST,0,-0.005999091232420817,STOP,-0.009899091232420817
2025-01-20,SKF-B.ST,0,0.011926633502365336,EOD,0.008026633502365335
2025-01-21,SKF-B.ST,0,0.0022532672994721725,EOD,-0.0016467327005278273
2025-01-23,SKF-B.ST,4,-0.0017929589615871544,EOD,-0.005692958961587154
2025-01-27,SKF-B.ST,0,0.003134782528775526,EOD,-0.0007652174712244738
2025-01-28,SKF-B.ST,0,-0.008444417317708286,STOP,-0.012344417317708287
2025-01-29,SKF-B.ST,0,-0.0022104332747379107,EOD,-0.0061104332747379106
2025-01-30,SKF-B.ST,6,-0.0008771795975534014,EOD,-0.004777179597553401
2025-02-03,SKF-B.ST,6,-0.014631902116576168,STOP,-0.018531902116576168
2025-02-05,SKF-B.ST,1,-0.008739622584299944,STOP,-0.012639622584299945
2025-02-06,SKF-B.ST,0,0.022160607838001445,EOD,0.018260607838001444
2025-02-10,SKF-B.ST,6,0.002277904328018332,EOD,-0.0016220956719816678
2025-02-11,SKF-B.ST,6,0.0009103183933556469,EOD,-0.002989681606644353
2025-02-12,SKF-B.ST,0,-0.0004479876617101697,EOD,-0.0043479876617101695
2025-02-13,SKF-B.ST,0,0.02016655292257652,EOD,0.01626655292257652
2025-02-14,SKF-B.ST,0,-0.006415739864930381,STOP,-0.010315739864930382
2025-02-17,SKF-B.ST,0,0.009888167380120993,EOD,0.005988167380120994
2025-02-18,SKF-B.ST,1,0.003802320096650602,EOD,-9.767990334939771e-05
2025-02-20,SKF-B.ST,0,-0.0025761737245610927,EOD,-0.0064761737245610925
2025-02-21,SKF-B.ST,0,-0.008955249908382146,EOD,-0.012855249908382146
2025-02-25,SKF-B.ST,2,0.0030198314884659627,EOD,-0.0008801685115340371
2025-02-26,SKF-B.ST,0,0.0025586614222414816,EOD,-0.0013413385777585182
2025-02-28,SKF-B.ST,0,0.008703220075891638,EOD,0.004803220075891638
2025-03-03,SKF-B.ST,0,-0.003836356060776591,EOD,-0.007736356060776591
2025-03-05,SKF-B.ST,0,0.015277171133808665,EOD,0.011377171133808664
2025-03-06,SKF-B.ST,4,0.003327799800620257,EOD,-0.0005722001993797429
2025-03-07,SKF-B.ST,0,-0.013383572251544962,STOP,-0.017283572251544962
2025-03-11,SKF-B.ST,0,-0.013507796668160599,STOP,-0.0174077966681606
2025-03-12,SKF-B.ST,4,-0.011693360847175427,STOP,-0.015593360847175428
2025-03-13,SKF-B.ST,1,-0.0035134082673687894,EOD,-0.007413408267368789
2025-03-14,SKF-B.ST,1,0.0034858520773761725,EOD,-0.0004141479226238273
2025-03-18,SKF-B.ST,0,-0.009829072870759847,STOP,-0.013729072870759848
2025-03-25,SKF-B.ST,0,0.0,EOD,-0.0039
2025-03-27,SKF-B.ST,0,-0.009358914499584148,EOD,-0.013258914499584148
2025-04-01,SKF-B.ST,0,-0.010289103580185754,STOP,-0.014189103580185755
2025-04-07,SKF-B.ST,0,0.014399547472178753,EOD,0.010499547472178752
2025-04-08,SKF-B.ST,3,-0.014951644714916501,STOP,-0.0188516447149165
2025-04-14,SKF-B.ST,4,0.0056625139605819275,EOD,0.0017625139605819276
2025-04-23,SKF-B.ST,0,-0.0035871628445448556,EOD,-0.007487162844544855
2025-04-24,SKF-B.ST,2,0.01862658176835663,EOD,0.01472658176835663
2025-04-28,SKF-B.ST,3,-0.016078034268972474,STOP,-0.019978034268972475
2025-04-29,SKF-B.ST,0,-0.012830568145577259,STOP,-0.01673056814557726
2025-05-05,SKF-B.ST,0,0.0007835422181490248,EOD,-0.003116457781850975
2025-05-07,SKF-B.ST,0,0.0073068572645451635,EOD,0.0034068572645451637
2025-05-08,SKF-B.ST,0,-0.0015365073073383417,EOD,-0.0054365073073383416
2025-05-12,SKF-B.ST,0,0.010582069608557454,EOD,0.006682069608557454
2025-05-13,SKF-B.ST,5,-0.0042493349495066335,EOD,-0.008149334949506634
2025-05-15,SKF-B.ST,3,0.0028749693928573627,EOD,-0.001025030607142637
2025-05-19,SKF-B.ST,7,-0.0019230475792517687,EOD,-0.0058230475792517685
2025-05-20,SKF-B.ST,1,0.009564801251176869,EOD,0.005664801251176869
2025-05-21,SKF-B.ST,6,-0.0009510078237753294,EOD,-0.004851007823775329
2025-05-22,SKF-B.ST,0,-0.008595930493954906,STOP,-0.012495930493954907
2025-05-27,SKF-B.ST,0,0.005788697204903492,EOD,0.0018886972049034926
2025-05-28,SKF-B.ST,0,0.004295913587037514,EOD,0.0003959135870375144
2025-05-30,SKF-B.ST,0,0.003809538341703833,EOD,-9.046165829616672e-05
2025-06-02,SKF-B.ST,0,0.0004780406547537641,EOD,-0.0034219593452462357
2025-06-04,SKF-B.ST,0,0.004737091288901318,EOD,0.0008370912889013185
2025-06-05,SKF-B.ST,0,-0.00046746539307973567,EOD,-0.0043674653930797355
2025-06-10,SKF-B.ST,0,-0.006566575593452084,STOP,-0.010466575593452085
2025-06-11,SKF-B.ST,0,-0.007906962549963703,STOP,-0.011806962549963704
2025-06-12,SKF-B.ST,6,-0.0018904023806017856,EOD,-0.005790402380601785
2025-06-13,SKF-B.ST,0,-0.013365169698127954,STOP,-0.017265169698127955
2025-06-16,SKF-B.ST,0,0.005268155309623657,EOD,0.0013681553096236568
2025-06-17,SKF-B.ST,0,0.0,EOD,-0.0039
2025-06-18,SKF-B.ST,0,-0.011299406616998464,STOP,-0.015199406616998465
2025-06-19,SKF-B.ST,1,-0.003347738816825818,EOD,-0.007247738816825818
2025-06-23,SKF-B.ST,0,-0.011916110408174085,STOP,-0.015816110408174086
2025-06-26,SKF-B.ST,0,0.010818380653521142,EOD,0.006918380653521143
2025-06-27,SKF-B.ST,0,-0.0013624116980724965,EOD,-0.005262411698072496
2025-07-02,SKF-B.ST,0,0.0027410055744421236,EOD,-0.0011589944255578763
2025-07-07,SKF-B.ST,5,-0.002782959585017619,EOD,-0.006682959585017619
2025-07-08,SKF-B.ST,6,0.007403937064028199,EOD,0.003503937064028199
2025-07-09,SKF-B.ST,1,0.006398509492493876,EOD,0.002498509492493876
2025-07-10,SKF-B.ST,0,0.012080523258354292,EOD,0.008180523258354291
2025-07-14,SKF-B.ST,0,0.00045068096559885973,EOD,-0.00344931903440114
2025-07-15,SKF-B.ST,0,-0.004899804470002822,EOD,-0.008799804470002823
2025-07-16,SKF-B.ST,2,0.0036068667301647483,EOD,-0.0002931332698352515
2025-07-17,SKF-B.ST,1,-0.007880857447765677,EOD,-0.011780857447765677
2025-07-18,SKF-B.ST,0,-0.018820576683932777,STOP,-0.022720576683932778
2025-07-21,SKF-B.ST,0,0.006432247082460041,EOD,0.002532247082460041
2025-07-23,SKF-B.ST,0,0.008525148968314689,EOD,0.004625148968314689
2025-07-29,SKF-B.ST,0,-0.005957420836103733,STOP,-0.009857420836103734
2025-07-30,SKF-B.ST,0,-0.00855798042839917,STOP,-0.01245798042839917
2025-08-01,SKF-B.ST,1,-0.006164725308881236,STOP,-0.010064725308881237
2025-08-04,SKF-B.ST,0,-0.004464285714285698,STOP,-0.008364285714285699
2025-08-05,SKF-B.ST,3,0.007051591655157008,EOD,0.003151591655157008
2025-08-06,SKF-B.ST,0,-0.006920375717326399,STOP,-0.0108203757173264
2025-08-07,SKF-B.ST,0,0.01212122533228488,EOD,0.008221225332284879
2025-08-08,SKF-B.ST,6,-0.005527223931231173,STOP,-0.009427223931231174
2025-08-12,SKF-B.ST,6,0.0034042683053523426,EOD,-0.0004957316946476572
2025-08-14,SKF-B.ST,3,-0.002115954268060216,EOD,-0.006015954268060216
2025-08-15,SKF-B.ST,0,-0.006291946469811238,STOP,-0.010191946469811239
2025-08-19,SKF-B.ST,0,0.013918126140950005,EOD,0.010018126140950004
2025-08-20,SKF-B.ST,0,0.0016673996058793605,EOD,-0.0022326003941206393
2025-08-22,SKF-B.ST,0,0.013152473933843112,EOD,0.009252473933843111
2025-08-25,SKF-B.ST,0,-0.007287461748007318,STOP,-0.011187461748007319
2025-08-26,SKF-B.ST,0,-0.0012245022520727122,EOD,-0.005124502252072712
2025-08-28,SKF-B.ST,0,-0.005282417795678507,STOP,-0.009182417795678507
2025-09-01,SKF-B.ST,0,-0.01098899870483494,STOP,-0.014888998704834941
2025-09-03,SKF-B.ST,1,-0.005012518708588876,EOD,-0.008912518708588876
2025-09-05,SKF-B.ST,5,-0.006242197174158637,EOD,-0.010142197174158638
2025-09-08,SKF-B.ST,7,-0.0012448259409038043,EOD,-0.005144825940903804
2025-09-12,SKF-B.ST,4,-0.0017021016871675565,EOD,-0.005602101687167556
2025-09-15,SKF-B.ST,0,-0.008438818565400852,STOP,-0.012338818565400853
2025-09-17,SKF-B.ST,0,-0.002987609642017608,EOD,-0.006887609642017608
2025-09-19,SKF-B.ST,0,-0.0033741165380170024,EOD,-0.007274116538017002
2025-09-22,SKF-B.ST,2,-0.008020236156336069,STOP,-0.01192023615633607
2025-09-26,SKF-B.ST,0,-0.00171972977118251,EOD,-0.00561972977118251
2025-09-29,SKF-B.ST,1,-0.007258740266413821,STOP,-0.011158740266413822
2025-09-30,SKF-B.ST,2,0.0038742741483470677,EOD,-2.5725851652932084e-05
2025-10-01,SKF-B.ST,0,0.0017101717217251622,EOD,-0.0021898282782748376
2025-10-02,SKF-B.ST,4,-0.004610251782803387,EOD,-0.008510251782803388
2025-10-03,SKF-B.ST,2,0.0008347117827525175,EOD,-0.0030652882172474824
2025-10-06,SKF-B.ST,1,0.010833358764648526,EOD,0.0069333587646485265
2025-10-10,SKF-B.ST,0,-0.007030591095064209,STOP,-0.01093059109506421
2025-10-14,SKF-B.ST,6,-0.0012770872744294337,EOD,-0.0051770872744294335
2025-10-16,SKF-B.ST,0,0.008970486074220574,EOD,0.005070486074220574
2025-10-17,SKF-B.ST,1,0.004700880784254791,EOD,0.0008008807842547908
2025-10-20,SKF-B.ST,1,-0.007182074229658331,STOP,-0.011082074229658331
2025-10-21,SKF-B.ST,3,0.005857715048051881,EOD,0.0019577150480518815
2025-10-22,SKF-B.ST,2,0.0024958657185905064,EOD,-0.0014041342814094934
2025-10-23,SKF-B.ST,2,0.004964819873370274,EOD,0.0010648198733702744
2025-10-24,SKF-B.ST,0,0.017100964347989356,EOD,0.013200964347989355
2025-10-28,SKF-B.ST,1,0.006719355526648929,EOD,0.0028193555266489293
2025-10-30,SKF-B.ST,2,0.004448001743438512,EOD,0.0005480017434385124
2025-11-03,SKF-B.ST,0,0.008113590263691739,EOD,0.004213590263691739
2025-11-04,SKF-B.ST,0,-0.007720475855958475,STOP,-0.011620475855958476
2025-11-05,SKF-B.ST,0,0.022718263633688895,EOD,0.018818263633688895
2025-11-06,SKF-B.ST,0,-0.006208793277938218,STOP,-0.010108793277938219
2025-11-10,SKF-B.ST,1,-0.0007731434000520787,EOD,-0.0046731434000520785
2025-11-14,SKF-B.ST,5,0.0020955573646677106,EOD,-0.0018044426353322892
2025-11-19,SKF-B.ST,2,0.005962495222692876,EOD,0.0020624952226928764
2025-11-21,SKF-B.ST,0,0.0029486614365141772,EOD,-0.0009513385634858226
2025-11-24,SKF-B.ST,5,-0.002066969874393476,EOD,-0.005966969874393476
2025-11-25,SKF-B.ST,3,0.0066143288296249825,EOD,0.0027143288296249827
2025-11-26,SKF-B.ST,1,-0.00040818817761478776,EOD,-0.004308188177614788
2025-11-28,SKF-B.ST,1,0.005291017777389939,EOD,0.0013910177773899393
2025-12-01,SKF-B.ST,5,0.00040406506470969106,EOD,-0.0034959349352903088
2025-12-02,SKF-B.ST,1,-0.0032258187570879393,EOD,-0.007125818757087939
2025-12-04,SKF-B.ST,0,-0.002397147807431499,EOD,-0.006297147807431499
2025-12-05,SKF-B.ST,0,-0.0055687904951216005,STOP,-0.009468790495121601
2025-12-11,SKF-B.ST,0,0.010454387355930406,EOD,0.006554387355930406
2025-12-12,SKF-B.ST,5,-0.007503925432008396,STOP,-0.011403925432008397
2025-12-16,SKF-B.ST,1,-0.0037189830433238535,EOD,-0.007618983043323853
2025-12-17,SKF-B.ST,3,-0.006694586207178332,STOP,-0.010594586207178333
2025-12-18,SKF-B.ST,0,0.017255853280324862,EOD,0.013355853280324861
2025-12-29,SKF-B.ST,0,0.0028723715921541437,EOD,-0.001027628407845856
2025-12-30,SKF-B.ST,0,0.003680956631837873,EOD,-0.00021904336816212702
2026-01-02,SKF-B.ST,0,-0.00486814177785877,STOP,-0.00876814177785877
2026-01-09,SKF-B.ST,0,0.00606796123995923,EOD,0.00216796123995923
2026-01-12,SKF-B.ST,2,-0.004410548803714609,EOD,-0.00831054880371461
2026-01-14,SKF-B.ST,3,-0.0007999877929687482,EOD,-0.004699987792968748
2026-01-15,SKF-B.ST,2,0.007503985695789028,EOD,0.0036039856957890285
2026-01-16,SKF-B.ST,5,0.0,EOD,-0.0039
2026-01-21,SKF-B.ST,0,0.0,EOD,-0.0039
2026-01-22,SKF-B.ST,0,-0.0067999877929687536,STOP,-0.010699987792968754
2026-01-23,SKF-B.ST,2,0.0040000000000000036,EOD,0.00010000000000000373
2026-01-26,SKF-B.ST,0,0.01283084316497396,EOD,0.008930843164973959
2026-01-28,SKF-B.ST,4,0.0007849173698855072,EOD,-0.0031150826301144926
2026-02-03,SKF-B.ST,0,-0.012028241733135103,STOP,-0.015928241733135104
2026-02-04,SKF-B.ST,0,0.0037174468145182438,EOD,-0.00018255318548175605
2026-02-05,SKF-B.ST,0,0.019744910211663358,EOD,0.015844910211663357
2026-02-06,SKF-B.ST,0,-0.006868674538352271,STOP,-0.010768674538352271
2026-02-10,SKF-B.ST,0,0.004368510053196717,EOD,0.0004685100531967171
2026-02-11,SKF-B.ST,3,0.012648269593008798,EOD,0.008748269593008798
2026-02-12,SKF-B.ST,3,-0.001554581871205607,EOD,-0.005454581871205607
2026-02-16,SKF-B.ST,0,-0.0019584801959389164,EOD,-0.005858480195938916
2026-02-17,SKF-B.ST,5,-0.010920389468102698,STOP,-0.014820389468102699
2026-02-19,SKF-B.ST,5,-0.0015680483955422542,EOD,-0.005468048395542254
2026-02-20,SKF-B.ST,0,0.010101034052709679,EOD,0.006201034052709679
2026-02-24,SKF-B.ST,5,0.000765919895742373,EOD,-0.003134080104257627
2026-02-26,SKF-B.ST,0,0.011932279635001208,EOD,0.008032279635001208
2026-03-02,SKF-B.ST,1,-0.016053214341063438,STOP,-0.01995321434106344
2026-03-04,SKF-B.ST,1,-0.007770936181940136,EOD,-0.011670936181940136
2026-03-05,SKF-B.ST,0,-0.010266940451745366,STOP,-0.014166940451745366
2026-03-09,SKF-B.ST,0,-0.013100436681222738,STOP,-0.01700043668122274
2026-03-10,SKF-B.ST,0,0.0029787104180518664,EOD,-0.0009212895819481334
2026-03-12,SKF-B.ST,1,-0.00818962886415675,STOP,-0.012089628864156751
2026-03-16,SKF-B.ST,1,0.001783298667151989,EOD,-0.002116701332848011
2026-03-17,SKF-B.ST,1,-0.009408561260928372,EOD,-0.013308561260928373
2026-03-18,SKF-B.ST,2,-0.01585905772473839,STOP,-0.01975905772473839
2026-03-23,SKF-B.ST,2,0.03660881802159954,EOD,0.03270881802159954
2026-03-24,SKF-B.ST,5,0.008321789303567861,EOD,0.004421789303567862
2026-03-25,SKF-B.ST,0,-0.008523974645628485,STOP,-0.012423974645628486
2026-03-26,SKF-B.ST,0,-0.011690606637052015,STOP,-0.015590606637052015
2026-03-27,SKF-B.ST,2,-0.009095043453896001,EOD,-0.012995043453896002
2026-03-30,SKF-B.ST,0,0.0013780572161843363,EOD,-0.0025219427838156635
2026-03-31,SKF-B.ST,0,0.0,EOD,-0.0039
2026-04-07,SKF-B.ST,0,-0.013157894736842146,STOP,-0.017057894736842147
2026-04-08,SKF-B.ST,4,-0.0016913061162130427,EOD,-0.0055913061162130425
2026-04-09,SKF-B.ST,6,-0.00510854397370053,EOD,-0.00900854397370053
2026-04-10,SKF-B.ST,0,0.008864525781428378,EOD,0.004964525781428379
2026-04-13,SKF-B.ST,2,0.0008413838906600191,EOD,-0.0030586161093399808
2026-04-14,SKF-B.ST,1,-0.007841556464477484,STOP,-0.011741556464477484
2026-04-15,SKF-B.ST,0,-0.004115226337448541,STOP,-0.008015226337448542
2026-04-17,SKF-B.ST,0,0.03645403179061968,EOD,0.03255403179061968
2026-04-20,SKF-B.ST,0,-0.016786558750882086,STOP,-0.020686558750882086
2026-04-23,SKF-B.ST,0,0.0017196641701993087,EOD,-0.002180335829800691
2026-04-24,SKF-B.ST,3,-0.007741948609711002,EOD,-0.011641948609711003
2026-04-27,SKF-B.ST,0,-0.009040060593747512,STOP,-0.012940060593747513
2026-04-28,SKF-B.ST,0,-0.006073726232036281,STOP,-0.009973726232036281
2026-04-30,SKF-B.ST,0,0.004814031087595705,EOD,0.000914031087595705
2026-05-04,SKF-B.ST,1,-0.008228644204019253,STOP,-0.012128644204019254
2026-05-05,SKF-B.ST,0,0.007870586251757405,EOD,0.003970586251757406
2026-05-06,SKF-B.ST,0,0.034953097761745155,EOD,0.031053097761745155
2026-05-11,SKF-B.ST,1,-0.007139908288335661,STOP,-0.011039908288335662
2026-05-18,SKF-B.ST,3,0.014035074334395548,EOD,0.010135074334395547
2026-05-19,SKF-B.ST,0,-0.017064846860731953,STOP,-0.020964846860731953
2026-05-20,SKF-B.ST,2,0.010780509123756055,EOD,0.006880509123756055
2026-05-21,SKF-B.ST,0,-0.010998269508691538,STOP,-0.014898269508691539
2026-05-22,SKF-B.ST,4,0.0016722790985652658,EOD,-0.002227720901434734
2026-05-25,SKF-B.ST,0,0.003265318578603349,EOD,-0.0006346814213966509
2026-05-27,SKF-B.ST,0,0.014147130502616179,EOD,0.010247130502616178
2026-05-29,SKF-B.ST,6,-0.010993534771710278,STOP,-0.014893534771710279
2026-06-02,SKF-B.ST,0,0.02475247587078022,EOD,0.02085247587078022
2026-06-03,SKF-B.ST,5,0.004022526047660735,EOD,0.00012252604766073514
2026-06-05,SKF-B.ST,0,0.0012145872540803015,EOD,-0.0026854127459196983
2026-06-08,SKF-B.ST,2,-0.007802849677553847,STOP,-0.011702849677553848
2026-06-11,SKF-B.ST,5,-0.008417508201277846,STOP,-0.012317508201277846
2026-06-16,SKF-B.ST,1,-0.010044194701907982,STOP,-0.013944194701907983
2026-06-17,SKF-B.ST,1,-0.004093327824429616,EOD,-0.007993327824429616
2026-06-22,SKF-B.ST,5,0.012175324976916757,EOD,0.008275324976916756
2026-06-23,SKF-B.ST,3,0.0028339957418712647,EOD,-0.0010660042581287351
2026-06-25,SKF-B.ST,0,0.008386606049135104,EOD,0.004486606049135104
2026-06-26,SKF-B.ST,0,-0.005957108744322315,STOP,-0.009857108744322315
2026-06-29,SKF-B.ST,0,-0.004856382749454657,STOP,-0.008756382749454658
2026-06-30,SKF-B.ST,0,0.006472516679887352,EOD,0.0025725166798873525
2026-07-01,SKF-B.ST,0,-0.01282056141338439,STOP,-0.01672056141338439
2026-07-02,SKF-B.ST,0,-0.0068546011755891145,EOD,-0.010754601175589115
2026-07-03,SKF-B.ST,0,0.010262187863237182,EOD,0.006362187863237182
2026-07-06,SKF-B.ST,0,-0.006736595165842241,STOP,-0.010636595165842241
2023-08-09,SCA-B.ST,0,-0.0014598317389941107,EOD,-0.0053598317389941105
2023-08-10,SCA-B.ST,0,-0.007976728741208472,STOP,-0.011876728741208473
2023-08-14,SCA-B.ST,0,-0.009214891678903325,STOP,-0.013114891678903326
2023-08-15,SCA-B.ST,2,0.005952403929229133,EOD,0.0020524039292291333
2023-08-16,SCA-B.ST,7,-0.0022091534979087335,EOD,-0.006109153497908733
2023-08-17,SCA-B.ST,0,-0.007930720035538519,EOD,-0.01183072003553852
2023-08-18,SCA-B.ST,7,-0.003278666289560528,EOD,-0.007178666289560528
2023-08-21,SCA-B.ST,0,-0.016059956473788772,EOD,-0.019959956473788773
2023-08-23,SCA-B.ST,1,-0.0017959770508684247,EOD,-0.0056959770508684246
2023-08-24,SCA-B.ST,0,-0.008220113986104116,STOP,-0.012120113986104117
2023-08-25,SCA-B.ST,3,-0.007462708418849995,EOD,-0.011362708418849995
2023-08-29,SCA-B.ST,3,-0.00210972614765248,EOD,-0.00600972614765248
2023-08-30,SCA-B.ST,3,0.0013816714904468785,EOD,-0.0025183285095531213
2023-08-31,SCA-B.ST,4,-0.00409281090405933,EOD,-0.00799281090405933
2023-09-01,SCA-B.ST,1,-0.004436818406036713,EOD,-0.008336818406036714
2023-09-05,SCA-B.ST,1,-0.0013675005008012553,EOD,-0.005267500500801255
2023-09-06,SCA-B.ST,6,0.0013670331105286593,EOD,-0.0025329668894713405
2023-09-08,SCA-B.ST,0,-0.00412942939376193,STOP,-0.00802942939376193
2023-09-13,SCA-B.ST,6,-0.0028030406800180208,EOD,-0.006703040680018021
2023-09-14,SCA-B.ST,1,0.010104508350119668,EOD,0.006204508350119668
2023-09-15,SCA-B.ST,0,-0.0036777200971869206,EOD,-0.00757772009718692
2023-09-18,SCA-B.ST,1,0.0,EOD,-0.0039
2023-09-20,SCA-B.ST,1,0.006722689075630228,EOD,0.0028226890756302284
2023-09-21,SCA-B.ST,0,-0.011291909091876606,STOP,-0.015191909091876607
2023-09-25,SCA-B.ST,0,-0.0030727002910162504,EOD,-0.00697270029101625
2023-09-28,SCA-B.ST,2,0.015522594324741013,EOD,0.011622594324741012
2023-09-29,SCA-B.ST,0,0.0016700067140711372,EOD,-0.0022299932859288626
2023-10-03,SCA-B.ST,0,-0.008135572530455493,STOP,-0.012035572530455493
2023-10-04,SCA-B.ST,0,0.0023809939014667325,EOD,-0.0015190060985332673
2023-10-05,SCA-B.ST,5,-0.0036826449901622427,EOD,-0.0075826449901622425
2023-10-06,SCA-B.ST,2,0.007968106903112337,EOD,0.004068106903112338
2023-10-09,SCA-B.ST,0,0.006885265913165961,EOD,0.0029852659131659612
2023-10-10,SCA-B.ST,0,-0.001289055469609779,EOD,-0.005189055469609779
2023-10-11,SCA-B.ST,0,0.009869487562168322,EOD,0.005969487562168322
2023-10-12,SCA-B.ST,0,-0.013563483289979361,STOP,-0.017463483289979362
2023-10-13,SCA-B.ST,0,-0.00784929356357933,STOP,-0.01174929356357933
2023-10-16,SCA-B.ST,6,-0.0037360278998301855,EOD,-0.007636027899830185
2023-10-17,SCA-B.ST,4,-0.014842263090781516,STOP,-0.018742263090781516
2023-10-24,SCA-B.ST,4,-0.0006752606306155151,EOD,-0.004575260630615515
2023-10-25,SCA-B.ST,0,-0.013043457847773832,STOP,-0.016943457847773832
2023-10-26,SCA-B.ST,6,-0.004991680532445919,EOD,-0.00889168053244592
2023-10-27,SCA-B.ST,0,-0.004584132038191524,EOD,-0.008484132038191525
2023-10-31,SCA-B.ST,0,-0.011684537592336453,STOP,-0.015584537592336453
2023-11-01,SCA-B.ST,3,0.0032530905005052624,EOD,-0.0006469094994947374
2023-11-02,SCA-B.ST,0,-0.007997440662787847,STOP,-0.011897440662787848
2023-11-03,SCA-B.ST,2,-0.002249396463922859,EOD,-0.006149396463922859
2023-11-06,SCA-B.ST,6,0.005750759721944831,EOD,0.0018507597219448316
2023-11-07,SCA-B.ST,0,-0.005084226378939682,STOP,-0.008984226378939683
2023-11-08,SCA-B.ST,2,0.01214053607977239,EOD,0.00824053607977239
2023-11-13,SCA-B.ST,4,0.0009611912435183445,EOD,-0.0029388087564816553
2023-11-14,SCA-B.ST,4,-0.008609732635464273,STOP,-0.012509732635464274
2023-11-16,SCA-B.ST,0,-0.0072213117518642456,STOP,-0.011121311751864246
2023-11-17,SCA-B.ST,0,0.011257055162385399,EOD,0.007357055162385399
2023-11-20,SCA-B.ST,1,-0.0049412465912769266,EOD,-0.008841246591276927
2023-11-21,SCA-B.ST,1,-0.006796453889609921,STOP,-0.010696453889609922
2023-11-22,SCA-B.ST,0,-0.00800001878004808,STOP,-0.01190001878004808
2023-11-27,SCA-B.ST,0,-0.005986118251483097,STOP,-0.009886118251483098
2023-11-28,SCA-B.ST,0,0.0,EOD,-0.0039
2023-11-29,SCA-B.ST,0,-0.001878541374393694,EOD,-0.005778541374393694
2023-12-06,SCA-B.ST,5,0.0,EOD,-0.0039
2023-12-07,SCA-B.ST,5,-0.0006403512560676505,EOD,-0.00454035125606765
2023-12-08,SCA-B.ST,0,-0.005085842569847787,STOP,-0.008985842569847788
2023-12-11,SCA-B.ST,0,0.0,EOD,-0.0039
2023-12-12,SCA-B.ST,0,0.0013157693963301575,EOD,-0.0025842306036698423
2023-12-14,SCA-B.ST,1,-0.0185668150066165,STOP,-0.0224668150066165
2023-12-15,SCA-B.ST,0,0.007553326085283141,EOD,0.003653326085283141
2023-12-18,SCA-B.ST,0,-0.010006377366319152,STOP,-0.013906377366319153
2023-12-19,SCA-B.ST,0,-0.0012928051207984348,EOD,-0.005192805120798435
2023-12-20,SCA-B.ST,2,-0.007096813571068505,EOD,-0.010996813571068506
2023-12-22,SCA-B.ST,4,-0.0026143391927083703,EOD,-0.00651433919270837
2023-12-29,SCA-B.ST,0,-0.004272059957666552,STOP,-0.008172059957666553
2024-01-02,SCA-B.ST,0,-0.011422976728852174,STOP,-0.015322976728852175
2024-01-05,SCA-B.ST,2,0.0003277813881186198,EOD,-0.00357221861188138
2024-01-12,SCA-B.ST,4,-0.007604499765922923,STOP,-0.011504499765922924
2024-01-16,SCA-B.ST,0,-0.00904664634214325,EOD,-0.01294664634214325
2024-01-17,SCA-B.ST,0,-0.0028399654805797425,EOD,-0.006739965480579742
2024-01-18,SCA-B.ST,3,-0.0010645415399703761,EOD,-0.004964541539970376
2024-01-22,SCA-B.ST,7,-0.000717294469903762,EOD,-0.004617294469903762
2024-01-23,SCA-B.ST,0,-0.012729758632708865,STOP,-0.016629758632708866
2024-01-25,SCA-B.ST,3,-0.008906305277094573,STOP,-0.012806305277094573
2024-01-26,SCA-B.ST,0,-0.0010853393617696883,EOD,-0.004985339361769688
2024-01-29,SCA-B.ST,0,0.028004231568805826,EOD,0.024104231568805826
2024-01-31,SCA-B.ST,0,-0.00280796002143624,EOD,-0.00670796002143624
2024-02-02,SCA-B.ST,0,-0.007052186025941043,EOD,-0.010952186025941044
2024-02-07,SCA-B.ST,4,-0.0024544606489115273,EOD,-0.006354460648911527
2024-02-12,SCA-B.ST,1,0.00641478173134713,EOD,0.00251478173134713
2024-02-14,SCA-B.ST,0,-0.010215316483756065,STOP,-0.014115316483756066
2024-02-15,SCA-B.ST,1,0.008733713685135536,EOD,0.004833713685135536
2024-02-16,SCA-B.ST,0,-0.00639427279917848,EOD,-0.01029427279917848
2024-02-19,SCA-B.ST,1,0.014632317656389615,EOD,0.010732317656389614
2024-02-20,SCA-B.ST,0,0.0014074379989574837,EOD,-0.002492562001042516
2024-02-21,SCA-B.ST,0,-0.0010486483891871679,EOD,-0.004948648389187168
2024-02-23,SCA-B.ST,1,-0.0021209123947000252,EOD,-0.006020912394700025
2024-02-27,SCA-B.ST,0,0.025868134221104233,EOD,0.021968134221104232
2024-02-28,SCA-B.ST,0,0.0006844000037597997,EOD,-0.0032155999962402
2024-02-29,SCA-B.ST,0,-0.0017018380557330959,EOD,-0.005601838055733096
2024-03-01,SCA-B.ST,0,-0.008483202906159781,STOP,-0.012383202906159782
2024-03-06,SCA-B.ST,0,-0.010778880520606937,STOP,-0.014678880520606938
2024-03-07,SCA-B.ST,0,0.01763046506485244,EOD,0.01373046506485244
2024-03-08,SCA-B.ST,0,-0.011772832549154066,STOP,-0.015672832549154067
2024-03-11,SCA-B.ST,2,0.002395556674231747,EOD,-0.001504443325768253
2024-03-12,SCA-B.ST,0,0.006078986004274034,EOD,0.002178986004274034
2024-03-13,SCA-B.ST,0,0.01836393989983298,EOD,0.014463939899832981
2024-03-14,SCA-B.ST,0,-0.011722585581135259,EOD,-0.01562258558113526
2024-03-15,SCA-B.ST,0,-0.005206559223866369,EOD,-0.00910655922386637
2024-03-19,SCA-B.ST,4,0.006568144499178974,EOD,0.002668144499178974
2024-03-20,SCA-B.ST,0,0.011304909337856328,EOD,0.007404909337856328
2024-03-21,SCA-B.ST,4,0.006862076255677918,EOD,0.002962076255677918
2024-03-22,SCA-B.ST,5,0.00588780236941977,EOD,0.0019878023694197703
2024-03-25,SCA-B.ST,0,-0.00682174327761631,EOD,-0.01072174327761631
2024-03-26,SCA-B.ST,1,0.01895000378744105,EOD,0.01505000378744105
2024-03-27,SCA-B.ST,1,-0.0065907183040929684,EOD,-0.010490718304092969
2024-03-28,SCA-B.ST,2,-0.0030339805263411845,EOD,-0.006933980526341184
2024-04-03,SCA-B.ST,2,-0.00800001878004808,STOP,-0.01190001878004808
2024-04-05,SCA-B.ST,0,0.0037867220894400866,EOD,-0.00011327791055991323
2024-04-08,SCA-B.ST,0,-0.006269592476489061,STOP,-0.010169592476489062
2024-04-09,SCA-B.ST,5,-0.0068986570447137074,STOP,-0.010798657044713708
2024-04-15,SCA-B.ST,0,-0.010828006039759197,STOP,-0.014728006039759198
2024-04-16,SCA-B.ST,2,0.000646242995254509,EOD,-0.003253757004745491
2024-04-17,SCA-B.ST,0,-0.0052390508693263005,EOD,-0.009139050869326301
2024-04-18,SCA-B.ST,7,-0.0026246319718100652,EOD,-0.006524631971810065
2024-04-19,SCA-B.ST,0,0.0036089440537077078,EOD,-0.00029105594629229205
2024-04-23,SCA-B.ST,2,-0.006412311763827061,EOD,-0.010312311763827062
2024-04-25,SCA-B.ST,0,0.005377986892212805,EOD,0.001477986892212805
2024-04-26,SCA-B.ST,0,0.0076190282428074685,EOD,0.0037190282428074687
2024-04-30,SCA-B.ST,2,-0.007720815609166931,STOP,-0.011620815609166932
2024-05-02,SCA-B.ST,0,-0.008833365837080609,STOP,-0.01273336583708061
2024-05-03,SCA-B.ST,2,-0.005792664318549967,STOP,-0.009692664318549968
2024-05-06,SCA-B.ST,3,0.0,EOD,-0.0039
2024-05-07,SCA-B.ST,3,0.00916590318328292,EOD,0.00526590318328292
2024-05-10,SCA-B.ST,0,-0.0003024073172789299,EOD,-0.00420240731727893
2024-05-14,SCA-B.ST,0,0.012293871374859489,EOD,0.008393871374859488
2024-05-15,SCA-B.ST,0,-0.005588217342601065,STOP,-0.009488217342601066
2024-05-17,SCA-B.ST,5,0.004211774735833451,EOD,0.00031177473583345137
2024-05-20,SCA-B.ST,5,0.0041692211582975425,EOD,0.00026922115829754265
2024-05-21,SCA-B.ST,0,-0.009417250748704475,STOP,-0.013317250748704476
2024-05-27,SCA-B.ST,6,0.0031230479758801444,EOD,-0.0007769520241198554
2024-05-28,SCA-B.ST,0,-0.006211180124223614,STOP,-0.010111180124223615
2024-05-30,SCA-B.ST,0,0.00538480083535231,EOD,0.0014848008353523104
2024-05-31,SCA-B.ST,0,-0.0068986570447137074,STOP,-0.010798657044713708
2024-06-05,SCA-B.ST,0,-0.004394205491727199,STOP,-0.0082942054917272
2024-06-07,SCA-B.ST,4,-0.010181297530183042,STOP,-0.014081297530183043
2024-06-12,SCA-B.ST,0,-0.005191453731808515,STOP,-0.009091453731808516
2024-06-13,SCA-B.ST,1,0.010676116880643516,EOD,0.006776116880643516
2024-06-19,SCA-B.ST,2,-0.003868511153475862,STOP,-0.007768511153475862
2024-06-20,SCA-B.ST,0,0.0006420937625402079,EOD,-0.003257906237459792
2024-06-24,SCA-B.ST,0,-0.002869878440586837,EOD,-0.006769878440586837
2024-06-26,SCA-B.ST,0,-0.012532211635865709,STOP,-0.01643221163586571
2024-06-27,SCA-B.ST,0,0.0009668653636785152,EOD,-0.0029331346363214847
2024-06-28,SCA-B.ST,0,0.0025616981806519945,EOD,-0.0013383018193480053
2024-07-03,SCA-B.ST,0,-0.004560240705160812,EOD,-0.008460240705160813
2024-07-04,SCA-B.ST,0,-0.0032299740965303636,EOD,-0.007129974096530363
2024-07-08,SCA-B.ST,5,0.004950495049504955,EOD,0.001050495049504955
2024-07-09,SCA-B.ST,0,-0.005568233728872385,STOP,-0.009468233728872386
2024-07-10,SCA-B.ST,0,-0.006192939935077524,STOP,-0.010092939935077525
2024-07-12,SCA-B.ST,0,0.0077269602360681144,EOD,0.0038269602360681146
2024-07-16,SCA-B.ST,0,0.01208354520558097,EOD,0.00818354520558097
2024-07-18,SCA-B.ST,0,-0.0012969970959813004,EOD,-0.0051969970959813
2024-07-22,SCA-B.ST,2,0.0009686399132855517,EOD,-0.002931360086714448
2024-07-25,SCA-B.ST,5,0.007277579543066182,EOD,0.0033775795430661818
2024-07-26,SCA-B.ST,3,-0.019381203973946826,EOD,-0.023281203973946826
2024-07-29,SCA-B.ST,1,-0.009928085709990264,EOD,-0.013828085709990265
2024-07-31,SCA-B.ST,0,-0.008834440006047495,STOP,-0.012734440006047495
2024-08-05,SCA-B.ST,0,0.0065241694467823574,EOD,0.0026241694467823576
2024-08-07,SCA-B.ST,2,-0.007249003422415412,STOP,-0.011149003422415413
2024-08-08,SCA-B.ST,0,0.002938970452214029,EOD,-0.0009610295477859706
2024-08-09,SCA-B.ST,0,-0.006545410156249987,STOP,-0.010445410156249987
2024-08-12,SCA-B.ST,0,-0.004747946862407204,STOP,-0.008647946862407205
2024-08-14,SCA-B.ST,0,-0.0047444809962363665,STOP,-0.008644480996236367
2024-08-15,SCA-B.ST,4,-0.010014371421402046,EOD,-0.013914371421402047
2024-08-19,SCA-B.ST,0,0.010838150766985688,EOD,0.006938150766985688
2024-08-21,SCA-B.ST,0,-0.004646132414882875,STOP,-0.008546132414882876
2024-08-22,SCA-B.ST,0,0.00699052428033875,EOD,0.0030905242803387504
2024-08-23,SCA-B.ST,6,0.0029049322014422785,EOD,-0.0009950677985577213
2024-08-26,SCA-B.ST,0,-0.00687158732905746,STOP,-0.010771587329057461
2024-08-27,SCA-B.ST,0,-0.008309204820807325,STOP,-0.012209204820807326
2024-08-29,SCA-B.ST,4,0.0021621841568131295,EOD,-0.0017378158431868703
2024-08-30,SCA-B.ST,2,0.008489542953138418,EOD,0.004589542953138418
2024-09-02,SCA-B.ST,4,-0.003174581645447483,EOD,-0.007074581645447483
2024-09-05,SCA-B.ST,0,0.005068768409159263,EOD,0.0011687684091592635
2024-09-06,SCA-B.ST,0,-0.006851763361428342,STOP,-0.010751763361428343
2024-09-10,SCA-B.ST,1,0.00992199741973998,EOD,0.006021997419739981
2024-09-11,SCA-B.ST,3,-0.00731964499195259,STOP,-0.01121964499195259
2024-09-12,SCA-B.ST,0,-0.0058885075689298905,STOP,-0.009788507568929891
2024-09-13,SCA-B.ST,5,-0.005532524329114552,EOD,-0.009432524329114553
2024-09-16,SCA-B.ST,0,-0.0027738828359888945,EOD,-0.006673882835988894
2024-09-17,SCA-B.ST,5,-0.002413003075847797,EOD,-0.006313003075847797
2024-09-19,SCA-B.ST,0,-0.0020415315276492985,EOD,-0.005941531527649298
2024-09-23,SCA-B.ST,0,-0.0024390669234538587,EOD,-0.0063390669234538585
2024-09-24,SCA-B.ST,0,0.003782689648180959,EOD,-0.00011731035181904072
2024-09-26,SCA-B.ST,0,-0.005374558407484797,EOD,-0.009274558407484798
2024-09-27,SCA-B.ST,0,-0.005040322477272596,STOP,-0.008940322477272597
2024-10-01,SCA-B.ST,0,-0.004723326333715527,EOD,-0.008623326333715528
2024-10-03,SCA-B.ST,3,-0.015156527523939478,EOD,-0.01905652752393948
2024-10-04,SCA-B.ST,0,0.0003319242426482738,EOD,-0.003568075757351726
2024-10-09,SCA-B.ST,5,0.004087131009902212,EOD,0.00018713100990221197
2024-10-11,SCA-B.ST,2,0.006875214994716439,EOD,0.002975214994716439
2024-10-18,SCA-B.ST,0,0.007891005392241857,EOD,0.003991005392241857
2024-10-21,SCA-B.ST,5,-0.006382935436059389,STOP,-0.01028293543605939
2024-10-22,SCA-B.ST,4,0.012893894801365713,EOD,0.008993894801365712
2024-10-25,SCA-B.ST,3,0.014965965634300638,EOD,0.011065965634300637
2024-10-29,SCA-B.ST,0,-0.012623719310754677,STOP,-0.016523719310754678
2024-11-04,SCA-B.ST,0,0.0010627641640810204,EOD,-0.0028372358359189795
2024-11-07,SCA-B.ST,2,-0.011988694722535942,EOD,-0.015888694722535943
2024-11-08,SCA-B.ST,0,-0.006761544115602813,EOD,-0.010661544115602814
2024-11-11,SCA-B.ST,1,-0.008190840074624561,STOP,-0.012090840074624562
2024-11-13,SCA-B.ST,0,0.0040278508931950174,EOD,0.0001278508931950176
2024-11-14,SCA-B.ST,0,-0.001439344747281135,EOD,-0.005339344747281135
2024-11-15,SCA-B.ST,0,0.003929996882823916,EOD,2.9996882823916417e-05
2024-11-18,SCA-B.ST,1,0.002834825508022387,EOD,-0.0010651744919776126
2024-11-22,SCA-B.ST,4,0.0031769306489353166,EOD,-0.0007230693510646832
2024-11-25,SCA-B.ST,0,-0.0010312402862252545,EOD,-0.004931240286225254
2024-11-27,SCA-B.ST,6,0.0,EOD,-0.0039
2024-11-29,SCA-B.ST,7,0.0014134059946444566,EOD,-0.0024865940053555432
2024-12-02,SCA-B.ST,0,0.0045661669730572285,EOD,0.0006661669730572287
2024-12-03,SCA-B.ST,0,0.002776771176746573,EOD,-0.0011232288232534268
2024-12-04,SCA-B.ST,3,0.0055210702930004185,EOD,0.0016210702930004187
2024-12-05,SCA-B.ST,1,-0.004792858155532653,STOP,-0.008692858155532654
2024-12-06,SCA-B.ST,1,-0.0017295053249530845,EOD,-0.005629505324953084
2024-12-09,SCA-B.ST,0,-0.0017140897465753868,EOD,-0.005614089746575387
2024-12-11,SCA-B.ST,0,0.005231949550517756,EOD,0.0013319495505177562
2024-12-13,SCA-B.ST,0,-0.006997900928704004,STOP,-0.010897900928704005
2024-12-17,SCA-B.ST,0,0.0014271296164234393,EOD,-0.0024728703835765605
2024-12-20,SCA-B.ST,6,0.004450970557442702,EOD,0.0005509705574427018
2024-12-23,SCA-B.ST,0,-0.002957441009126649,EOD,-0.006857441009126649
2024-12-27,SCA-B.ST,0,0.008670608814685288,EOD,0.004770608814685288
2025-01-09,SCA-B.ST,0,0.007513438653007576,EOD,0.003613438653007576
2025-01-10,SCA-B.ST,1,-0.007412550922777039,STOP,-0.01131255092277704
2025-01-13,SCA-B.ST,0,0.006668985388517568,EOD,0.002768985388517568
2025-01-15,SCA-B.ST,3,0.0010605101343927892,EOD,-0.0028394898656072106
2025-01-17,SCA-B.ST,1,0.005629751995830157,EOD,0.001729751995830157
2025-01-21,SCA-B.ST,4,0.008444735374381507,EOD,0.004544735374381507
2025-01-22,SCA-B.ST,0,-0.006597201029459598,EOD,-0.010497201029459599
2025-01-23,SCA-B.ST,0,0.007345247108595521,EOD,0.003445247108595521
2025-01-24,SCA-B.ST,0,-0.0050167224080267525,EOD,-0.008916722408026753
2025-01-28,SCA-B.ST,1,0.005398131364585668,EOD,0.0014981313645856678
2025-01-29,SCA-B.ST,5,0.002347356340707263,EOD,-0.001552643659292737
2025-01-31,SCA-B.ST,0,0.015282412304038706,EOD,0.011382412304038705
2025-02-03,SCA-B.ST,0,-0.0006558927302603434,EOD,-0.004555892730260343
2025-02-10,SCA-B.ST,0,-0.011003627409568395,STOP,-0.014903627409568396
2025-02-12,SCA-B.ST,0,0.002008052637309188,EOD,-0.001891947362690812
2025-02-13,SCA-B.ST,1,0.005240767007827829,EOD,0.0013407670078278292
2025-02-14,SCA-B.ST,0,-0.007807397345923728,STOP,-0.011707397345923728
2025-02-20,SCA-B.ST,2,0.007311439852631274,EOD,0.0034114398526312742
2025-02-21,SCA-B.ST,1,-0.005593885237234253,STOP,-0.009493885237234254
2025-02-25,SCA-B.ST,1,-0.0036679097229168622,EOD,-0.007567909722916862
2025-02-27,SCA-B.ST,0,-0.002361611686461762,EOD,-0.006261611686461762
2025-02-28,SCA-B.ST,0,0.0020393458906973194,EOD,-0.0018606541093026804
2025-03-03,SCA-B.ST,2,-0.0033715440978480116,EOD,-0.007271544097848011
2025-03-05,SCA-B.ST,0,-0.011356025269859904,STOP,-0.015256025269859905
2025-03-11,SCA-B.ST,0,-0.012341467099290182,STOP,-0.016241467099290183
2025-03-12,SCA-B.ST,2,0.0017562345576451754,EOD,-0.0021437654423548244
2025-03-14,SCA-B.ST,1,-0.0020819086679448873,EOD,-0.005981908667944887
2025-03-18,SCA-B.ST,0,-0.006551703091325467,STOP,-0.010451703091325468
2025-03-20,SCA-B.ST,7,-0.0006981228866710376,EOD,-0.004598122886671037
2025-03-25,SCA-B.ST,0,-0.009201324577398418,STOP,-0.013101324577398418
2025-03-28,SCA-B.ST,0,0.0,EOD,-0.0039
2025-04-01,SCA-B.ST,0,0.0026276735100199122,EOD,-0.0012723264899800876
2025-04-07,SCA-B.ST,0,-0.0053039698873315055,EOD,-0.009203969887331506
2025-04-08,SCA-B.ST,3,-0.004033884730217374,EOD,-0.007933884730217375
2025-04-14,SCA-B.ST,1,0.005102052732290252,EOD,0.0012020527322902522
2025-04-15,SCA-B.ST,0,-0.004647607088682282,EOD,-0.008547607088682282
2025-04-16,SCA-B.ST,0,-0.005025196170097224,EOD,-0.008925196170097224
2025-04-22,SCA-B.ST,6,0.0019387359900469026,EOD,-0.0019612640099530973
2025-04-23,SCA-B.ST,0,-0.00944465389009752,EOD,-0.013344653890097521
2025-04-29,SCA-B.ST,0,-0.013380594543899171,STOP,-0.017280594543899172
2025-04-30,SCA-B.ST,2,0.004006410158440721,EOD,0.00010641015844072097
2025-05-07,SCA-B.ST,0,-0.000812995724561727,EOD,-0.004712995724561727
2025-05-08,SCA-B.ST,0,0.0007936386835007969,EOD,-0.003106361316499203
2025-05-09,SCA-B.ST,0,-0.0051100150320668725,EOD,-0.009010015032066873
2025-05-12,SCA-B.ST,0,0.007710100412716692,EOD,0.003810100412716692
2025-05-13,SCA-B.ST,1,-0.006456444239525849,EOD,-0.01035644423952585
2025-05-14,SCA-B.ST,0,0.00038202361969474907,EOD,-0.0035179763803052507
2025-05-15,SCA-B.ST,4,0.0011459829050264325,EOD,-0.0027540170949735673
2025-05-16,SCA-B.ST,0,-0.006831073218097727,STOP,-0.010731073218097728
2025-05-20,SCA-B.ST,0,0.012859281297167957,EOD,0.008959281297167956
2025-05-21,SCA-B.ST,0,-0.00930752026504622,STOP,-0.013207520265046221
2025-05-26,SCA-B.ST,0,-0.005299108059712787,STOP,-0.009199108059712788
2025-05-27,SCA-B.ST,1,-0.005303007183652952,STOP,-0.009203007183652953
2025-05-28,SCA-B.ST,1,-0.002294478407325551,EOD,-0.006194478407325551
2025-05-30,SCA-B.ST,0,-0.005751534011538162,EOD,-0.009651534011538163
2025-06-04,SCA-B.ST,0,-0.005551125747125574,STOP,-0.009451125747125574
2025-06-05,SCA-B.ST,0,-0.001992825875501203,EOD,-0.005892825875501203
2025-06-10,SCA-B.ST,0,0.002346464027717543,EOD,-0.0015535359722824568
2025-06-11,SCA-B.ST,0,-0.0070039029251276474,STOP,-0.010903902925127648
2025-06-16,SCA-B.ST,0,0.002835205444860156,EOD,-0.0010647945551398438
2025-06-17,SCA-B.ST,0,-0.007287461748007318,EOD,-0.011187461748007319
2025-06-18,SCA-B.ST,0,0.0040567951318457585,EOD,0.00015679513184575864
2025-06-19,SCA-B.ST,0,-0.009701261701068886,EOD,-0.013601261701068887
2025-06-26,SCA-B.ST,0,0.013608260007248685,EOD,0.009708260007248684
2025-06-27,SCA-B.ST,0,-0.008892469694896987,STOP,-0.012792469694896988
2025-07-02,SCA-B.ST,0,0.016552305829750757,EOD,0.012652305829750757
2025-07-08,SCA-B.ST,6,0.0036780104883442633,EOD,-0.00022198951165573657
2025-07-09,SCA-B.ST,2,0.0024360163917678257,EOD,-0.0014639836082321741
2025-07-10,SCA-B.ST,0,0.008744025814280132,EOD,0.004844025814280132
2025-07-14,SCA-B.ST,1,-0.006791837505054521,STOP,-0.010691837505054522
2025-07-15,SCA-B.ST,0,-0.005187561931745632,EOD,-0.009087561931745633
2025-07-16,SCA-B.ST,4,-0.005200012207031257,EOD,-0.009100012207031258
2025-07-21,SCA-B.ST,0,0.005754187747324169,EOD,0.0018541877473241689
2025-07-25,SCA-B.ST,0,0.01680351079760589,EOD,0.012903510797605891
2025-07-29,SCA-B.ST,0,-0.00932398583291949,STOP,-0.013223985832919491
2025-08-01,SCA-B.ST,1,-0.003658511774326745,EOD,-0.007558511774326745
2025-08-05,SCA-B.ST,0,0.005235614320499238,EOD,0.001335614320499238
2025-08-06,SCA-B.ST,0,0.001980982615257254,EOD,-0.0019190173847427458
2025-08-07,SCA-B.ST,0,0.015258191718919178,EOD,0.011358191718919178
2025-08-08,SCA-B.ST,0,-0.0011398871452592552,EOD,-0.005039887145259255
2025-08-14,SCA-B.ST,4,-0.006196770053723655,STOP,-0.010096770053723655
2025-08-19,SCA-B.ST,0,0.01582910687414185,EOD,0.011929106874141851
2025-08-20,SCA-B.ST,2,0.0035128565714395155,EOD,-0.00038714342856048436
2025-08-21,SCA-B.ST,1,0.008158532064146629,EOD,0.004258532064146629
2025-08-22,SCA-B.ST,1,0.008692319500812618,EOD,0.004792319500812618
2025-08-26,SCA-B.ST,0,-0.008270722582824241,STOP,-0.012170722582824242
2025-08-28,SCA-B.ST,0,-0.007235315507705731,STOP,-0.011135315507705731
2025-09-01,SCA-B.ST,0,-0.006177629743303603,STOP,-0.010077629743303604
2025-09-03,SCA-B.ST,1,-0.005479428166279332,EOD,-0.009379428166279333
2025-09-05,SCA-B.ST,0,0.0011820451069759486,EOD,-0.0027179548930240513
2025-09-10,SCA-B.ST,0,-0.011045376930011064,STOP,-0.014945376930011064
2025-09-15,SCA-B.ST,0,-0.0072144410892096555,EOD,-0.011114441089209656
2025-09-16,SCA-B.ST,0,0.0008006282858241676,EOD,-0.0030993717141758323
2025-09-17,SCA-B.ST,1,-0.013486747611887617,STOP,-0.017386747611887618
2025-09-22,SCA-B.ST,0,0.00244004114846863,EOD,-0.0014599588515313696
2025-09-23,SCA-B.ST,0,0.006868674538352382,EOD,0.002968674538352382
2025-09-24,SCA-B.ST,0,0.0012042865741404007,EOD,-0.002695713425859599
2025-09-25,SCA-B.ST,0,-0.00921106559818885,STOP,-0.01311106559818885
2025-09-29,SCA-B.ST,4,-0.0020096462776006963,EOD,-0.005909646277600696
2025-09-30,SCA-B.ST,2,-0.0068300401363176055,STOP,-0.010730040136317606
2025-10-01,SCA-B.ST,0,0.0011980952838275272,EOD,-0.0027019047161724727
2025-10-03,SCA-B.ST,0,-0.0063492305695064255,STOP,-0.010249230569506426
2025-10-09,SCA-B.ST,3,-0.006162695306549337,STOP,-0.010062695306549338
2025-10-13,SCA-B.ST,3,0.008771955543255716,EOD,0.004871955543255716
2025-10-14,SCA-B.ST,0,0.0008260922891372147,EOD,-0.003073907710862785
2025-10-16,SCA-B.ST,0,0.00327199612170892,EOD,-0.0006280038782910799
2025-10-17,SCA-B.ST,5,0.002027574970091983,EOD,-0.0018724250299080166
2025-10-20,SCA-B.ST,5,-0.0004039018620775048,EOD,-0.004303901862077505
2025-10-21,SCA-B.ST,7,0.0028282704979483153,EOD,-0.0010717295020516845
2025-10-22,SCA-B.ST,6,0.00563377825547029,EOD,0.00173377825547029
2025-10-23,SCA-B.ST,0,-0.007492149485587518,EOD,-0.011392149485587519
2025-10-24,SCA-B.ST,6,0.005430661289196115,EOD,0.001530661289196115
2025-10-28,SCA-B.ST,6,0.00039700716926871493,EOD,-0.003502992830731285
2025-10-30,SCA-B.ST,1,-0.00713720489111358,STOP,-0.01103720489111358
2025-10-31,SCA-B.ST,2,-0.005102052732290363,EOD,-0.009002052732290364
2025-11-04,SCA-B.ST,2,0.008103727614543699,EOD,0.004203727614543699
2025-11-05,SCA-B.ST,1,-0.0024009238070453742,EOD,-0.006300923807045374
2025-11-06,SCA-B.ST,0,-0.003169523820578446,EOD,-0.007069523820578446
2025-11-10,SCA-B.ST,0,0.00039700716926871493,EOD,-0.003502992830731285
2025-11-11,SCA-B.ST,1,0.002360370223127184,EOD,-0.001539629776872816
2025-11-12,SCA-B.ST,1,-0.005475142405917843,EOD,-0.009375142405917844
2025-11-17,SCA-B.ST,5,-0.006955797834275801,STOP,-0.010855797834275802
2025-11-19,SCA-B.ST,0,0.005042003984210952,EOD,0.0011420039842109523
2025-11-21,SCA-B.ST,0,0.012578616352201255,EOD,0.008678616352201254
2025-11-25,SCA-B.ST,0,0.0024680823926885864,EOD,-0.0014319176073114134
2025-11-27,SCA-B.ST,0,-0.003262655227221245,EOD,-0.007162655227221245
2025-12-03,SCA-B.ST,0,-0.009372403627438297,EOD,-0.013272403627438298
2025-12-04,SCA-B.ST,0,0.003245448485832858,EOD,-0.0006545515141671418
2025-12-05,SCA-B.ST,0,-0.0012180391719068817,EOD,-0.0051180391719068815
2025-12-08,SCA-B.ST,6,-0.0036629788671668218,EOD,-0.007562978867166822
2025-12-11,SCA-B.ST,0,-0.0020703933747412417,EOD,-0.0059703933747412416
2025-12-15,SCA-B.ST,0,-0.007422692996939428,EOD,-0.011322692996939429
2025-12-16,SCA-B.ST,4,-0.007413521536793866,STOP,-0.011313521536793866
2025-12-17,SCA-B.ST,0,-0.004577636660615059,STOP,-0.00847763666061506
2025-12-18,SCA-B.ST,4,0.010779461593747541,EOD,0.0068794615937475415
2025-12-23,SCA-B.ST,0,-0.0004128441205055733,EOD,-0.004312844120505573
2025-12-29,SCA-B.ST,0,-0.0028688399518121965,EOD,-0.006768839951812196
2025-12-30,SCA-B.ST,2,0.0004075228443478629,EOD,-0.003492477155652137
2026-01-09,SCA-B.ST,0,0.004163197388447504,EOD,0.00026319738844750393
2026-01-13,SCA-B.ST,0,-0.014717931372381421,STOP,-0.01861793137238142
2026-01-14,SCA-B.ST,5,0.004122011437927675,EOD,0.00022201143792767528
2026-01-21,SCA-B.ST,5,0.0025762392410464408,EOD,-0.001323760758953559
2026-01-28,SCA-B.ST,5,0.0008620558113887622,EOD,-0.0030379441886112376
2026-02-03,SCA-B.ST,0,0.006283634996895104,EOD,0.0023836349968951046
2026-02-04,SCA-B.ST,0,0.029385951527377996,EOD,0.025485951527377995
2026-02-06,SCA-B.ST,6,0.0034261372666286594,EOD,-0.00047386273337134046
2026-02-10,SCA-B.ST,0,0.0037688186138309376,EOD,-0.00013118138616906218
2026-02-11,SCA-B.ST,4,-0.01073938883918879,STOP,-0.014639388839188791
2026-02-13,SCA-B.ST,0,-0.007177045573585339,EOD,-0.01107704557358534
2026-02-17,SCA-B.ST,4,-0.009016380935418788,EOD,-0.01291638093541879
2026-02-19,SCA-B.ST,4,-0.004115226337448541,EOD,-0.008015226337448542
2026-02-20,SCA-B.ST,4,-0.007377061687532049,EOD,-0.01127706168753205
2026-02-23,SCA-B.ST,0,-0.0028854583240717213,EOD,-0.006785458324071721
2026-02-24,SCA-B.ST,5,-0.010517762446699996,EOD,-0.014417762446699997
2026-02-25,SCA-B.ST,0,-0.004874073773828869,EOD,-0.00877407377382887
2026-02-26,SCA-B.ST,0,-0.0008127273550213587,EOD,-0.0047127273550213586
2026-02-27,SCA-B.ST,4,-0.0076830130684462095,STOP,-0.01158301306844621
2026-03-03,SCA-B.ST,1,0.016788608890441648,EOD,0.012888608890441647
2026-03-04,SCA-B.ST,2,-0.0029548204570577496,EOD,-0.0068548204570577495
2026-03-05,SCA-B.ST,0,-0.010147965735663345,STOP,-0.014047965735663345
2026-03-06,SCA-B.ST,6,-0.006834711925672199,STOP,-0.0107347119256722
2026-03-11,SCA-B.ST,5,-0.0004367078756141174,EOD,-0.004336707875614117
2026-03-12,SCA-B.ST,0,0.0008662287237690691,EOD,-0.0030337712762309307
2026-03-16,SCA-B.ST,4,-0.013578651169850464,STOP,-0.017478651169850465
2026-03-17,SCA-B.ST,4,-0.006167373993323233,EOD,-0.010067373993323234
2026-03-18,SCA-B.ST,0,-0.010096589205203954,STOP,-0.013996589205203955
2026-03-20,SCA-B.ST,3,-0.010022765140055512,STOP,-0.013922765140055512
2026-03-23,SCA-B.ST,2,-0.009460738210708475,STOP,-0.013360738210708475
2026-03-24,SCA-B.ST,5,0.0,EOD,-0.0039
2026-03-25,SCA-B.ST,1,0.0009103183933556469,EOD,-0.002989681606644353
2026-03-26,SCA-B.ST,0,-0.004961618673289259,EOD,-0.00886161867328926
2026-03-30,SCA-B.ST,0,0.011682242990654235,EOD,0.007782242990654235
2026-03-31,SCA-B.ST,4,-0.007299228407856018,EOD,-0.011199228407856018
2026-04-02,SCA-B.ST,0,-0.00045644044148673846,EOD,-0.004356440441486738
2026-04-07,SCA-B.ST,0,-0.011706465700427882,STOP,-0.015606465700427882
2026-04-10,SCA-B.ST,1,-0.0027598475693253466,EOD,-0.006659847569325346
2026-04-13,SCA-B.ST,0,0.0023169601155199615,EOD,-0.0015830398844800383
2026-04-14,SCA-B.ST,0,-0.008695624240203093,STOP,-0.012595624240203093
2026-04-15,SCA-B.ST,3,-0.0064014353727480655,STOP,-0.010301435372748066
2026-04-16,SCA-B.ST,0,-0.006404433285379096,STOP,-0.010304433285379097
2026-04-17,SCA-B.ST,1,0.0128440506961367,EOD,0.008944050696136699
2026-04-20,SCA-B.ST,0,-0.006340621086609599,STOP,-0.0102406210866096
2026-04-22,SCA-B.ST,1,-0.006421990350845785,STOP,-0.010321990350845786
2026-04-23,SCA-B.ST,2,0.0009191035966562566,EOD,-0.002980896403343743
2026-04-29,SCA-B.ST,4,0.00048398277721473093,EOD,-0.003416017222785269
2026-04-30,SCA-B.ST,0,0.021897810218978186,EOD,0.017997810218978186
2026-05-04,SCA-B.ST,1,-0.007109004739336511,STOP,-0.011009004739336511
2026-05-05,SCA-B.ST,0,-0.012548218547397183,EOD,-0.016448218547397184
2026-05-06,SCA-B.ST,0,-0.004819277108433773,EOD,-0.008719277108433773
2026-05-11,SCA-B.ST,0,-0.006872822373385157,STOP,-0.010772822373385157
2026-05-12,SCA-B.ST,0,-0.00544557476987928,EOD,-0.00934557476987928
2026-05-18,SCA-B.ST,5,0.008163296446508372,EOD,0.0042632964465083726
2026-05-19,SCA-B.ST,3,-0.004405234522537604,EOD,-0.008305234522537605
2026-05-20,SCA-B.ST,2,0.0012121489553740261,EOD,-0.0026878510446259737
2026-05-21,SCA-B.ST,0,0.008702697966073814,EOD,0.004802697966073814
2026-05-25,SCA-B.ST,0,0.003475731024058737,EOD,-0.0004242689759412629
2026-05-27,SCA-B.ST,0,-0.0009741692414478864,EOD,-0.004874169241447886
2026-05-28,SCA-B.ST,1,0.005865087548604819,EOD,0.0019650875486048195
2026-05-29,SCA-B.ST,0,-0.0067928632402382005,STOP,-0.010692863240238201
2026-06-01,SCA-B.ST,1,-0.013982613219997497,EOD,-0.017882613219997498
2026-06-02,SCA-B.ST,0,-0.009610763773861386,STOP,-0.013510763773861387
2026-06-03,SCA-B.ST,6,0.000490225997625604,EOD,-0.003409774002374396
2026-06-04,SCA-B.ST,0,-0.00970402688389771,EOD,-0.01360402688389771
2026-06-08,SCA-B.ST,0,-0.0073710073710073765,STOP,-0.011271007371007377
2026-06-09,SCA-B.ST,5,-0.0048590864196853545,EOD,-0.008759086419685355
2026-06-12,SCA-B.ST,5,-0.003982019996381592,EOD,-0.007882019996381592
2026-06-16,SCA-B.ST,0,0.0064452308945319725,EOD,0.0025452308945319727
2026-06-17,SCA-B.ST,0,-0.007873970810807207,STOP,-0.011773970810807208
2026-06-25,SCA-B.ST,3,-0.0024715768287559836,EOD,-0.006371576828755983
2026-06-29,SCA-B.ST,0,-0.005199966430664116,STOP,-0.009099966430664116
2026-06-30,SCA-B.ST,0,-0.0008066326961939652,EOD,-0.004706632696193965
2026-07-02,SCA-B.ST,0,0.0034623622999128134,EOD,-0.0004376377000871864
2026-07-06,SCA-B.ST,0,-0.004817299583292911,STOP,-0.008717299583292912
2026-07-07,SCA-B.ST,0,-0.007464170549982829,EOD,-0.01136417054998283
2023-08-09,SHB-A.ST,0,-0.004250813308875001,EOD,-0.008150813308875002
2023-08-10,SHB-A.ST,0,0.009507646964571403,EOD,0.005607646964571404
2023-08-11,SHB-A.ST,0,-0.0052290314331524534,STOP,-0.009129031433152454
2023-08-14,SHB-A.ST,0,-0.0008418670225873726,EOD,-0.004741867022587372
2023-08-16,SHB-A.ST,0,-0.007277400336137552,EOD,-0.011177400336137552
2023-08-17,SHB-A.ST,0,-0.00280045796091688,EOD,-0.00670045796091688
2023-08-21,SHB-A.ST,0,-0.0065373554380177,STOP,-0.0104373554380177
2023-08-22,SHB-A.ST,0,-0.003723131176377903,EOD,-0.007623131176377903
2023-08-24,SHB-A.ST,5,-0.00661519839370539,EOD,-0.010515198393705391
2023-08-25,SHB-A.ST,0,0.0019973402096085113,EOD,-0.0019026597903914885
2023-08-29,SHB-A.ST,0,-0.0038843397622588816,EOD,-0.007784339762258881
2023-09-01,SHB-A.ST,1,-0.0021848872147300913,EOD,-0.006084887214730091
2023-09-05,SHB-A.ST,0,-0.008013438804112427,EOD,-0.011913438804112428
2023-09-07,SHB-A.ST,0,-0.006628209755331627,STOP,-0.010528209755331627
2023-09-13,SHB-A.ST,4,-0.002999130007137474,EOD,-0.006899130007137474
2023-09-14,SHB-A.ST,0,0.014276543034060563,EOD,0.010376543034060562
2023-09-15,SHB-A.ST,0,0.0004155507442304973,EOD,-0.0034844492557695025
2023-09-19,SHB-A.ST,5,0.0075109661602210664,EOD,0.0036109661602210666
2023-09-20,SHB-A.ST,3,0.006119935419401479,EOD,0.002219935419401479
2023-09-21,SHB-A.ST,5,0.0038337090686881847,EOD,-6.629093131181509e-05
2023-09-22,SHB-A.ST,0,-0.0024110695354845335,EOD,-0.006311069535484533
2023-09-29,SHB-A.ST,0,0.0034971850814811134,EOD,-0.0004028149185188864
2023-10-03,SHB-A.ST,0,-0.008245675634337979,STOP,-0.01214567563433798
2023-10-04,SHB-A.ST,0,-0.004038228050795012,EOD,-0.007938228050795013
2023-10-05,SHB-A.ST,3,-0.004431295361411736,EOD,-0.008331295361411736
2023-10-06,SHB-A.ST,2,0.003141971217175188,EOD,-0.0007580287828248119
2023-10-09,SHB-A.ST,0,0.0031399981106188246,EOD,-0.0007600018893811752
2023-10-10,SHB-A.ST,0,0.0028618808173745958,EOD,-0.001038119182625404
2023-10-11,SHB-A.ST,1,0.005882371602743186,EOD,0.0019823716027431862
2023-10-12,SHB-A.ST,0,-0.003808350952764439,STOP,-0.007708350952764439
2023-10-16,SHB-A.ST,0,0.001001787962600753,EOD,-0.0028982120373992467
2023-10-18,SHB-A.ST,0,-0.01189909532305422,EOD,-0.01579909532305422
2023-10-20,SHB-A.ST,0,-0.007584775748331718,EOD,-0.011484775748331719
2023-10-24,SHB-A.ST,1,-0.011449629422164986,STOP,-0.015349629422164987
2023-10-27,SHB-A.ST,0,-0.0071533802087112575,STOP,-0.011053380208711258
2023-10-31,SHB-A.ST,0,0.006569217679857298,EOD,0.002669217679857298
2023-11-02,SHB-A.ST,1,0.006544255441862656,EOD,0.0026442554418626566
2023-11-03,SHB-A.ST,0,0.012871139093830086,EOD,0.008971139093830086
2023-11-08,SHB-A.ST,5,-0.003950896779083446,EOD,-0.007850896779083447
2023-11-09,SHB-A.ST,4,-0.0016648911056739157,EOD,-0.0055648911056739156
2023-11-13,SHB-A.ST,0,-0.0006194255442462104,EOD,-0.00451942554424621
2023-11-14,SHB-A.ST,6,0.004119480248864438,EOD,0.00021948024886443793
2023-11-15,SHB-A.ST,2,0.003673475615832311,EOD,-0.00022652438416768863
2023-11-17,SHB-A.ST,0,0.0022385146869727812,EOD,-0.0016614853130272186
2023-11-20,SHB-A.ST,2,0.0,EOD,-0.0039
2023-11-22,SHB-A.ST,0,-0.0014152789348957917,EOD,-0.0053152789348957915
2023-11-23,SHB-A.ST,0,0.006623882639023249,EOD,0.0027238826390232488
2023-11-29,SHB-A.ST,0,0.003032094349713965,EOD,-0.0008679056502860346
2023-11-30,SHB-A.ST,0,0.0014104310561700029,EOD,-0.002489568943829997
2023-12-05,SHB-A.ST,0,0.0004972195012022951,EOD,-0.0034027804987977047
2023-12-06,SHB-A.ST,4,0.0019821302796600992,EOD,-0.0019178697203399006
2023-12-11,SHB-A.ST,0,0.0067829902939609,EOD,0.0028829902939609
2023-12-13,SHB-A.ST,6,-0.0028790348478828776,EOD,-0.006779034847882877
2023-12-14,SHB-A.ST,5,0.0,EOD,-0.0039
2023-12-15,SHB-A.ST,0,-0.009289363546916451,STOP,-0.013189363546916452
2023-12-18,SHB-A.ST,0,0.0013825025426628113,EOD,-0.0025174974573371886
2023-12-22,SHB-A.ST,0,0.0018527520453068824,EOD,-0.0020472479546931174
2023-12-27,SHB-A.ST,3,0.0013711291022553418,EOD,-0.002528870897744658
2023-12-29,SHB-A.ST,0,-0.0009123948495738388,EOD,-0.004812394849573839
2024-01-02,SHB-A.ST,0,-0.009480840196458784,STOP,-0.013380840196458785
2024-01-04,SHB-A.ST,0,0.012785402062821083,EOD,0.008885402062821082
2024-01-09,SHB-A.ST,0,-0.007737810522786104,STOP,-0.011637810522786105
2024-01-10,SHB-A.ST,0,-0.005011417328089407,EOD,-0.008911417328089408
2024-01-11,SHB-A.ST,3,-0.006343425083112697,STOP,-0.010243425083112698
2024-01-12,SHB-A.ST,0,-0.005840085427281094,EOD,-0.009740085427281095
2024-01-17,SHB-A.ST,0,-0.00844675269921602,STOP,-0.012346752699216021
2024-01-18,SHB-A.ST,0,-0.0009259117974175224,EOD,-0.004825911797417522
2024-01-22,SHB-A.ST,0,0.002732198670539754,EOD,-0.001167801329460246
2024-01-25,SHB-A.ST,0,0.03584229439687281,EOD,0.03194229439687281
2024-01-30,SHB-A.ST,0,-0.002632693553291987,EOD,-0.006532693553291987
2024-02-01,SHB-A.ST,0,-0.009803908235652803,STOP,-0.013703908235652804
2024-02-02,SHB-A.ST,2,-0.003546112722136785,EOD,-0.007446112722136785
2024-02-07,SHB-A.ST,0,-0.011618269924306257,EOD,-0.015518269924306258
2024-02-09,SHB-A.ST,0,0.007127869803950526,EOD,0.0032278698039505263
2024-02-12,SHB-A.ST,0,-0.00374217836376034,STOP,-0.00764217836376034
2024-02-13,SHB-A.ST,3,0.0016333571467646024,EOD,-0.0022666428532353974
2024-02-15,SHB-A.ST,0,0.005761291755079778,EOD,0.0018612917550797784
2024-02-19,SHB-A.ST,0,-0.003630471636317134,EOD,-0.007530471636317134
2024-02-20,SHB-A.ST,0,0.003631936583537554,EOD,-0.00026806341646244593
2024-02-26,SHB-A.ST,1,-0.001638710140399624,EOD,-0.005538710140399624
2024-02-27,SHB-A.ST,1,0.00041002913496623883,EOD,-0.003489970865033761
2024-02-28,SHB-A.ST,0,-0.000809049153362551,EOD,-0.004709049153362551
2024-02-29,SHB-A.ST,3,-0.0004036772142046452,EOD,-0.004303677214204645
2024-03-01,SHB-A.ST,0,-0.008771917549730501,STOP,-0.012671917549730502
2024-03-04,SHB-A.ST,0,-0.008343229520016204,STOP,-0.012243229520016205
2024-03-06,SHB-A.ST,0,-0.006496167615472559,EOD,-0.01039616761547256
2024-03-07,SHB-A.ST,0,-0.00449526300958325,STOP,-0.008395263009583251
2024-03-08,SHB-A.ST,0,-0.002029220829486089,EOD,-0.005929220829486089
2024-03-12,SHB-A.ST,1,-0.0052695706033208944,STOP,-0.009169570603320895
2024-03-19,SHB-A.ST,1,-0.0012305293191243738,EOD,-0.005130529319124374
2024-03-20,SHB-A.ST,0,0.0028700788214384154,EOD,-0.0010299211785615844
2024-03-22,SHB-A.ST,1,-0.010825412401988754,STOP,-0.014725412401988755
2024-03-25,SHB-A.ST,3,-0.0022872826442796867,EOD,-0.006187282644279687
2024-03-26,SHB-A.ST,0,0.02178848381872278,EOD,0.01788848381872278
2024-04-02,SHB-A.ST,1,-0.004147437310987878,EOD,-0.008047437310987879
2024-04-03,SHB-A.ST,1,0.0009233469187743815,EOD,-0.0029766530812256184
2024-04-04,SHB-A.ST,6,-0.0009234173656286204,EOD,-0.00482341736562862
2024-04-05,SHB-A.ST,3,0.008368143848878073,EOD,0.004468143848878074
2024-04-08,SHB-A.ST,1,0.010958876239654636,EOD,0.007058876239654636
2024-04-12,SHB-A.ST,0,0.00504821539388467,EOD,0.0011482153938846698
2024-04-15,SHB-A.ST,3,-0.0027222815850365123,EOD,-0.006622281585036512
2024-04-17,SHB-A.ST,0,-0.004599816136499735,EOD,-0.008499816136499735
2024-04-18,SHB-A.ST,6,0.007363050263489823,EOD,0.0034630502634898233
2024-04-22,SHB-A.ST,0,-0.006366502661857343,STOP,-0.010266502661857344
2024-04-23,SHB-A.ST,0,0.012527977860213868,EOD,0.008627977860213867
2024-04-26,SHB-A.ST,1,-0.010250102757530355,STOP,-0.014150102757530356
2024-04-30,SHB-A.ST,0,-0.006451562195960436,STOP,-0.010351562195960437
2024-05-02,SHB-A.ST,0,-0.01177928708439191,STOP,-0.01567928708439191
2024-05-06,SHB-A.ST,1,0.012003349228431714,EOD,0.008103349228431714
2024-05-10,SHB-A.ST,1,0.0014262365976507319,EOD,-0.002473763402349268
2024-05-14,SHB-A.ST,2,0.0010123352435398303,EOD,-0.0028876647564601695
2024-05-22,SHB-A.ST,0,0.0018397415363156089,EOD,-0.002060258463684391
2024-05-23,SHB-A.ST,0,-0.002228086139992258,EOD,-0.006128086139992258
2024-05-24,SHB-A.ST,0,0.007216463383939997,EOD,0.0033164633839399974
2024-05-27,SHB-A.ST,1,0.004089917014344913,EOD,0.0001899170143449128
2024-05-28,SHB-A.ST,1,0.0016193929936523244,EOD,-0.0022806070063476755
2024-05-30,SHB-A.ST,0,-0.0024524612944274438,EOD,-0.006352461294427444
2024-05-31,SHB-A.ST,4,0.004480676731977606,EOD,0.0005806767319776066
2024-06-03,SHB-A.ST,2,-0.0014044882546129234,EOD,-0.005304488254612923
2024-06-07,SHB-A.ST,5,0.0,EOD,-0.0039
2024-06-11,SHB-A.ST,0,-0.011616299369310523,STOP,-0.015516299369310524
2024-06-12,SHB-A.ST,0,0.004967709810431042,EOD,0.0010677098104310426
2024-06-14,SHB-A.ST,0,-0.000996497016857223,EOD,-0.004896497016857223
2024-06-19,SHB-A.ST,0,-0.0042253336267400465,EOD,-0.008125333626740047
2024-06-20,SHB-A.ST,1,-0.00249875054846993,EOD,-0.00639875054846993
2024-06-24,SHB-A.ST,1,0.009528631963047207,EOD,0.005628631963047207
2024-06-26,SHB-A.ST,0,-0.0030954087195712576,EOD,-0.0069954087195712574
2024-06-27,SHB-A.ST,1,-0.005788365462323863,STOP,-0.009688365462323864
2024-06-28,SHB-A.ST,0,0.0004954947632034301,EOD,-0.0034045052367965697
2024-07-04,SHB-A.ST,0,0.0029154073655464074,EOD,-0.0009845926344535924
2024-07-08,SHB-A.ST,0,-0.007797226454784645,STOP,-0.011697226454784646
2024-07-10,SHB-A.ST,1,0.013459605513914674,EOD,0.009559605513914674
2024-07-11,SHB-A.ST,1,0.00194549554771406,EOD,-0.0019545044522859397
2024-07-12,SHB-A.ST,4,0.0004845257096557365,EOD,-0.0034154742903442633
2024-07-16,SHB-A.ST,4,-0.0024437926934715026,EOD,-0.0063437926934715025
2024-07-19,SHB-A.ST,2,-0.0037261437500191175,EOD,-0.007626143750019117
2024-07-23,SHB-A.ST,0,-0.004187966133297749,EOD,-0.00808796613329775
2024-07-25,SHB-A.ST,0,0.006603744794737576,EOD,0.002703744794737576
2024-07-26,SHB-A.ST,0,0.004205578955534417,EOD,0.00030557895553441714
2024-07-29,SHB-A.ST,0,-0.010569866669322026,STOP,-0.014469866669322026
2024-07-30,SHB-A.ST,7,0.00046000968869974734,EOD,-0.0034399903113002525
2024-08-05,SHB-A.ST,0,-0.0014955286272673174,EOD,-0.005395528627267317
2024-08-07,SHB-A.ST,0,0.00149255249630742,EOD,-0.00240744750369258
2024-08-08,SHB-A.ST,1,0.010489541136499358,EOD,0.006589541136499359
2024-08-09,SHB-A.ST,0,-0.00783932413360211,STOP,-0.011739324133602111
2024-08-12,SHB-A.ST,5,-0.003414619259717977,EOD,-0.007314619259717977
2024-08-15,SHB-A.ST,4,-0.001447891197762674,EOD,-0.005347891197762674
2024-08-19,SHB-A.ST,0,-0.0009582987597828163,EOD,-0.004858298759782816
2024-08-21,SHB-A.ST,0,0.002430724391920158,EOD,-0.0014692756080798416
2024-08-22,SHB-A.ST,0,0.001933345418432264,EOD,-0.0019666545815677358
2024-08-23,SHB-A.ST,2,0.0009564655303893055,EOD,-0.0029435344696106943
2024-08-26,SHB-A.ST,0,0.0009537289039234231,EOD,-0.0029462710960765767
2024-08-27,SHB-A.ST,0,-0.0019011117304554848,EOD,-0.005801111730455485
2024-08-29,SHB-A.ST,0,0.0014244434201073908,EOD,-0.002475556579892609
2024-08-30,SHB-A.ST,2,-0.00047187752527921845,EOD,-0.004371877525279218
2024-09-02,SHB-A.ST,0,-0.008403375711498073,STOP,-0.012303375711498074
2024-09-04,SHB-A.ST,0,0.004291889214931954,EOD,0.0003918892149319545
2024-09-05,SHB-A.ST,0,0.003782520339280504,EOD,-0.0001174796607194958
2024-09-06,SHB-A.ST,0,-0.008486577086090796,EOD,-0.012386577086090797
2024-09-11,SHB-A.ST,5,-0.004283717892088035,STOP,-0.008183717892088035
2024-09-16,SHB-A.ST,0,0.007729498084616537,EOD,0.0038294980846165375
2024-09-17,SHB-A.ST,2,-0.002365184552677091,EOD,-0.006265184552677091
2024-09-19,SHB-A.ST,0,0.009420631046870076,EOD,0.005520631046870076
2024-09-24,SHB-A.ST,0,0.0,EOD,-0.0039
2024-09-25,SHB-A.ST,2,-0.004211482963672464,EOD,-0.008111482963672464
2024-10-01,SHB-A.ST,0,-0.007187350368634604,STOP,-0.011087350368634605
2024-10-02,SHB-A.ST,0,0.0009638407144201278,EOD,-0.002936159285579872
2024-10-04,SHB-A.ST,4,-0.001956917360217414,EOD,-0.005856917360217414
2024-10-07,SHB-A.ST,4,-0.0034047285323465237,EOD,-0.0073047285323465235
2024-10-08,SHB-A.ST,0,-0.0024437926934715026,EOD,-0.0063437926934715025
2024-10-09,SHB-A.ST,0,-0.000490225997625604,EOD,-0.004390225997625604
2024-10-14,SHB-A.ST,5,-0.0054027803071693414,EOD,-0.009302780307169342
2024-10-17,SHB-A.ST,0,-0.007221954848529832,EOD,-0.011121954848529833
2024-10-18,SHB-A.ST,0,-0.0038797432764202666,STOP,-0.0077797432764202664
2024-10-22,SHB-A.ST,5,0.0014492901051101903,EOD,-0.0024507098948898095
2024-10-23,SHB-A.ST,0,0.012669697066777452,EOD,0.008769697066777452
2024-10-25,SHB-A.ST,1,0.004041352346684679,EOD,0.0001413523466846792
2024-10-31,SHB-A.ST,2,-0.004044916388693864,EOD,-0.007944916388693865
2024-11-01,SHB-A.ST,0,0.003126450317613161,EOD,-0.000773549682386839
2024-11-04,SHB-A.ST,0,0.003085113379732496,EOD,-0.0008148866202675039
2024-11-11,SHB-A.ST,1,-0.0013338719480215921,EOD,-0.005233871948021592
2024-11-12,SHB-A.ST,0,-0.010217694310946102,STOP,-0.014117694310946102
2024-11-13,SHB-A.ST,0,-0.006306278812992727,STOP,-0.010206278812992728
2024-11-14,SHB-A.ST,0,0.004512635254770192,EOD,0.0006126352547701922
2024-11-15,SHB-A.ST,0,0.002702730196016301,EOD,-0.001197269803983699
2024-11-21,SHB-A.ST,2,0.002719813364125745,EOD,-0.001180186635874255
2024-11-26,SHB-A.ST,4,-0.002711279237421871,EOD,-0.006611279237421871
2024-11-27,SHB-A.ST,5,0.009936821443905952,EOD,0.006036821443905952
2024-11-28,SHB-A.ST,0,0.006189253643508197,EOD,0.002289253643508197
2024-12-02,SHB-A.ST,0,0.011857694266266927,EOD,0.007957694266266926
2024-12-03,SHB-A.ST,0,0.009032284316196293,EOD,0.005132284316196293
2024-12-04,SHB-A.ST,4,-0.006388415589881236,STOP,-0.010288415589881236
2024-12-05,SHB-A.ST,0,0.0055342830376177155,EOD,0.0016342830376177156
2024-12-09,SHB-A.ST,0,-0.0063993175727744545,STOP,-0.010299317572774455
2024-12-16,SHB-A.ST,0,-0.006118921051573301,STOP,-0.010018921051573301
2024-12-17,SHB-A.ST,0,-0.005263144509834117,EOD,-0.009163144509834117
2024-12-18,SHB-A.ST,0,-0.004389815568934807,STOP,-0.008289815568934808
2024-12-23,SHB-A.ST,0,0.0013192746693493351,EOD,-0.0025807253306506647
2024-12-27,SHB-A.ST,0,-0.005253927234280309,STOP,-0.00915392723428031
2024-12-30,SHB-A.ST,1,0.0004370229169268214,EOD,-0.0034629770830731784
2025-01-02,SHB-A.ST,4,0.0038910241444440885,EOD,-8.975855555911315e-06
2025-01-03,SHB-A.ST,0,0.001715975486962229,EOD,-0.002184024513037771
2025-01-07,SHB-A.ST,0,-0.008421052631578996,EOD,-0.012321052631578996
2025-01-08,SHB-A.ST,1,-0.0072003903561354,STOP,-0.0111003903561354
2025-01-09,SHB-A.ST,2,0.0025520664787324066,EOD,-0.0013479335212675933
2025-01-10,SHB-A.ST,0,0.0025477966179008327,EOD,-0.0013522033820991671
2025-01-13,SHB-A.ST,3,0.002956068155494096,EOD,-0.0009439318445059039
2025-01-14,SHB-A.ST,0,0.000837221482382855,EOD,-0.003062778517617145
2025-01-15,SHB-A.ST,3,0.0,EOD,-0.0039
2025-01-17,SHB-A.ST,0,-0.0012345804599086518,EOD,-0.005134580459908652
2025-01-22,SHB-A.ST,0,-0.005716594248165396,STOP,-0.009616594248165397
2025-01-23,SHB-A.ST,0,0.0072550896762886286,EOD,0.0033550896762886287
2025-01-27,SHB-A.ST,1,-0.005645136679372498,EOD,-0.009545136679372498
2025-01-29,SHB-A.ST,1,0.007698516503202413,EOD,0.003798516503202413
2025-02-06,SHB-A.ST,0,0.000801973584306781,EOD,-0.003098026415693219
2025-02-07,SHB-A.ST,0,-0.004365103585379448,EOD,-0.008265103585379449
2025-02-10,SHB-A.ST,0,-0.01526416397841246,STOP,-0.01916416397841246
2025-02-11,SHB-A.ST,0,0.011067205738173103,EOD,0.007167205738173103
2025-02-12,SHB-A.ST,1,-0.005054503300335855,EOD,-0.008954503300335856
2025-02-13,SHB-A.ST,0,0.0042818455805757605,EOD,0.00038184558057576066
2025-02-14,SHB-A.ST,0,0.006968712333001115,EOD,0.003068712333001115
2025-02-17,SHB-A.ST,0,0.000757909100633336,EOD,-0.0031420908993666638
2025-02-19,SHB-A.ST,0,-0.004903878840497811,STOP,-0.008803878840497811
2025-02-20,SHB-A.ST,0,0.0003802513441659716,EOD,-0.003519748655834028
2025-02-21,SHB-A.ST,0,0.01204358879351397,EOD,0.00814358879351397
2025-02-25,SHB-A.ST,0,-0.004798773799402523,EOD,-0.008698773799402523
2025-02-26,SHB-A.ST,1,0.004775855013481767,EOD,0.000875855013481767
2025-03-03,SHB-A.ST,4,-0.0033015182550751865,EOD,-0.007201518255075186
2025-03-07,SHB-A.ST,0,-0.00037246221048647943,EOD,-0.004272462210486479
2025-03-11,SHB-A.ST,0,-0.010833112744947138,STOP,-0.014733112744947138
2025-03-13,SHB-A.ST,0,-0.004935413147654222,EOD,-0.008835413147654222
2025-03-14,SHB-A.ST,0,0.006444322538655456,EOD,0.002544322538655456
2025-03-18,SHB-A.ST,0,-0.0007505148481472546,EOD,-0.004650514848147254
2025-03-19,SHB-A.ST,0,-0.0037467217042643775,EOD,-0.007646721704264377
2025-03-21,SHB-A.ST,1,-0.005662514286754461,STOP,-0.009562514286754462
2025-03-25,SHB-A.ST,7,0.0033770877916861064,EOD,-0.0005229122083138934
2025-03-27,SHB-A.ST,0,-0.015338691485029976,EOD,-0.019238691485029977
2025-04-03,SHB-A.ST,0,0.005359590173039663,EOD,0.0014595901730396635
2025-04-07,SHB-A.ST,0,0.019280961374179784,EOD,0.015380961374179783
2025-04-08,SHB-A.ST,4,-0.00047865412947833974,EOD,-0.0043786541294783396
2025-04-11,SHB-A.ST,1,0.016885582340742555,EOD,0.012985582340742555
2025-04-14,SHB-A.ST,6,0.003590677921005092,EOD,-0.00030932207899490773
2025-04-15,SHB-A.ST,2,0.0030796169768760873,EOD,-0.0008203830231239126
2025-04-17,SHB-A.ST,0,-0.003087767788554463,EOD,-0.006987767788554463
2025-04-22,SHB-A.ST,0,-0.007912101326407961,STOP,-0.011812101326407962
2025-04-24,SHB-A.ST,1,-0.002607588385919901,EOD,-0.006507588385919901
2025-04-25,SHB-A.ST,0,-0.003869342784423191,EOD,-0.007769342784423191
2025-04-28,SHB-A.ST,1,-0.0034202129706886186,EOD,-0.0073202129706886184
2025-04-29,SHB-A.ST,2,0.000847868640128091,EOD,-0.0030521313598719088
2025-05-05,SHB-A.ST,7,0.0,EOD,-0.0039
2025-05-07,SHB-A.ST,1,0.002369692380518762,EOD,-0.0015303076194812379
2025-05-15,SHB-A.ST,0,0.007874015748031482,EOD,0.003974015748031482
2025-05-16,SHB-A.ST,0,0.0023346540992825737,EOD,-0.001565345900717426
2025-05-19,SHB-A.ST,0,0.004230792705829378,EOD,0.00033079270582937834
2025-05-20,SHB-A.ST,2,0.00455920073631777,EOD,0.0006592007363177702
2025-05-22,SHB-A.ST,0,-0.005032860450658316,STOP,-0.008932860450658317
2025-05-23,SHB-A.ST,0,-0.007350073100519827,STOP,-0.011250073100519828
2025-05-30,SHB-A.ST,0,-0.005822981228491231,EOD,-0.009722981228491231
2025-06-02,SHB-A.ST,7,-0.0007701663366569411,EOD,-0.004670166336656941
2025-06-05,SHB-A.ST,1,-0.002720488622861339,EOD,-0.006620488622861339
2025-06-11,SHB-A.ST,1,-0.00546872615814209,STOP,-0.00936872615814209
2025-06-12,SHB-A.ST,6,0.001577885193232209,EOD,-0.0023221148067677907
2025-06-13,SHB-A.ST,0,-0.0007945846272032764,EOD,-0.004694584627203276
2025-06-16,SHB-A.ST,0,0.005150566890627539,EOD,0.0012505668906275394
2025-06-18,SHB-A.ST,0,-0.003968253968253954,STOP,-0.007868253968253955
2025-06-23,SHB-A.ST,0,-0.007667510620960716,STOP,-0.011567510620960716
2025-06-24,SHB-A.ST,0,-0.0003977360666433949,EOD,-0.004297736066643395
2025-06-27,SHB-A.ST,0,0.009130619720074229,EOD,0.005230619720074229
2025-07-02,SHB-A.ST,3,-0.011853022234906696,STOP,-0.015753022234906697
2025-07-03,SHB-A.ST,0,0.007067149875638279,EOD,0.003167149875638279
2025-07-07,SHB-A.ST,4,-0.0007830734260833028,EOD,-0.004683073426083303
2025-07-09,SHB-A.ST,0,0.00789889425002177,EOD,0.003998894250021771
2025-07-10,SHB-A.ST,0,-0.0015643093518117324,EOD,-0.005464309351811732
2025-07-14,SHB-A.ST,0,0.009603878406926114,EOD,0.005703878406926114
2025-07-17,SHB-A.ST,0,0.005179097816346845,EOD,0.001279097816346845
2025-07-21,SHB-A.ST,0,0.0055555685972557,EOD,0.0016555685972557002
2025-07-23,SHB-A.ST,1,-0.005080427450238845,STOP,-0.008980427450238845
2025-07-24,SHB-A.ST,0,-0.007112957942435938,STOP,-0.011012957942435939
2025-07-29,SHB-A.ST,0,0.0037798986703641013,EOD,-0.0001201013296358985
2025-07-30,SHB-A.ST,0,0.0016653170705893672,EOD,-0.0022346829294106326
2025-08-04,SHB-A.ST,0,0.003739132391709088,EOD,-0.00016086760829091187
2025-08-06,SHB-A.ST,0,-0.0024701146965950826,EOD,-0.0063701146965950825
2025-08-08,SHB-A.ST,0,-0.004093327824429616,STOP,-0.007993327824429616
2025-08-12,SHB-A.ST,1,0.0036630409705011857,EOD,-0.0002369590294988141
2025-08-14,SHB-A.ST,0,0.009266732796283872,EOD,0.005366732796283872
2025-08-20,SHB-A.ST,0,0.014112903225806495,EOD,0.010212903225806494
2025-08-21,SHB-A.ST,0,-0.0003963777340704189,EOD,-0.004296377734070419
2025-08-22,SHB-A.ST,0,0.002373381477387637,EOD,-0.0015266185226123627
2025-08-25,SHB-A.ST,0,-0.0035266218936002014,EOD,-0.007426621893600201
2025-08-29,SHB-A.ST,5,-0.004907962978495606,EOD,-0.008807962978495606
2025-09-01,SHB-A.ST,0,-0.0024620059591301535,EOD,-0.006362005959130153
2025-09-04,SHB-A.ST,0,0.00041461900821282427,EOD,-0.0034853809917871756
2025-09-08,SHB-A.ST,0,-0.006244796082671145,STOP,-0.010144796082671145
2025-09-10,SHB-A.ST,0,-0.0037113150370490233,EOD,-0.007611315037049023
2025-09-11,SHB-A.ST,0,-0.006198347107438051,STOP,-0.010098347107438052
2025-09-15,SHB-A.ST,0,-0.006208609114675689,STOP,-0.01010860911467569
2025-09-16,SHB-A.ST,0,-0.0016652535452386097,STOP,-0.0055652535452386095
2025-09-17,SHB-A.ST,0,0.0020686802081635314,EOD,-0.0018313197918364684
2025-09-19,SHB-A.ST,0,0.008699279853404462,EOD,0.004799279853404463
2025-09-23,SHB-A.ST,0,0.002474251973260344,EOD,-0.0014257480267396557
2025-09-25,SHB-A.ST,0,-0.00041410394830487807,EOD,-0.004314103948304878
2025-09-26,SHB-A.ST,0,0.012684149676487344,EOD,0.008784149676487343
2025-09-30,SHB-A.ST,1,-0.006459389844324037,STOP,-0.010359389844324038
2025-10-01,SHB-A.ST,3,-0.004874073773828869,EOD,-0.00877407377382887
2025-10-06,SHB-A.ST,1,-0.0008189883322748948,EOD,-0.004718988332274895
2025-10-07,SHB-A.ST,1,-0.003276015813904243,STOP,-0.007176015813904243
2025-10-08,SHB-A.ST,0,-0.004497163025621864,STOP,-0.008397163025621865
2025-10-09,SHB-A.ST,0,0.0032679862818003613,EOD,-0.0006320137181996385
2025-10-10,SHB-A.ST,0,-0.0024145114829602354,EOD,-0.006314511482960235
2025-10-14,SHB-A.ST,0,0.002025111431187998,EOD,-0.0018748885688120017
2025-10-15,SHB-A.ST,0,-0.0047981294591994406,EOD,-0.008698129459199441
2025-10-17,SHB-A.ST,3,0.002430158438023966,EOD,-0.0014698415619760338
2025-10-21,SHB-A.ST,0,0.004807679963535483,EOD,0.000907679963535483
2025-10-27,SHB-A.ST,1,0.001218533937759947,EOD,-0.002681466062240053
2025-10-29,SHB-A.ST,3,0.003233642164488293,EOD,-0.0006663578355117069
2025-10-30,SHB-A.ST,4,-0.001997602852192526,EOD,-0.005897602852192526
2025-11-03,SHB-A.ST,0,-0.003998400542165936,EOD,-0.007898400542165937
2025-11-04,SHB-A.ST,3,0.00965403796283515,EOD,0.005754037962835149
2025-11-06,SHB-A.ST,0,0.003177136783407253,EOD,-0.000722863216592747
2025-11-11,SHB-A.ST,0,0.007521749210511741,EOD,0.0036217492105117413
2025-11-12,SHB-A.ST,0,0.00429342518941267,EOD,0.0003934251894126698
2025-11-13,SHB-A.ST,0,-0.0034775654518358623,EOD,-0.007377565451835862
2025-11-20,SHB-A.ST,4,-0.0012033816609923198,EOD,-0.00510338166099232
2025-11-21,SHB-A.ST,0,0.011263023830348828,EOD,0.0073630238303488285
2025-11-25,SHB-A.ST,3,0.004268434357130646,EOD,0.0003684343571306462
2025-11-26,SHB-A.ST,1,0.0057581573896352545,EOD,0.0018581573896352547
2025-11-27,SHB-A.ST,0,0.0007598088152664939,EOD,-0.003140191184733506
2025-11-28,SHB-A.ST,5,-0.004924196185487673,STOP,-0.008824196185487673
2025-12-01,SHB-A.ST,7,0.0015157025605740948,EOD,-0.002384297439425905
2025-12-02,SHB-A.ST,0,-0.0045231124940328105,STOP,-0.008423112494032811
2025-12-05,SHB-A.ST,3,-0.008672768494261351,EOD,-0.012572768494261352
2025-12-10,SHB-A.ST,4,0.0015208893402447465,EOD,-0.0023791106597552533
2025-12-11,SHB-A.ST,0,0.011411183224223409,EOD,0.007511183224223409
2025-12-12,SHB-A.ST,0,-0.005611672534612255,STOP,-0.009511672534612256
2025-12-17,SHB-A.ST,6,0.0023086037614705734,EOD,-0.0015913962385294264
2025-12-18,SHB-A.ST,0,-0.003450897003871134,STOP,-0.007350897003871134
2025-12-19,SHB-A.ST,6,0.00037738152270039294,EOD,-0.003522618477299607
2025-12-30,SHB-A.ST,0,0.005622189162781899,EOD,0.001722189162781899
2026-01-02,SHB-A.ST,0,0.0014732740202003658,EOD,-0.002426725979799634
2026-01-08,SHB-A.ST,2,0.00823974609375,EOD,0.00433974609375
2026-01-09,SHB-A.ST,7,0.002212299258598449,EOD,-0.0016877007414015507
2026-01-12,SHB-A.ST,0,-0.002576415810014221,EOD,-0.006476415810014221
2026-01-13,SHB-A.ST,1,0.006543030727129251,EOD,0.002643030727129251
2026-01-14,SHB-A.ST,6,0.0032340080975210572,EOD,-0.0006659919024789426
2026-01-15,SHB-A.ST,0,0.001776198934280604,EOD,-0.002123801065719396
2026-01-20,SHB-A.ST,6,-0.001076878334436926,EOD,-0.004976878334436926
2026-01-21,SHB-A.ST,0,-0.007922261830478727,STOP,-0.011822261830478728
2026-01-22,SHB-A.ST,5,-0.0017642907931135765,EOD,-0.005664290793113576
2026-01-26,SHB-A.ST,0,-0.0007071488616877675,EOD,-0.004607148861687767
2026-01-27,SHB-A.ST,0,0.002102333974587367,EOD,-0.0017976660254126328
2026-01-29,SHB-A.ST,0,-0.00982796719183543,STOP,-0.01372796719183543
2026-01-30,SHB-A.ST,0,-0.008075800181005288,STOP,-0.011975800181005289
2026-02-06,SHB-A.ST,1,-0.008359435198406207,STOP,-0.012259435198406207
2026-02-09,SHB-A.ST,1,-0.008362348071374148,STOP,-0.012262348071374149
2026-02-10,SHB-A.ST,0,-0.0038327738798453748,EOD,-0.007732773879845375
2026-02-11,SHB-A.ST,5,-0.009695249000411854,STOP,-0.013595249000411855
2026-02-13,SHB-A.ST,0,-0.013588828907611039,STOP,-0.01748882890761104
2026-02-16,SHB-A.ST,0,-0.0035298271905708223,EOD,-0.007429827190570822
2026-02-17,SHB-A.ST,2,0.0014045801657593948,EOD,-0.002495419834240605
2026-02-20,SHB-A.ST,0,0.007360694684079405,EOD,0.0034606946840794054
2026-02-23,SHB-A.ST,3,-0.006906077202516014,STOP,-0.010806077202516015
2026-02-25,SHB-A.ST,0,0.0037865958812930423,EOD,-0.00011340411870695757
2026-02-27,SHB-A.ST,0,-0.004794499645494388,STOP,-0.008694499645494388
2026-03-02,SHB-A.ST,0,-0.0017476406477918704,EOD,-0.00564764064779187
2026-03-04,SHB-A.ST,0,0.00564177034231661,EOD,0.00174177034231661
2026-03-05,SHB-A.ST,0,-0.00770841533462352,STOP,-0.01160841533462352
2026-03-09,SHB-A.ST,0,0.0032596663404163007,EOD,-0.0006403336595836992
2026-03-10,SHB-A.ST,0,-0.007749143137548931,STOP,-0.011649143137548931
2026-03-11,SHB-A.ST,1,-0.006062702305481227,STOP,-0.009962702305481227
2026-03-13,SHB-A.ST,0,-0.0039985680810988855,EOD,-0.007898568081098886
2026-03-16,SHB-A.ST,1,0.003976883872894632,EOD,7.688387289463226e-05
2026-03-17,SHB-A.ST,0,0.004293424712097593,EOD,0.0003934247120975934
2026-03-18,SHB-A.ST,0,-0.009463658622419602,STOP,-0.013363658622419602
2026-03-23,SHB-A.ST,2,0.016092767951062292,EOD,0.012192767951062292
2026-03-25,SHB-A.ST,0,0.004365268219988172,EOD,0.00046526821998817223
2026-03-27,SHB-A.ST,4,0.002103491823387982,EOD,-0.001796508176612018
2026-03-30,SHB-A.ST,0,0.015397406996475294,EOD,0.011497406996475293
2026-03-31,SHB-A.ST,0,-0.00565654099589652,EOD,-0.00955654099589652
2026-04-02,SHB-A.ST,0,0.004750581628055972,EOD,0.0008505816280559722
2026-04-09,SHB-A.ST,5,0.0027558934970164373,EOD,-0.0011441065029835626
2026-04-10,SHB-A.ST,1,0.003115336248348477,EOD,-0.0007846637516515228
2026-04-13,SHB-A.ST,1,0.004651210104772208,EOD,0.0007512101047722078
2026-04-14,SHB-A.ST,0,0.007616146052988215,EOD,0.0037161460529882154
2026-04-15,SHB-A.ST,3,0.007194221327430306,EOD,0.003294221327430306
2026-04-17,SHB-A.ST,0,0.004933540011266668,EOD,0.0010335400112666685
2026-04-20,SHB-A.ST,0,-0.001509980768971575,STOP,-0.005409980768971575
2026-04-21,SHB-A.ST,0,-0.004892804858186883,STOP,-0.008792804858186884
2026-04-24,SHB-A.ST,2,-0.0007724283281871358,EOD,-0.004672428328187136
2026-04-27,SHB-A.ST,0,-0.002304170958445373,EOD,-0.006204170958445373
2026-04-28,SHB-A.ST,0,-0.0026656976038123004,EOD,-0.0065656976038123
2026-04-29,SHB-A.ST,3,-0.003055721276814527,EOD,-0.006955721276814527
2026-04-30,SHB-A.ST,0,-0.001529613370877203,EOD,-0.005429613370877203
2026-05-05,SHB-A.ST,0,-0.012638905528169708,STOP,-0.01653890552816971
2026-05-06,SHB-A.ST,0,-0.0022936012596199706,EOD,-0.0061936012596199705
2026-05-07,SHB-A.ST,4,-0.007262973440958387,STOP,-0.011162973440958388
2026-05-08,SHB-A.ST,1,0.0054368695009101575,EOD,0.0015368695009101577
2026-05-11,SHB-A.ST,0,0.0007718320522664968,EOD,-0.003128167947733503
2026-05-12,SHB-A.ST,4,-0.0003852315145006502,EOD,-0.00428523151450065
2026-05-18,SHB-A.ST,0,0.0030500127631660767,EOD,-0.0008499872368339231
2026-05-19,SHB-A.ST,2,0.0011290469672051717,EOD,-0.002770953032794828
2026-05-20,SHB-A.ST,0,0.01618361910205035,EOD,0.01228361910205035
2026-05-21,SHB-A.ST,0,-0.0018321729981044532,EOD,-0.005732172998104453
2026-05-22,SHB-A.ST,1,0.005478451668647244,EOD,0.0015784516686472442
2026-05-25,SHB-A.ST,1,0.0018063584611642813,EOD,-0.0020936415388357185
2026-05-28,SHB-A.ST,1,-0.0014716479560294982,EOD,-0.005371647956029498
2026-05-29,SHB-A.ST,0,-0.0036643459962087954,STOP,-0.007564345996208795
2026-06-05,SHB-A.ST,1,-0.001475992237949697,EOD,-0.005375992237949697
2026-06-08,SHB-A.ST,1,-0.0011197752885528933,EOD,-0.005019775288552893
2026-06-09,SHB-A.ST,0,-0.008136027141684488,STOP,-0.012036027141684488
2026-06-10,SHB-A.ST,0,-0.006649494752036467,STOP,-0.010549494752036467
2026-06-11,SHB-A.ST,0,-0.0018511661928966028,EOD,-0.005751166192896603
2026-06-12,SHB-A.ST,0,0.008014616419057319,EOD,0.004114616419057319
2026-06-16,SHB-A.ST,0,-0.0035842293906810374,STOP,-0.007484229390681037
2026-06-17,SHB-A.ST,5,0.008258483996297139,EOD,0.004358483996297139
2026-06-23,SHB-A.ST,1,-0.006678361674813282,EOD,-0.010578361674813283
2026-06-25,SHB-A.ST,4,0.0021298386934274216,EOD,-0.0017701613065725782
2026-06-26,SHB-A.ST,0,0.0014145135478411675,EOD,-0.0024854864521588324
2026-06-30,SHB-A.ST,0,0.004933137682457511,EOD,0.0010331376824575115
2026-07-02,SHB-A.ST,0,0.005979642209021918,EOD,0.0020796422090219183
2026-07-03,SHB-A.ST,5,0.00034810439306465213,EOD,-0.0035518956069353477
2026-07-06,SHB-A.ST,5,0.0020768643689574873,EOD,-0.0018231356310425125
2026-07-07,SHB-A.ST,0,-0.0020576340567792784,EOD,-0.005957634056779278
2023-08-08,SWED-A.ST,0,-0.009870098163555219,STOP,-0.01377009816355522
2023-08-10,SWED-A.ST,0,0.010259040940282738,EOD,0.006359040940282738
2023-08-11,SWED-A.ST,1,-0.005067139442982649,STOP,-0.00896713944298265
2023-08-14,SWED-A.ST,0,-0.005849486874725307,STOP,-0.009749486874725308
2023-08-16,SWED-A.ST,0,-0.00512820512820511,EOD,-0.00902820512820511
2023-08-17,SWED-A.ST,2,-0.006946262213115562,EOD,-0.010846262213115562
2023-08-18,SWED-A.ST,6,0.0007820328159426904,EOD,-0.0031179671840573095
2023-08-21,SWED-A.ST,0,-0.005981762790555956,EOD,-0.009881762790555956
2023-08-24,SWED-A.ST,0,-0.007303046002981262,EOD,-0.011203046002981262
2023-08-25,SWED-A.ST,0,0.0026274303309601343,EOD,-0.0012725696690398655
2023-08-28,SWED-A.ST,0,-0.001806017017564998,EOD,-0.005706017017564998
2023-08-29,SWED-A.ST,0,-0.002309531398178022,EOD,-0.006209531398178022
2023-08-30,SWED-A.ST,0,-0.004604727094074668,EOD,-0.008504727094074668
2023-08-31,SWED-A.ST,0,-0.007161094099664367,STOP,-0.011061094099664368
2023-09-01,SWED-A.ST,0,-0.0015431471316222911,EOD,-0.005443147131622291
2023-09-04,SWED-A.ST,0,-0.012934252457079243,STOP,-0.016834252457079243
2023-09-05,SWED-A.ST,0,0.0,EOD,-0.0039
2023-09-07,SWED-A.ST,0,-0.009550804717982975,STOP,-0.013450804717982975
2023-09-14,SWED-A.ST,0,0.021238532676065347,EOD,0.017338532676065346
2023-09-15,SWED-A.ST,0,-0.008461906420555332,STOP,-0.012361906420555333
2023-09-19,SWED-A.ST,0,0.0067975367736037295,EOD,0.0028975367736037297
2023-09-20,SWED-A.ST,0,0.010421866518687928,EOD,0.006521866518687928
2023-09-21,SWED-A.ST,5,0.0004899110325153888,EOD,-0.003410088967484611
2023-09-22,SWED-A.ST,2,-0.001954049352455578,EOD,-0.005854049352455578
2023-09-26,SWED-A.ST,1,-0.0044270002054269675,EOD,-0.008327000205426968
2023-09-29,SWED-A.ST,0,-0.006972157041813309,STOP,-0.01087215704181331
2023-10-03,SWED-A.ST,0,-0.008461906420555332,STOP,-0.012361906420555333
2023-10-04,SWED-A.ST,0,0.004346667509391944,EOD,0.000446667509391944
2023-10-06,SWED-A.ST,1,0.0024975025355733482,EOD,-0.0014024974644266516
2023-10-10,SWED-A.ST,0,0.0009732211593294071,EOD,-0.0029267788406705927
2023-10-11,SWED-A.ST,1,0.006789569233722315,EOD,0.0028895692337223148
2023-10-12,SWED-A.ST,0,0.00383326815264029,EOD,-6.673184735970974e-05
2023-10-27,SWED-A.ST,0,-0.007525032835316137,EOD,-0.011425032835316137
2023-10-30,SWED-A.ST,0,-0.016307335808591894,STOP,-0.020207335808591895
2023-10-31,SWED-A.ST,0,0.0019188931755900196,EOD,-0.0019811068244099802
2023-11-01,SWED-A.ST,0,-0.008957621736269683,STOP,-0.012857621736269684
2023-11-02,SWED-A.ST,1,-0.007440015802875122,STOP,-0.011340015802875122
2023-11-03,SWED-A.ST,1,0.0005446124259396168,EOD,-0.003355387574060383
2023-11-08,SWED-A.ST,2,0.0011123300603315123,EOD,-0.0027876699396684875
2023-11-10,SWED-A.ST,0,-0.005248601923990015,EOD,-0.009148601923990016
2023-11-13,SWED-A.ST,0,0.004411291789602201,EOD,0.000511291789602201
2023-11-14,SWED-A.ST,6,0.0024604276765911592,EOD,-0.0014395723234088406
2023-11-17,SWED-A.ST,1,-0.0002710834849420918,EOD,-0.004171083484942092
2023-11-21,SWED-A.ST,5,-0.0008118749471414111,EOD,-0.004711874947141411
2023-11-22,SWED-A.ST,0,0.0061894180710213575,EOD,0.0022894180710213577
2023-11-23,SWED-A.ST,3,0.013463585712423454,EOD,0.009563585712423453
2023-11-24,SWED-A.ST,0,-0.0005152297803756589,EOD,-0.004415229780375659
2023-11-29,SWED-A.ST,0,0.005724726195454499,EOD,0.0018247261954544994
2023-11-30,SWED-A.ST,2,-0.010791397932426339,STOP,-0.01469139793242634
2023-12-01,SWED-A.ST,4,0.005950809296167536,EOD,0.0020508092961675365
2023-12-04,SWED-A.ST,5,0.0005110173994640199,EOD,-0.00338898260053598
2023-12-07,SWED-A.ST,3,-0.004031257566441071,EOD,-0.007931257566441072
2023-12-08,SWED-A.ST,6,0.0005039360294962769,EOD,-0.003396063970503723
2023-12-11,SWED-A.ST,3,0.006267234991857995,EOD,0.0023672349918579952
2023-12-13,SWED-A.ST,0,-0.007877922478742527,EOD,-0.011777922478742528
2023-12-15,SWED-A.ST,0,-0.009760859246342402,STOP,-0.013660859246342402
2023-12-18,SWED-A.ST,0,-0.005873700099447321,EOD,-0.009773700099447322
2023-12-21,SWED-A.ST,0,0.001014955316644528,EOD,-0.002885044683355472
2023-12-22,SWED-A.ST,0,0.005802266261254019,EOD,0.001902266261254019
2023-12-27,SWED-A.ST,4,0.001985081372130937,EOD,-0.001914918627869063
2023-12-29,SWED-A.ST,0,0.00295853469279006,EOD,-0.0009414653072099396
2024-01-02,SWED-A.ST,0,-0.0019550789019578962,EOD,-0.005855078901957896
2024-01-04,SWED-A.ST,0,0.01270767725887123,EOD,0.00880767725887123
2024-01-08,SWED-A.ST,3,-0.004331131578709679,EOD,-0.00823113157870968
2024-01-10,SWED-A.ST,0,0.0024330900243310083,EOD,-0.0014669099756689915
2024-01-11,SWED-A.ST,4,-0.005774768674778552,STOP,-0.009674768674778553
2024-01-12,SWED-A.ST,0,-0.0028818004491888427,EOD,-0.0067818004491888425
2024-01-17,SWED-A.ST,0,0.005827179432065233,EOD,0.0019271794320652328
2024-01-18,SWED-A.ST,1,-0.002010019580323541,EOD,-0.005910019580323541
2024-01-22,SWED-A.ST,0,-0.0024962555785423834,EOD,-0.006396255578542383
2024-01-25,SWED-A.ST,0,0.03203886458017302,EOD,0.02813886458017302
2024-02-01,SWED-A.ST,0,-0.0056337884893999934,EOD,-0.009533788489399994
2024-02-02,SWED-A.ST,0,0.0,EOD,-0.0039
2024-02-07,SWED-A.ST,1,-0.009315323839907408,EOD,-0.013215323839907409
2024-02-12,SWED-A.ST,0,0.013724533150025753,EOD,0.009824533150025752
2024-02-14,SWED-A.ST,0,0.001873507711870559,EOD,-0.002026492288129441
2024-02-15,SWED-A.ST,0,0.006993006993007089,EOD,0.0030930069930070895
2024-02-16,SWED-A.ST,0,0.0004590947811089485,EOD,-0.0034409052188910513
2024-02-20,SWED-A.ST,3,-0.004576659038901587,STOP,-0.008476659038901588
2024-02-21,SWED-A.ST,3,-0.0027422582045105726,EOD,-0.006642258204510572
2024-02-22,SWED-A.ST,0,0.005417593445788738,EOD,0.0015175934457887378
2024-02-26,SWED-A.ST,1,0.0013525836232193278,EOD,-0.002547416376780672
2024-02-27,SWED-A.ST,6,-0.0013477225675290194,EOD,-0.005247722567529019
2024-02-28,SWED-A.ST,0,-0.0008908550033059903,EOD,-0.00479085500330599
2024-02-29,SWED-A.ST,4,0.012917567467636504,EOD,0.009017567467636503
2024-03-01,SWED-A.ST,0,-0.009511443662842956,EOD,-0.013411443662842956
2024-03-04,SWED-A.ST,0,-0.0004361365119260885,EOD,-0.004336136511926088
2024-03-05,SWED-A.ST,0,0.002175805018972854,EOD,-0.0017241949810271459
2024-03-06,SWED-A.ST,0,-0.0064906964966851,STOP,-0.0103906964966851
2024-03-07,SWED-A.ST,1,0.0052173780358355515,EOD,0.0013173780358355517
2024-03-08,SWED-A.ST,0,-0.007728586690168737,EOD,-0.011628586690168738
2024-03-12,SWED-A.ST,0,0.006932369252905746,EOD,0.003032369252905746
2024-03-13,SWED-A.ST,0,0.0,EOD,-0.0039
2024-03-19,SWED-A.ST,2,0.0035367067309945988,EOD,-0.00036329326900540106
2024-03-21,SWED-A.ST,4,0.009202480857140038,EOD,0.005302480857140039
2024-03-26,SWED-A.ST,0,0.01974550294215449,EOD,0.01584550294215449
2024-04-03,SWED-A.ST,0,-0.0023234201072979133,EOD,-0.006223420107297913
2024-04-05,SWED-A.ST,0,0.019221710201906106,EOD,0.015321710201906105
2024-04-08,SWED-A.ST,0,0.004518752761906386,EOD,0.0006187527619063863
2024-04-10,SWED-A.ST,0,-0.00539324471120084,EOD,-0.00929324471120084
2024-04-15,SWED-A.ST,0,-0.0077981511387256175,STOP,-0.011698151138725618
2024-04-17,SWED-A.ST,0,-0.001417114105255135,EOD,-0.005317114105255135
2024-04-19,SWED-A.ST,2,0.005617963080303712,EOD,0.001717963080303712
2024-04-22,SWED-A.ST,2,0.000926411360285373,EOD,-0.002973588639714627
2024-04-23,SWED-A.ST,0,0.0064278874052710044,EOD,0.0025278874052710046
2024-04-29,SWED-A.ST,0,0.003314379537674661,EOD,-0.0005856204623253388
2024-05-03,SWED-A.ST,6,0.0009438990693362292,EOD,-0.0029561009306637706
2024-05-06,SWED-A.ST,0,0.01588782194618865,EOD,0.011987821946188651
2024-05-07,SWED-A.ST,7,0.0027472807705297697,EOD,-0.0011527192294702301
2024-05-10,SWED-A.ST,0,0.007808897437175277,EOD,0.0039088974371752775
2024-05-13,SWED-A.ST,0,0.00956722598412596,EOD,0.00566722598412596
2024-05-16,SWED-A.ST,5,-0.0018382773164222765,EOD,-0.005738277316422276
2024-05-22,SWED-A.ST,5,-0.0027687625896454238,EOD,-0.006668762589645424
2024-05-23,SWED-A.ST,0,0.006448612884040417,EOD,0.002548612884040417
2024-05-24,SWED-A.ST,6,-0.0018561201693010343,EOD,-0.005756120169301034
2024-05-30,SWED-A.ST,0,0.0041801852472245216,EOD,0.00028018524722452174
2024-05-31,SWED-A.ST,3,0.003219927445649251,EOD,-0.0006800725543507488
2024-06-03,SWED-A.ST,0,-0.005874392380617266,EOD,-0.009774392380617267
2024-06-05,SWED-A.ST,3,0.0,EOD,-0.0039
2024-06-07,SWED-A.ST,0,0.00318905215600096,EOD,-0.0007109478439990399
2024-06-11,SWED-A.ST,0,-0.005537595593639089,STOP,-0.00943759559363909
2024-06-12,SWED-A.ST,0,0.003199254746246938,EOD,-0.000700745253753062
2024-06-19,SWED-A.ST,1,0.00047210029879996007,EOD,-0.0034278997012000397
2024-06-24,SWED-A.ST,0,0.014425342910939554,EOD,0.010525342910939553
2024-06-26,SWED-A.ST,0,-0.013742555923321298,STOP,-0.0176425559233213
2024-06-28,SWED-A.ST,1,-0.007309232020733525,STOP,-0.011209232020733526
2024-07-01,SWED-A.ST,3,0.006329155400490505,EOD,0.002429155400490505
2024-07-03,SWED-A.ST,2,-0.0027611877362593296,EOD,-0.006661187736259329
2024-07-08,SWED-A.ST,0,-0.00685871065812127,STOP,-0.01075871065812127
2024-07-10,SWED-A.ST,0,0.01035787321210302,EOD,0.0064578732121030194
2024-07-11,SWED-A.ST,0,0.00783047858336583,EOD,0.00393047858336583
2024-07-12,SWED-A.ST,4,0.005015918054807056,EOD,0.001115918054807056
2024-07-16,SWED-A.ST,2,-0.010185171056676823,EOD,-0.014085171056676823
2024-07-17,SWED-A.ST,5,0.003266434616303382,EOD,-0.0006335653836966179
2024-07-18,SWED-A.ST,0,0.016129032258064502,EOD,0.012229032258064501
2024-07-19,SWED-A.ST,0,0.0013636502352627478,EOD,-0.002536349764737252
2024-07-22,SWED-A.ST,3,0.00539324471120084,EOD,0.0014932447112008399
2024-07-24,SWED-A.ST,2,-0.0017809846144397623,EOD,-0.005680984614439762
2024-07-25,SWED-A.ST,5,0.008075384033405353,EOD,0.004175384033405353
2024-07-26,SWED-A.ST,3,0.003994646623584952,EOD,9.464662358495222e-05
2024-07-29,SWED-A.ST,1,-0.007439811589681322,STOP,-0.011339811589681323
2024-08-07,SWED-A.ST,1,0.008268467401631563,EOD,0.004368467401631563
2024-08-08,SWED-A.ST,0,0.009727626170366266,EOD,0.005827626170366266
2024-08-09,SWED-A.ST,0,-0.009064928911953762,STOP,-0.012964928911953763
2024-08-13,SWED-A.ST,0,-0.00573612316322869,STOP,-0.009636123163228691
2024-08-15,SWED-A.ST,4,0.008083675337958951,EOD,0.004183675337958951
2024-08-19,SWED-A.ST,5,-0.0032679596555331702,EOD,-0.00716795965553317
2024-08-21,SWED-A.ST,1,-0.0028436308223489526,STOP,-0.006743630822348952
2024-08-22,SWED-A.ST,1,0.003762877563508793,EOD,-0.00013712243649120683
2024-08-23,SWED-A.ST,0,0.003237728760975722,EOD,-0.0006622712390242777
2024-08-26,SWED-A.ST,0,0.00046085761988767793,EOD,-0.003439142380112322
2024-08-27,SWED-A.ST,0,-0.003679796759100462,STOP,-0.007579796759100462
2024-08-29,SWED-A.ST,0,-0.00045706628025943274,EOD,-0.0043570662802594326
2024-08-30,SWED-A.ST,3,-0.003633074763147448,EOD,-0.007533074763147448
2024-09-02,SWED-A.ST,0,-0.004957146800282031,EOD,-0.008857146800282031
2024-09-04,SWED-A.ST,0,-0.0018432898455501556,EOD,-0.0057432898455501554
2024-09-05,SWED-A.ST,0,0.00637236765917315,EOD,0.0024723676591731506
2024-09-09,SWED-A.ST,7,0.0009066044547085816,EOD,-0.002993395545291418
2024-09-16,SWED-A.ST,0,-0.001839898379550231,EOD,-0.005739898379550231
2024-09-19,SWED-A.ST,2,0.0045578852680907556,EOD,0.0006578852680907557
2024-09-20,SWED-A.ST,2,-0.004524886877828038,EOD,-0.008424886877828039
2024-09-24,SWED-A.ST,0,-0.007748391046192404,STOP,-0.011648391046192405
2024-09-26,SWED-A.ST,0,0.005071489785475114,EOD,0.0011714897854751142
2024-10-04,SWED-A.ST,4,-0.007278020162923338,STOP,-0.011178020162923338
2024-10-07,SWED-A.ST,6,-0.003389815729986423,EOD,-0.007289815729986423
2024-10-08,SWED-A.ST,0,0.00583088887486749,EOD,0.0019308888748674905
2024-10-09,SWED-A.ST,0,0.004388073474898668,EOD,0.00048807347489866846
2024-10-10,SWED-A.ST,0,0.00048335479200467546,EOD,-0.0034166452079953244
2024-10-11,SWED-A.ST,5,0.002899981252854955,EOD,-0.0010000187471450447
2024-10-16,SWED-A.ST,0,-0.005847938431231325,STOP,-0.009747938431231326
2024-10-18,SWED-A.ST,0,0.0004828143012056696,EOD,-0.0034171856987943302
2024-10-22,SWED-A.ST,4,0.0033816277692859664,EOD,-0.0005183722307140334
2024-10-25,SWED-A.ST,0,0.00186477341018354,EOD,-0.00203522658981646
2024-10-28,SWED-A.ST,0,0.00414171138446795,EOD,0.00024171138446795002
2024-10-29,SWED-A.ST,0,-0.005002232265837958,STOP,-0.008902232265837959
2024-11-01,SWED-A.ST,0,0.0004569965417364763,EOD,-0.0034430034582635235
2024-11-04,SWED-A.ST,0,0.00766454880456191,EOD,0.0037645488045619105
2024-11-11,SWED-A.ST,4,-0.001368627079993301,EOD,-0.005268627079993301
2024-11-13,SWED-A.ST,0,-0.009285051330879535,STOP,-0.013185051330879535
2024-11-14,SWED-A.ST,0,0.004642525665439878,EOD,0.0007425256654398785
2024-11-15,SWED-A.ST,0,0.002780309713817042,EOD,-0.001119690286182958
2024-11-20,SWED-A.ST,0,-0.005085557503447635,STOP,-0.008985557503447636
2024-11-21,SWED-A.ST,2,-0.0009302183639171568,EOD,-0.004830218363917157
2024-11-26,SWED-A.ST,0,-0.004752851848902617,EOD,-0.008652851848902618
2024-11-27,SWED-A.ST,1,0.003816735542334193,EOD,-8.326445766580672e-05
2024-11-28,SWED-A.ST,0,0.005183817716000849,EOD,0.0012838177160008494
2024-11-29,SWED-A.ST,0,0.001405166518771983,EOD,-0.0024948334812280168
2024-12-02,SWED-A.ST,1,0.009794804866130491,EOD,0.005894804866130491
2024-12-03,SWED-A.ST,0,0.005955121546423303,EOD,0.0020551215464233033
2024-12-04,SWED-A.ST,0,-0.00546695648401907,STOP,-0.00936695648401907
2024-12-05,SWED-A.ST,0,0.008189276736879636,EOD,0.004289276736879636
2024-12-06,SWED-A.ST,0,-0.0049639263231868735,STOP,-0.008863926323186874
2024-12-09,SWED-A.ST,0,-0.006768952882155177,STOP,-0.010668952882155178
2024-12-11,SWED-A.ST,0,-0.007706310788738291,STOP,-0.011606310788738292
2024-12-13,SWED-A.ST,3,-0.0031846994473305745,EOD,-0.007084699447330574
2024-12-17,SWED-A.ST,1,-0.004582951484812359,STOP,-0.00848295148481236
2024-12-18,SWED-A.ST,0,0.0009207962755628518,EOD,-0.002979203724437148
2024-12-23,SWED-A.ST,0,-0.005097340537348338,EOD,-0.008997340537348339
2024-12-27,SWED-A.ST,0,-0.00045930567812701995,EOD,-0.00435930567812702
2024-12-30,SWED-A.ST,2,0.0004583231205972371,EOD,-0.0034416768794027627
2025-01-03,SWED-A.ST,0,0.012641097299132431,EOD,0.00874109729913243
2025-01-07,SWED-A.ST,1,-0.0035025736179805644,EOD,-0.007402573617980564
2025-01-08,SWED-A.ST,0,-0.005263144509834117,STOP,-0.009163144509834117
2025-01-09,SWED-A.ST,1,-0.005281676779756106,EOD,-0.009181676779756107
2025-01-10,SWED-A.ST,0,-0.0035398365122026876,EOD,-0.007439836512202687
2025-01-13,SWED-A.ST,0,0.006613756524763703,EOD,0.0027137565247637033
2025-01-14,SWED-A.ST,0,0.0034842672983557144,EOD,-0.00041573270164428546
2025-01-15,SWED-A.ST,2,0.005591410975302358,EOD,0.001691410975302358
2025-01-17,SWED-A.ST,0,-0.003429074330446258,EOD,-0.007329074330446258
2025-01-20,SWED-A.ST,5,-0.005123812826126506,EOD,-0.009023812826126507
2025-01-22,SWED-A.ST,0,-0.005847927870414771,STOP,-0.009747927870414771
2025-01-23,SWED-A.ST,0,-0.012805110149653354,EOD,-0.016705110149653354
2025-01-29,SWED-A.ST,1,-0.000823710649622833,EOD,-0.004723710649622833
2025-01-30,SWED-A.ST,4,0.004513771511245546,EOD,0.0006137715112455458
2025-02-03,SWED-A.ST,2,-0.002510485788768335,EOD,-0.006410485788768335
2025-02-04,SWED-A.ST,7,0.0008347117827525175,EOD,-0.0030652882172474824
2025-02-06,SWED-A.ST,0,0.011948945989858739,EOD,0.008048945989858738
2025-02-07,SWED-A.ST,0,-0.0044390883372421586,EOD,-0.00833908833724216
2025-02-11,SWED-A.ST,4,0.006043513370037612,EOD,0.002143513370037612
2025-02-12,SWED-A.ST,0,-0.005584339503495905,STOP,-0.009484339503495906
2025-02-13,SWED-A.ST,0,0.0,EOD,-0.0039
2025-02-14,SWED-A.ST,0,0.0019778480773895435,EOD,-0.0019221519226104563
2025-02-17,SWED-A.ST,0,0.0011686317830277293,EOD,-0.0027313682169722705
2025-02-18,SWED-A.ST,2,0.005807201203595458,EOD,0.001907201203595458
2025-02-20,SWED-A.ST,0,-0.006664101004926759,STOP,-0.01056410100492676
2025-02-21,SWED-A.ST,0,-0.0031299023186791564,EOD,-0.007029902318679156
2025-02-24,SWED-A.ST,4,-0.003123791615352256,EOD,-0.007023791615352256
2025-02-25,SWED-A.ST,0,-0.0015515667782172171,EOD,-0.005451566778217217
2025-02-26,SWED-A.ST,2,0.0065536324095276655,EOD,0.0026536324095276656
2025-02-27,SWED-A.ST,0,-0.006883318519956938,STOP,-0.010783318519956939
2025-03-03,SWED-A.ST,1,0.005778120049049207,EOD,0.001878120049049207
2025-03-05,SWED-A.ST,0,0.004256989665240907,EOD,0.0003569896652409069
2025-03-06,SWED-A.ST,4,-0.0030487340380210837,EOD,-0.0069487340380210835
2025-03-07,SWED-A.ST,0,-0.009578544061302652,STOP,-0.013478544061302652
2025-03-10,SWED-A.ST,2,-0.0018939393939394478,EOD,-0.005793939393939448
2025-03-13,SWED-A.ST,0,-0.003847633795629468,EOD,-0.007747633795629468
2025-03-14,SWED-A.ST,1,0.0038299501211176423,EOD,-7.00498788823575e-05
2025-03-18,SWED-A.ST,0,0.006415140403891462,EOD,0.002515140403891462
2025-03-19,SWED-A.ST,0,-0.00600377524771345,STOP,-0.00990377524771345
2025-03-25,SWED-A.ST,1,0.004195177477981815,EOD,0.00029517747798181535
2025-03-27,SWED-A.ST,0,0.0,EOD,-0.0039
2025-04-01,SWED-A.ST,1,-0.00043874878194150035,EOD,-0.0043387487819415
2025-04-03,SWED-A.ST,0,-0.007616473886585262,EOD,-0.011516473886585263
2025-04-07,SWED-A.ST,0,0.024954445753360588,EOD,0.021054445753360587
2025-04-08,SWED-A.ST,5,-0.00984251983285922,EOD,-0.01374251983285922
2025-04-09,SWED-A.ST,7,0.0002512084953085747,EOD,-0.003648791504691425
2025-04-11,SWED-A.ST,2,0.004283645265773739,EOD,0.0003836452657737391
2025-04-14,SWED-A.ST,5,0.0023148148148148806,EOD,-0.0015851851851851192
2025-04-15,SWED-A.ST,0,0.008644194131503191,EOD,0.004744194131503191
2025-04-22,SWED-A.ST,0,-0.00995473732236285,STOP,-0.01385473732236285
2025-04-24,SWED-A.ST,1,0.0022421524663676085,EOD,-0.0016578475336323914
2025-04-28,SWED-A.ST,1,-0.00745612696597453,EOD,-0.01135612696597453
2025-04-29,SWED-A.ST,0,-0.004248088470383493,EOD,-0.008148088470383494
2025-04-30,SWED-A.ST,0,-0.00041669209798178564,EOD,-0.0043166920979817855
2025-05-05,SWED-A.ST,0,-0.0065870353434772655,STOP,-0.010487035343477266
2025-05-07,SWED-A.ST,1,0.0020408163265306367,EOD,-0.001859183673469363
2025-05-12,SWED-A.ST,1,0.0032064250571455233,EOD,-0.0006935749428544765
2025-05-14,SWED-A.ST,0,-0.007987220641973325,STOP,-0.011887220641973326
2025-05-15,SWED-A.ST,0,0.005947660658805809,EOD,0.002047660658805809
2025-05-16,SWED-A.ST,0,-0.011709660873727046,STOP,-0.015609660873727046
2025-05-19,SWED-A.ST,5,0.0019508389536244675,EOD,-0.0019491610463755324
2025-05-20,SWED-A.ST,1,0.0030960461665776595,EOD,-0.0008039538334223403
2025-05-23,SWED-A.ST,0,-0.00820314884185791,STOP,-0.01210314884185791
2025-05-27,SWED-A.ST,5,-0.005443270174289583,STOP,-0.009343270174289584
2025-05-30,SWED-A.ST,0,0.004645808222000669,EOD,0.0007458082220006693
2025-06-02,SWED-A.ST,0,0.0,EOD,-0.0039
2025-06-12,SWED-A.ST,5,0.005225092587669122,EOD,0.0013250925876691225
2025-06-13,SWED-A.ST,5,0.0020283975659229903,EOD,-0.0018716024340770096
2025-06-16,SWED-A.ST,1,0.00322321942624626,EOD,-0.0006767805737537399
2025-06-18,SWED-A.ST,0,0.0036466526959306744,EOD,-0.0002533473040693254
2025-06-23,SWED-A.ST,0,-0.008529613609898012,STOP,-0.012429613609898013
2025-06-24,SWED-A.ST,0,0.0003998034477663559,EOD,-0.003500196552233644
2025-06-27,SWED-A.ST,0,0.008416858130323224,EOD,0.004516858130323224
2025-07-02,SWED-A.ST,0,0.0007977540912513792,EOD,-0.0031022459087486206
2025-07-03,SWED-A.ST,0,0.0027646009347515044,EOD,-0.0011353990652484955
2025-07-08,SWED-A.ST,0,-0.0007945846272032764,EOD,-0.004694584627203276
2025-07-09,SWED-A.ST,1,0.003940110275712172,EOD,4.011027571217216e-05
2025-07-10,SWED-A.ST,0,0.004300198716197912,EOD,0.0004001987161979118
2025-07-14,SWED-A.ST,0,0.006789186295803384,EOD,0.0028891862958033846
2025-07-16,SWED-A.ST,0,-0.012535406652893655,STOP,-0.016435406652893655
2025-07-18,SWED-A.ST,4,0.005258912086596901,EOD,0.001358912086596901
2025-07-21,SWED-A.ST,2,0.008856732129985723,EOD,0.004956732129985723
2025-07-22,SWED-A.ST,1,0.0011928550765718526,EOD,-0.002707144923428147
2025-07-23,SWED-A.ST,4,-0.004711413280802046,STOP,-0.008611413280802047
2025-07-24,SWED-A.ST,0,-0.004255342760215219,STOP,-0.00815534276021522
2025-07-25,SWED-A.ST,0,-0.009273547178079045,STOP,-0.013173547178079045
2025-07-29,SWED-A.ST,0,-0.00038555954741237297,EOD,-0.004285559547412373
2025-07-30,SWED-A.ST,0,0.004994307996590619,EOD,0.0010943079965906191
2025-07-31,SWED-A.ST,0,-0.006461467759762751,STOP,-0.010361467759762752
2025-08-04,SWED-A.ST,0,0.001143798415971231,EOD,-0.0027562015840287687
2025-08-06,SWED-A.ST,0,-0.005296988123892787,STOP,-0.009196988123892788
2025-08-07,SWED-A.ST,0,0.0022633198404429233,EOD,-0.0016366801595570765
2025-08-08,SWED-A.ST,0,-0.006359827037365262,STOP,-0.010259827037365263
2025-08-12,SWED-A.ST,4,0.0022255418766023993,EOD,-0.0016744581233976005
2025-08-13,SWED-A.ST,0,-0.0036900369003689537,STOP,-0.0075900369003689535
2025-08-14,SWED-A.ST,0,0.0036496350364962904,EOD,-0.0002503649635037094
2025-08-19,SWED-A.ST,1,-0.0047584855507316615,STOP,-0.008658485550731662
2025-08-20,SWED-A.ST,0,0.006632344697964143,EOD,0.0027323446979641433
2025-08-21,SWED-A.ST,0,0.005478451668647244,EOD,0.0015784516686472442
2025-08-22,SWED-A.ST,0,0.0050762308775496034,EOD,0.0011762308775496036
2025-08-25,SWED-A.ST,0,-0.004689820538593348,STOP,-0.008589820538593348
2025-08-26,SWED-A.ST,5,-0.0021946090596578482,EOD,-0.006094609059657848
2025-08-29,SWED-A.ST,4,0.0026365808174435568,EOD,-0.001263419182556443
2025-09-01,SWED-A.ST,0,-0.002968414816210574,EOD,-0.006868414816210574
2025-09-04,SWED-A.ST,2,0.001881113705654025,EOD,-0.002018886294345975
2025-09-05,SWED-A.ST,2,-0.006718879559453272,STOP,-0.010618879559453273
2025-09-08,SWED-A.ST,0,-0.010611028269350675,STOP,-0.014511028269350676
2025-09-10,SWED-A.ST,0,-0.006268481307196594,STOP,-0.010168481307196595
2025-09-11,SWED-A.ST,0,-0.006959684602506844,STOP,-0.010859684602506844
2025-09-12,SWED-A.ST,3,0.006231716580285873,EOD,0.0023317165802858733
2025-09-15,SWED-A.ST,0,-0.002170003991014968,EOD,-0.006070003991014968
2025-09-16,SWED-A.ST,0,-0.0018162005890679511,STOP,-0.005716200589067951
2025-09-17,SWED-A.ST,0,0.002910215817786277,EOD,-0.000989784182213723
2025-09-19,SWED-A.ST,0,0.005055954956097786,EOD,0.0011559549560977858
2025-09-23,SWED-A.ST,1,0.004676215082621393,EOD,0.0007762150826213935
2025-09-25,SWED-A.ST,0,-0.002163633654342023,EOD,-0.006063633654342023
2025-09-26,SWED-A.ST,0,0.006069195474508016,EOD,0.002169195474508016
2025-09-29,SWED-A.ST,2,0.0038896964320978,EOD,-1.0303567902199794e-05
2025-09-30,SWED-A.ST,0,-0.004915709116891098,STOP,-0.008815709116891099
2025-10-01,SWED-A.ST,2,0.0007011980395987827,EOD,-0.003198801960401217
2025-10-03,SWED-A.ST,2,-0.005975438337543881,STOP,-0.009875438337543882
2025-10-06,SWED-A.ST,0,0.004907201100472713,EOD,0.0010072011004727136
2025-10-07,SWED-A.ST,2,-0.00453273308333324,EOD,-0.008432733083333241
2025-10-08,SWED-A.ST,0,-0.007294220729544998,STOP,-0.011194220729544999
2025-10-09,SWED-A.ST,1,-0.003485535103778359,EOD,-0.007385535103778359
2025-10-10,SWED-A.ST,0,-0.00379312449488145,EOD,-0.00769312449488145
2025-10-13,SWED-A.ST,0,-0.010316369071293852,STOP,-0.014216369071293852
2025-10-14,SWED-A.ST,0,0.003822120049243871,EOD,-7.787995075612866e-05
2025-10-15,SWED-A.ST,0,-0.007204137576382941,STOP,-0.011104137576382941
2025-10-17,SWED-A.ST,0,-0.0007042683346171197,EOD,-0.0046042683346171195
2025-10-20,SWED-A.ST,0,-0.004187062740668046,STOP,-0.008087062740668047
2025-10-21,SWED-A.ST,0,-0.006245726003834551,STOP,-0.010145726003834551
2025-10-22,SWED-A.ST,1,0.002076145686905173,EOD,-0.0018238543130948267
2025-10-27,SWED-A.ST,5,0.0013883855883731755,EOD,-0.0025116144116268243
2025-10-28,SWED-A.ST,0,-0.0010359748074025843,EOD,-0.004935974807402584
2025-10-30,SWED-A.ST,4,-0.002744383509326709,EOD,-0.006644383509326709
2025-11-03,SWED-A.ST,0,-0.0010338328667361951,EOD,-0.004933832866736195
2025-11-04,SWED-A.ST,2,0.01422614646869702,EOD,0.01032614646869702
2025-11-05,SWED-A.ST,6,-0.0013698421112479098,EOD,-0.00526984211124791
2025-11-06,SWED-A.ST,3,-0.002720225412934152,EOD,-0.006620225412934152
2025-11-10,SWED-A.ST,4,0.005149330802808327,EOD,0.0012493308028083275
2025-11-11,SWED-A.ST,0,0.0027191970080742145,EOD,-0.0011808029919257853
2025-11-12,SWED-A.ST,3,0.0020107443558587956,EOD,-0.0018892556441412042
2025-11-13,SWED-A.ST,0,-0.00635034871839435,STOP,-0.01025034871839435
2025-11-19,SWED-A.ST,5,-0.0010525887472587758,EOD,-0.004952588747258776
2025-11-20,SWED-A.ST,2,0.0013912831182065766,EOD,-0.0025087168817934232
2025-11-21,SWED-A.ST,0,0.0006981228866709266,EOD,-0.0032018771133290732
2025-11-25,SWED-A.ST,3,0.001709986355803439,EOD,-0.002190013644196561
2025-11-26,SWED-A.ST,0,0.010152284263959421,EOD,0.0062522842639594215
2025-11-27,SWED-A.ST,6,-0.0013342025109106537,EOD,-0.0052342025109106535
2025-12-01,SWED-A.ST,7,0.0016474464579900872,EOD,-0.0022525535420099127
2025-12-02,SWED-A.ST,0,0.002285381113055651,EOD,-0.0016146188869443487
2025-12-04,SWED-A.ST,6,0.004648053916817441,EOD,0.0007480539168174408
2025-12-08,SWED-A.ST,1,0.0029644067140681685,EOD,-0.0009355932859318314
2025-12-10,SWED-A.ST,4,0.004575143452563379,EOD,0.0006751434525633796
2025-12-11,SWED-A.ST,0,0.013570314077645307,EOD,0.009670314077645306
2025-12-12,SWED-A.ST,0,-0.005708810220920957,STOP,-0.009608810220920957
2025-12-17,SWED-A.ST,5,0.0,EOD,-0.0039
2025-12-18,SWED-A.ST,0,-0.004830917874396157,STOP,-0.008730917874396157
2025-12-19,SWED-A.ST,0,0.004134918370815477,EOD,0.00023491837081547704
2025-12-22,SWED-A.ST,7,0.0,EOD,-0.0039
2025-12-23,SWED-A.ST,1,-0.0031555696410857648,EOD,-0.007055569641085765
2025-12-30,SWED-A.ST,0,0.0031279323172261897,EOD,-0.0007720676827738101
2026-01-02,SWED-A.ST,0,-0.0006142880936177431,EOD,-0.004514288093617743
2026-01-05,SWED-A.ST,2,-0.004294459805166739,EOD,-0.00819445980516674
2026-01-08,SWED-A.ST,4,-0.005219564455989811,STOP,-0.009119564455989812
2026-01-12,SWED-A.ST,5,-0.0006108176334186366,EOD,-0.004510817633418636
2026-01-13,SWED-A.ST,4,0.0024198057416799923,EOD,-0.0014801942583200075
2026-01-14,SWED-A.ST,3,-0.004515352031550179,STOP,-0.00841535203155018
2026-01-16,SWED-A.ST,6,-0.001147758669969523,EOD,-0.005047758669969523
2026-01-20,SWED-A.ST,5,-0.00613857370958415,STOP,-0.01003857370958415
2026-01-21,SWED-A.ST,0,0.010535485681388623,EOD,0.0066354856813886235
2026-01-22,SWED-A.ST,5,-0.0068240669057745285,EOD,-0.01072406690577453
2026-01-26,SWED-A.ST,1,-0.004903409712071483,EOD,-0.008803409712071483
2026-01-27,SWED-A.ST,0,0.0037174370820414193,EOD,-0.0001825629179585805
2026-01-29,SWED-A.ST,2,-0.023446293200476642,EOD,-0.027346293200476643
2026-01-30,SWED-A.ST,0,-0.008257472418175649,EOD,-0.01215747241817565
2026-02-03,SWED-A.ST,0,-0.005577244746121535,EOD,-0.009477244746121535
2026-02-04,SWED-A.ST,1,0.0013858093595249255,EOD,-0.0025141906404750744
2026-02-06,SWED-A.ST,0,-0.0033669520482698667,EOD,-0.0072669520482698665
2026-02-10,SWED-A.ST,0,-0.006165868174663913,STOP,-0.010065868174663914
2026-02-11,SWED-A.ST,5,-0.009566668415516788,STOP,-0.013466668415516789
2026-02-16,SWED-A.ST,0,-0.0005791534796492082,EOD,-0.004479153479649208
2026-02-17,SWED-A.ST,0,0.0028801842305343772,EOD,-0.0010198157694656226
2026-02-20,SWED-A.ST,1,0.0048991706254502,EOD,0.0009991706254502
2026-02-23,SWED-A.ST,4,-0.007365456383896962,STOP,-0.011265456383896963
2026-02-25,SWED-A.ST,0,0.003996644198828614,EOD,9.664419882861406e-05
2026-02-27,SWED-A.ST,0,-0.006267841045673128,STOP,-0.010167841045673129
2026-03-02,SWED-A.ST,0,0.0020390685462343683,EOD,-0.0018609314537656315
2026-03-04,SWED-A.ST,0,0.010410469580366177,EOD,0.0065104695803661775
2026-03-05,SWED-A.ST,0,-0.010597603691935076,STOP,-0.014497603691935076
2026-03-09,SWED-A.ST,0,0.018015248538883588,EOD,0.014115248538883587
2026-03-11,SWED-A.ST,1,0.0032641130668118468,EOD,-0.0006358869331881531
2026-03-13,SWED-A.ST,0,-0.0018082447498818377,EOD,-0.0057082447498818375
2026-03-16,SWED-A.ST,1,-0.0011951729891633844,EOD,-0.005095172989163384
2026-03-17,SWED-A.ST,0,0.004151820420530861,EOD,0.0002518204205308608
2026-03-23,SWED-A.ST,0,0.01888546781274192,EOD,0.014985467812741918
2026-03-25,SWED-A.ST,0,0.005948406333980749,EOD,0.0020484063339807493
2026-03-26,SWED-A.ST,4,-0.0006569700836496217,EOD,-0.0045569700836496215
2026-03-27,SWED-A.ST,5,0.005223657092004563,EOD,0.0013236570920045635
2026-03-30,SWED-A.ST,0,0.020625280908269206,EOD,0.016725280908269205
2026-03-31,SWED-A.ST,0,-0.005922674466280031,EOD,-0.009822674466280032
2026-04-10,SWED-A.ST,1,0.007018577074436205,EOD,0.0031185770744362054
2026-04-13,SWED-A.ST,0,0.012095554437100642,EOD,0.008195554437100641
2026-04-14,SWED-A.ST,5,0.004161694179207309,EOD,0.0002616941792073094
2026-04-15,SWED-A.ST,2,0.003260243400754481,EOD,-0.0006397565992455187
2026-04-20,SWED-A.ST,0,-0.00544470138328812,STOP,-0.00934470138328812
2026-04-21,SWED-A.ST,0,-0.003639709319384954,EOD,-0.007539709319384954
2026-04-24,SWED-A.ST,3,-0.006209251667499971,STOP,-0.010109251667499972
2026-04-27,SWED-A.ST,0,-0.006523784229057639,STOP,-0.01042378422905764
2026-04-28,SWED-A.ST,1,-0.006519733200007205,STOP,-0.010419733200007206
2026-04-29,SWED-A.ST,0,0.010631721525466764,EOD,0.006731721525466764
2026-04-30,SWED-A.ST,0,-0.0009258882499035836,EOD,-0.0048258882499035835
2026-05-05,SWED-A.ST,0,-0.0012273516538064966,EOD,-0.005127351653806496
2026-05-06,SWED-A.ST,0,-0.009374073145104411,EOD,-0.013274073145104412
2026-05-08,SWED-A.ST,0,0.0018558803778856436,EOD,-0.002044119622114356
2026-05-11,SWED-A.ST,0,-0.00030923347372613375,EOD,-0.0042092334737261336
2026-05-12,SWED-A.ST,3,-0.0037162642060557527,EOD,-0.0076162642060557525
2026-05-18,SWED-A.ST,0,0.005214761371261423,EOD,0.0013147613712614229
2026-05-19,SWED-A.ST,2,0.0,EOD,-0.0039
2026-05-20,SWED-A.ST,0,0.01234941597444461,EOD,0.00844941597444461
2026-05-21,SWED-A.ST,0,0.005001507024295471,EOD,0.0011015070242954709
2026-05-22,SWED-A.ST,0,-0.0040852768141038664,STOP,-0.007985276814103867
2026-05-25,SWED-A.ST,0,0.004906240135732265,EOD,0.001006240135732265
2026-05-29,SWED-A.ST,6,0.0014667058050807924,EOD,-0.0024332941949192074
2026-06-08,SWED-A.ST,1,0.0023937395683670815,EOD,-0.0015062604316329184
2026-06-09,SWED-A.ST,0,-0.00534279556419881,STOP,-0.00924279556419881
2026-06-10,SWED-A.ST,0,-0.009459006222049982,STOP,-0.013359006222049982
2026-06-11,SWED-A.ST,0,-0.0026494683006192954,EOD,-0.006549468300619295
2026-06-12,SWED-A.ST,0,0.00491040332036885,EOD,0.0010104033203688504
2026-06-16,SWED-A.ST,0,-0.005160515642096741,STOP,-0.009060515642096742
2026-06-17,SWED-A.ST,3,0.014964063905125835,EOD,0.011064063905125834
2026-06-22,SWED-A.ST,2,0.0027816411682892728,EOD,-0.001118358831710727
2026-06-25,SWED-A.ST,2,-0.0019597205574156673,EOD,-0.005859720557415667
2026-06-26,SWED-A.ST,0,-0.003055572509765625,EOD,-0.006955572509765625
2026-06-30,SWED-A.ST,0,0.008075727783887654,EOD,0.004175727783887654
2026-07-02,SWED-A.ST,0,0.01084838357853779,EOD,0.00694838357853779
2026-07-03,SWED-A.ST,5,0.003837786351180039,EOD,-6.221364881996063e-05
2026-07-06,SWED-A.ST,6,-0.0005441028392554337,EOD,-0.0044441028392554335
2026-07-07,SWED-A.ST,0,-0.002435707432975276,EOD,-0.006335707432975276
2023-08-09,TEL2-B.ST,0,-0.0062777365064936586,STOP,-0.01017773650649366
2023-08-10,TEL2-B.ST,0,0.00836600509344354,EOD,0.0044660050934435406
2023-08-11,TEL2-B.ST,0,-0.008228328615232483,STOP,-0.012128328615232484
2023-08-14,TEL2-B.ST,0,-0.004898232454802365,STOP,-0.008798232454802365
2023-08-17,TEL2-B.ST,0,0.0036477171900013428,EOD,-0.00025228280999865706
2023-08-21,TEL2-B.ST,0,-0.007025772979952549,STOP,-0.01092577297995255
2023-08-22,TEL2-B.ST,0,-0.00419947122887121,EOD,-0.00809947122887121
2023-08-23,TEL2-B.ST,0,0.0018334126313437338,EOD,-0.002066587368656266
2023-08-25,TEL2-B.ST,0,-0.0047306257236521265,EOD,-0.008630625723652127
2023-08-28,TEL2-B.ST,3,0.0071090168777756535,EOD,0.0032090168777756537
2023-08-29,TEL2-B.ST,5,-0.0020587192433902946,EOD,-0.005958719243390294
2023-08-30,TEL2-B.ST,0,-0.006403688374417182,STOP,-0.010303688374417183
2023-08-31,TEL2-B.ST,0,-0.004598883699098555,STOP,-0.008498883699098556
2023-09-01,TEL2-B.ST,0,-0.0015440394325426654,EOD,-0.005444039432542665
2023-09-04,TEL2-B.ST,0,-0.006403688374417182,STOP,-0.010303688374417183
2023-09-05,TEL2-B.ST,3,-0.0005178782578152408,EOD,-0.004417878257815241
2023-09-07,TEL2-B.ST,0,0.0023340287702953155,EOD,-0.0015659712297046843
2023-09-08,TEL2-B.ST,0,-0.005677450856854893,STOP,-0.009577450856854894
2023-09-11,TEL2-B.ST,0,0.0,EOD,-0.0039
2023-09-13,TEL2-B.ST,6,0.0017788995562542098,EOD,-0.00212110044374579
2023-09-14,TEL2-B.ST,5,0.0010087540804752937,EOD,-0.002891245919524706
2023-09-18,TEL2-B.ST,2,-0.0007440173493038493,EOD,-0.004644017349303849
2023-09-19,TEL2-B.ST,1,-0.005425336871641484,STOP,-0.009325336871641485
2023-09-20,TEL2-B.ST,0,0.007495105271254854,EOD,0.003595105271254854
2023-09-21,TEL2-B.ST,5,0.030600017290618453,EOD,0.026700017290618452
2023-09-22,TEL2-B.ST,0,-0.006965387489812236,EOD,-0.010865387489812237
2023-09-26,TEL2-B.ST,0,-0.0014298751168455581,EOD,-0.005329875116845558
2023-09-29,TEL2-B.ST,0,0.009408911519179997,EOD,0.005508911519179997
2023-10-02,TEL2-B.ST,0,-0.01113219344182903,STOP,-0.015032193441829031
2023-10-04,TEL2-B.ST,0,0.0012042205324975797,EOD,-0.00269577946750242
2023-10-05,TEL2-B.ST,1,0.00549589881289525,EOD,0.0015958988128952504
2023-10-09,TEL2-B.ST,0,0.012533845009660594,EOD,0.008633845009660593
2023-10-10,TEL2-B.ST,6,-0.00443827225674398,EOD,-0.008338272256743981
2023-10-17,TEL2-B.ST,0,-0.010565878406368356,STOP,-0.014465878406368357
2023-10-18,TEL2-B.ST,0,0.007236259854968452,EOD,0.003336259854968452
2023-10-26,TEL2-B.ST,0,-0.007424498344376529,STOP,-0.01132449834437653
2023-10-31,TEL2-B.ST,0,0.0,EOD,-0.0039
2023-11-02,TEL2-B.ST,0,-0.003954519303820514,EOD,-0.007854519303820515
2023-11-03,TEL2-B.ST,0,0.0004891283458599016,EOD,-0.003410871654140098
2023-11-07,TEL2-B.ST,0,-0.009929761160599182,EOD,-0.013829761160599183
2023-11-09,TEL2-B.ST,1,-0.00740190589923706,STOP,-0.01130190589923706
2023-11-13,TEL2-B.ST,0,-0.0029592832094332833,EOD,-0.006859283209433283
2023-11-14,TEL2-B.ST,6,0.0,EOD,-0.0039
2023-11-17,TEL2-B.ST,0,-0.0031839593995892645,EOD,-0.007083959399589264
2023-11-22,TEL2-B.ST,0,-0.01361539894841235,STOP,-0.01751539894841235
2023-11-23,TEL2-B.ST,3,-0.0004916804516031936,EOD,-0.0043916804516031934
2023-11-27,TEL2-B.ST,0,-0.006595028500746558,STOP,-0.010495028500746559
2023-11-28,TEL2-B.ST,1,0.005859416109161408,EOD,0.0019594161091614085
2023-11-29,TEL2-B.ST,0,-0.007518830384013131,STOP,-0.011418830384013132
2023-12-01,TEL2-B.ST,3,0.0036066728859960318,EOD,-0.00029332711400396807
2023-12-04,TEL2-B.ST,1,0.002136248523762818,EOD,-0.0017637514762371817
2023-12-05,TEL2-B.ST,0,0.003797765092705019,EOD,-0.00010223490729498099
2023-12-06,TEL2-B.ST,0,0.002577938014340475,EOD,-0.0013220619856595247
2023-12-07,TEL2-B.ST,1,-0.005110276652838364,EOD,-0.009010276652838364
2023-12-08,TEL2-B.ST,0,-0.0011627729548964183,EOD,-0.005062772954896418
2023-12-11,TEL2-B.ST,0,-0.006731682989815746,STOP,-0.010631682989815747
2023-12-12,TEL2-B.ST,2,-0.005820721666103368,EOD,-0.009720721666103369
2023-12-19,TEL2-B.ST,1,-0.00605492151486664,STOP,-0.009954921514866641
2023-12-20,TEL2-B.ST,0,0.008458571053529651,EOD,0.004558571053529651
2024-01-02,TEL2-B.ST,0,0.007050205821868216,EOD,0.0031502058218682164
2024-01-04,TEL2-B.ST,0,0.0027008537263228938,EOD,-0.001199146273677106
2024-01-10,TEL2-B.ST,0,-0.0035858326141234853,EOD,-0.007485832614123485
2024-01-12,TEL2-B.ST,5,0.0009120135652234129,EOD,-0.002987986434776587
2024-01-15,TEL2-B.ST,2,0.010386070782657963,EOD,0.006486070782657964
2024-01-18,TEL2-B.ST,0,0.003158831015623642,EOD,-0.0007411689843763577
2024-01-19,TEL2-B.ST,0,-0.006036227599526933,STOP,-0.009936227599526934
2024-01-23,TEL2-B.ST,0,-0.0075446231913874895,STOP,-0.01144462319138749
2024-01-25,TEL2-B.ST,5,0.0006886771889604848,EOD,-0.003211322811039515
2024-01-26,TEL2-B.ST,3,0.014482783175062908,EOD,0.010582783175062907
2024-01-31,TEL2-B.ST,0,0.037599267207518716,EOD,0.033699267207518716
2024-02-02,TEL2-B.ST,0,-0.010928951781599139,STOP,-0.01482895178159914
2024-02-07,TEL2-B.ST,2,-0.007070450975791065,STOP,-0.010970450975791066
2024-02-12,TEL2-B.ST,4,0.0036197280610483773,EOD,-0.0002802719389516225
2024-02-13,TEL2-B.ST,0,-0.011661153572792626,STOP,-0.015561153572792627
2024-02-14,TEL2-B.ST,4,0.007493386059821416,EOD,0.0035933860598214165
2024-02-15,TEL2-B.ST,0,0.0050167004637053925,EOD,0.0011167004637053926
2024-02-20,TEL2-B.ST,0,0.015789470321974086,EOD,0.011889470321974085
2024-02-27,TEL2-B.ST,0,-0.00022877712605673395,EOD,-0.004128777126056734
2024-02-28,TEL2-B.ST,0,-0.00976829397328971,STOP,-0.01366829397328971
2024-02-29,TEL2-B.ST,5,0.0016132679375173709,EOD,-0.002286732062482629
2024-03-01,TEL2-B.ST,0,-0.006167210262494449,STOP,-0.01006721026249445
2024-03-05,TEL2-B.ST,2,0.009790166760063057,EOD,0.005890166760063057
2024-03-07,TEL2-B.ST,0,-0.003233242312129514,EOD,-0.007133242312129514
2024-03-08,TEL2-B.ST,6,0.0020852676762297406,EOD,-0.0018147323237702592
2024-03-11,TEL2-B.ST,2,-0.006902881808106831,STOP,-0.010802881808106832
2024-03-12,TEL2-B.ST,0,-0.006421990575597558,EOD,-0.010321990575597559
2024-03-13,TEL2-B.ST,0,0.006672823783628434,EOD,0.0027728237836284345
2024-03-14,TEL2-B.ST,0,-0.004313249262196006,EOD,-0.008213249262196007
2024-03-15,TEL2-B.ST,2,-0.006313388701924327,EOD,-0.010213388701924328
2024-03-20,TEL2-B.ST,6,0.0025516262768308096,EOD,-0.0013483737231691903
2024-03-21,TEL2-B.ST,2,-0.009664016976368761,EOD,-0.013564016976368762
2024-03-22,TEL2-B.ST,0,-0.004349785379613946,EOD,-0.008249785379613947
2024-03-25,TEL2-B.ST,3,0.0022903910781169046,EOD,-0.0016096089218830953
2024-03-26,TEL2-B.ST,0,-0.0050170447813286945,STOP,-0.008917044781328695
2024-04-02,TEL2-B.ST,0,-0.014014528098081125,STOP,-0.017914528098081126
2024-04-03,TEL2-B.ST,2,0.011299435028248483,EOD,0.007399435028248484
2024-04-04,TEL2-B.ST,0,0.010210856654004896,EOD,0.006310856654004896
2024-04-05,TEL2-B.ST,0,-0.001979765824910218,EOD,-0.005879765824910218
2024-04-08,TEL2-B.ST,7,-0.0004354669830960445,EOD,-0.004335466983096044
2024-04-10,TEL2-B.ST,0,-0.009073276632874161,STOP,-0.012973276632874162
2024-04-11,TEL2-B.ST,0,-0.014362314292120648,STOP,-0.01826231429212065
2024-04-12,TEL2-B.ST,3,-0.011846866254875188,EOD,-0.01574686625487519
2024-04-15,TEL2-B.ST,0,-0.007700547815006731,STOP,-0.011600547815006731
2024-04-17,TEL2-B.ST,0,0.005865749835411993,EOD,0.001965749835411993
2024-04-18,TEL2-B.ST,0,0.010842855313327737,EOD,0.006942855313327737
2024-04-19,TEL2-B.ST,1,0.009509478816134953,EOD,0.005609478816134953
2024-04-22,TEL2-B.ST,6,0.0009779801870033467,EOD,-0.002922019812996653
2024-04-23,TEL2-B.ST,1,0.006283243548127926,EOD,0.002383243548127926
2024-04-24,TEL2-B.ST,0,-0.00814962683264564,STOP,-0.01204962683264564
2024-04-26,TEL2-B.ST,0,0.004318662099963788,EOD,0.0004186620999637883
2024-04-29,TEL2-B.ST,7,0.0,EOD,-0.0039
2024-05-02,TEL2-B.ST,0,-0.007218479201015149,EOD,-0.01111847920101515
2024-05-03,TEL2-B.ST,4,-0.009647853210598578,EOD,-0.013547853210598579
2024-05-06,TEL2-B.ST,0,-0.00048242210344129344,EOD,-0.004382422103441293
2024-05-07,TEL2-B.ST,0,-0.009147780088594959,STOP,-0.01304778008859496
2024-05-08,TEL2-B.ST,0,-0.005808384179959769,STOP,-0.00970838417995977
2024-05-10,TEL2-B.ST,0,0.0,EOD,-0.0039
2024-05-14,TEL2-B.ST,3,0.007626267023131739,EOD,0.003726267023131739
2024-05-15,TEL2-B.ST,0,-0.005171560228062533,STOP,-0.009071560228062533
2024-05-17,TEL2-B.ST,4,-0.0014748662830413872,EOD,-0.005374866283041387
2024-05-20,TEL2-B.ST,1,0.004911591208359711,EOD,0.0010115912083597115
2024-05-21,TEL2-B.ST,7,-0.005376373757091102,STOP,-0.009276373757091103
2024-05-22,TEL2-B.ST,0,-0.00438593523328068,STOP,-0.00828593523328068
2024-05-23,TEL2-B.ST,1,-0.005873700099447321,EOD,-0.009773700099447322
2024-05-24,TEL2-B.ST,1,-0.004923682766854842,EOD,-0.008823682766854843
2024-05-27,TEL2-B.ST,3,0.0034636166605737095,EOD,-0.0004363833394262903
2024-05-30,TEL2-B.ST,0,0.009429250106622211,EOD,0.005529250106622211
2024-05-31,TEL2-B.ST,0,0.0044052564025482965,EOD,0.0005052564025482967
2024-06-03,TEL2-B.ST,3,0.006789569233722315,EOD,0.0028895692337223148
2024-06-05,TEL2-B.ST,0,0.002385496113740837,EOD,-0.0015145038862591628
2024-06-10,TEL2-B.ST,0,-0.006237945446459392,EOD,-0.010137945446459393
2024-06-12,TEL2-B.ST,0,-0.005816756812849544,STOP,-0.009716756812849545
2024-06-13,TEL2-B.ST,3,0.009183224800983103,EOD,0.005283224800983103
2024-06-14,TEL2-B.ST,7,0.0,EOD,-0.0039
2024-06-18,TEL2-B.ST,0,0.003323822070062654,EOD,-0.0005761779299373456
2024-06-20,TEL2-B.ST,0,0.0023663037992363023,EOD,-0.0015336962007636975
2024-06-28,TEL2-B.ST,0,0.00612912661744236,EOD,0.00222912661744236
2024-07-03,TEL2-B.ST,0,-0.010481167280677273,STOP,-0.014381167280677273
2024-07-05,TEL2-B.ST,4,-0.005337244400483554,EOD,-0.009237244400483555
2024-07-08,TEL2-B.ST,0,-0.005365883431783569,STOP,-0.00926588343178357
2024-07-09,TEL2-B.ST,0,-0.005859360011527537,STOP,-0.009759360011527538
2024-07-10,TEL2-B.ST,0,0.00828055003883077,EOD,0.00438055003883077
2024-07-11,TEL2-B.ST,6,-0.001442322364220261,EOD,-0.005342322364220261
2024-07-12,TEL2-B.ST,0,-0.0014333638193193554,EOD,-0.005333363819319355
2024-07-15,TEL2-B.ST,0,-0.005725248912629266,STOP,-0.009625248912629267
2024-07-16,TEL2-B.ST,0,0.004800768052564575,EOD,0.0009007680525645748
2024-07-17,TEL2-B.ST,0,0.0156632251612423,EOD,0.0117632251612423
2024-07-18,TEL2-B.ST,0,0.004716981132075526,EOD,0.0008169811320755263
2024-07-19,TEL2-B.ST,7,0.0009372643521643464,EOD,-0.0029627356478356534
2024-07-22,TEL2-B.ST,1,-0.004677268408447621,EOD,-0.008577268408447622
2024-07-23,TEL2-B.ST,6,0.007469683129371019,EOD,0.003569683129371019
2024-07-25,TEL2-B.ST,0,0.007834087319088523,EOD,0.003934087319088523
2024-07-26,TEL2-B.ST,0,0.0027446972917395396,EOD,-0.0011553027082604602
2024-07-30,TEL2-B.ST,6,0.0009021062291167947,EOD,-0.002997893770883205
2024-07-31,TEL2-B.ST,1,-0.0067598018984161845,STOP,-0.010659801898416185
2024-08-01,TEL2-B.ST,5,-0.005874392380617266,STOP,-0.009774392380617267
2024-08-02,TEL2-B.ST,0,0.018181818181818077,EOD,0.014281818181818076
2024-08-05,TEL2-B.ST,1,-0.0191605702861114,STOP,-0.0230605702861114
2024-08-08,TEL2-B.ST,2,0.0073597338934492385,EOD,0.0034597338934492386
2024-08-09,TEL2-B.ST,0,-0.00817069008998117,STOP,-0.01207069008998117
2024-08-12,TEL2-B.ST,6,0.0031963330969961845,EOD,-0.0007036669030038153
2024-08-14,TEL2-B.ST,0,-0.004512635254770081,STOP,-0.008412635254770082
2024-08-16,TEL2-B.ST,1,0.007688814569486224,EOD,0.0037888145694862244
2024-08-19,TEL2-B.ST,0,-0.00134584029243201,EOD,-0.00524584029243201
2024-08-21,TEL2-B.ST,0,0.002719813364125745,EOD,-0.001180186635874255
2024-08-22,TEL2-B.ST,3,0.004048555484161831,EOD,0.00014855548416183115
2024-08-23,TEL2-B.ST,0,0.0026571781958260043,EOD,-0.0012428218041739955
2024-08-26,TEL2-B.ST,3,0.003966545524386467,EOD,6.654552438646686e-05
2024-08-27,TEL2-B.ST,0,0.003508785314727314,EOD,-0.0003912146852726858
2024-08-28,TEL2-B.ST,2,-0.0026154789044907645,EOD,-0.006515478904490764
2024-08-29,TEL2-B.ST,0,0.0008699965739074056,EOD,-0.0030300034260925942
2024-08-30,TEL2-B.ST,0,0.004743450334054877,EOD,0.0008434503340548774
2024-09-02,TEL2-B.ST,4,0.002133105857591522,EOD,-0.001766894142408478
2024-09-03,TEL2-B.ST,2,0.001276608730884199,EOD,-0.002623391269115801
2024-09-04,TEL2-B.ST,4,-0.002125850367719284,EOD,-0.006025850367719284
2024-09-05,TEL2-B.ST,3,0.0038135334596796078,EOD,-8.646654032039205e-05
2024-09-09,TEL2-B.ST,4,0.0025274057242699044,EOD,-0.0013725942757300954
2024-09-10,TEL2-B.ST,0,-0.004600610938668814,STOP,-0.008500610938668815
2024-09-13,TEL2-B.ST,4,-0.004248088470383493,STOP,-0.008148088470383494
2024-09-16,TEL2-B.ST,4,0.0072401913379338545,EOD,0.0033401913379338547
2024-09-20,TEL2-B.ST,0,0.008568980515428093,EOD,0.004668980515428093
2024-09-23,TEL2-B.ST,0,-0.004610251782803387,EOD,-0.008510251782803388
2024-09-25,TEL2-B.ST,0,-0.005897194323833177,STOP,-0.009797194323833178
2024-10-01,TEL2-B.ST,4,-0.0030381812794521013,EOD,-0.006938181279452101
2024-10-04,TEL2-B.ST,1,-0.007391291079313911,STOP,-0.011291291079313912
2024-10-08,TEL2-B.ST,0,0.004407227972232697,EOD,0.000507227972232697
2024-10-11,TEL2-B.ST,0,-0.004830877731529348,STOP,-0.008730877731529349
2024-10-14,TEL2-B.ST,3,0.00045183390577352434,EOD,-0.0034481660942264755
2024-10-15,TEL2-B.ST,5,0.0013227647606748327,EOD,-0.002577235239325167
2024-10-16,TEL2-B.ST,4,0.0039249624269792616,EOD,2.4962426979261744e-05
2024-10-18,TEL2-B.ST,0,0.0030973316293902986,EOD,-0.0008026683706097012
2024-10-21,TEL2-B.ST,0,-0.004416961249818829,STOP,-0.00831696124981883
2024-10-23,TEL2-B.ST,6,0.0072760625189867145,EOD,0.0033760625189867147
2024-10-24,TEL2-B.ST,0,0.004005381252767615,EOD,0.00010538125276761488
2024-10-28,TEL2-B.ST,6,-0.0017566706273399735,EOD,-0.005656670627339973
2024-10-29,TEL2-B.ST,1,0.00043766347271612105,EOD,-0.0034623365272838788
2024-10-30,TEL2-B.ST,0,-0.006102850626561573,STOP,-0.010002850626561574
2024-10-31,TEL2-B.ST,0,0.0013453051648333325,EOD,-0.0025546948351666673
2024-11-04,TEL2-B.ST,1,0.00044322181747058487,EOD,-0.003456778182529415
2024-11-06,TEL2-B.ST,1,-0.006708407688082008,STOP,-0.010608407688082008
2024-11-08,TEL2-B.ST,6,0.003608493742760732,EOD,-0.0002915062572392676
2024-11-11,TEL2-B.ST,0,0.0004456600099631558,EOD,-0.003454339990036844
2024-11-13,TEL2-B.ST,0,0.0004496677439755903,EOD,-0.0034503322560244095
2024-11-14,TEL2-B.ST,6,0.000889338428009534,EOD,-0.003010661571990466
2024-11-22,TEL2-B.ST,1,-0.006143018578228965,EOD,-0.010043018578228965
2024-11-25,TEL2-B.ST,6,-0.0008822097526884898,EOD,-0.00478220975268849
2024-11-27,TEL2-B.ST,5,0.007054633259248266,EOD,0.0031546332592482665
2024-11-28,TEL2-B.ST,0,0.0030648521266971596,EOD,-0.0008351478733028403
2024-11-29,TEL2-B.ST,0,0.0,EOD,-0.0039
2024-12-02,TEL2-B.ST,1,0.009581867986755643,EOD,0.0056818679867556435
2024-12-03,TEL2-B.ST,0,-0.0051902982875506876,STOP,-0.009090298287550688
2024-12-04,TEL2-B.ST,3,-0.006956548276154884,STOP,-0.010856548276154884
2024-12-05,TEL2-B.ST,0,0.0051925439919922045,EOD,0.0012925439919922047
2024-12-06,TEL2-B.ST,0,0.0025729250058643682,EOD,-0.0013270749941356316
2024-12-10,TEL2-B.ST,0,-0.005637480560925279,STOP,-0.00953748056092528
2024-12-13,TEL2-B.ST,2,-0.000881043824855432,EOD,-0.004781043824855432
2024-12-16,TEL2-B.ST,0,-0.004837250986151287,STOP,-0.008737250986151288
2024-12-17,TEL2-B.ST,0,-0.007036019734701027,EOD,-0.010936019734701027
2024-12-23,TEL2-B.ST,3,-0.0009212906559563638,EOD,-0.004821290655956364
2024-12-27,TEL2-B.ST,3,0.0036563210265063706,EOD,-0.00024367897349362923
2024-12-30,TEL2-B.ST,0,-0.0031919605038809307,STOP,-0.0070919605038809305
2025-01-02,TEL2-B.ST,0,0.009506591949023369,EOD,0.005606591949023369
2025-01-03,TEL2-B.ST,3,-0.005793172140496683,STOP,-0.009693172140496684
2025-01-08,TEL2-B.ST,0,-0.01007324638152196,STOP,-0.013973246381521962
2025-01-09,TEL2-B.ST,0,0.0045745652885593735,EOD,0.0006745652885593737
2025-01-13,TEL2-B.ST,2,-0.0014038514555078097,EOD,-0.0053038514555078095
2025-01-14,TEL2-B.ST,0,-0.004227308230558058,EOD,-0.008127308230558059
2025-01-15,TEL2-B.ST,1,-0.0065390430423273305,STOP,-0.010439043042327331
2025-01-16,TEL2-B.ST,0,0.02393003624120338,EOD,0.020030036241203378
2025-01-17,TEL2-B.ST,0,0.005376330486780656,EOD,0.0014763304867806562
2025-01-20,TEL2-B.ST,0,0.0008900620870424536,EOD,-0.0030099379129575462
2025-01-21,TEL2-B.ST,0,0.00797166974061203,EOD,0.004071669740612031
2025-01-27,TEL2-B.ST,1,-0.0077955298421346075,EOD,-0.011695529842134608
2025-01-28,TEL2-B.ST,4,-0.0030290445198764004,EOD,-0.0069290445198764
2025-01-29,TEL2-B.ST,1,-0.0037006328444810777,EOD,-0.0076006328444810775
2025-01-30,TEL2-B.ST,0,0.003294905443585572,EOD,-0.000605094556414428
2025-01-31,TEL2-B.ST,0,0.011480127600766554,EOD,0.007580127600766554
2025-02-04,TEL2-B.ST,0,-0.010603551701003355,STOP,-0.014503551701003356
2025-02-05,TEL2-B.ST,0,0.011111098552436971,EOD,0.007211098552436971
2025-02-06,TEL2-B.ST,0,-0.012489890744732834,STOP,-0.016389890744732835
2025-02-10,TEL2-B.ST,2,-0.004006410158440721,EOD,-0.007906410158440721
2025-02-12,TEL2-B.ST,0,-0.004017677880763237,STOP,-0.007917677880763238
2025-02-17,TEL2-B.ST,0,-0.002026753166538997,EOD,-0.005926753166538997
2025-02-18,TEL2-B.ST,0,0.004467937112716092,EOD,0.0005679371127160918
2025-02-19,TEL2-B.ST,0,-0.0064386563521755535,STOP,-0.010338656352175554
2025-02-20,TEL2-B.ST,0,0.00040341309390012903,EOD,-0.003496586906099871
2025-02-21,TEL2-B.ST,0,0.0040322580645162365,EOD,0.00013225806451623665
2025-02-24,TEL2-B.ST,0,0.013529621389555269,EOD,0.009629621389555268
2025-02-25,TEL2-B.ST,0,-0.006247583230704401,EOD,-0.010147583230704402
2025-02-26,TEL2-B.ST,0,0.00511409546563657,EOD,0.0012140954656365702
2025-02-27,TEL2-B.ST,0,0.003110372297824071,EOD,-0.0007896277021759287
2025-03-03,TEL2-B.ST,5,-0.0023400579524537335,EOD,-0.006240057952453733
2025-03-07,TEL2-B.ST,0,0.01571317164877617,EOD,0.011813171648776169
2025-03-10,TEL2-B.ST,0,0.00039310576224438343,EOD,-0.0035068942377556164
2025-03-11,TEL2-B.ST,0,-0.008603820784117922,STOP,-0.012503820784117922
2025-03-12,TEL2-B.ST,0,-0.009342132944742065,STOP,-0.013242132944742066
2025-03-13,TEL2-B.ST,0,-0.0030911430861763067,EOD,-0.0069911430861763066
2025-03-14,TEL2-B.ST,0,0.0019267822736031004,EOD,-0.0019732177263968994
2025-03-17,TEL2-B.ST,0,-0.007701193323031541,EOD,-0.011601193323031542
2025-03-19,TEL2-B.ST,0,-0.00846472389810582,STOP,-0.01236472389810582
2025-03-21,TEL2-B.ST,3,0.001122708754729862,EOD,-0.002777291245270138
2025-03-28,TEL2-B.ST,4,0.0011245064627951606,EOD,-0.002775493537204839
2025-03-31,TEL2-B.ST,0,0.005936942870187867,EOD,0.002036942870187867
2025-04-03,TEL2-B.ST,3,0.011490015729335168,EOD,0.007590015729335168
2025-04-07,TEL2-B.ST,0,0.004799987792968752,EOD,0.000899987792968752
2025-04-08,TEL2-B.ST,3,0.007889546351084853,EOD,0.003989546351084853
2025-04-11,TEL2-B.ST,2,-0.0026995052927345498,EOD,-0.00659950529273455
2025-04-14,TEL2-B.ST,1,0.011030787233970996,EOD,0.007130787233970996
2025-04-15,TEL2-B.ST,0,0.014981273408239737,EOD,0.011081273408239736
2025-04-22,TEL2-B.ST,0,-0.014280460671268203,STOP,-0.018180460671268203
2025-04-23,TEL2-B.ST,0,-0.016791646273459082,STOP,-0.020691646273459083
2025-04-24,TEL2-B.ST,0,0.0036416605162894466,EOD,-0.0002583394837105532
2025-04-25,TEL2-B.ST,0,-0.0010837709761502001,EOD,-0.0049837709761502
2025-04-28,TEL2-B.ST,6,0.003230415925224328,EOD,-0.0006695840747756717
2025-04-29,TEL2-B.ST,5,0.0024990420357022813,EOD,-0.0014009579642977185
2025-04-30,TEL2-B.ST,1,0.004945227362419979,EOD,0.0010452273624199796
2025-05-06,TEL2-B.ST,0,0.00034736403485857714,EOD,-0.0035526359651414227
2025-05-09,TEL2-B.ST,0,-0.006011250929394141,STOP,-0.009911250929394141
2025-05-14,TEL2-B.ST,0,-0.001485309746066088,EOD,-0.005385309746066088
2025-05-15,TEL2-B.ST,0,0.01730479228215409,EOD,0.01340479228215409
2025-05-16,TEL2-B.ST,0,0.0007145845351652635,EOD,-0.0031854154648347363
2025-05-19,TEL2-B.ST,0,0.01067615658362997,EOD,0.00677615658362997
2025-05-20,TEL2-B.ST,0,0.008033595559249873,EOD,0.004133595559249873
2025-05-21,TEL2-B.ST,0,0.0041465522886654504,EOD,0.0002465522886654506
2025-05-22,TEL2-B.ST,1,-0.0065336794231127815,STOP,-0.010433679423112782
2025-05-23,TEL2-B.ST,7,-0.004175301722119551,EOD,-0.008075301722119552
2025-05-26,TEL2-B.ST,1,-0.001041007279109163,EOD,-0.004941007279109163
2025-05-27,TEL2-B.ST,0,-0.005886363439432607,STOP,-0.009786363439432608
2025-05-30,TEL2-B.ST,1,0.0027961823694588883,EOD,-0.0011038176305411115
2025-06-03,TEL2-B.ST,1,-0.004499784771316184,STOP,-0.008399784771316185
2025-06-04,TEL2-B.ST,0,0.0010463473323891748,EOD,-0.002853652667610825
2025-06-05,TEL2-B.ST,0,-0.0010449958347917843,EOD,-0.004944995834791784
2025-06-11,TEL2-B.ST,0,-0.008098548566791375,STOP,-0.011998548566791375
2025-06-12,TEL2-B.ST,0,0.0,EOD,-0.0039
2025-06-16,TEL2-B.ST,0,-0.0017831669432367692,EOD,-0.005683166943236769
2025-06-17,TEL2-B.ST,3,0.0014341839556757385,EOD,-0.0024658160443242613
2025-06-18,TEL2-B.ST,5,-0.0014134059946444566,EOD,-0.005313405994644456
2025-06-19,TEL2-B.ST,0,-0.004577421806227999,EOD,-0.008477421806228
2025-06-23,TEL2-B.ST,0,0.0017667844522968323,EOD,-0.0021332155477031675
2025-06-24,TEL2-B.ST,0,-0.0028002039774752685,EOD,-0.006700203977475268
2025-06-27,TEL2-B.ST,4,0.0017749378002600569,EOD,-0.002125062199739943
2025-07-01,TEL2-B.ST,1,-0.002859141629272255,EOD,-0.006759141629272255
2025-07-02,TEL2-B.ST,0,-0.008243683845766125,STOP,-0.012143683845766126
2025-07-03,TEL2-B.ST,0,0.010450428455799576,EOD,0.0065504284557995765
2025-07-04,TEL2-B.ST,6,-0.000709011707563989,EOD,-0.004609011707563989
2025-07-14,TEL2-B.ST,0,0.009160864990522155,EOD,0.005260864990522155
2025-07-15,TEL2-B.ST,4,-0.006177369664331023,EOD,-0.010077369664331023
2025-07-16,TEL2-B.ST,1,-0.00510015991433288,EOD,-0.009000159914332881
2025-07-22,TEL2-B.ST,0,0.004635741379087399,EOD,0.0007357413790873993
2025-07-24,TEL2-B.ST,0,0.0026263551442506916,EOD,-0.0012736448557493082
2025-07-29,TEL2-B.ST,3,0.001657824900137328,EOD,-0.002242175099862672
2025-07-31,TEL2-B.ST,0,0.0056497581971239885,EOD,0.0017497581971239887
2025-08-01,TEL2-B.ST,0,0.0036208233960339786,EOD,-0.0002791766039660212
2025-08-04,TEL2-B.ST,0,0.01387998218198927,EOD,0.00997998218198927
2025-08-07,TEL2-B.ST,0,-0.006968679512082243,STOP,-0.010868679512082244
2025-08-11,TEL2-B.ST,4,0.004488598665856491,EOD,0.0005885986658564915
2025-08-12,TEL2-B.ST,0,-0.007287763834175842,STOP,-0.011187763834175843
2025-08-13,TEL2-B.ST,4,0.0,EOD,-0.0039
2025-08-14,TEL2-B.ST,0,0.006920453756748435,EOD,0.003020453756748435
2025-08-18,TEL2-B.ST,0,0.0021691405732084945,EOD,-0.0017308594267915053
2025-08-19,TEL2-B.ST,5,-0.0036933878485557736,EOD,-0.0075933878485557734
2025-08-20,TEL2-B.ST,6,0.00030461805432269173,EOD,-0.003595381945677308
2025-08-21,TEL2-B.ST,0,-0.0057733025258186466,STOP,-0.009673302525818647
2025-08-25,TEL2-B.ST,0,-0.005790898692897062,STOP,-0.009690898692897063
2025-08-26,TEL2-B.ST,2,0.002128343630348528,EOD,-0.0017716563696514717
2025-08-27,TEL2-B.ST,1,0.002723128279831677,EOD,-0.0011768717201683229
2025-08-29,TEL2-B.ST,1,0.0030102346877001196,EOD,-0.0008897653122998802
2025-09-01,TEL2-B.ST,6,0.0011948160951245068,EOD,-0.002705183904875493
2025-09-03,TEL2-B.ST,0,-0.0075210591032036644,STOP,-0.011421059103203665
2025-09-04,TEL2-B.ST,0,0.002999400174885647,EOD,-0.0009005998251143529
2025-09-09,TEL2-B.ST,0,0.0026978233813494956,EOD,-0.0012021766186505042
2025-09-10,TEL2-B.ST,0,-0.005386051001792902,STOP,-0.009286051001792903
2025-09-12,TEL2-B.ST,2,-0.008054928725252042,STOP,-0.011954928725252043
2025-09-19,TEL2-B.ST,1,0.000952342199900702,EOD,-0.002947657800099298
2025-09-22,TEL2-B.ST,0,-0.006054792767353101,STOP,-0.009954792767353102
2025-09-23,TEL2-B.ST,0,-0.00512658145538436,EOD,-0.009026581455384361
2025-09-25,TEL2-B.ST,5,-0.006054792767353101,STOP,-0.009954792767353102
2025-09-26,TEL2-B.ST,3,0.005124841522672563,EOD,0.0012248415226725632
2025-09-29,TEL2-B.ST,0,0.0015888146825715488,EOD,-0.002311185317428451
2025-09-30,TEL2-B.ST,3,0.00879679050559079,EOD,0.00489679050559079
2025-10-02,TEL2-B.ST,0,-0.004996895822980463,EOD,-0.008896895822980463
2025-10-03,TEL2-B.ST,0,-0.005926368871842502,STOP,-0.009826368871842503
2025-10-06,TEL2-B.ST,0,0.003722122300711117,EOD,-0.00017787769928888277
2025-10-09,TEL2-B.ST,6,0.0015847860538826808,EOD,-0.002315213946117319
2025-10-10,TEL2-B.ST,7,-0.001568381490418047,EOD,-0.005468381490418047
2025-10-15,TEL2-B.ST,1,-0.0003134987571022929,EOD,-0.004213498757102293
2025-10-20,TEL2-B.ST,0,-0.005037802496118737,STOP,-0.008937802496118738
2025-10-21,TEL2-B.ST,0,0.006164807985822085,EOD,0.002264807985822085
2025-10-23,TEL2-B.ST,0,-0.014469453376205754,EOD,-0.018369453376205755
2025-10-27,TEL2-B.ST,5,0.0013136088554495107,EOD,-0.002586391144550489
2025-10-30,TEL2-B.ST,6,0.0029801122400143765,EOD,-0.0009198877599856234
2025-11-04,TEL2-B.ST,2,0.0023324947524714368,EOD,-0.001567505247528563
2025-11-06,TEL2-B.ST,0,-0.005976156167316615,STOP,-0.009876156167316616
2025-11-07,TEL2-B.ST,6,0.003965570605582336,EOD,6.557060558233605e-05
2025-11-12,TEL2-B.ST,7,0.00033180526058651516,EOD,-0.0035681947394134847
2025-11-14,TEL2-B.ST,6,0.008937800474622337,EOD,0.005037800474622337
2025-11-17,TEL2-B.ST,5,0.0003400411473655218,EOD,-0.003559958852634478
2025-11-20,TEL2-B.ST,6,-0.003424657534246589,EOD,-0.007324657534246589
2025-11-21,TEL2-B.ST,0,-0.003400203941675617,EOD,-0.007300203941675617
2025-11-25,TEL2-B.ST,0,0.008486082648353932,EOD,0.004586082648353932
2025-11-26,TEL2-B.ST,5,0.003354578931651364,EOD,-0.0005454210683486357
2025-11-27,TEL2-B.ST,7,0.0016672224414002734,EOD,-0.0022327775585997264
2025-11-28,TEL2-B.ST,1,-0.0019933757591881207,EOD,-0.0058933757591881205
2025-12-03,TEL2-B.ST,0,-0.009637733317741537,STOP,-0.013537733317741538
2025-12-05,TEL2-B.ST,0,-0.00033854470406879944,EOD,-0.004238544704068799
2025-12-08,TEL2-B.ST,1,-0.004397896764899323,STOP,-0.008297896764899323
2025-12-09,TEL2-B.ST,0,-0.004054095294024451,STOP,-0.007954095294024452
2025-12-10,TEL2-B.ST,4,0.005096840170633055,EOD,0.0011968401706330548
2025-12-11,TEL2-B.ST,5,-0.00438740413947325,STOP,-0.00828740413947325
2025-12-12,TEL2-B.ST,5,-0.004060955015334211,STOP,-0.007960955015334212
2025-12-15,TEL2-B.ST,0,0.004029591189458115,EOD,0.00012959118945811508
2025-12-16,TEL2-B.ST,3,-0.0023333740234374734,EOD,-0.006233374023437473
2025-12-17,TEL2-B.ST,0,0.006280971558626058,EOD,0.0023809715586260586
2025-12-18,TEL2-B.ST,2,-0.000980131671233675,EOD,-0.004880131671233675
2025-12-23,TEL2-B.ST,0,-0.0036018537180733112,STOP,-0.007501853718073311
2025-12-29,TEL2-B.ST,6,0.0019569670305650266,EOD,-0.0019430329694349732
2025-12-30,TEL2-B.ST,1,0.0009739863408075866,EOD,-0.002926013659192413
2026-01-02,TEL2-B.ST,2,-0.008025682182985605,STOP,-0.011925682182985606
2026-01-08,TEL2-B.ST,2,0.004222209601549842,EOD,0.00032220960154984244
2026-01-14,TEL2-B.ST,6,0.00032374912752231033,EOD,-0.0035762508724776895
2026-01-15,TEL2-B.ST,1,-0.0050987114346005,EOD,-0.008998711434600501
2026-01-16,TEL2-B.ST,0,-0.005754436902855931,STOP,-0.009654436902855931
2026-01-19,TEL2-B.ST,5,0.0019047812810020215,EOD,-0.0019952187189979783
2026-01-22,TEL2-B.ST,0,-0.006215040633521407,EOD,-0.010115040633521408
2026-01-23,TEL2-B.ST,0,0.009334163213973845,EOD,0.005434163213973845
2026-01-26,TEL2-B.ST,4,0.0,EOD,-0.0039
2026-01-27,TEL2-B.ST,0,0.006384938104245119,EOD,0.0024849381042451194
2026-01-29,TEL2-B.ST,0,0.011694096960829237,EOD,0.007794096960829237
2026-01-30,TEL2-B.ST,0,0.015518311019762532,EOD,0.011618311019762531
2026-02-03,TEL2-B.ST,0,0.011002118172270148,EOD,0.007102118172270148
2026-02-04,TEL2-B.ST,0,0.0002921554131243287,EOD,-0.003607844586875671
2026-02-05,TEL2-B.ST,5,0.002930832251533566,EOD,-0.0009691677484664337
2026-02-06,TEL2-B.ST,0,0.006614862560313295,EOD,0.002714862560313295
2026-02-09,TEL2-B.ST,0,0.010255023093721283,EOD,0.006355023093721283
2026-02-10,TEL2-B.ST,0,-0.009518629001375567,EOD,-0.013418629001375568
2026-02-11,TEL2-B.ST,0,0.005427408412483015,EOD,0.0015274084124830148
2026-02-12,TEL2-B.ST,0,0.01130555102834796,EOD,0.00740555102834796
2026-02-13,TEL2-B.ST,0,-0.00954908780773378,STOP,-0.013449087807733781
2026-02-17,TEL2-B.ST,0,0.0,EOD,-0.0039
2026-02-19,TEL2-B.ST,6,-0.004474813679297807,EOD,-0.008374813679297807
2026-02-20,TEL2-B.ST,5,0.0031561852996462303,EOD,-0.0007438147003537695
2026-02-23,TEL2-B.ST,0,-0.0049414665708306105,EOD,-0.008841466570830611
2026-02-24,TEL2-B.ST,0,-0.007558051399012555,STOP,-0.011458051399012556
2026-02-25,TEL2-B.ST,0,-0.00026241433197049524,EOD,-0.004162414331970495
2026-02-27,TEL2-B.ST,5,0.0036822563165044286,EOD,-0.00021774368349557118
2026-03-02,TEL2-B.ST,0,-0.007320229524101274,EOD,-0.011220229524101274
2026-03-04,TEL2-B.ST,0,0.012143627908535626,EOD,0.008243627908535625
2026-03-05,TEL2-B.ST,0,-0.006513809482840749,STOP,-0.01041380948284075
2026-03-06,TEL2-B.ST,7,0.005252101008698995,EOD,0.0013521010086989952
2026-03-09,TEL2-B.ST,0,-0.002124801574950208,EOD,-0.006024801574950208
2026-03-10,TEL2-B.ST,4,-0.00025908316972955703,EOD,-0.004159083169729557
2026-03-11,TEL2-B.ST,6,-0.005440430319988643,EOD,-0.009340430319988643
2026-03-13,TEL2-B.ST,2,-0.001045735677083326,EOD,-0.004945735677083326
2026-03-16,TEL2-B.ST,0,0.002341983977754758,EOD,-0.0015580160222452418
2026-03-17,TEL2-B.ST,5,-0.005404030032249207,EOD,-0.009304030032249208
2026-03-23,TEL2-B.ST,0,0.007311162459460618,EOD,0.0034111624594606186
2026-03-24,TEL2-B.ST,6,0.003981948371096999,EOD,8.194837109699957e-05
2026-03-25,TEL2-B.ST,0,-0.0010526155170641482,EOD,-0.004952615517064148
2026-03-26,TEL2-B.ST,1,-0.005759194259244094,EOD,-0.009659194259244094
2026-03-27,TEL2-B.ST,5,-0.007855459669929066,STOP,-0.011755459669929066
2026-03-30,TEL2-B.ST,0,0.009169504553491192,EOD,0.0052695045534911925
2026-03-31,TEL2-B.ST,0,-0.003073723637842307,EOD,-0.006973723637842307
2026-04-01,TEL2-B.ST,0,-0.004582453790496155,EOD,-0.008482453790496156
2026-04-02,TEL2-B.ST,2,0.0,EOD,-0.0039
2026-04-07,TEL2-B.ST,0,0.0005064882505003698,EOD,-0.00339351174949963
2026-04-10,TEL2-B.ST,0,0.00433006027260463,EOD,0.0004300602726046302
2026-04-16,TEL2-B.ST,5,-0.0002628281301330082,EOD,-0.004162828130133008
2026-04-22,TEL2-B.ST,2,-0.003933910432786125,EOD,-0.007833910432786126
2026-04-23,TEL2-B.ST,0,-0.011588159790901997,STOP,-0.015488159790901998
2026-04-28,TEL2-B.ST,7,0.001074097483996006,EOD,-0.002825902516003994
2026-04-30,TEL2-B.ST,0,0.006374485780834993,EOD,0.0024744857808349932
2026-05-06,TEL2-B.ST,0,-0.00538068317007756,STOP,-0.009280683170077561
2026-05-07,TEL2-B.ST,2,-0.0008115182597799864,EOD,-0.004711518259779986
2026-05-11,TEL2-B.ST,4,0.002439669046828241,EOD,-0.0014603309531717587
2026-05-12,TEL2-B.ST,7,0.00189294816154284,EOD,-0.0020070518384571598
2026-05-18,TEL2-B.ST,0,0.00863002241741695,EOD,0.0047300224174169495
2026-05-19,TEL2-B.ST,0,0.004046398571905918,EOD,0.0001463985719059183
2026-05-20,TEL2-B.ST,0,0.003771535157449213,EOD,-0.00012846484255078696
2026-05-26,TEL2-B.ST,5,-0.006077381787379155,STOP,-0.009977381787379155
2026-06-01,TEL2-B.ST,0,0.0034433635782820105,EOD,-0.00045663642171798937
2026-06-02,TEL2-B.ST,1,0.0019988054399018296,EOD,-0.0019011945600981702
2026-06-03,TEL2-B.ST,0,-0.009029293861635312,STOP,-0.012929293861635313
2026-06-04,TEL2-B.ST,0,-0.008769465639365315,STOP,-0.012669465639365315
2026-06-09,TEL2-B.ST,0,-0.006521174456883161,STOP,-0.010421174456883162
2026-06-10,TEL2-B.ST,0,-0.007597022329267511,STOP,-0.011497022329267512
2026-06-11,TEL2-B.ST,5,0.007698618913916544,EOD,0.003798618913916544
2026-06-12,TEL2-B.ST,4,0.013828650413021615,EOD,0.009928650413021614
2026-06-17,TEL2-B.ST,6,-0.011066952224834559,STOP,-0.01496695222483456
2026-06-23,TEL2-B.ST,5,0.0051560806688586425,EOD,0.0012560806688586426
2026-06-26,TEL2-B.ST,0,-0.0005666809093564096,EOD,-0.004466680909356409
2026-07-02,TEL2-B.ST,0,-0.00845671476572385,EOD,-0.01235671476572385
2026-07-03,TEL2-B.ST,5,-0.0015037593984962294,EOD,-0.005403759398496229
2026-07-07,TEL2-B.ST,0,-0.001820406833752286,EOD,-0.005720406833752286
2023-08-09,TELIA.ST,1,-0.006080410003249992,STOP,-0.009980410003249993
2023-08-10,TELIA.ST,0,0.016822458727514977,EOD,0.012922458727514977
2023-08-11,TELIA.ST,0,-0.008226618132138985,STOP,-0.012126618132138986
2023-08-16,TELIA.ST,2,-0.0009376679716460723,EOD,-0.004837667971646072
2023-08-17,TELIA.ST,6,-0.003283287796726042,EOD,-0.007183287796726042
2023-08-21,TELIA.ST,1,-0.006091896306733124,STOP,-0.009991896306733125
2023-08-22,TELIA.ST,1,-0.007092180673083925,STOP,-0.010992180673083926
2023-08-23,TELIA.ST,0,0.011792452405805287,EOD,0.007892452405805286
2023-08-25,TELIA.ST,0,0.0009319878199876008,EOD,-0.002968012180012399
2023-08-28,TELIA.ST,0,0.00417634133522915,EOD,0.00027634133522915025
2023-08-29,TELIA.ST,1,0.0013692691398650148,EOD,-0.002530730860134985
2023-08-31,TELIA.ST,0,0.0009054077693759766,EOD,-0.0029945922306240233
2023-09-01,TELIA.ST,0,0.008104471526143575,EOD,0.004204471526143575
2023-09-05,TELIA.ST,5,-0.005879740593691785,EOD,-0.009779740593691785
2023-09-07,TELIA.ST,1,0.010487895076866316,EOD,0.006587895076866316
2023-09-12,TELIA.ST,0,0.001786552774353245,EOD,-0.002113447225646755
2023-09-14,TELIA.ST,0,0.007585902608275852,EOD,0.003685902608275852
2023-09-15,TELIA.ST,0,-0.014448332815298337,STOP,-0.018348332815298338
2023-09-18,TELIA.ST,2,0.0017706510805015618,EOD,-0.002129348919498438
2023-09-19,TELIA.ST,0,-0.0017513535577980965,EOD,-0.005651353557798096
2023-09-20,TELIA.ST,0,0.0021431306139758632,EOD,-0.0017568693860241366
2023-09-21,TELIA.ST,7,0.017028506701906698,EOD,0.013128506701906698
2023-09-22,TELIA.ST,0,-0.0071219132935482765,EOD,-0.011021913293548277
2023-09-28,TELIA.ST,4,-0.009847775821478999,EOD,-0.013747775821479
2023-09-29,TELIA.ST,0,0.006690437913462688,EOD,0.002790437913462688
2023-10-04,TELIA.ST,0,0.00399822975001185,EOD,9.82297500118504e-05
2023-10-05,TELIA.ST,0,-0.004416893852338899,STOP,-0.0083168938523389
2023-10-06,TELIA.ST,0,-0.0074074104855137435,STOP,-0.011307410485513744
2023-10-09,TELIA.ST,1,0.007822698973720454,EOD,0.003922698973720455
2023-10-10,TELIA.ST,0,0.0012711346954226155,EOD,-0.0026288653045773843
2023-10-11,TELIA.ST,3,-0.007598155386995709,STOP,-0.01149815538699571
2023-10-12,TELIA.ST,3,-0.007112974017043028,EOD,-0.011012974017043028
2023-10-17,TELIA.ST,0,-0.012701148761640635,STOP,-0.016601148761640636
2023-10-18,TELIA.ST,0,0.004269871099229716,EOD,0.00036987109922971637
2023-10-19,TELIA.ST,0,-0.036460276766211774,EOD,-0.040360276766211775
2023-10-20,TELIA.ST,6,-0.004300258431573334,EOD,-0.008200258431573335
2023-10-26,TELIA.ST,2,-0.0020807799825394158,EOD,-0.005980779982539416
2023-10-30,TELIA.ST,4,-0.010865032409782316,STOP,-0.014765032409782317
2023-11-02,TELIA.ST,0,0.011354017772029268,EOD,0.007454017772029268
2023-11-03,TELIA.ST,0,0.0020316633815733454,EOD,-0.0018683366184266545
2023-11-06,TELIA.ST,0,0.0008130267257531187,EOD,-0.003086973274246881
2023-11-07,TELIA.ST,0,-0.010101010101010055,STOP,-0.014001010101010056
2023-11-09,TELIA.ST,0,0.0024670833345097343,EOD,-0.0014329166654902655
2023-11-17,TELIA.ST,0,0.0,EOD,-0.0039
2023-11-20,TELIA.ST,1,-0.0028901608921856337,EOD,-0.0067901608921856335
2023-11-22,TELIA.ST,0,-0.0094533309888023,STOP,-0.0133533309888023
2023-11-24,TELIA.ST,0,0.004886027762329714,EOD,0.0009860277623297145
2023-11-27,TELIA.ST,0,0.007266867252695652,EOD,0.0033668672526956525
2023-11-29,TELIA.ST,0,0.0036246537601460904,EOD,-0.0002753462398539094
2023-11-30,TELIA.ST,0,-0.007177045682749017,EOD,-0.011077045682749018
2023-12-01,TELIA.ST,0,0.0003957352077832432,EOD,-0.0035042647922167566
2023-12-05,TELIA.ST,1,-0.006257326919111961,STOP,-0.010157326919111961
2023-12-06,TELIA.ST,0,0.006240243807365431,EOD,0.002340243807365431
2023-12-07,TELIA.ST,0,0.0,EOD,-0.0039
2023-12-11,TELIA.ST,0,0.0026778766816628607,EOD,-0.001222123318337139
2023-12-14,TELIA.ST,3,-0.007951498890040098,EOD,-0.0118514988900401
2023-12-20,TELIA.ST,0,-0.008627424053117339,STOP,-0.01252742405311734
2023-12-22,TELIA.ST,2,-0.00039010229655056516,EOD,-0.004290102296550565
2023-12-29,TELIA.ST,0,-0.003503314547174785,STOP,-0.007403314547174785
2024-01-02,TELIA.ST,0,0.008015231998378614,EOD,0.004115231998378614
2024-01-04,TELIA.ST,0,0.00824276166925375,EOD,0.004342761669253751
2024-01-05,TELIA.ST,1,0.002957483399720351,EOD,-0.0009425166002796489
2024-01-12,TELIA.ST,0,0.004030732843997242,EOD,0.00013073284399724248
2024-01-23,TELIA.ST,4,-0.013668228151310635,STOP,-0.017568228151310636
2024-01-26,TELIA.ST,0,0.05234375518048173,EOD,0.04844375518048173
2024-01-31,TELIA.ST,0,-0.0018567079035484158,EOD,-0.005756707903548416
2024-02-02,TELIA.ST,0,-0.005313142124108827,STOP,-0.009213142124108828
2024-02-15,TELIA.ST,0,0.0069416120001124515,EOD,0.0030416120001124517
2024-02-19,TELIA.ST,4,-0.002431096645075792,EOD,-0.006331096645075792
2024-02-20,TELIA.ST,1,0.011326888932971846,EOD,0.007426888932971846
2024-02-22,TELIA.ST,1,-0.006456813679522444,STOP,-0.010356813679522445
2024-02-27,TELIA.ST,0,0.0053454387231304246,EOD,0.0014454387231304247
2024-02-28,TELIA.ST,0,-0.008502064183592228,STOP,-0.012402064183592229
2024-02-29,TELIA.ST,0,0.0016240729553520517,EOD,-0.002275927044647948
2024-03-06,TELIA.ST,0,-0.0032626395682111564,EOD,-0.007162639568211156
2024-03-07,TELIA.ST,1,-0.002865316985255606,EOD,-0.006765316985255606
2024-03-12,TELIA.ST,1,-0.004506374888946341,STOP,-0.008406374888946341
2024-03-13,TELIA.ST,6,0.0036319673161426813,EOD,-0.0002680326838573185
2024-03-14,TELIA.ST,0,0.012759158524627834,EOD,0.008859158524627833
2024-03-15,TELIA.ST,6,0.00350195135860365,EOD,-0.0003980486413963499
2024-03-18,TELIA.ST,3,-0.003850538188873598,EOD,-0.007750538188873598
2024-03-20,TELIA.ST,5,0.0011691616065434562,EOD,-0.0027308383934565436
2024-03-21,TELIA.ST,0,0.006172833601125083,EOD,0.002272833601125083
2024-03-22,TELIA.ST,0,0.00753859217544206,EOD,0.0036385921754420606
2024-03-25,TELIA.ST,0,0.0014858472535419498,EOD,-0.00241415274645805
2024-03-26,TELIA.ST,1,0.00554937531334887,EOD,0.00164937531334887
2024-03-28,TELIA.ST,0,-0.003270354327428837,EOD,-0.007170354327428837
2024-04-03,TELIA.ST,0,0.00696731292701136,EOD,0.00306731292701136
2024-04-12,TELIA.ST,0,-0.003825496421422825,EOD,-0.007725496421422825
2024-04-15,TELIA.ST,0,-0.003065131131678167,EOD,-0.006965131131678167
2024-04-17,TELIA.ST,0,0.005449567409032907,EOD,0.0015495674090329073
2024-04-19,TELIA.ST,0,0.00990099872870065,EOD,0.00600099872870065
2024-04-22,TELIA.ST,1,0.005917153919925866,EOD,0.002017153919925866
2024-04-23,TELIA.ST,0,0.006578958375742072,EOD,0.0026789583757420724
2024-04-25,TELIA.ST,7,-0.002695406109934795,EOD,-0.006595406109934795
2024-04-29,TELIA.ST,3,0.0011650752095342387,EOD,-0.002734924790465761
2024-05-03,TELIA.ST,1,0.0,EOD,-0.0039
2024-05-06,TELIA.ST,2,-0.004739294365366686,STOP,-0.008639294365366687
2024-05-07,TELIA.ST,0,-0.005516130586200152,EOD,-0.009416130586200153
2024-05-08,TELIA.ST,1,-0.005919479780072345,STOP,-0.009819479780072346
2024-05-10,TELIA.ST,0,-0.006920426897032761,EOD,-0.010820426897032762
2024-05-14,TELIA.ST,3,0.005005817156428893,EOD,0.0011058171564288935
2024-05-15,TELIA.ST,0,-0.000761052406434537,EOD,-0.004661052406434537
2024-05-16,TELIA.ST,0,0.008365065668637373,EOD,0.004465065668637373
2024-05-17,TELIA.ST,0,0.004460997804279998,EOD,0.0005609978042799982
2024-05-24,TELIA.ST,0,-0.002645491203561501,EOD,-0.006545491203561501
2024-05-27,TELIA.ST,0,0.012864175129097877,EOD,0.008964175129097876
2024-05-29,TELIA.ST,0,-0.014760133317333168,STOP,-0.01866013331733317
2024-05-30,TELIA.ST,0,0.005206444781510999,EOD,0.0013064447815109995
2024-06-03,TELIA.ST,0,-0.006576554609299068,STOP,-0.010476554609299069
2024-06-05,TELIA.ST,0,0.000724060456458453,EOD,-0.003175939543541547
2024-06-07,TELIA.ST,0,-0.007320602409403021,STOP,-0.011220602409403022
2024-06-10,TELIA.ST,0,-0.0044068649982397234,STOP,-0.008306864998239724
2024-06-13,TELIA.ST,0,0.007838711358570505,EOD,0.003938711358570505
2024-06-17,TELIA.ST,0,-0.011070152774400377,STOP,-0.014970152774400378
2024-06-18,TELIA.ST,5,-0.00037258676695173243,EOD,-0.004272586766951732
2024-06-19,TELIA.ST,1,-0.004823787177550165,STOP,-0.008723787177550166
2024-06-20,TELIA.ST,3,-0.0040515176629267735,STOP,-0.007951517662926774
2024-06-24,TELIA.ST,0,0.013371913198886975,EOD,0.009471913198886975
2024-06-25,TELIA.ST,0,-0.004987509482383468,EOD,-0.008887509482383468
2024-06-28,TELIA.ST,0,0.001408979090782525,EOD,-0.002491020909217475
2024-07-01,TELIA.ST,0,0.004173942234205086,EOD,0.000273942234205086
2024-07-03,TELIA.ST,5,-0.006263058685082923,EOD,-0.010163058685082924
2024-07-04,TELIA.ST,3,0.0013961925326335667,EOD,-0.002503807467366433
2024-07-05,TELIA.ST,4,-0.004510727347091126,EOD,-0.008410727347091126
2024-07-08,TELIA.ST,0,-0.00486785078352836,STOP,-0.008767850783528361
2024-07-09,TELIA.ST,0,-0.00629371688024194,STOP,-0.01019371688024194
2024-07-10,TELIA.ST,1,0.0024946434838382103,EOD,-0.0014053565161617895
2024-07-11,TELIA.ST,4,-0.006385253698676374,STOP,-0.010285253698676375
2024-07-12,TELIA.ST,5,-0.005268690626905381,STOP,-0.009168690626905382
2024-07-15,TELIA.ST,0,0.00316678931549208,EOD,-0.0007332106845079197
2024-07-16,TELIA.ST,1,-0.002800137366488986,EOD,-0.006700137366488986
2024-07-17,TELIA.ST,5,0.0063268327943817315,EOD,0.0024268327943817317
2024-07-18,TELIA.ST,3,0.014910498709095332,EOD,0.011010498709095332
2024-07-22,TELIA.ST,0,0.01171877013014977,EOD,0.007818770130149769
2024-07-24,TELIA.ST,1,0.00032103463898236484,EOD,-0.003578965361017635
2024-07-25,TELIA.ST,3,0.017186473802275115,EOD,0.013286473802275114
2024-07-29,TELIA.ST,0,-0.005574490556586653,EOD,-0.009474490556586654
2024-07-30,TELIA.ST,0,-0.004337032061420887,STOP,-0.008237032061420888
2024-08-02,TELIA.ST,4,0.005118357205393886,EOD,0.0012183572053938866
2024-08-05,TELIA.ST,0,-0.012670607157142744,EOD,-0.016570607157142744
2024-08-08,TELIA.ST,2,0.001620195595322782,EOD,-0.002279804404677218
2024-08-09,TELIA.ST,0,-0.006451637514175879,STOP,-0.01035163751417588
2024-08-13,TELIA.ST,1,0.004517566656419003,EOD,0.0006175666564190033
2024-08-14,TELIA.ST,7,0.0,EOD,-0.0039
2024-08-16,TELIA.ST,1,0.004165365970161483,EOD,0.0002653659701614833
2024-08-19,TELIA.ST,0,-0.006679420745995368,STOP,-0.010579420745995369
2024-08-21,TELIA.ST,1,-0.005161285400390625,STOP,-0.009061285400390626
2024-08-23,TELIA.ST,0,0.0028864705486533193,EOD,-0.0010135294513466805
2024-08-27,TELIA.ST,0,-0.0015898614688779622,EOD,-0.005489861468877962
2024-08-28,TELIA.ST,5,-0.0038143336102000047,STOP,-0.0077143336102000045
2024-08-29,TELIA.ST,0,-0.006645600926778239,EOD,-0.01054560092677824
2024-08-30,TELIA.ST,0,0.004099686908502376,EOD,0.0001996869085023759
2024-09-02,TELIA.ST,4,0.004968939242891546,EOD,0.001068939242891546
2024-09-03,TELIA.ST,5,-0.0003065319001855915,EOD,-0.004206531900185591
2024-09-04,TELIA.ST,5,0.001834787681771255,EOD,-0.002065212318228745
2024-09-05,TELIA.ST,4,0.011222290512152844,EOD,0.007322290512152844
2024-09-06,TELIA.ST,0,-0.0023944333050818223,EOD,-0.006294433305081822
2024-09-09,TELIA.ST,0,0.005365135894755735,EOD,0.001465135894755735
2024-09-10,TELIA.ST,1,-0.0059119347358669305,STOP,-0.009811934735866931
2024-09-13,TELIA.ST,2,-0.004820724737341631,STOP,-0.008720724737341631
2024-09-16,TELIA.ST,7,0.0003013357878614009,EOD,-0.003598664212138599
2024-09-17,TELIA.ST,1,-0.010920978008180926,STOP,-0.014820978008180927
2024-09-20,TELIA.ST,0,0.010447715645405697,EOD,0.006547715645405698
2024-09-23,TELIA.ST,0,-0.009381403960664447,EOD,-0.013281403960664448
2024-09-24,TELIA.ST,4,0.0023724203280368616,EOD,-0.0015275796719631382
2024-09-25,TELIA.ST,0,0.00825224806302649,EOD,0.004352248063026491
2024-09-26,TELIA.ST,0,-0.014281598917342042,EOD,-0.018181598917342043
2024-10-04,TELIA.ST,0,-0.00794627526070979,STOP,-0.01184627526070979
2024-10-07,TELIA.ST,1,-0.004598335870422798,EOD,-0.008498335870422799
2024-10-08,TELIA.ST,1,0.001834787681771255,EOD,-0.002065212318228745
2024-10-14,TELIA.ST,4,-0.0012368866833212255,EOD,-0.005136886683321225
2024-10-15,TELIA.ST,6,-0.009500501475433243,STOP,-0.013400501475433244
2024-10-21,TELIA.ST,1,-0.002801997371754239,STOP,-0.006701997371754239
2024-10-24,TELIA.ST,0,-0.010131962525313232,STOP,-0.014031962525313232
2024-10-25,TELIA.ST,0,-0.005576217843329845,EOD,-0.009476217843329846
2024-10-29,TELIA.ST,0,-0.007671064707870157,STOP,-0.011571064707870157
2024-10-31,TELIA.ST,0,-0.0022559329881993717,EOD,-0.0061559329881993715
2024-11-01,TELIA.ST,1,0.009723948372115654,EOD,0.005823948372115654
2024-11-11,TELIA.ST,0,-0.008090614986612454,STOP,-0.011990614986612455
2024-11-13,TELIA.ST,0,0.003955139462137769,EOD,5.513946213776908e-05
2024-11-14,TELIA.ST,5,0.006853818407458467,EOD,0.0029538184074584676
2024-11-15,TELIA.ST,3,-0.008452543138725677,STOP,-0.012352543138725677
2024-11-20,TELIA.ST,6,-0.0009529472596283561,EOD,-0.004852947259628356
2024-11-22,TELIA.ST,1,0.00031576346251172005,EOD,-0.0035842365374882798
2024-11-25,TELIA.ST,7,0.0009436545590730816,EOD,-0.0029563454409269182
2024-11-27,TELIA.ST,5,0.00345696453194666,EOD,-0.0004430354680533396
2024-11-28,TELIA.ST,0,0.004058728475483608,EOD,0.00015872847548360856
2024-11-29,TELIA.ST,0,-0.003739508839600947,STOP,-0.007639508839600947
2024-12-02,TELIA.ST,3,-0.008142819492541364,STOP,-0.012042819492541365
2024-12-03,TELIA.ST,0,0.00346234502417353,EOD,-0.00043765497582646997
2024-12-05,TELIA.ST,1,0.0012574950078252378,EOD,-0.002642504992174762
2024-12-06,TELIA.ST,3,-0.005626767941970812,EOD,-0.009526767941970812
2024-12-13,TELIA.ST,4,-0.0013050247529049486,EOD,-0.005205024752904948
2024-12-16,TELIA.ST,1,-0.003598318987559135,EOD,-0.007498318987559135
2024-12-17,TELIA.ST,0,0.001316685866765921,EOD,-0.002583314133234079
2024-12-18,TELIA.ST,3,-0.0032808524596975586,EOD,-0.007180852459697558
2024-12-23,TELIA.ST,0,0.006278933662276387,EOD,0.002378933662276387
2024-12-27,TELIA.ST,0,0.008188666700861047,EOD,0.004288666700861047
2024-12-30,TELIA.ST,3,-0.0012986691288804364,EOD,-0.005198669128880436
2025-01-02,TELIA.ST,4,0.0054803376462040365,EOD,0.0015803376462040367
2025-01-03,TELIA.ST,0,-0.006052839452161285,STOP,-0.009952839452161286
2025-01-08,TELIA.ST,0,-0.0058460636513008035,STOP,-0.009746063651300804
2025-01-09,TELIA.ST,0,0.001632423956224649,EOD,-0.002267576043775351
2025-01-10,TELIA.ST,0,-0.006531703378766518,STOP,-0.010431703378766519
2025-01-13,TELIA.ST,0,0.0,EOD,-0.0039
2025-01-15,TELIA.ST,0,0.00655955278585818,EOD,0.0026595527858581805
2025-01-16,TELIA.ST,4,0.015304501293220918,EOD,0.011404501293220917
2025-01-17,TELIA.ST,0,0.008626212918368958,EOD,0.004726212918368959
2025-01-21,TELIA.ST,0,-0.0035020888534205152,STOP,-0.007402088853420515
2025-01-23,TELIA.ST,4,0.0028534636216497322,EOD,-0.0010465363783502676
2025-01-27,TELIA.ST,1,-0.0034428985203392992,EOD,-0.007342898520339299
2025-01-28,TELIA.ST,4,-0.0024836391999770724,EOD,-0.006383639199977072
2025-01-29,TELIA.ST,0,0.007147282164547963,EOD,0.0032472821645479636
2025-01-30,TELIA.ST,2,0.001578757086835969,EOD,-0.0023212429131640308
2025-01-31,TELIA.ST,0,0.009591626739422932,EOD,0.005691626739422932
2025-02-03,TELIA.ST,6,-0.0060938685191698205,EOD,-0.009993868519169821
2025-02-04,TELIA.ST,0,0.003674186541500424,EOD,-0.00022581345849957603
2025-02-05,TELIA.ST,0,0.015128593390081768,EOD,0.011228593390081767
2025-02-06,TELIA.ST,0,0.002993966154271277,EOD,-0.0009060338457287228
2025-02-11,TELIA.ST,0,-0.00531287778928613,STOP,-0.00921287778928613
2025-02-12,TELIA.ST,0,0.0026486213596330632,EOD,-0.0012513786403669366
2025-02-13,TELIA.ST,2,-0.0017590551808083221,EOD,-0.005659055180808322
2025-02-17,TELIA.ST,0,-0.003542926946236147,STOP,-0.007442926946236147
2025-02-18,TELIA.ST,7,-0.0020618466347910314,EOD,-0.005961846634791031
2025-02-19,TELIA.ST,0,-0.0076312980294126476,STOP,-0.011531298029412648
2025-02-20,TELIA.ST,0,0.00058963616873009,EOD,-0.00331036383126991
2025-02-21,TELIA.ST,0,0.0011758058491799783,EOD,-0.0027241941508200215
2025-02-24,TELIA.ST,0,0.006380545928767578,EOD,0.0024805459287675783
2025-02-26,TELIA.ST,2,0.003745349223399641,EOD,-0.00015465077660035877
2025-02-27,TELIA.ST,0,0.004272221833497181,EOD,0.00037222183349718083
2025-03-03,TELIA.ST,6,-0.004834987761179521,EOD,-0.008734987761179522
2025-03-04,TELIA.ST,3,-0.001989758221062843,EOD,-0.005889758221062843
2025-03-07,TELIA.ST,0,0.007812512935035265,EOD,0.003912512935035265
2025-03-10,TELIA.ST,0,0.005408443522121997,EOD,0.0015084435221219975
2025-03-11,TELIA.ST,1,-0.0027910210356641985,EOD,-0.006691021035664198
2025-03-12,TELIA.ST,0,-0.008891455809876936,STOP,-0.012791455809876937
2025-03-14,TELIA.ST,0,-0.0022173455375444906,EOD,-0.00611734553754449
2025-03-17,TELIA.ST,0,-0.0064354601603773265,EOD,-0.010335460160377327
2025-03-18,TELIA.ST,1,0.002513970796254039,EOD,-0.0013860292037459606
2025-03-19,TELIA.ST,0,-0.007516610713522609,STOP,-0.01141661071352261
2025-03-21,TELIA.ST,0,0.0019618748381586837,EOD,-0.0019381251618413161
2025-03-25,TELIA.ST,1,-0.001963525717478709,EOD,-0.005863525717478709
2025-03-27,TELIA.ST,0,-0.0050377919810215,STOP,-0.0089377919810215
2025-03-28,TELIA.ST,5,0.0008331739903526536,EOD,-0.0030668260096473462
2025-03-31,TELIA.ST,0,-0.0013758733310568205,EOD,-0.00527587333105682
2025-04-03,TELIA.ST,0,0.015172392746497954,EOD,0.011272392746497953
2025-04-07,TELIA.ST,6,-0.019169324471742577,EOD,-0.023069324471742578
2025-04-08,TELIA.ST,5,-0.0002926052697974635,EOD,-0.004192605269797463
2025-04-10,TELIA.ST,6,-0.001463249626568297,EOD,-0.005363249626568297
2025-04-11,TELIA.ST,6,0.0,EOD,-0.0039
2025-04-14,TELIA.ST,1,0.004306566273215129,EOD,0.00040656627321512904
2025-04-15,TELIA.ST,1,0.007074136924747343,EOD,0.003174136924747343
2025-04-22,TELIA.ST,3,0.008132386897595323,EOD,0.004232386897595323
2025-04-28,TELIA.ST,6,-0.0008450360365317433,EOD,-0.004745036036531743
2025-04-30,TELIA.ST,1,0.009212781514969404,EOD,0.005312781514969404
2025-05-05,TELIA.ST,0,-0.0076966076353292,STOP,-0.0115966076353292
2025-05-06,TELIA.ST,0,0.0060390123211684354,EOD,0.0021390123211684356
2025-05-14,TELIA.ST,0,-0.00823398368756656,EOD,-0.01213398368756656
2025-05-15,TELIA.ST,0,0.017902844350697666,EOD,0.014002844350697666
2025-05-16,TELIA.ST,4,0.003037851784943424,EOD,-0.0008621482150565759
2025-05-19,TELIA.ST,0,0.009602152724148993,EOD,0.005702152724148994
2025-05-20,TELIA.ST,0,0.008897223375567975,EOD,0.0049972233755679754
2025-05-21,TELIA.ST,0,-0.005334776046551304,STOP,-0.009234776046551305
2025-05-22,TELIA.ST,2,-0.006408589414617638,STOP,-0.010308589414617639
2025-05-23,TELIA.ST,3,-0.009353246692875516,STOP,-0.013253246692875517
2025-05-27,TELIA.ST,0,-0.005595499368587831,STOP,-0.009495499368587831
2025-05-30,TELIA.ST,4,-0.002692473768563519,EOD,-0.006592473768563519
2025-06-02,TELIA.ST,7,-0.0024167601646465364,EOD,-0.006316760164646536
2025-06-03,TELIA.ST,1,-0.0040225669669117226,STOP,-0.007922566966911723
2025-06-04,TELIA.ST,3,-0.001887904694299558,EOD,-0.005787904694299558
2025-06-05,TELIA.ST,0,0.0027048544987631207,EOD,-0.0011951455012368791
2025-06-12,TELIA.ST,0,-0.0042040786041458444,EOD,-0.008104078604145845
2025-06-16,TELIA.ST,1,-0.007068137052575252,STOP,-0.010968137052575253
2025-06-18,TELIA.ST,0,-0.0005719318577498411,EOD,-0.004471931857749841
2025-06-23,TELIA.ST,0,0.003709967180975715,EOD,-0.00019003281902428473
2025-07-01,TELIA.ST,5,-0.0034884517807870496,EOD,-0.0073884517807870495
2025-07-02,TELIA.ST,2,-0.0060993053328869395,EOD,-0.00999930533288694
2025-07-03,TELIA.ST,0,-0.003783500168974663,STOP,-0.007683500168974663
2025-07-04,TELIA.ST,0,-0.005470735076685496,STOP,-0.009370735076685496
2025-07-14,TELIA.ST,0,0.0009052136345617523,EOD,-0.0029947863654382475
2025-07-15,TELIA.ST,0,-0.0030084922914772605,EOD,-0.00690849229147726
2025-07-16,TELIA.ST,0,-0.004214310189765702,STOP,-0.008114310189765703
2025-07-17,TELIA.ST,1,-0.006549604635419315,EOD,-0.010449604635419316
2025-07-21,TELIA.ST,0,0.004862757096526504,EOD,0.0009627570965265045
2025-07-22,TELIA.ST,0,0.005902166207573556,EOD,0.002002166207573556
2025-07-24,TELIA.ST,2,-0.006925208048948139,STOP,-0.01082520804894814
2025-07-29,TELIA.ST,0,0.014347202923733038,EOD,0.010447202923733037
2025-07-31,TELIA.ST,0,-0.00489355139403902,STOP,-0.00879355139403902
2025-08-01,TELIA.ST,0,0.0023040902518667306,EOD,-0.0015959097481332693
2025-08-04,TELIA.ST,1,0.0028481478889981204,EOD,-0.0010518521110018794
2025-08-06,TELIA.ST,1,0.005107732176655944,EOD,0.0012077321766559438
2025-08-14,TELIA.ST,0,0.014161898846131171,EOD,0.01026189884613117
2025-08-15,TELIA.ST,6,0.001984680859532295,EOD,-0.0019153191404677047
2025-08-18,TELIA.ST,0,0.0,EOD,-0.0039
2025-08-20,TELIA.ST,2,0.0042087970944935105,EOD,0.00030879709449351065
2025-08-21,TELIA.ST,5,0.004194673739360333,EOD,0.000294673739360333
2025-08-22,TELIA.ST,4,-0.005279311823981669,STOP,-0.00917931182398167
2025-08-26,TELIA.ST,1,-0.005335648361404877,STOP,-0.009235648361404877
2025-08-27,TELIA.ST,7,0.0011269963070852373,EOD,-0.0027730036929147625
2025-08-29,TELIA.ST,6,0.001134455967994663,EOD,-0.0027655440320053367
2025-09-01,TELIA.ST,1,-0.003951436309414524,STOP,-0.007851436309414525
2025-09-04,TELIA.ST,0,0.01047265532716568,EOD,0.006572655327165681
2025-09-05,TELIA.ST,3,0.0013985800576377105,EOD,-0.0025014199423622893
2025-09-08,TELIA.ST,1,-0.006140139811894874,STOP,-0.010040139811894874
2025-09-09,TELIA.ST,0,0.0030462644279221074,EOD,-0.0008537355720778924
2025-09-11,TELIA.ST,0,-0.004118553506945011,EOD,-0.008018553506945011
2025-09-12,TELIA.ST,3,0.0036231117488312314,EOD,-0.0002768882511687684
2025-09-15,TELIA.ST,0,-0.004439507307092638,EOD,-0.008339507307092639
2025-09-16,TELIA.ST,0,-0.006650088042451485,STOP,-0.010550088042451486
2025-09-17,TELIA.ST,0,0.006399542321223306,EOD,0.002499542321223306
2025-09-18,TELIA.ST,0,-0.007154604304939416,STOP,-0.011054604304939417
2025-09-19,TELIA.ST,0,-0.006357090666011533,EOD,-0.010257090666011534
2025-09-25,TELIA.ST,2,-0.000282705933536076,EOD,-0.004182705933536076
2025-09-26,TELIA.ST,3,0.002816858425946256,EOD,-0.001083141574053744
2025-09-30,TELIA.ST,1,0.009848015337787563,EOD,0.005948015337787564
2025-10-01,TELIA.ST,2,-0.006102563402545003,STOP,-0.010002563402545003
2025-10-02,TELIA.ST,0,-0.008908677926962594,STOP,-0.012808677926962594
2025-10-03,TELIA.ST,0,-0.003643527662649082,STOP,-0.007543527662649082
2025-10-06,TELIA.ST,0,-0.002530226408772984,EOD,-0.006430226408772984
2025-10-09,TELIA.ST,0,-0.0008443225535474941,EOD,-0.004744322553547494
2025-10-10,TELIA.ST,2,0.007845407810820104,EOD,0.003945407810820104
2025-10-14,TELIA.ST,0,0.0019471402875845811,EOD,-0.0019528597124154187
2025-10-15,TELIA.ST,0,-0.007115548158620366,EOD,-0.011015548158620367
2025-10-17,TELIA.ST,5,-0.00329576853577751,EOD,-0.00719576853577751
2025-10-20,TELIA.ST,0,-0.0068681315802214815,STOP,-0.010768131580221482
2025-10-21,TELIA.ST,0,-0.0002784272229375828,EOD,-0.004178427222937583
2025-10-23,TELIA.ST,1,0.015950260227518553,EOD,0.012050260227518553
2025-10-29,TELIA.ST,2,-0.0032582878255750236,EOD,-0.007158287825575023
2025-10-30,TELIA.ST,2,0.012466099334712766,EOD,0.008566099334712765
2025-11-04,TELIA.ST,0,0.005971802925947456,EOD,0.002071802925947456
2025-11-06,TELIA.ST,1,-0.005608950111521849,STOP,-0.00950895011152185
2025-11-07,TELIA.ST,0,0.009004241729375195,EOD,0.0051042417293751955
2025-11-12,TELIA.ST,0,0.002893230116442602,EOD,-0.0010067698835573976
2025-11-17,TELIA.ST,5,0.0013465993973127421,EOD,-0.0025534006026872577
2025-11-20,TELIA.ST,1,-0.005455558204361832,STOP,-0.009355558204361833
2025-11-21,TELIA.ST,0,0.011976009978433622,EOD,0.008076009978433621
2025-11-25,TELIA.ST,0,0.006666666666666599,EOD,0.0027666666666665988
2025-11-26,TELIA.ST,6,-0.0021163496818007443,EOD,-0.006016349681800744
2025-11-27,TELIA.ST,4,-0.001583149627317204,EOD,-0.005483149627317204
2025-12-01,TELIA.ST,0,-0.004999963860762735,STOP,-0.008899963860762736
2025-12-02,TELIA.ST,1,0.003959812749527503,EOD,5.98127495275028e-05
2025-12-03,TELIA.ST,5,-0.0031537170641487977,EOD,-0.0070537170641487975
2025-12-04,TELIA.ST,3,0.007084766555745858,EOD,0.0031847665557458585
2025-12-05,TELIA.ST,4,0.0002601696969504186,EOD,-0.0036398303030495812
2025-12-09,TELIA.ST,0,-0.0036774202986786797,STOP,-0.0075774202986786795
2025-12-11,TELIA.ST,5,0.002927884249270152,EOD,-0.000972115750729848
2025-12-15,TELIA.ST,0,0.006100783490233352,EOD,0.0022007834902333526
2025-12-16,TELIA.ST,3,-0.0028870551196743532,EOD,-0.006787055119674353
2025-12-17,TELIA.ST,0,0.009179083774371266,EOD,0.005279083774371266
2025-12-18,TELIA.ST,0,-0.0005173424170360486,EOD,-0.004417342417036048
2025-12-23,TELIA.ST,1,-0.000512044471594586,EOD,-0.004412044471594586
2025-12-29,TELIA.ST,0,0.008219873935672029,EOD,0.004319873935672029
2025-12-30,TELIA.ST,0,0.0027997100480618986,EOD,-0.0011002899519381012
2026-01-02,TELIA.ST,0,-0.006264094235926443,EOD,-0.010164094235926444
2026-01-07,TELIA.ST,0,-0.005816882572352355,EOD,-0.009716882572352356
2026-01-08,TELIA.ST,2,0.0027848255785205556,EOD,-0.0011151744214794443
2026-01-12,TELIA.ST,0,0.00640697070904972,EOD,0.00250697070904972
2026-01-14,TELIA.ST,6,-0.004288551250323791,EOD,-0.008188551250323792
2026-01-15,TELIA.ST,1,-0.0022865892071206595,EOD,-0.006186589207120659
2026-01-19,TELIA.ST,0,0.000252133518833908,EOD,-0.003647866481166092
2026-01-22,TELIA.ST,0,-0.007164054318349544,EOD,-0.011064054318349545
2026-01-23,TELIA.ST,0,-0.004220411472124708,STOP,-0.008120411472124708
2026-01-26,TELIA.ST,0,0.0017207397811969116,EOD,-0.002179260218803088
2026-01-27,TELIA.ST,2,0.0022021080239784663,EOD,-0.0016978919760215335
2026-01-28,TELIA.ST,6,-0.005855127314934427,EOD,-0.009755127314934428
2026-01-29,TELIA.ST,3,0.003514040891371417,EOD,-0.00038595910862858265
2026-01-30,TELIA.ST,0,0.008674158663050102,EOD,0.004774158663050102
2026-02-03,TELIA.ST,2,0.008051152173180531,EOD,0.0041511521731805315
2026-02-04,TELIA.ST,0,-0.0006920133876079371,EOD,-0.004592013387607937
2026-02-05,TELIA.ST,4,0.004190926704967568,EOD,0.0002909267049675682
2026-02-06,TELIA.ST,0,-0.006239899581864439,STOP,-0.01013989958186444
2026-02-09,TELIA.ST,1,0.006912424574032849,EOD,0.0030124245740328496
2026-02-10,TELIA.ST,0,-0.00800920555395468,STOP,-0.01190920555395468
2026-02-11,TELIA.ST,0,0.013616346941111246,EOD,0.009716346941111245
2026-02-12,TELIA.ST,4,0.010466418122580423,EOD,0.006566418122580423
2026-02-16,TELIA.ST,0,0.0020339017533985704,EOD,-0.0018660982466014294
2026-02-17,TELIA.ST,0,-0.0008944748308464812,EOD,-0.004794474830846481
2026-02-18,TELIA.ST,0,-0.008214980885013157,STOP,-0.012114980885013157
2026-02-19,TELIA.ST,4,0.0013441168035708273,EOD,-0.0025558831964291725
2026-02-20,TELIA.ST,0,0.0022306149907811434,EOD,-0.0016693850092188564
2026-02-23,TELIA.ST,0,0.0052875453116116855,EOD,0.0013875453116116857
2026-02-25,TELIA.ST,4,0.0012973269900760087,EOD,-0.002602673009923991
2026-02-26,TELIA.ST,0,-0.006682422131329524,STOP,-0.010582422131329525
2026-02-27,TELIA.ST,5,0.0028120499546286926,EOD,-0.0010879500453713073
2026-03-02,TELIA.ST,0,-0.008216239310599671,EOD,-0.012116239310599672
2026-03-04,TELIA.ST,2,0.0017443963212544489,EOD,-0.002155603678745551
2026-03-05,TELIA.ST,0,-0.010782833977082351,STOP,-0.014682833977082352
2026-03-06,TELIA.ST,7,0.0019442676778540502,EOD,-0.0019557323221459496
2026-03-09,TELIA.ST,0,0.00021759132463960995,EOD,-0.00368240867536039
2026-03-10,TELIA.ST,2,0.003634074135927756,EOD,-0.00026592586407224363
2026-03-11,TELIA.ST,1,-0.00021332028506626521,EOD,-0.004113320285066265
2026-03-13,TELIA.ST,1,0.007914415655289053,EOD,0.004014415655289053
2026-03-16,TELIA.ST,0,0.003147905695242814,EOD,-0.0007520943047571857
2026-03-17,TELIA.ST,0,-0.007658926434777391,EOD,-0.011558926434777392
2026-03-23,TELIA.ST,2,-0.0006559377545511946,EOD,-0.0045559377545511945
2026-03-24,TELIA.ST,1,0.009924550470627569,EOD,0.006024550470627569
2026-03-25,TELIA.ST,0,-0.0012762722981478625,EOD,-0.005176272298147862
2026-03-26,TELIA.ST,0,0.002962403921244139,EOD,-0.000937596078755861
2026-03-27,TELIA.ST,6,-0.0027350569483833853,EOD,-0.006635056948383385
2026-03-30,TELIA.ST,0,0.006505719804130283,EOD,0.0026057198041302835
2026-03-31,TELIA.ST,0,-0.004128756273992007,EOD,-0.008028756273992008
2026-04-01,TELIA.ST,0,-0.0047521353240167485,EOD,-0.00865213532401675
2026-04-07,TELIA.ST,2,-0.002665594974267438,EOD,-0.006565594974267438
2026-04-09,TELIA.ST,5,-0.0071515832436105375,EOD,-0.011051583243610538
2026-04-10,TELIA.ST,0,0.004546419166729487,EOD,0.0006464191667294875
2026-04-13,TELIA.ST,1,-0.0076163592555796855,EOD,-0.011516359255579686
2026-04-16,TELIA.ST,5,-0.00021399520477716205,EOD,-0.004113995204777162
2026-04-20,TELIA.ST,0,-0.010904471482548583,STOP,-0.014804471482548584
2026-04-21,TELIA.ST,0,-0.00493243699266388,STOP,-0.00883243699266388
2026-04-22,TELIA.ST,0,0.0019375705298092516,EOD,-0.0019624294701907482
2026-04-23,TELIA.ST,0,0.02036879878584008,EOD,0.01646879878584008
2026-04-24,TELIA.ST,0,-0.02316130356309143,EOD,-0.02706130356309143
2026-04-28,TELIA.ST,3,0.0031969635919164574,EOD,-0.0007030364080835424
2026-04-29,TELIA.ST,3,-0.002120408703236709,EOD,-0.006020408703236709
2026-04-30,TELIA.ST,0,0.012164387849101121,EOD,0.00826438784910112
2026-05-05,TELIA.ST,5,-0.0020416185188989466,EOD,-0.0059416185188989465
2026-05-08,TELIA.ST,0,-0.0006181004002524526,EOD,-0.004518100400252452
2026-05-11,TELIA.ST,0,0.003280029754326508,EOD,-0.000619970245673492
2026-05-12,TELIA.ST,3,-0.004270009824513088,EOD,-0.008170009824513089
2026-05-18,TELIA.ST,0,0.013144544007141601,EOD,0.0092445440071416
2026-05-19,TELIA.ST,0,0.0011806645740126687,EOD,-0.002719335425987331
2026-05-20,TELIA.ST,2,-0.004317060634973391,EOD,-0.008217060634973392
2026-05-21,TELIA.ST,0,-0.007067075095395503,STOP,-0.010967075095395504
2026-05-22,TELIA.ST,0,-0.0070698509151527755,EOD,-0.010969850915152776
2026-05-26,TELIA.ST,5,-0.005954728676066057,STOP,-0.009854728676066057
2026-05-28,TELIA.ST,2,-0.0064269871247265575,STOP,-0.010326987124726558
2026-06-02,TELIA.ST,1,0.005470025413797375,EOD,0.001570025413797375
2026-06-04,TELIA.ST,0,-0.010942190831338072,STOP,-0.014842190831338073
2026-06-08,TELIA.ST,0,0.002862387856986448,EOD,-0.0010376121430135518
2026-06-09,TELIA.ST,0,0.009159388421660308,EOD,0.0052593884216603085
2026-06-10,TELIA.ST,0,-0.008224671212877843,STOP,-0.012124671212877844
2026-06-11,TELIA.ST,5,0.0043391992642074495,EOD,0.0004391992642074497
2026-06-12,TELIA.ST,4,0.014925415623717964,EOD,0.011025415623717963
2026-06-16,TELIA.ST,0,-0.009831494321160261,STOP,-0.013731494321160262
2026-06-23,TELIA.ST,5,0.00040479033297047273,EOD,-0.003495209667029527
2026-06-26,TELIA.ST,0,-0.002255035118989168,EOD,-0.006155035118989168
2026-07-02,TELIA.ST,0,-0.009999980097231687,STOP,-0.013899980097231687
2026-07-03,TELIA.ST,7,0.0013117087099276947,EOD,-0.002588291290072305
2026-07-07,TELIA.ST,4,-0.004430677129900862,EOD,-0.008330677129900863
2023-08-10,VOLV-B.ST,0,-0.006565988268933287,STOP,-0.010465988268933288
2023-08-14,VOLV-B.ST,0,-0.000661999784787759,EOD,-0.004561999784787759
2023-08-16,VOLV-B.ST,0,-0.0013233482831775945,EOD,-0.005223348283177594
2023-08-21,VOLV-B.ST,0,-0.00841822739111553,STOP,-0.01231822739111553
2023-08-22,VOLV-B.ST,0,-0.0008932423121665867,EOD,-0.0047932423121665865
2023-08-25,VOLV-B.ST,0,-0.0020618416872494327,EOD,-0.0059618416872494326
2023-08-28,VOLV-B.ST,5,0.002484205360976599,EOD,-0.0014157946390234008
2023-08-30,VOLV-B.ST,0,-0.009190777958797525,STOP,-0.013090777958797525
2023-08-31,VOLV-B.ST,0,-0.009203156236847643,STOP,-0.013103156236847643
2023-09-01,VOLV-B.ST,1,-0.006324866124551742,STOP,-0.010224866124551743
2023-09-05,VOLV-B.ST,0,0.004328004320010015,EOD,0.00042800432001001507
2023-09-06,VOLV-B.ST,0,0.007018282771711792,EOD,0.0031182827717117926
2023-09-07,VOLV-B.ST,0,-0.005173230497013015,STOP,-0.009073230497013016
2023-09-11,VOLV-B.ST,4,0.0006723168641007415,EOD,-0.0032276831358992583
2023-09-12,VOLV-B.ST,2,-0.0033587102093597387,STOP,-0.0072587102093597386
2023-09-14,VOLV-B.ST,2,0.010096477174673435,EOD,0.006196477174673435
2023-09-15,VOLV-B.ST,0,-0.003927531837033094,EOD,-0.007827531837033094
2023-09-19,VOLV-B.ST,0,-0.007351338154560794,STOP,-0.011251338154560794
2023-09-20,VOLV-B.ST,0,0.0036725258791241444,EOD,-0.0002274741208758554
2023-09-21,VOLV-B.ST,1,-0.00043016066267720365,EOD,-0.0043301606626772035
2023-09-27,VOLV-B.ST,0,-0.0002217430233162343,EOD,-0.004121743023316234
2023-09-28,VOLV-B.ST,2,-0.0037552731636636416,STOP,-0.007655273163663641
2023-10-03,VOLV-B.ST,0,-0.004212846777127188,EOD,-0.008112846777127189
2023-10-06,VOLV-B.ST,0,0.0024482664887639505,EOD,-0.0014517335112360493
2023-10-10,VOLV-B.ST,0,0.007538789127459866,EOD,0.0036387891274598664
2023-10-11,VOLV-B.ST,3,-0.0037174321776337615,EOD,-0.007617432177633761
2023-10-12,VOLV-B.ST,0,-0.005200420144061524,EOD,-0.009100420144061525
2023-10-17,VOLV-B.ST,0,-0.011201352344987425,STOP,-0.015101352344987426
2023-10-20,VOLV-B.ST,1,-0.01217311501845264,EOD,-0.01607311501845264
2023-10-23,VOLV-B.ST,0,-0.006813536414201793,STOP,-0.010713536414201794
2023-10-25,VOLV-B.ST,1,-0.0006863836796099365,EOD,-0.004586383679609936
2023-10-26,VOLV-B.ST,0,0.00922296492371455,EOD,0.00532296492371455
2023-10-27,VOLV-B.ST,0,-0.002279461983529796,EOD,-0.006179461983529796
2023-10-31,VOLV-B.ST,0,-0.002033034536356837,EOD,-0.005933034536356837
2023-11-02,VOLV-B.ST,1,0.008409118652343839,EOD,0.004509118652343839
2023-11-03,VOLV-B.ST,0,-0.00022139938191945152,EOD,-0.004121399381919451
2023-11-08,VOLV-B.ST,5,-0.000908251367002455,EOD,-0.004808251367002455
2023-11-09,VOLV-B.ST,1,0.0042957821987366085,EOD,0.00039578219873660867
2023-11-10,VOLV-B.ST,5,0.004077975386127974,EOD,0.00017797538612797457
2023-11-14,VOLV-B.ST,0,-0.0051476899189945025,STOP,-0.009047689918994503
2023-11-15,VOLV-B.ST,0,0.014145810663764857,EOD,0.010245810663764857
2023-11-17,VOLV-B.ST,2,0.0002149282315480061,EOD,-0.0036850717684519937
2023-11-20,VOLV-B.ST,0,0.001497352314505429,EOD,-0.0024026476854945708
2023-11-21,VOLV-B.ST,0,-0.006795459186513697,EOD,-0.010695459186513698
2023-11-22,VOLV-B.ST,0,-0.004202563617672683,EOD,-0.008102563617672684
2023-11-27,VOLV-B.ST,0,-0.009555476032068189,STOP,-0.01345547603206819
2023-11-29,VOLV-B.ST,0,0.004770769060050473,EOD,0.0008707690600504728
2023-11-30,VOLV-B.ST,3,-0.0036862335407878977,EOD,-0.0075862335407878975
2023-12-01,VOLV-B.ST,0,-0.0012227554281423192,EOD,-0.005122755428142319
2023-12-05,VOLV-B.ST,0,0.00948539295061801,EOD,0.00558539295061801
2023-12-06,VOLV-B.ST,1,0.008000000000000007,EOD,0.004100000000000007
2023-12-08,VOLV-B.ST,0,0.006171622892400697,EOD,0.002271622892400697
2023-12-11,VOLV-B.ST,0,-0.006711397267116559,STOP,-0.01061139726711656
2023-12-12,VOLV-B.ST,5,-0.0021509701146736893,EOD,-0.006050970114673689
2023-12-14,VOLV-B.ST,1,0.0025242481416869467,EOD,-0.0013757518583130532
2023-12-15,VOLV-B.ST,1,-0.004766444232602529,EOD,-0.00866644423260253
2023-12-18,VOLV-B.ST,0,-0.008026012430737639,STOP,-0.01192601243073764
2023-12-20,VOLV-B.ST,5,0.0017241847012692268,EOD,-0.002175815298730773
2023-12-22,VOLV-B.ST,4,-0.004979842381757638,EOD,-0.008879842381757638
2023-12-27,VOLV-B.ST,1,-0.0003817026851741234,EOD,-0.004281702685174123
2023-12-29,VOLV-B.ST,0,-0.0038124286943898023,STOP,-0.007712428694389802
2024-01-10,VOLV-B.ST,0,-0.006605320797100078,STOP,-0.010505320797100079
2024-01-12,VOLV-B.ST,5,0.004017677880763237,EOD,0.00011767788076323758
2024-01-15,VOLV-B.ST,1,-0.00990099009900991,STOP,-0.01380099009900991
2024-01-17,VOLV-B.ST,0,0.0010146104147430446,EOD,-0.0028853895852569552
2024-01-18,VOLV-B.ST,0,0.0012145872540803015,EOD,-0.0026854127459196983
2024-01-23,VOLV-B.ST,5,-0.002825416541845316,EOD,-0.006725416541845316
2024-01-24,VOLV-B.ST,2,0.0016019589914386678,EOD,-0.002298041008561332
2024-01-25,VOLV-B.ST,5,0.00379998779296864,EOD,-0.00010001220703135996
2024-01-26,VOLV-B.ST,0,0.029035508209073635,EOD,0.025135508209073634
2024-01-30,VOLV-B.ST,6,0.0016087237687203437,EOD,-0.002291276231279656
2024-02-01,VOLV-B.ST,0,0.00655800419895658,EOD,0.0026580041989565798
2024-02-02,VOLV-B.ST,0,0.0031183720468248577,EOD,-0.0007816279531751421
2024-02-06,VOLV-B.ST,0,0.005852516860873402,EOD,0.0019525168608734026
2024-02-07,VOLV-B.ST,0,0.0021264965146954307,EOD,-0.0017735034853045692
2024-02-08,VOLV-B.ST,0,-0.00305700524734398,EOD,-0.00695700524734398
2024-02-12,VOLV-B.ST,7,0.0005703266338128454,EOD,-0.0033296733661871544
2024-02-13,VOLV-B.ST,7,0.0011352423574977344,EOD,-0.0027647576425022654
2024-02-14,VOLV-B.ST,6,-0.0013148237695925769,EOD,-0.005214823769592577
2024-02-15,VOLV-B.ST,0,-0.0007422980069400342,EOD,-0.004642298006940034
2024-02-16,VOLV-B.ST,1,-0.006096412095673132,STOP,-0.009996412095673132
2024-02-19,VOLV-B.ST,0,-0.0003690942941874109,EOD,-0.004269094294187411
2024-02-20,VOLV-B.ST,0,0.006612739574749504,EOD,0.0027127395747495045
2024-02-21,VOLV-B.ST,3,0.006376388858310156,EOD,0.002476388858310156
2024-02-23,VOLV-B.ST,0,-0.002486721872224651,EOD,-0.006386721872224651
2024-02-27,VOLV-B.ST,0,-0.0015968123099555642,EOD,-0.005496812309955564
2024-02-28,VOLV-B.ST,0,0.0077601841517858094,EOD,0.0038601841517858096
2024-03-01,VOLV-B.ST,0,-0.014110825604755961,EOD,-0.01801082560475596
2024-03-04,VOLV-B.ST,0,-0.002756202559754506,EOD,-0.006656202559754506
2024-03-05,VOLV-B.ST,1,0.0018806215421847128,EOD,-0.002019378457815287
2024-03-06,VOLV-B.ST,2,0.0008500509854190152,EOD,-0.0030499490145809846
2024-03-07,VOLV-B.ST,0,0.0017001019708378085,EOD,-0.0021998980291621914
2024-03-08,VOLV-B.ST,0,0.008119059022089203,EOD,0.0042190590220892036
2024-03-12,VOLV-B.ST,0,0.013223908697785225,EOD,0.009323908697785224
2024-03-13,VOLV-B.ST,0,0.000822368421052655,EOD,-0.003077631578947345
2024-03-14,VOLV-B.ST,0,-0.0013093089901289323,EOD,-0.005209308990128932
2024-03-15,VOLV-B.ST,1,-0.002430330476884124,EOD,-0.006330330476884124
2024-03-19,VOLV-B.ST,0,-0.0009787529950040508,EOD,-0.004878752995004051
2024-03-20,VOLV-B.ST,0,-0.0021134577216173067,EOD,-0.0060134577216173065
2024-03-21,VOLV-B.ST,0,0.004988695629454698,EOD,0.0010886956294546982
2024-03-22,VOLV-B.ST,0,0.0019087198723262144,EOD,-0.0019912801276737854
2024-03-26,VOLV-B.ST,0,0.002206152644065096,EOD,-0.001693847355934904
2024-04-02,VOLV-B.ST,1,-0.00034190120860044804,EOD,-0.004241901208600448
2024-04-04,VOLV-B.ST,5,0.00241550116120548,EOD,-0.0014844988387945198
2024-04-05,VOLV-B.ST,4,0.0041465522886654504,EOD,0.0002465522886654506
2024-04-12,VOLV-B.ST,0,-0.007641478763782628,STOP,-0.011541478763782628
2024-04-15,VOLV-B.ST,0,0.0,EOD,-0.0039
2024-04-17,VOLV-B.ST,4,-0.011324598016776322,EOD,-0.015224598016776322
2024-04-19,VOLV-B.ST,4,-0.0007132014757709193,EOD,-0.004613201475770919
2024-04-22,VOLV-B.ST,5,-0.0007071488616877675,EOD,-0.004607148861687767
2024-04-24,VOLV-B.ST,0,-0.004577421806227999,EOD,-0.008477421806228
2024-04-25,VOLV-B.ST,0,-0.0045968452937856785,STOP,-0.00849684529378568
2024-04-26,VOLV-B.ST,2,0.0032096787306514774,EOD,-0.0006903212693485225
2024-04-29,VOLV-B.ST,5,-0.0024544606489115273,EOD,-0.006354460648911527
2024-05-06,VOLV-B.ST,0,0.0032871601686959018,EOD,-0.000612839831304098
2024-05-07,VOLV-B.ST,2,0.0065241694467823574,EOD,0.0026241694467823576
2024-05-10,VOLV-B.ST,0,0.0010627641640810204,EOD,-0.0028372358359189795
2024-05-14,VOLV-B.ST,0,0.0021171704884890286,EOD,-0.0017828295115109713
2024-05-15,VOLV-B.ST,5,0.0006975294068307658,EOD,-0.003202470593169234
2024-05-17,VOLV-B.ST,7,-0.0007031705124646015,EOD,-0.004603170512464601
2024-05-20,VOLV-B.ST,2,0.005598342098862119,EOD,0.0016983420988621193
2024-05-22,VOLV-B.ST,5,-0.0027962890369789273,EOD,-0.006696289036978927
2024-05-24,VOLV-B.ST,0,0.0013985800576377105,EOD,-0.0025014199423622893
2024-05-30,VOLV-B.ST,0,0.0031835651136276066,EOD,-0.0007164348863723932
2024-06-03,VOLV-B.ST,0,-0.01354164547390413,STOP,-0.01744164547390413
2024-06-11,VOLV-B.ST,0,-0.0065526692047988,STOP,-0.0104526692047988
2024-06-12,VOLV-B.ST,2,0.0014614317816756817,EOD,-0.002438568218324318
2024-06-19,VOLV-B.ST,0,0.0,EOD,-0.0039
2024-06-24,VOLV-B.ST,0,0.010428259936568818,EOD,0.006528259936568818
2024-06-26,VOLV-B.ST,0,-0.007780682293461072,STOP,-0.011680682293461073
2024-06-28,VOLV-B.ST,0,0.0003690262122346688,EOD,-0.003530973787765331
2024-07-03,VOLV-B.ST,1,-0.0048416677577979295,EOD,-0.00874166775779793
2024-07-04,VOLV-B.ST,0,-0.009597660251366213,STOP,-0.013497660251366214
2024-07-05,VOLV-B.ST,0,-0.005912808822715054,STOP,-0.009812808822715055
2024-07-08,VOLV-B.ST,0,-0.00710809570988824,STOP,-0.011008095709888241
2024-07-10,VOLV-B.ST,1,0.008326955290710591,EOD,0.004426955290710592
2024-07-11,VOLV-B.ST,4,0.0033494374975724384,EOD,-0.0005505625024275615
2024-07-12,VOLV-B.ST,0,0.019586059399205213,EOD,0.015686059399205213
2024-07-16,VOLV-B.ST,0,0.006944421981355919,EOD,0.0030444219813559196
2024-07-17,VOLV-B.ST,1,0.001477195096361461,EOD,-0.0024228049036385388
2024-07-18,VOLV-B.ST,0,0.027549238665585785,EOD,0.023649238665585784
2024-07-22,VOLV-B.ST,0,0.0031534474973071713,EOD,-0.0007465525026928285
2024-07-23,VOLV-B.ST,2,-0.009043499490489104,STOP,-0.012943499490489105
2024-07-25,VOLV-B.ST,0,0.005204438276893653,EOD,0.0013044382768936527
2024-07-26,VOLV-B.ST,0,0.0003672644436241157,EOD,-0.003532735556375884
2024-07-30,VOLV-B.ST,4,-0.002192203422562433,EOD,-0.006092203422562433
2024-07-31,VOLV-B.ST,0,-0.005079803575760988,STOP,-0.008979803575760989
2024-08-01,VOLV-B.ST,0,-0.00893198476006507,EOD,-0.012831984760065071
2024-08-05,VOLV-B.ST,0,0.00039732262506220195,EOD,-0.003502677374937798
2024-08-07,VOLV-B.ST,0,-0.004310309004234236,EOD,-0.008210309004234237
2024-08-08,VOLV-B.ST,0,0.0146418559276833,EOD,0.0107418559276833
2024-08-09,VOLV-B.ST,0,-0.009682475370235366,STOP,-0.013582475370235367
2024-08-14,VOLV-B.ST,4,-0.0007704630290011893,EOD,-0.004670463029001189
2024-08-15,VOLV-B.ST,4,0.0053394120187109095,EOD,0.0014394120187109097
2024-08-22,VOLV-B.ST,0,-0.0026395632534313984,EOD,-0.006539563253431398
2024-08-23,VOLV-B.ST,0,0.0033695015946033635,EOD,-0.0005304984053966363
2024-08-26,VOLV-B.ST,1,0.00037260099027491833,EOD,-0.0035273990097250815
2024-08-28,VOLV-B.ST,2,-0.002617732630630143,EOD,-0.006517732630630143
2024-08-29,VOLV-B.ST,1,0.0011143676796643298,EOD,-0.00278563232033567
2024-09-05,VOLV-B.ST,3,-0.008021297493711721,STOP,-0.011921297493711722
2024-09-06,VOLV-B.ST,4,-0.009334924536357758,EOD,-0.013234924536357759
2024-09-10,VOLV-B.ST,0,-0.007462722347700734,STOP,-0.011362722347700735
2024-09-16,VOLV-B.ST,0,-0.0011783308898893896,EOD,-0.005078330889889389
2024-09-17,VOLV-B.ST,0,0.015192807600410196,EOD,0.011292807600410196
2024-09-18,VOLV-B.ST,5,0.004222672182401688,EOD,0.0003226721824016879
2024-09-19,VOLV-B.ST,1,0.0026504417768880018,EOD,-0.001249558223111998
2024-09-23,VOLV-B.ST,3,0.003827018931176873,EOD,-7.298106882312663e-05
2024-09-26,VOLV-B.ST,0,0.009245562338869862,EOD,0.005345562338869862
2024-09-27,VOLV-B.ST,0,-0.006195268685371902,STOP,-0.010095268685371903
2024-10-01,VOLV-B.ST,0,-0.00849655783830483,STOP,-0.01239655783830483
2024-10-02,VOLV-B.ST,0,-0.008199708496262503,STOP,-0.012099708496262504
2024-10-04,VOLV-B.ST,4,0.013323373143222295,EOD,0.009423373143222294
2024-10-08,VOLV-B.ST,5,-0.004413320030856593,EOD,-0.008313320030856594
2024-10-09,VOLV-B.ST,3,0.001848428835489857,EOD,-0.002051571164510143
2024-10-11,VOLV-B.ST,5,-0.0011193574364505299,EOD,-0.00501935743645053
2024-10-14,VOLV-B.ST,5,0.0007428739984578492,EOD,-0.0031571260015421506
2024-10-16,VOLV-B.ST,5,-0.0022379936212457707,EOD,-0.0061379936212457705
2024-10-18,VOLV-B.ST,0,0.030041308173921033,EOD,0.026141308173921032
2024-10-24,VOLV-B.ST,0,-0.008817135585714397,STOP,-0.012717135585714398
2024-10-25,VOLV-B.ST,0,0.019492528243912455,EOD,0.015592528243912454
2024-10-28,VOLV-B.ST,5,0.0021489095977997863,EOD,-0.0017510904022002135
2024-10-31,VOLV-B.ST,0,0.0014477901981024832,EOD,-0.0024522098018975166
2024-11-05,VOLV-B.ST,0,0.007225433844657125,EOD,0.0033254338446571255
2024-11-07,VOLV-B.ST,0,0.011442504786360441,EOD,0.007542504786360441
2024-11-13,VOLV-B.ST,0,-0.006146103288208304,STOP,-0.010046103288208305
2024-11-14,VOLV-B.ST,0,-0.0018135653894151282,EOD,-0.005713565389415128
2024-11-15,VOLV-B.ST,0,-0.013449698745695349,STOP,-0.01734969874569535
2024-11-21,VOLV-B.ST,2,0.015837034299132524,EOD,0.011937034299132523
2024-11-22,VOLV-B.ST,5,0.0018450184501845879,EOD,-0.002054981549815412
2024-11-26,VOLV-B.ST,0,-0.00037357526692338716,EOD,-0.004273575266923387
2024-11-27,VOLV-B.ST,5,-0.00037108016146802925,EOD,-0.004271080161468029
2024-11-28,VOLV-B.ST,1,-0.004386009430779159,EOD,-0.00828600943077916
2024-11-29,VOLV-B.ST,0,-0.004042653725987555,STOP,-0.007942653725987556
2024-12-02,VOLV-B.ST,0,0.012440631415754355,EOD,0.008540631415754354
2024-12-03,VOLV-B.ST,4,-0.004282698625097114,EOD,-0.008182698625097115
2024-12-04,VOLV-B.ST,0,-0.008350709629272979,EOD,-0.01225070962927298
2024-12-05,VOLV-B.ST,1,0.002445030516513569,EOD,-0.001454969483486431
2024-12-06,VOLV-B.ST,2,-0.006260827105978306,STOP,-0.010160827105978307
2024-12-09,VOLV-B.ST,5,-0.005530506925159218,STOP,-0.009430506925159218
2024-12-10,VOLV-B.ST,0,-0.005565238620923951,STOP,-0.009465238620923952
2024-12-12,VOLV-B.ST,0,-0.006997900928704004,STOP,-0.010897900928704005
2024-12-17,VOLV-B.ST,0,0.0003628668407142932,EOD,-0.0035371331592857066
2024-12-18,VOLV-B.ST,0,-0.0032549508010284445,EOD,-0.007154950801028444
2024-12-19,VOLV-B.ST,0,-0.007664255852246837,STOP,-0.011564255852246838
2024-12-20,VOLV-B.ST,7,-0.0014919578044692017,EOD,-0.0053919578044692015
2024-12-27,VOLV-B.ST,0,0.0007456438491835193,EOD,-0.0031543561508164805
2024-12-30,VOLV-B.ST,0,0.0022379936212457707,EOD,-0.001662006378754229
2025-01-07,VOLV-B.ST,0,0.01676181280077471,EOD,0.01286181280077471
2025-01-09,VOLV-B.ST,0,-0.0045186592123304115,EOD,-0.008418659212330412
2025-01-14,VOLV-B.ST,4,-0.007481318176668861,STOP,-0.011381318176668861
2025-01-15,VOLV-B.ST,0,0.016499305254387142,EOD,0.012599305254387141
2025-01-16,VOLV-B.ST,2,-0.0066526395514001635,STOP,-0.010552639551400164
2025-01-17,VOLV-B.ST,0,0.003834109888174231,EOD,-6.5890111825769e-05
2025-01-20,VOLV-B.ST,5,-0.005179557901887066,EOD,-0.009079557901887067
2025-01-21,VOLV-B.ST,0,-0.0017265193006290591,EOD,-0.005626519300629059
2025-01-22,VOLV-B.ST,0,-0.00859106529209619,STOP,-0.01249106529209619
2025-01-23,VOLV-B.ST,5,0.004834232966086205,EOD,0.0009342329660862051
2025-01-27,VOLV-B.ST,3,0.00034260399317131984,EOD,-0.00355739600682868
2025-01-28,VOLV-B.ST,0,-0.007495782647465976,STOP,-0.011395782647465977
2025-01-29,VOLV-B.ST,0,0.02311757028466621,EOD,0.01921757028466621
2025-01-30,VOLV-B.ST,5,0.0009584274535743287,EOD,-0.002941572546425671
2025-02-03,VOLV-B.ST,1,0.012845829440315093,EOD,0.008945829440315092
2025-02-06,VOLV-B.ST,3,0.007474773161273873,EOD,0.0035747731612738734
2025-02-07,VOLV-B.ST,5,-0.005434724283231995,EOD,-0.009334724283231996
2025-02-10,VOLV-B.ST,2,-0.0022350325023886564,EOD,-0.006135032502388656
2025-02-11,VOLV-B.ST,0,-0.004149338792275303,STOP,-0.008049338792275304
2025-02-12,VOLV-B.ST,0,-0.004091968084973585,EOD,-0.007991968084973586
2025-02-13,VOLV-B.ST,1,0.01307193391410122,EOD,0.009171933914101218
2025-02-14,VOLV-B.ST,0,0.003374251851274934,EOD,-0.0005257481487250656
2025-02-17,VOLV-B.ST,0,0.006077180075684696,EOD,0.0021771800756846963
2025-02-18,VOLV-B.ST,1,0.009918808752297892,EOD,0.006018808752297892
2025-02-20,VOLV-B.ST,0,-0.0012117355016314502,EOD,-0.00511173550163145
2025-02-21,VOLV-B.ST,2,-0.009691132915600531,STOP,-0.013591132915600532
2025-02-24,VOLV-B.ST,0,-0.013793121749672066,STOP,-0.017693121749672067
2025-02-25,VOLV-B.ST,2,0.006300648606144099,EOD,0.0024006486061440993
2025-03-03,VOLV-B.ST,1,0.0011869255088556852,EOD,-0.0027130744911443147
2025-03-05,VOLV-B.ST,0,-0.0161584993688072,STOP,-0.0200584993688072
2025-03-06,VOLV-B.ST,5,0.005722873182181898,EOD,0.001822873182181898
2025-03-07,VOLV-B.ST,0,0.00907715582450841,EOD,0.00517715582450841
2025-03-12,VOLV-B.ST,2,-0.013819076572956446,STOP,-0.017719076572956446
2025-03-13,VOLV-B.ST,1,-0.002584038419816359,EOD,-0.006484038419816359
2025-03-14,VOLV-B.ST,5,-0.0006357666978730192,EOD,-0.004535766697873019
2025-03-18,VOLV-B.ST,0,0.001870343286617615,EOD,-0.0020296567133823848
2025-03-25,VOLV-B.ST,0,0.008116883116883189,EOD,0.004216883116883189
2025-03-27,VOLV-B.ST,0,-0.0003260714037667256,EOD,-0.004226071403766725
2025-03-28,VOLV-B.ST,4,-0.009495723491950492,STOP,-0.013395723491950493
2025-04-02,VOLV-B.ST,7,0.003435245548034871,EOD,-0.0004647544519651289
2025-04-07,VOLV-B.ST,0,0.01694912556729733,EOD,0.013049125567297329
2025-04-08,VOLV-B.ST,5,-0.021487590695215664,EOD,-0.025387590695215664
2025-04-11,VOLV-B.ST,6,0.0,EOD,-0.0039
2025-04-15,VOLV-B.ST,0,0.004313749425551405,EOD,0.00041374942555140546
2025-04-16,VOLV-B.ST,0,-0.011862396490321614,STOP,-0.015762396490321615
2025-04-23,VOLV-B.ST,0,-0.004743070941668703,EOD,-0.008643070941668704
2025-04-24,VOLV-B.ST,0,0.019700491257249153,EOD,0.015800491257249152
2025-04-28,VOLV-B.ST,4,-0.004106032581473906,EOD,-0.008006032581473907
2025-05-07,VOLV-B.ST,0,0.0011555769873485833,EOD,-0.0027444230126514165
2025-05-08,VOLV-B.ST,0,0.0007615448773992117,EOD,-0.003138455122600788
2025-05-12,VOLV-B.ST,0,0.0014524106948046178,EOD,-0.002447589305195382
2025-05-13,VOLV-B.ST,1,0.0053976251635281525,EOD,0.0014976251635281526
2025-05-14,VOLV-B.ST,4,-0.006428527832031294,EOD,-0.010328527832031295
2025-05-15,VOLV-B.ST,5,-0.0003597341853079916,EOD,-0.0042597341853079914
2025-05-19,VOLV-B.ST,7,0.002177880593523085,EOD,-0.0017221194064769149
2025-05-30,VOLV-B.ST,0,-0.005609573800441692,EOD,-0.009509573800441692
2025-06-09,VOLV-B.ST,0,-0.001509980768971575,EOD,-0.005409980768971575
2025-06-10,VOLV-B.ST,0,0.008227420558142962,EOD,0.004327420558142962
2025-06-12,VOLV-B.ST,0,-0.005303007183652952,STOP,-0.009203007183652953
2025-06-13,VOLV-B.ST,7,0.004174596218275539,EOD,0.00027459621827553935
2025-06-17,VOLV-B.ST,0,-0.0076045627376425395,STOP,-0.01150456273764254
2025-06-19,VOLV-B.ST,3,0.0007743407529370305,EOD,-0.0031256592470629693
2025-06-23,VOLV-B.ST,0,-0.010461108652389473,STOP,-0.014361108652389473
2025-06-26,VOLV-B.ST,0,-0.002703675959656482,EOD,-0.006603675959656482
2025-06-27,VOLV-B.ST,4,0.01739132742349958,EOD,0.01349132742349958
2025-07-02,VOLV-B.ST,0,0.0044461364733912045,EOD,0.0005461364733912047
2025-07-07,VOLV-B.ST,4,0.002284867058529816,EOD,-0.001615132941470184
2025-07-08,VOLV-B.ST,5,0.014421206045422297,EOD,0.010521206045422296
2025-07-09,VOLV-B.ST,1,0.006326690034324622,EOD,0.0024266900343246226
2025-07-10,VOLV-B.ST,0,0.01242687799940323,EOD,0.008526877999403229
2025-07-11,VOLV-B.ST,0,-0.007228044495001917,STOP,-0.011128044495001918
2025-07-15,VOLV-B.ST,0,-0.003308801090016078,EOD,-0.007208801090016078
2025-07-16,VOLV-B.ST,3,-0.006639683769905758,EOD,-0.010539683769905758
2025-07-21,VOLV-B.ST,0,0.008390471346416462,EOD,0.004490471346416462
2025-07-22,VOLV-B.ST,0,0.008646570650258534,EOD,0.004746570650258534
2025-07-23,VOLV-B.ST,0,0.018841160826667203,EOD,0.014941160826667202
2025-07-24,VOLV-B.ST,0,-0.008987126497212672,EOD,-0.012887126497212673
2025-07-25,VOLV-B.ST,0,0.011611497717195052,EOD,0.007711497717195052
2025-07-29,VOLV-B.ST,1,-0.0097764938988818,STOP,-0.0136764938988818
2025-07-30,VOLV-B.ST,0,-0.003863737465229611,EOD,-0.007763737465229611
2025-08-01,VOLV-B.ST,0,-0.010075523045933288,STOP,-0.013975523045933289
2025-08-05,VOLV-B.ST,3,-0.0014635708538244252,EOD,-0.005363570853824425
2025-08-06,VOLV-B.ST,0,0.0014440212869470948,EOD,-0.002455978713052905
2025-08-07,VOLV-B.ST,0,0.01857810761137202,EOD,0.014678107611372018
2025-08-08,VOLV-B.ST,0,0.004170947648725276,EOD,0.0002709476487252763
2025-08-15,VOLV-B.ST,0,-0.006429759378965727,STOP,-0.010329759378965728
2025-08-19,VOLV-B.ST,0,0.017117425181525148,EOD,0.013217425181525147
2025-08-20,VOLV-B.ST,1,0.001012787915616542,EOD,-0.002887212084383458
2025-08-22,VOLV-B.ST,0,0.012829127739240942,EOD,0.008929127739240941
2025-08-26,VOLV-B.ST,1,-0.0033840947546531774,EOD,-0.007284094754653177
2025-08-28,VOLV-B.ST,0,-0.005105514167199399,STOP,-0.0090055141671994
2025-08-29,VOLV-B.ST,3,-0.0013731339280681487,EOD,-0.0052731339280681485
2025-09-03,VOLV-B.ST,2,-0.008592889371206724,EOD,-0.012492889371206725
2025-09-11,VOLV-B.ST,5,0.004020490054738701,EOD,0.00012049005473870143
2025-09-15,VOLV-B.ST,0,-0.004360509279805136,STOP,-0.008260509279805137
2025-09-16,VOLV-B.ST,0,-0.009406679308717192,STOP,-0.013306679308717193
2025-09-18,VOLV-B.ST,3,-0.00718907229418686,EOD,-0.01108907229418686
2025-09-19,VOLV-B.ST,0,-0.005772027536278146,STOP,-0.009672027536278147
2025-09-22,VOLV-B.ST,0,-0.008000044389204541,STOP,-0.011900044389204542
2025-09-23,VOLV-B.ST,0,-0.0017953321364452268,EOD,-0.005695332136445227
2025-09-26,VOLV-B.ST,0,0.004001477366092132,EOD,0.0001014773660921323
2025-10-01,VOLV-B.ST,1,-0.0003702558358228414,EOD,-0.004270255835822841
2025-10-02,VOLV-B.ST,2,0.000729593889091662,EOD,-0.003170406110908338
2025-10-06,VOLV-B.ST,3,-0.0010869122933649944,EOD,-0.004986912293364994
2025-10-08,VOLV-B.ST,0,-0.0003709425120607124,EOD,-0.004270942512060712
2025-10-13,VOLV-B.ST,0,-0.010022203974104693,STOP,-0.013922203974104694
2025-10-14,VOLV-B.ST,0,-0.0030188218602594796,EOD,-0.0069188218602594794
2025-10-16,VOLV-B.ST,0,0.006001523131602626,EOD,0.0021015231316026265
2025-10-20,VOLV-B.ST,0,0.012663225116293253,EOD,0.008763225116293252
2025-10-21,VOLV-B.ST,6,-0.006228068831217071,STOP,-0.010128068831217071
2025-10-23,VOLV-B.ST,0,0.002720607229855343,EOD,-0.0011793927701446568
2025-10-24,VOLV-B.ST,4,-0.0007672121122588305,EOD,-0.00466721211225883
2025-10-27,VOLV-B.ST,5,-0.003054554454418712,EOD,-0.006954554454418712
2025-10-29,VOLV-B.ST,0,0.0007629976527896432,EOD,-0.0031370023472103567
2025-10-31,VOLV-B.ST,1,0.0019120458891013214,EOD,-0.0019879541108986784
2025-11-04,VOLV-B.ST,0,0.003895597789038918,EOD,-4.4022109610816415e-06
2025-11-05,VOLV-B.ST,3,0.002282259860956426,EOD,-0.0016177401390435739
2025-11-06,VOLV-B.ST,4,-0.00793353232591898,STOP,-0.01183353232591898
2025-11-10,VOLV-B.ST,0,-0.005282995835790061,STOP,-0.009182995835790062
2025-11-11,VOLV-B.ST,5,0.001495863521370211,EOD,-0.002404136478629789
2025-11-12,VOLV-B.ST,0,-0.0048202382339861405,EOD,-0.008720238233986141
2025-11-13,VOLV-B.ST,5,-0.005561735009668944,STOP,-0.009461735009668945
2025-11-14,VOLV-B.ST,7,-0.004130588195117246,STOP,-0.008030588195117247
2025-11-18,VOLV-B.ST,7,0.0015348959597702994,EOD,-0.0023651040402297005
2025-11-19,VOLV-B.ST,1,0.001495863521370211,EOD,-0.002404136478629789
2025-11-21,VOLV-B.ST,0,0.006350323541032932,EOD,0.002450323541032932
2025-11-25,VOLV-B.ST,0,0.011853514306375601,EOD,0.0079535143063756
2025-11-26,VOLV-B.ST,1,-0.005621946834862945,EOD,-0.009521946834862946
2025-12-01,VOLV-B.ST,5,-0.00035337845765237574,EOD,-0.0042533784576523756
2025-12-04,VOLV-B.ST,0,0.014416336819641273,EOD,0.010516336819641273
2025-12-05,VOLV-B.ST,1,0.0033829498624902143,EOD,-0.0005170501375097855
2025-12-08,VOLV-B.ST,0,-0.0010117632140598243,EOD,-0.004911763214059824
2025-12-10,VOLV-B.ST,0,-0.006549444524335479,STOP,-0.01044944452433548
2025-12-11,VOLV-B.ST,0,0.009205633547237246,EOD,0.0053056335472372465
2025-12-12,VOLV-B.ST,0,-0.006369406551243406,EOD,-0.010269406551243407
2025-12-16,VOLV-B.ST,0,-0.007106619639646761,STOP,-0.011006619639646761
2025-12-18,VOLV-B.ST,0,0.00787397379291277,EOD,0.00397397379291277
2025-12-19,VOLV-B.ST,0,-0.004062226520809009,EOD,-0.00796222652080901
2025-12-29,VOLV-B.ST,0,-0.006761325498768511,EOD,-0.010661325498768512
2025-12-30,VOLV-B.ST,0,0.0033909800634008835,EOD,-0.0005090199365991163
2026-01-02,VOLV-B.ST,7,0.0013449694172609217,EOD,-0.002555030582739078
2026-01-05,VOLV-B.ST,0,-0.0155629543279181,STOP,-0.0194629543279181
2026-01-07,VOLV-B.ST,0,-0.007807397345923728,EOD,-0.011707397345923728
2026-01-09,VOLV-B.ST,0,0.0051997904532450345,EOD,0.0012997904532450347
2026-01-12,VOLV-B.ST,0,0.0032341525243226865,EOD,-0.0006658474756773133
2026-01-13,VOLV-B.ST,6,-0.001299525381246669,EOD,-0.005199525381246669
2026-01-15,VOLV-B.ST,5,0.006058653888728616,EOD,0.002158653888728616
2026-01-20,VOLV-B.ST,5,-0.006559527845313773,STOP,-0.010459527845313774
2026-01-21,VOLV-B.ST,0,0.01498861581948141,EOD,0.01108861581948141
2026-01-26,VOLV-B.ST,0,0.0003169765563093563,EOD,-0.0035830234436906435
2026-01-27,VOLV-B.ST,2,-0.00725100322204808,STOP,-0.011151003222048081
2026-01-28,VOLV-B.ST,5,-0.005835361980553344,EOD,-0.009735361980553345
2026-01-29,VOLV-B.ST,1,-0.010122661941621924,STOP,-0.014022661941621925
2026-01-30,VOLV-B.ST,3,-0.006191950464396245,STOP,-0.010091950464396246
2026-02-03,VOLV-B.ST,0,0.005017745774152926,EOD,0.0011177457741529265
2026-02-04,VOLV-B.ST,1,0.006628206896163613,EOD,0.0027282068961636133
2026-02-06,VOLV-B.ST,3,-0.0014442518266030158,EOD,-0.005344251826603016
2026-02-10,VOLV-B.ST,1,-0.00581564418579783,STOP,-0.009715644185797831
2026-02-11,VOLV-B.ST,0,0.0011494077485183496,EOD,-0.0027505922514816502
2026-02-12,VOLV-B.ST,0,-0.006241169381648981,STOP,-0.010141169381648982
2026-02-16,VOLV-B.ST,0,-0.005508825543947715,STOP,-0.009408825543947716
2026-02-18,VOLV-B.ST,3,0.0034833445777395777,EOD,-0.0004166554222604221
2026-02-19,VOLV-B.ST,0,0.006376846976902106,EOD,0.0024768469769021065
2026-02-20,VOLV-B.ST,0,0.00688268945359094,EOD,0.00298268945359094
2026-02-23,VOLV-B.ST,4,-0.003982912934521687,EOD,-0.007882912934521688
2026-02-24,VOLV-B.ST,0,-0.004835074452560595,STOP,-0.008735074452560596
2026-02-26,VOLV-B.ST,0,-0.006244626073464321,STOP,-0.010144626073464322
2026-03-02,VOLV-B.ST,0,0.0,EOD,-0.0039
2026-03-04,VOLV-B.ST,1,0.004134654079292588,EOD,0.00023465407929258806
2026-03-05,VOLV-B.ST,0,-0.007355104574557236,STOP,-0.011255104574557237
2026-03-09,VOLV-B.ST,4,0.0009349277539831835,EOD,-0.0029650722460168163
2026-03-10,VOLV-B.ST,0,0.005726414960714354,EOD,0.0018264149607143546
2026-03-11,VOLV-B.ST,2,-0.0024059783247180055,EOD,-0.006305978324718005
2026-03-12,VOLV-B.ST,1,-0.012001200559553005,STOP,-0.015901200559553005
2026-03-13,VOLV-B.ST,1,-0.010905804413668174,STOP,-0.014805804413668175
2026-03-17,VOLV-B.ST,4,-0.009597542116147495,STOP,-0.013497542116147496
2026-03-23,VOLV-B.ST,0,0.055003550998687256,EOD,0.051103550998687255
2026-03-24,VOLV-B.ST,7,0.0010016286910474737,EOD,-0.002898371308952526
2026-03-26,VOLV-B.ST,0,-0.007902615467879626,STOP,-0.011802615467879626
2026-03-27,VOLV-B.ST,6,-0.0029900129451307933,EOD,-0.006890012945130793
2026-03-30,VOLV-B.ST,0,0.0033422458529448473,EOD,-0.0005577541470551525
2026-03-31,VOLV-B.ST,0,0.006921575958344084,EOD,0.003021575958344084
2026-04-02,VOLV-B.ST,0,-0.008036001128100767,EOD,-0.011936001128100768
2026-04-08,VOLV-B.ST,4,0.009101941579023443,EOD,0.005201941579023443
2026-04-09,VOLV-B.ST,3,0.013517723075960664,EOD,0.009617723075960663
2026-04-10,VOLV-B.ST,1,0.009279307495430933,EOD,0.005379307495430933
2026-04-13,VOLV-B.ST,5,-0.005583088793564617,EOD,-0.009483088793564617
2026-04-15,VOLV-B.ST,3,-0.007725586998908351,STOP,-0.011625586998908352
2026-04-17,VOLV-B.ST,1,0.03532002987662186,EOD,0.03142002987662186
2026-04-20,VOLV-B.ST,0,-0.017057495565515945,STOP,-0.020957495565515946
2026-04-21,VOLV-B.ST,0,-0.0073575239860483865,STOP,-0.011257523986048387
2026-04-23,VOLV-B.ST,6,-0.003768786785351641,EOD,-0.007668786785351641
2026-04-24,VOLV-B.ST,3,-0.014443705524310069,STOP,-0.01834370552431007
2026-04-27,VOLV-B.ST,0,-0.009302325581395321,STOP,-0.013202325581395322
2026-04-28,VOLV-B.ST,0,-0.012717140760343915,STOP,-0.016617140760343915
2026-04-30,VOLV-B.ST,0,0.010769698337086853,EOD,0.006869698337086853
2026-05-04,VOLV-B.ST,1,-0.008403304674860057,STOP,-0.012303304674860058
2026-05-05,VOLV-B.ST,0,0.004739336492890933,EOD,0.0008393364928909334
2026-05-06,VOLV-B.ST,0,0.01785719990311052,EOD,0.01395719990311052
2026-05-11,VOLV-B.ST,1,0.004959721243781523,EOD,0.0010597212437815232
2026-05-12,VOLV-B.ST,0,-0.008094663775541133,STOP,-0.011994663775541134
2026-05-18,VOLV-B.ST,3,-0.007341167834607809,STOP,-0.01124116783460781
2026-05-19,VOLV-B.ST,2,-0.011424963610863759,STOP,-0.01532496361086376
2026-05-20,VOLV-B.ST,1,0.005464421909678441,EOD,0.001564421909678441
2026-05-21,VOLV-B.ST,0,-0.007308605723960859,STOP,-0.01120860572396086
2026-05-25,VOLV-B.ST,0,0.0009325078693989131,EOD,-0.0029674921306010868
2026-05-26,VOLV-B.ST,4,-0.0031094526773053355,EOD,-0.007009452677305335
2026-05-27,VOLV-B.ST,1,-0.007628928614200281,EOD,-0.011528928614200282
2026-05-29,VOLV-B.ST,0,0.0021552100780171113,EOD,-0.0017447899219828885
2026-06-01,VOLV-B.ST,2,-0.00648750702601919,STOP,-0.010387507026019191
2026-06-02,VOLV-B.ST,6,0.0027582729014183904,EOD,-0.0011417270985816094
2026-06-08,VOLV-B.ST,2,0.014102162061821577,EOD,0.010202162061821576
2026-06-09,VOLV-B.ST,6,-0.011659981172554845,STOP,-0.015559981172554846
2026-06-12,VOLV-B.ST,0,-0.012187480926513672,STOP,-0.016087480926513673
2026-06-15,VOLV-B.ST,0,-0.008602113035234282,STOP,-0.012502113035234283
2026-06-16,VOLV-B.ST,0,-0.008092050061367595,STOP,-0.011992050061367596
2026-06-17,VOLV-B.ST,1,-0.00250152540182913,EOD,-0.00640152540182913
2026-06-22,VOLV-B.ST,7,0.0003110609751653115,EOD,-0.0035889390248346883
2026-06-23,VOLV-B.ST,1,-0.005040977108643041,STOP,-0.008940977108643042
2026-06-24,VOLV-B.ST,6,-0.0021949880929766907,EOD,-0.0060949880929766906
2026-06-25,VOLV-B.ST,0,0.023002777792007212,EOD,0.01910277779200721
2026-06-30,VOLV-B.ST,1,0.006106870229007688,EOD,0.0022068702290076883
2026-07-01,VOLV-B.ST,0,-0.009393957889441307,STOP,-0.013293957889441307
2026-07-02,VOLV-B.ST,0,0.006664591483719118,EOD,0.002764591483719118
2026-07-03,VOLV-B.ST,5,-0.0032466813033348307,EOD,-0.0071466813033348306
2026-07-07,VOLV-B.ST,0,-0.008723466278696801,STOP,-0.012623466278696802
