date,equity,cash
2015-02-02,500000.0,500000.0
2015-02-03,500000.0,500000.0
2015-02-04,500000.0,500000.0
2015-02-05,499707.53657891817,508953.87868710485
2015-02-06,500616.8712783575,511225.0037613582
2015-02-09,496392.14683296485,521788.07850650273
2015-02-10,498099.72297235805,521788.07850650273
2015-02-11,496471.7689155782,496471.7689155782
2015-02-12,496188.58278585353,504507.1957583229
2015-02-13,499239.5108681551,507024.1037380254
2015-02-16,502015.6852536643,507024.1037380254
2015-02-18,502740.26306502835,508576.5802916071
2015-02-19,504275.4486850288,514430.26433302276
2015-02-20,503338.1204331176,517510.5535101657
2015-02-23,503062.1205957183,522974.271377894
2015-02-24,505859.41641638987,522974.271377894
2015-02-25,508655.2960081017,522974.271377894
2015-02-26,504418.5824622405,512619.8130467299
2015-02-27,495052.9681005868,524002.35918564495
2015-03-02,496472.79291464837,524002.35918564495
2015-03-03,494213.6838821372,524002.35918564495
2015-03-04,501295.868591732,501295.868591732
2015-03-05,501009.9450947378,509602.29479415587
2015-03-09,496402.8479273405,517236.6990472105
2015-03-10,496843.90502897836,522231.9701566273
2015-03-11,501641.2619575858,522231.9701566273
2015-03-12,502542.2687197083,511221.9134125951
2015-03-13,498148.1376336327,517559.117734162
2015-03-16,503575.3722537367,517559.117734162
2015-03-17,505330.7301130458,517559.117734162
2015-03-18,507366.69301264826,517559.117734162
2015-03-19,507733.22193627997,516472.57432831405
2015-03-20,507482.11116431665,518501.1393905558
2015-03-23,510583.8564554058,521001.7192118318
2015-03-24,512396.970981269,521001.7192118318
2015-03-25,513667.70658417983,521001.7192118318
2015-03-26,500170.67374153563,509054.4486360007
2015-03-27,501532.3818778236,509054.4486360007
2015-03-30,500275.08805138204,515191.62481724966
2015-03-31,503849.7021721866,515191.62481724966
2015-04-01,501284.49297662126,520649.21194767515
2015-04-06,509619.5917391686,509619.5917391686
2015-04-07,509619.5917391686,509619.5917391686
2015-04-08,509619.5917391686,509619.5917391686
2015-04-09,509331.5487906633,518135.84364119155
2015-04-10,510357.3115830224,518135.84364119155
2015-04-13,513312.41705892293,518135.84364119155
2015-04-16,513965.24231789116,522066.60610403534
2015-04-17,512332.03981836303,525574.0276456036
2015-04-20,507083.38224528485,507083.38224528485
2015-04-21,507083.38224528485,507083.38224528485
2015-04-22,507083.38224528485,507083.38224528485
2015-04-23,506749.6823104101,520119.6757978844
2015-04-24,505193.10242541146,525316.3983551399
2015-04-27,506197.43311185687,534357.3415904389
2015-04-28,506608.7536112558,534357.3415904389
2015-04-29,515439.43629293767,534357.3415904389
2015-04-30,515204.23135270213,526600.5900020663
2015-05-04,516409.06195078546,531464.7190891576
2015-05-05,518527.7145040069,531464.7190891576
2015-05-06,501305.10043523303,501305.10043523303
2015-05-07,500982.0931243919,513282.82420850516
2015-05-08,495716.09829894046,521331.47776735097
2015-05-11,493668.9003710558,536127.259894345
2015-05-12,482509.12341516337,536127.259894345
2015-05-13,491775.6567460646,491775.6567460646
2015-05-14,491490.29947239003,500026.02683984896
2015-05-15,492625.4699441838,500026.02683984896
2015-05-18,492948.37460575363,503566.77778565435
2015-05-19,495989.11734488286,503566.77778565435
2015-05-20,496564.30586375133,505391.83087039547
2015-05-21,497913.7820128449,507026.8126569616
2015-05-22,498983.564154914,507026.8126569616
2015-05-25,501615.7776076897,508111.4156423006
2015-05-26,502678.45840378874,509456.05605930154
2015-05-27,504222.80251973675,509456.05605930154
2015-05-28,504881.1214955824,516466.64436772047
2015-05-29,503105.3700531977,522550.1580271128
2015-06-01,511464.8197940532,522550.1580271128
2015-06-02,502197.9454536325,535258.2958409461
2015-06-03,505062.4856222016,505062.4856222016
2015-06-04,504742.59173156467,516731.98079525545
2015-06-05,508130.995151806,516731.98079525545
2015-06-08,511662.82521065086,519000.6481446032
2015-06-09,515364.86013872974,519579.2018252692
2015-06-10,514466.3118912838,522051.30874084466
2015-06-11,505864.0195090147,518659.55139169306
2015-06-12,507457.1622223239,518659.55139169306
2015-06-15,512579.0095660957,518659.55139169306
2015-06-16,512498.4628121781,520731.62273505627
2015-06-17,512965.9055900082,523762.5884918444
2015-06-18,509824.98248969286,522851.17899614776
2015-06-19,510008.3767351231,524433.0863766557
2015-06-22,507149.5420283783,534427.0204393422
2015-06-23,509053.1119285432,534427.0204393422
2015-06-24,512419.92909624183,534427.0204393422
2015-06-25,512587.7678671811,524819.8278458082
2015-06-26,515383.64922846644,524819.8278458082
2015-06-29,516599.5545629703,529292.8384794116
2015-06-30,522293.29404604045,530569.3659199879
2015-07-01,521672.10558184184,534915.7585523669
2015-07-02,523149.2024354137,535053.6759592396
2015-07-03,523264.0082662626,539014.1710548871
2015-07-06,528557.9292515123,540852.1974537849
2015-07-07,530438.4838045324,540852.1974537849
2015-07-08,519258.6387633303,519258.6387633303
2015-07-09,518942.13730251766,530592.2833837777
2015-07-10,519622.6340523794,530592.2833837777
2015-07-13,516193.80161842395,537941.5209359021
2015-07-14,518226.1557441391,537941.5209359021
2015-07-15,514716.2102378928,514716.2102378928
2015-07-16,514425.50640977715,523495.88922133826
2015-07-17,515439.6512240667,523495.88922133826
2015-07-20,519638.66633382626,523495.88922133826
2015-07-21,518077.957521635,526624.0188203354
2015-07-22,514144.90515252633,514144.90515252633
2015-07-23,513849.28014967294,523411.78043501294
2015-07-24,512259.58874547493,528518.2450654167
2015-07-27,503731.39281164214,528518.2450654167
2015-07-28,502460.5425913604,528518.2450654167
2015-07-29,508604.56742153346,528518.2450654167
2015-07-30,512887.02961415856,526965.1596818154
2015-07-31,508544.40888651874,533482.4528214624
2015-08-03,514720.42267815676,533482.4528214624
2015-08-04,517259.0411911528,533482.4528214624
2015-08-05,521146.7709608379,538350.9064957901
2015-08-06,522803.4285902648,534939.9453000992
2015-08-07,523976.58295123774,534939.9453000992
2015-08-10,527624.938822672,537718.7642367813
2015-08-11,526388.7000856538,541233.6711904602
2015-08-12,518035.03990875365,518035.03990875365
2015-08-13,517706.7646530746,530534.2902209839
2015-08-14,503199.13222722383,503199.13222722383
2015-08-17,503199.13222722383,503199.13222722383
2015-08-18,503199.13222722383,503199.13222722383
2015-08-19,503199.13222722383,503199.13222722383
2015-08-20,502887.9947067448,514001.7467546522
2015-08-21,502536.3557388037,516861.53810185933
2015-08-24,417433.67519379256,516861.53810185933
2015-08-25,433889.3609968624,516861.53810185933
2015-08-26,416315.76473849383,516861.53810185933
2015-08-27,449019.2337901573,457646.2130319424
2015-08-28,450438.3898963764,457646.2130319424
2015-08-31,453811.0578471256,457646.2130319424
2015-09-01,452272.25093405315,460131.029844143
2015-09-02,452994.96503980446,462093.9840303161
2015-09-03,452709.53163014486,461016.9387525226
2015-09-04,451119.13527756766,465342.9218973699
2015-09-07,454377.8746804546,468832.22246670304
2015-09-08,453481.38793885213,473551.45827601047
2015-09-09,451470.9712140878,481092.03610527905
2015-09-10,454897.83370543487,463456.1128062697
2015-09-11,457303.77613005013,463456.1128062697
2015-09-14,459340.11608691985,464197.4820338576
2015-09-15,460467.7282406475,464197.4820338576
2015-09-16,461209.6744812841,464197.4820338576
2015-09-18,461919.20179010066,461919.20179010066
2015-09-21,461919.20179010066,461919.20179010066
2015-09-22,461919.20179010066,461919.20179010066
2015-09-23,461919.20179010066,461919.20179010066
2015-09-24,461628.27695460955,470720.7605037195
2015-09-28,466182.880805267,471653.04388718994
2015-09-29,467265.89499071526,471653.04388718994
2015-09-30,465789.70059693046,474574.03567873815
2015-10-01,469062.6527867136,478583.12457319273
2015-10-05,467977.3313318038,485518.1659967409
2015-10-06,470351.21451587457,485518.1659967409
2015-10-07,475032.1386566745,488677.39251916436
2015-10-08,477391.2721060993,486335.44713487715
2015-10-09,479252.1036277705,486335.44713487715
2015-10-12,482797.1773917346,486335.44713487715
2015-10-13,483551.4421922635,486335.44713487715
2015-10-14,483707.12912416446,486589.8907879748
2015-10-15,483570.69218452787,491506.9855583608
2015-10-16,483710.2602569553,493847.94987389294
2015-10-19,486592.89987824863,494910.8642817855
2015-10-20,488296.3743441311,494910.8642817855
2015-10-21,489415.6198436243,494910.8642817855
2015-10-23,493078.506860728,493078.506860728
2015-10-26,493078.506860728,493078.506860728
2015-10-27,493078.506860728,493078.506860728
2015-10-28,493078.506860728,493078.506860728
2015-10-29,492755.0697747538,505098.77837217203
2015-10-30,493889.1109074073,508951.47295635426
2015-11-02,497501.6055151864,508951.47295635426
2015-11-03,504752.6507905045,510302.45254849
2015-11-04,505413.66637819225,512083.6995872137
2015-11-05,499410.7083000002,510627.0014438992
2015-11-06,500844.9144847067,510627.0014438992
2015-11-09,503514.26217894675,512125.7743515467
2015-11-10,486077.87104333506,512125.7743515467
2015-11-13,483218.4912566436,483218.4912566436
2015-11-16,483218.4912566436,483218.4912566436
2015-11-17,483218.4912566436,483218.4912566436
2015-11-18,483218.4912566436,483218.4912566436
2015-11-19,482896.92002954776,495054.04273913056
2015-11-20,483767.5224562416,495054.04273913056
2015-11-23,487240.8658294569,495054.04273913056
2015-11-24,488564.80217667605,496613.9056005405
2015-11-26,488395.68374168617,498663.1130411095
2015-11-27,486336.1984359267,502957.94135303627
2015-11-30,491336.3501405165,502957.94135303627
2015-12-01,492914.21591818676,502957.94135303627
2015-12-02,494790.2416665699,502957.94135303627
2015-12-03,492086.0195518736,503404.19888849335
2015-12-04,488637.83387547516,509498.4746334261
2015-12-07,492491.6440402901,512287.4887874705
2015-12-08,490100.4293773012,490100.4293773012
2015-12-09,490100.4293773012,490100.4293773012
2015-12-10,489784.8307328888,501344.69517412886
2015-12-11,490166.01362318604,506258.6534503314
2015-12-14,494019.2820032301,506258.6534503314
2015-12-15,493120.41918426345,511216.2308732038
2015-12-16,491525.3149404963,491525.3149404963
2015-12-17,491222.91743837466,501462.6676505373
2015-12-18,490551.44960759097,506395.44431527436
2015-12-21,492157.22590340686,508697.6641326971
2015-12-22,493504.3051505199,508697.6641326971
2015-12-23,491974.3846756417,491974.3846756417
2015-12-24,491658.896345346,503207.72937491693
2015-12-28,494501.75817086705,506249.3180349086
2015-12-29,496016.03559028025,506249.3180349086
2015-12-30,497587.14267651795,506249.3180349086
2015-12-31,497535.87832603167,510181.26689043076
2016-01-04,489970.5330723156,489970.5330723156
2016-01-05,489970.5330723156,489970.5330723156
2016-01-06,489970.5330723156,489970.5330723156
2016-01-07,489655.723313577,501136.69918743777
2016-01-08,491604.23597440997,501136.69918743777
2016-01-11,495710.51714034495,501136.69918743777
2016-01-12,495758.1089602026,502693.63724143675
2016-01-13,496800.2187827572,502693.63724143675
2016-01-14,497998.1460463639,509181.4518909981
2016-01-15,495039.8508838025,516344.63241954654
2016-01-18,497171.8462174235,527537.9983715131
2016-01-19,493652.4277309951,493652.4277309951
2016-01-20,493652.4277309951,493652.4277309951
2016-01-21,493318.43025571184,506718.1777840374
2016-01-22,484612.2378275422,519534.26650824136
2016-01-25,491346.37564625544,519534.26650824136
2016-01-27,497725.31636532524,519534.26650824136
2016-01-28,500087.99702222255,512021.14175891824
2016-01-29,492387.97038430686,523735.05004438065
2016-02-01,500456.556600584,523735.05004438065
2016-02-02,500275.5393187234,536667.2747716256
2016-02-03,497362.4792908854,536667.2747716256
2016-02-04,501668.4740118293,514434.42597936303
2016-02-05,503059.3594038931,519312.2630951156
2016-02-08,504361.82911443803,525083.0336536063
2016-02-09,500917.32350484736,537497.3577635754
2016-02-10,498832.70366301737,537497.3577635754
2016-02-11,450851.9497460961,463484.8524840141
2016-02-12,452208.6527823049,463484.8524840141
2016-02-15,447946.07515789114,471077.73737424205
2016-02-16,448226.04227130045,479108.7021594048
2016-02-17,451185.6755146709,479108.7021594048
2016-02-18,448287.9084728451,459101.01563814183
2016-02-19,449616.5304678599,459101.01563814183
2016-02-22,454616.77031614835,459101.01563814183
2016-02-23,454253.9940856336,460909.1205689504
2016-02-24,453465.5393578616,464713.4263079845
2016-02-25,453875.5012339486,464644.98081284785
2016-02-26,455836.6929311295,466994.62986143125
2016-02-29,459996.52890794416,466994.62986143125
2016-03-01,450009.6532319498,478700.2336495109
2016-03-02,443568.9163430692,495062.1875775053
2016-03-03,439323.58897191763,448522.03895496455
2016-03-04,440894.6536255131,448522.03895496455
2016-03-08,445438.8545283887,448522.03895496455
2016-03-09,446096.9091728149,448698.85595360457
2016-03-10,446461.5190459931,455927.99735655595
2016-03-11,451774.11564980686,455927.99735655595
2016-03-14,453417.44046311715,456114.85983655776
2016-03-15,454224.1665346812,456518.41421977564
2016-03-16,455295.76654690166,456518.41421977564
2016-03-17,454950.00877933024,467450.8774580184
2016-03-18,454517.9604787095,470483.84764206526
2016-03-21,455007.86136247154,477924.5264061652
2016-03-22,457358.2667580951,477924.5264061652
2016-03-23,463468.4131894465,477924.5264061652
2016-03-28,472721.4003244283,472721.4003244283
2016-03-29,472721.4003244283,472721.4003244283
2016-03-30,472721.4003244283,472721.4003244283
2016-03-31,472390.9647993193,485434.5173102203
2016-04-01,479813.0929985164,485434.5173102203
2016-04-04,483645.1022224023,485434.5173102203
2016-04-05,478801.8017425966,490538.7006191406
2016-04-06,480533.338357512,490538.7006191406
2016-04-07,478849.50987921754,488894.4056946057
2016-04-08,480293.10667983344,488894.4056946057
2016-04-11,478634.32294596214,494920.84964448045
2016-04-12,479210.49099103763,497268.12751498
2016-04-13,467316.0805245855,497268.12751498
2016-04-18,468787.84035294625,468787.84035294625
2016-04-20,468787.84035294625,468787.84035294625
2016-04-21,468493.5103637864,477926.5092797669
2016-04-22,470027.72360940697,477926.5092797669
2016-04-25,472295.0363445102,479378.97773255705
2016-04-26,470898.1376959457,483766.04133586655
2016-04-27,472478.7493593031,483766.04133586655
2016-04-28,468664.1752770259,477005.89444486157
2016-04-29,469715.06394729303,477005.89444486157
2016-05-02,473021.93661400065,477453.13211712183
2016-05-03,472332.93395415036,479829.76522845164
2016-05-04,472603.55055488466,482472.6655431965
2016-05-05,473525.2172857627,486427.81305984966
2016-05-06,478988.83382503217,486427.81305984966
2016-05-09,476749.0144839864,492546.9500959674
2016-05-10,479614.70399901696,492546.9500959674
2016-05-11,481275.06711090065,492546.9500959674
2016-05-12,483054.4291007091,496693.6558805006
2016-05-13,480108.0271739764,503567.28023876355
2016-05-16,489273.8979522562,503567.28023876355
2016-05-17,490136.56005018647,509163.38587864744
2016-05-18,491964.19178079505,509163.38587864744
2016-05-19,485578.20261384617,497575.7255533071
2016-05-20,485578.24000085687,501714.03110531694
2016-05-23,490079.1343351418,501714.03110531694
2016-05-24,494042.84126751253,501714.03110531694
2016-05-25,476333.15543762234,476333.15543762234
2016-05-26,476053.7672294213,483992.5880495259
2016-05-27,474797.20439831266,488170.1544787818
2016-05-30,479047.0567166393,488170.1544787818
2016-05-31,481010.33515266335,488170.1544787818
2016-06-01,482498.2098105322,488170.1544787818
2016-06-02,482101.92899615935,491110.91728129477
2016-06-03,483088.1935790285,491110.91728129477
2016-06-06,487106.13703855907,491110.91728129477
2016-06-07,486797.3644681408,492716.07928559824
2016-06-08,488141.4749883637,492716.07928559824
2016-06-09,487156.21502085053,495082.01127815276
2016-06-10,488953.74302075,495082.01127815276
2016-06-13,489175.16687261016,497497.80830557685
2016-06-14,490313.4038010512,497497.80830557685
2016-06-15,489317.77775271656,500158.17855969537
2016-06-16,490003.7505892014,501934.4803854336
2016-06-17,490976.5635922717,503576.94570987654
2016-06-20,492594.0677834746,509552.5098026517
2016-06-21,494084.96804886794,509552.5098026517
2016-06-22,500867.2312115113,511504.6834214443
2016-06-23,502213.32862684526,514489.4606397103
2016-06-24,480453.9026107713,514489.4606397103
2016-06-27,484681.68534397363,514489.4606397103
2016-06-28,490711.1267843011,514489.4606397103
2016-06-29,498748.651798879,498748.651798879
2016-06-30,498433.34650294075,509963.8760967648
2016-07-01,498337.03907006624,511544.8380759209
2016-07-04,500983.1794602647,515214.9232807484
2016-07-05,503008.90736197407,515214.9232807484
2016-07-07,505908.0506198583,517618.20782860526
2016-07-08,508155.8112512304,517618.20782860526
2016-07-11,503539.808735485,527333.6419921707
2016-07-12,504154.2675578321,504154.2675578321
2016-07-13,504154.2675578321,504154.2675578321
2016-07-14,503859.6184686335,513324.52738849143
2016-07-15,505435.4406374591,513324.52738849143
2016-07-18,506809.3042421738,515190.5783516572
2016-07-19,508446.69894048653,515190.5783516572
2016-07-20,509371.8540962648,515190.5783516572
2016-07-21,509669.79885785625,518540.5066188404
2016-07-22,510925.5960032257,518540.5066188404
2016-07-25,515112.802022029,521066.29682168894
2016-07-26,514297.96889624133,522295.2157528987
2016-07-27,515527.8617812911,522295.2157528987
2016-07-28,514868.70099630975,524847.8568555373
2016-07-29,515437.10145984456,526492.401837689
2016-08-01,518272.26724415575,526492.401837689
2016-08-02,518642.0812476826,528143.5737935668
2016-08-03,514025.80248756753,514025.80248756753
2016-08-04,513716.8254241826,524614.5317626778
2016-08-05,503640.63918671204,503640.63918671204
2016-08-08,503640.63918671204,503640.63918671204
2016-08-09,503640.63918671204,503640.63918671204
2016-08-10,503640.63918671204,503640.63918671204
2016-08-11,503346.74575187406,512736.08923567523
2016-08-16,506927.4949548077,513977.50909460546
2016-08-17,508100.14289192215,513977.50909460546
2016-08-18,507710.7775087344,515732.5572985206
2016-08-19,508648.2979663359,515732.5572985206
2016-08-22,510356.63204423094,518068.1170010255
2016-08-23,511482.26612296776,518068.1170010255
2016-08-24,513569.5104256949,518068.1170010255
2016-08-25,512867.05686895666,520565.90732227504
2016-08-26,513447.4976582444,520565.90732227504
2016-08-29,516166.45763259893,520565.90732227504
2016-08-30,508081.3872939603,508081.3872939603
2016-08-31,508081.3872939603,508081.3872939603
2016-09-01,507786.5895858045,517266.3604013858
2016-09-02,509664.5937950505,517266.3604013858
2016-09-06,503914.7119072593,503914.7119072593
2016-09-07,503914.7119072593,503914.7119072593
2016-09-08,503625.594760384,512537.30944791593
2016-09-09,499879.53024022764,519727.44719743205
2016-09-12,491127.34636071,519727.44719743205
2016-09-14,494609.85901574953,519727.44719743205
2016-09-15,497236.5992127106,506587.7033839421
2016-09-16,497899.67632485455,506587.7033839421
2016-09-19,500142.59042067477,509240.96960748354
2016-09-20,500858.41283684137,509240.96960748354
2016-09-21,502044.8885999823,510616.2136637418
2016-09-22,499353.64983325516,508009.1375291657
2016-09-23,499345.95852007467,509144.9521223227
2016-09-26,496996.78672403056,517198.45689686306
2016-09-27,498533.61823205714,517198.45689686306
2016-09-28,500572.91691242857,517198.45689686306
2016-09-29,492511.68827364186,500915.485965351
2016-09-30,493599.8420052029,500915.485965351
2016-10-03,490856.0864122548,507935.43237659975
2016-10-04,492232.968708379,507935.43237659975
2016-10-05,496849.50474300113,507935.43237659975
2016-10-06,497648.46624706505,506087.5908244348
2016-10-07,498860.55453762127,506087.5908244348
2016-10-10,501923.8753326847,506087.5908244348
2016-10-13,500656.6464651177,508868.2114051158
2016-10-14,501522.45998769347,508868.2114051158
2016-10-17,502949.5199788113,510874.46293492423
2016-10-18,494624.9998052109,494624.9998052109
2016-10-19,494624.9998052109,494624.9998052109
2016-10-20,494332.3902085772,503593.34987194656
2016-10-21,495275.4645446193,503593.34987194656
2016-10-24,499011.6997146925,503593.34987194656
2016-10-25,499503.957908048,504155.4548755768
2016-10-26,499134.58970521414,506298.81585002155
2016-10-27,499883.9399947619,508519.08785716066
2016-10-28,500704.8034800426,508519.08785716066
2016-11-01,506184.18221088493,508519.08785716066
2016-11-02,504478.42699775635,510184.6364730219
2016-11-03,505767.8356717173,514779.6853479772
2016-11-04,506043.13270197506,516072.6489397597
2016-11-07,507412.85890989,517598.3437765249
2016-11-08,506745.87916101346,521745.07674750756
2016-11-09,502208.36783535377,521745.07674750756
2016-11-10,506204.0384851812,516233.2666013126
2016-11-11,490779.18777259794,490779.18777259794
2016-11-15,490779.18777259794,490779.18777259794
2016-11-16,490779.18777259794,490779.18777259794
2016-11-17,490460.2673392771,502352.310671364
2016-11-18,491740.69420606154,502352.310671364
2016-11-21,489333.7297395916,509049.14492677187
2016-11-22,489195.36792670446,509049.14492677187
2016-11-23,489609.43544690835,514649.903299867
2016-11-24,490552.1188729095,501307.752850215
2016-11-25,483283.22460852796,511452.8114375574
2016-11-28,490309.942291529,511452.8114375574
2016-11-29,492634.8920290519,511452.8114375574
2016-11-30,489565.0247957444,522692.4764175584
2016-12-01,493531.002872691,504258.1424497803
2016-12-02,492126.3246287892,509769.0237455033
2016-12-05,497406.78068464756,509769.0237455033
2016-12-06,499598.7040616795,509769.0237455033
2016-12-07,502094.4650787316,509769.0237455033
2016-12-08,497378.83296778816,508881.333490428
2016-12-09,499759.5084943523,508881.333490428
2016-12-12,504545.28916834947,511347.0611124552
2016-12-13,507638.54560518457,511870.3786326971
2016-12-14,508460.0892118485,511870.3786326971
2016-12-15,508240.787694996,520081.0368435309
2016-12-16,509334.13072405115,520081.0368435309
2016-12-19,514344.0067026117,523287.75293913204
2016-12-20,516066.8278495609,523287.75293913204
2016-12-21,516647.8981018017,524304.1604972895
2016-12-22,512983.80319837166,524113.1380687173
2016-12-23,518147.9624667309,524113.1380687173
2016-12-26,518452.99616245786,527725.4357460516
2016-12-27,509600.31678587804,509600.31678587804
2016-12-28,509600.31678587804,509600.31678587804
2016-12-29,509267.1656224924,522582.2819610616
2016-12-30,508810.1907679703,529410.6582082004
2017-01-02,514304.3962965552,529410.6582082004
2017-01-03,516049.07148043474,529410.6582082004
2017-01-04,518240.5544498783,529410.6582082004
2017-01-05,517686.4042110471,529284.7216534627
2017-01-06,518299.12436839804,529284.7216534627
2017-01-09,522645.3796533432,530401.0037262039
2017-01-10,523308.6422279733,532134.6182626734
2017-01-11,518677.7057124257,518677.7057124257
2017-01-12,518339.52861966065,532157.2378961649
2017-01-13,519698.30440526997,532157.2378961649
2017-01-16,523961.25888765306,532157.2378961649
2017-01-17,525242.7711334156,532157.2378961649
2017-01-18,526688.0430640274,532157.2378961649
2017-01-19,528300.3029314288,540395.3565449301
2017-01-20,522521.06546661485,522521.06546661485
2017-01-23,522521.06546661485,522521.06546661485
2017-01-24,522521.06546661485,522521.06546661485
2017-01-25,522521.06546661485,522521.06546661485
2017-01-27,522521.06546661485,522521.06546661485
2017-01-30,522521.06546661485,522521.06546661485
2017-01-31,522521.06546661485,522521.06546661485
2017-02-01,522521.06546661485,522521.06546661485
2017-02-02,522238.0741341494,530537.207380693
2017-02-03,523655.51531778363,530537.207380693
2017-02-06,525600.527731722,531333.4495860701
2017-02-07,526277.7757193339,531333.4495860701
2017-02-08,527199.3096409932,531333.4495860701
2017-02-09,528023.0735873817,539509.3046532037
2017-02-10,529054.9549733422,539509.3046532037
2017-02-13,532481.9482022936,539509.3046532037
2017-02-14,533609.1946292984,539509.3046532037
2017-02-15,532430.980918341,542353.4366268236
2017-02-16,532164.8683052254,545556.0418868383
2017-02-17,532203.3835849261,547617.3699055031
2017-02-20,536566.6313384926,551396.8567930652
2017-02-21,536912.924722434,553930.4368044591
2017-02-22,538326.840150432,538326.840150432
2017-02-23,538005.954202065,550094.5490387536
2017-02-27,540961.6514402853,552036.8048331324
2017-02-28,541487.1570793657,554541.6457815767
2017-03-01,541388.0014578328,541388.0014578328
2017-03-02,541041.2656290276,555714.8485095438
2017-03-03,541665.3786090005,541665.3786090005
2017-03-06,541665.3786090005,541665.3786090005
2017-03-07,541665.3786090005,541665.3786090005
2017-03-08,541665.3786090005,541665.3786090005
2017-03-09,541355.094055038,552383.549451291
2017-03-10,542220.1324597809,552383.549451291
2017-03-14,525559.3281490231,552383.549451291
2017-03-15,527323.7290923167,552383.549451291
2017-03-16,512819.2062157399,520696.02220985916
2017-03-17,515143.5836622089,520696.02220985916
2017-03-20,516375.4928690075,521693.7167567452
2017-03-21,517171.6522226548,521693.7167567452
2017-03-22,512236.383625978,512236.383625978
2017-03-23,511951.4529620896,520444.51935092825
2017-03-24,512779.3270637897,520444.51935092825
2017-03-27,513111.99878252385,523213.17937816447
2017-03-28,513356.84744627815,525088.8255232665
2017-03-29,512496.6315158043,512496.6315158043
2017-03-30,512225.3184921358,519356.620858992
2017-03-31,513558.7789147234,519356.620858992
2017-04-03,514249.4446329637,521600.9918592953
2017-04-05,516003.4563453076,522988.1471814091
2017-04-06,516702.9990876185,525013.9486861529
2017-04-07,515524.82385299186,528625.1124416286
2017-04-10,518387.8744970447,528625.1124416286
2017-04-11,519141.5817475992,528625.1124416286
2017-04-12,523841.5133532637,528625.1124416286
2017-04-13,521772.3902234736,532300.537407517
2017-04-17,526041.999193137,532300.537407517
2017-04-18,525001.9768039433,525001.9768039433
2017-04-19,525001.9768039433,525001.9768039433
2017-04-20,524705.0923128303,534393.541424131
2017-04-21,527117.7930447411,536051.1557365463
2017-04-24,523638.3285532262,523638.3285532262
2017-04-25,523638.3285532262,523638.3285532262
2017-04-26,523638.3285532262,523638.3285532262
2017-04-27,523343.9741997461,532779.4095477485
2017-04-28,522654.26076786953,534471.0863823865
2017-05-02,526592.8852561421,534471.0863823865
2017-05-03,527497.786181135,534471.0863823865
2017-05-04,528001.9367954961,537181.518772253
2017-05-05,524975.320798789,524975.320798789
2017-05-08,524975.320798789,524975.320798789
2017-05-09,524975.320798789,524975.320798789
2017-05-10,524975.320798789,524975.320798789
2017-05-11,524691.2646246062,533096.8820428945
2017-05-12,525458.8127909455,533096.8820428945
2017-05-15,528485.2006756599,533096.8820428945
2017-05-16,526154.4573220682,526154.4573220682
2017-05-17,526154.4573220682,526154.4573220682
2017-05-18,525853.709244453,535928.5170059701
2017-05-19,526743.5071374115,535928.5170059701
2017-05-22,529582.1623388135,535928.5170059701
2017-05-23,530055.8979918564,536954.6158562654
2017-05-24,530644.1235054285,530644.1235054285
2017-05-25,530346.094521813,540148.9928833718
2017-05-26,527210.7536206474,545915.1277688122
2017-05-29,531629.6972402487,545915.1277688122
2017-05-30,531786.8848608683,531786.8848608683
2017-05-31,531786.8848608683,531786.8848608683
2017-06-01,531503.2038264218,539871.3072710765
2017-06-02,533498.6422025552,539871.3072710765
2017-06-05,535124.0600809872,540686.7629963111
2017-06-06,535586.4780231334,540686.7629963111
2017-06-07,537261.4517699222,540686.7629963111
2017-06-08,537370.8385629138,545655.461958857
2017-06-09,538275.5583236854,545655.461958857
2017-06-12,539620.3936540528,546770.0353651675
2017-06-13,540962.5166193588,546770.0353651675
2017-06-14,542008.5752487681,546770.0353651675
2017-06-15,542074.8077785993,549909.2420862607
2017-06-16,542774.2366358328,549909.2420862607
2017-06-19,541668.050283178,541668.050283178
2017-06-20,541668.050283178,541668.050283178
2017-06-21,541668.050283178,541668.050283178
2017-06-22,541375.9876655163,550582.2494316797
2017-06-23,539621.275373302,539621.275373302
2017-06-27,539621.275373302,539621.275373302
2017-06-28,539621.275373302,539621.275373302
2017-06-29,539334.7806010973,547984.2578215792
2017-06-30,539276.3295344901,539276.3295344901
2017-07-03,539276.3295344901,539276.3295344901
2017-07-04,539276.3295344901,539276.3295344901
2017-07-05,539276.3295344901,539276.3295344901
2017-07-06,538985.8943067583,548029.4170799402
2017-07-07,539713.2625632467,548029.4170799402
2017-07-10,534829.390565956,534829.390565956
2017-07-11,534829.390565956,534829.390565956
2017-07-12,534829.390565956,534829.390565956
2017-07-13,534528.4445886737,544623.0423169044
2017-07-14,536002.5603017521,544623.0423169044
2017-07-17,538412.4088982525,544623.0423169044
2017-07-18,534601.5431825785,534601.5431825785
2017-07-19,534601.5431825785,534601.5431825785
2017-07-20,534304.7310524118,543985.9440690803
2017-07-21,534166.145497815,545751.2957032551
2017-07-24,535932.8621538196,535932.8621538196
2017-07-25,535932.8621538196,535932.8621538196
2017-07-26,535932.8621538196,535932.8621538196
2017-07-27,535660.6539993486,542881.4694464551
2017-07-28,536102.7598892156,542881.4694464551
2017-07-31,537955.3717489268,543803.427657314
2017-08-01,537050.8747104804,537050.8747104804
2017-08-02,537050.8747104804,537050.8747104804
2017-08-03,536761.6790126619,545681.2487945221
2017-08-04,536598.5843367007,547332.638075026
2017-08-07,541099.0335449213,547332.638075026
2017-08-08,537098.6251316777,537098.6251316777
2017-08-09,537098.6251316777,537098.6251316777
2017-08-10,536794.0291551988,547253.6268030854
2017-08-11,530260.1674210957,530260.1674210957
2017-08-14,530260.1674210957,530260.1674210957
2017-08-16,530260.1674210957,530260.1674210957
2017-08-17,529982.7101991088,537728.4323977883
2017-08-18,529120.261360654,540479.8526629877
2017-08-21,528460.7428877165,545273.4499187521
2017-08-22,530718.6133219427,545273.4499187521
2017-08-23,528122.3139740068,528122.3139740068
2017-08-24,527829.8664404443,537074.6197966905
2017-08-28,529999.6777759609,539707.6467625893
2017-08-29,525314.3536041313,525314.3536041313
2017-08-30,525314.3536041313,525314.3536041313
2017-08-31,525025.2032039218,533940.2432248751
2017-09-01,524161.3373676019,536466.3467222437
2017-09-04,527705.6240929314,536466.3467222437
2017-09-05,529434.6822242709,536466.3467222437
2017-09-06,529912.2145001193,537470.304304204
2017-09-07,531248.6457743791,539851.6070128094
2017-09-08,532793.318565332,539851.6070128094
2017-09-11,535002.5600041182,541764.3887178411
2017-09-12,535068.0838622258,545264.1034434972
2017-09-13,537009.201983405,545264.1034434972
2017-09-14,538864.0428211846,548112.5491675659
2017-09-15,539763.7879650829,548112.5491675659
2017-09-18,541207.1496201188,550333.4677443198
2017-09-19,544040.2739024318,550333.4677443198
2017-09-20,544996.5922071955,550333.4677443198
2017-09-21,545889.344031163,556000.7134257469
2017-09-22,532890.4488636653,556000.7134257469
2017-09-25,522739.70545551355,556000.7134257469
2017-09-26,524542.2578085334,556000.7134257469
2017-09-27,498441.327648814,556000.7134257469
2017-09-28,504310.7733011446,513086.1354974078
2017-09-29,505153.4343830673,514345.17679981276
2017-10-03,506764.1845977413,518918.5179954248
2017-10-04,506045.66176401736,506045.66176401736
2017-10-05,505754.31472380075,514889.0187454618
2017-10-06,503516.2628069979,520351.89797649416
2017-10-09,507606.74970630376,520351.89797649416
2017-10-10,509251.2284638417,520351.89797649416
2017-10-11,512068.1119059528,520351.89797649416
2017-10-12,506499.06810029043,514184.2106988476
2017-10-13,505500.574934848,516640.87561952835
2017-10-16,506872.63697854284,519361.8864377538
2017-10-17,508825.70243190957,519361.8864377538
2017-10-18,510453.3754072909,519361.8864377538
2017-10-19,509376.4443109503,518377.32132056466
2017-10-23,512897.63755592465,518377.32132056466
2017-10-24,515395.26672435994,519659.7469077102
2017-10-25,514909.7029326471,522205.7704038042
2017-10-26,514067.2925783402,521842.1265777565
2017-10-27,518662.61699414224,521842.1265777565
2017-10-30,520060.3513572671,521842.1265777565
2017-10-31,520143.9303438431,521842.1265777565
2017-11-01,518854.8067984079,523609.74074806017
2017-11-02,519057.18581227306,529412.5420090586
2017-11-03,520314.44446780515,529412.5420090586
2017-11-06,523725.26920837106,529412.5420090586
2017-11-07,519358.227928664,519358.227928664
2017-11-08,519358.227928664,519358.227928664
2017-11-09,519059.3241367733,528949.7033258405
2017-11-10,521797.25386591855,528949.7033258405
2017-11-13,520733.85669549723,520733.85669549723
2017-11-14,520733.85669549723,520733.85669549723
2017-11-15,520733.85669549723,520733.85669549723
2017-11-16,520442.7271288842,529555.6837901949
2017-11-17,520101.8950017721,532883.3035107036
2017-11-20,523543.26311845606,532883.3035107036
2017-11-21,523780.7856772419,534465.6933338501
2017-11-22,525321.6078732237,525321.6078732237
2017-11-23,525026.8759311881,534500.0701347472
2017-11-24,524888.8413981604,536105.5177222848
2017-11-27,528138.8819868129,536105.5177222848
2017-11-28,529265.7833778994,536105.5177222848
2017-11-29,531734.1268873748,536105.5177222848
2017-11-30,520978.5977477345,529123.833874749
2017-12-01,517205.027162779,517205.027162779
2017-12-04,517205.027162779,517205.027162779
2017-12-05,517205.027162779,517205.027162779
2017-12-06,517205.027162779,517205.027162779
2017-12-07,516926.71805365494,524757.6289660672
2017-12-08,514116.9693593781,529244.5817213244
2017-12-11,517388.1139967095,533015.4234786299
2017-12-12,515844.64095727744,515844.64095727744
2017-12-13,515844.64095727744,515844.64095727744
2017-12-14,515544.71260239923,525537.5480902184
2017-12-15,514146.24828766513,530802.921989067
2017-12-18,515924.0787654093,515924.0787654093
2017-12-19,515924.0787654093,515924.0787654093
2017-12-20,515924.0787654093,515924.0787654093
2017-12-21,515641.00111126225,523948.7665259663
2017-12-22,515710.3221254637,525028.4843211621
2017-12-26,518955.7484963818,527438.2587331029
2017-12-27,519466.4482374856,528681.1297724076
2017-12-28,520166.90339385445,529042.6777490136
2017-12-29,523355.3437032637,529042.6777490136
2018-01-02,525875.8465434959,530115.8540610885
2018-01-03,526682.2660896385,530115.8540610885
2018-01-04,526219.0032506299,535125.2939099937
2018-01-05,527313.4040276976,537859.6916752267
2018-01-08,529997.1344767973,540612.4057664044
2018-01-09,531543.3722940754,531543.3722940754
2018-01-10,531543.3722940754,531543.3722940754
2018-01-11,531240.3899336882,541538.6259724058
2018-01-12,532387.2438772013,532387.2438772013
2018-01-15,532387.2438772013,532387.2438772013
2018-01-16,532387.2438772013,532387.2438772013
2018-01-17,532387.2438772013,532387.2438772013
2018-01-18,532093.9676106302,541421.5942677528
2018-01-19,528114.7625536541,528114.7625536541
2018-01-22,528114.7625536541,528114.7625536541
2018-01-23,528114.7625536541,528114.7625536541
2018-01-24,528114.7625536541,528114.7625536541
2018-01-25,527821.9307026342,537105.1158046302
2018-01-29,529814.2914183355,529814.2914183355
2018-01-30,529814.2914183355,529814.2914183355
2018-01-31,529814.2914183355,529814.2914183355
2018-02-01,529525.0214443093,538452.018846926
2018-02-02,497129.4552302793,538452.018846926
2018-02-05,483935.50623141124,538452.018846926
2018-02-06,450280.7735018961,538452.018846926
2018-02-07,445697.5095378795,538452.018846926
2018-02-08,465271.28036565264,471378.81472885393
2018-02-09,463245.90719721053,475491.68644157355
2018-02-12,465251.56697783584,478040.50098009006
2018-02-14,468215.2382486076,478040.50098009006
2018-02-15,469102.66110237426,475378.54996241425
2018-02-16,468705.52566423075,478162.9211886954
2018-02-19,470277.44534560834,480762.98540201224
2018-02-20,471977.83718549524,480762.98540201224
2018-02-21,473764.59852901753,480762.98540201224
2018-02-22,475395.7377935067,484973.0528789279
2018-02-23,472600.7542830345,489344.6239751208
2018-02-26,473202.9116461194,494777.6499458391
2018-02-27,476442.4052367958,494777.6499458391
2018-02-28,477288.32884797966,499361.5397927381
2018-03-01,477941.1426917548,485882.2544982135
2018-03-05,479767.5960918582,488791.0957358767
2018-03-06,481163.23411199043,494010.0947968861
2018-03-07,478859.3740400173,478859.3740400173
2018-03-08,478559.4717117855,488549.70453496807
2018-03-09,479550.29991846136,488549.70453496807
2018-03-12,473777.9335838292,498198.88090573205
2018-03-13,477744.1307040472,498198.88090573205
2018-03-14,481012.5470664691,498198.88090573205
2018-03-15,481120.8995383437,491082.31173783366
2018-03-16,474106.5033445801,500260.8138438434
2018-03-19,473493.3400722374,473493.3400722374
2018-03-20,473493.3400722374,473493.3400722374
2018-03-21,473493.3400722374,473493.3400722374
2018-03-22,473208.18988209346,481723.20889648725
2018-03-23,470819.3206721339,486344.7335417521
2018-03-26,471891.9364851433,491488.5496246216
2018-03-27,472752.1192529744,496075.8446417777
2018-03-28,474411.5349045293,496075.8446417777
2018-04-02,486504.06661145616,486504.06661145616
2018-04-03,486504.06661145616,486504.06661145616
2018-04-04,486504.06661145616,486504.06661145616
2018-04-05,486211.89352767996,495429.2019053018
2018-04-06,488071.8204485097,495429.2019053018
2018-04-09,490731.89789889107,496732.966332861
2018-04-10,491769.4517510219,496732.966332861
2018-04-11,494010.9786643478,497035.04654525034
2018-04-12,493726.6453964738,501640.37730582815
2018-04-13,494671.2635733583,501640.37730582815
2018-04-16,496955.0873841636,503083.26038433117
2018-04-17,499907.71664735215,503083.26038433117
2018-04-18,501295.17653871723,503083.26038433117
2018-04-19,500983.630153861,509794.1951073814
2018-04-20,501913.784550298,509794.1951073814
2018-04-23,505108.34404764534,509794.1951073814
2018-04-24,507055.16679614154,510214.0989243566
2018-04-25,507833.4437348523,510569.7942211754
2018-04-26,507628.9943244131,515106.0385973651
2018-04-27,508115.52490494907,517261.7040106009
2018-04-30,510489.2214213562,519880.1905587276
2018-05-02,512505.48873867496,519880.1905587276
2018-05-03,514089.72158309474,524189.3883780248
2018-05-04,519442.18788043316,519442.18788043316
2018-05-07,519442.18788043316,519442.18788043316
2018-05-08,519442.18788043316,519442.18788043316
2018-05-09,519442.18788043316,519442.18788043316
2018-05-10,519142.605658202,529100.8278813158
2018-05-11,514542.5825627477,514542.5825627477
2018-05-14,514542.5825627477,514542.5825627477
2018-05-15,514542.5825627477,514542.5825627477
2018-05-16,514542.5825627477,514542.5825627477
2018-05-17,514257.54619275726,522761.1831917987
2018-05-18,510758.2535787148,510758.2535787148
2018-05-21,510758.2535787148,510758.2535787148
2018-05-22,510758.2535787148,510758.2535787148
2018-05-23,510758.2535787148,510758.2535787148
2018-05-24,510458.9779734973,520386.5384952442
2018-05-25,508158.9728218229,526315.7520438671
2018-05-28,508568.60902405647,508568.60902405647
2018-05-29,508568.60902405647,508568.60902405647
2018-05-30,508568.60902405647,508568.60902405647
2018-05-31,508284.51808035426,516693.612450572
2018-06-01,508801.3990705277,517640.1776211747
2018-06-04,510115.79780180706,520598.63011871214
2018-06-05,510031.87561055756,524105.7801663645
2018-06-06,507525.4627476144,507525.4627476144
2018-06-07,507245.4351756128,515248.19237577263
2018-06-08,509047.23073775775,515248.19237577263
2018-06-11,511385.43206228584,515248.19237577263
2018-06-12,511038.2094204386,516632.4712387176
2018-06-13,512300.2618158969,516632.4712387176
2018-06-14,512843.7169894303,521236.3179831583
2018-06-15,514834.45694734936,521236.3179831583
2018-06-18,517988.566000279,521236.3179831583
2018-06-19,516165.7542589416,523389.560106048
2018-06-20,518038.6249122895,524375.4508104619
2018-06-21,518944.46146892576,527191.1645528225
2018-06-22,518423.47624265787,529752.3094158258
2018-06-25,521278.1481925813,531151.5191702648
2018-06-26,523098.96095443517,531151.5191702648
2018-06-27,517841.4053711372,517841.4053711372
2018-06-28,517553.9532062341,526299.1696965417
2018-06-29,509734.3307496018,509734.3307496018
2018-07-02,509734.3307496018,509734.3307496018
2018-07-03,509734.3307496018,509734.3307496018
2018-07-04,509734.3307496018,509734.3307496018
2018-07-05,509454.7290719055,517414.89684154
2018-07-06,510043.12206916785,517414.89684154
2018-07-09,509373.46006334,520819.1108535027
2018-07-10,504653.1561266272,504653.1561266272
2018-07-11,504653.1561266272,504653.1561266272
2018-07-12,504364.45871526765,513234.19985122513
2018-07-13,505275.18377699755,513234.19985122513
2018-07-16,505323.9054337759,516701.3718317113
2018-07-17,506500.0768397562,520667.53830002085
2018-07-18,507996.56564616703,520667.53830002085
2018-07-19,507980.62154851825,516653.1786428709
2018-07-20,509010.4281744437,516653.1786428709
2018-07-23,509386.8682443152,521422.41874044103
2018-07-24,508942.360722808,508942.360722808
2018-07-25,508942.360722808,508942.360722808
2018-07-26,508667.10714542354,516192.4648838731
2018-07-27,506304.3210991388,506304.3210991388
2018-07-30,506304.3210991388,506304.3210991388
2018-07-31,506304.3210991388,506304.3210991388
2018-08-01,506304.3210991388,506304.3210991388
2018-08-02,506003.9272898236,516043.3082213466
2018-08-03,500709.4548795297,500709.4548795297
2018-08-06,500709.4548795297,500709.4548795297
2018-08-07,500709.4548795297,500709.4548795297
2018-08-08,500709.4548795297,500709.4548795297
2018-08-09,500455.6098150209,505840.11626589694
2018-08-10,500084.89565650065,506645.7501933929
2018-08-13,499848.3452138049,499848.3452138049
2018-08-14,499848.3452138049,499848.3452138049
2018-08-16,499590.26998125174,505397.7932365658
2018-08-17,497945.5115040402,508428.5607860689
2018-08-20,497142.65725043503,497142.65725043503
2018-08-21,497142.65725043503,497142.65725043503
2018-08-23,496881.2560612394,503021.3749807992
2018-08-24,497298.06917926157,503021.3749807992
2018-08-27,495092.8174990341,495092.8174990341
2018-08-28,495092.8174990341,495092.8174990341
2018-08-29,495092.8174990341,495092.8174990341
2018-08-30,494830.05645969656,501106.1603934525
2018-08-31,495520.1789290395,501106.1603934525
2018-09-03,495048.3044818663,504178.0689930508
2018-09-04,494264.5232639087,494264.5232639087
2018-09-05,494264.5232639087,494264.5232639087
2018-09-06,494007.2728734492,499732.3119193967
2018-09-07,494119.13555137377,500493.9004080838
2018-09-10,490059.0015690853,490059.0015690853
2018-09-11,490059.0015690853,490059.0015690853
2018-09-12,490059.0015690853,490059.0015690853
2018-09-14,490059.0015690853,490059.0015690853
2018-09-17,490059.0015690853,490059.0015690853
2018-09-18,490059.0015690853,490059.0015690853
2018-09-19,490059.0015690853,490059.0015690853
2018-09-21,490059.0015690853,490059.0015690853
2018-09-24,490059.0015690853,490059.0015690853
2018-09-25,490059.0015690853,490059.0015690853
2018-09-26,490059.0015690853,490059.0015690853
2018-09-27,489796.85851710907,496011.1637147303
2018-09-28,490404.16330692713,496011.1637147303
2018-10-01,491883.9805057783,496011.1637147303
2018-10-03,491501.9851261459,498016.88508969854
2018-10-04,478467.0789607772,487392.55415694416
2018-10-05,464808.5425596124,502565.0888325623
2018-10-08,471800.0755511467,502565.0888325623
2018-10-09,475213.4848653316,502565.0888325623
2018-10-10,471584.18858123495,471584.18858123495
2018-10-11,471293.1922168793,480392.82865244243
2018-10-12,462527.4758084896,490386.1215098538
2018-10-15,470126.5282764935,490386.1215098538
2018-10-16,471324.0496916221,497126.66740013665
2018-10-17,472514.7755376626,503561.6322868011
2018-10-19,471225.6684463454,471225.6684463454
2018-10-22,471225.6684463454,471225.6684463454
2018-10-23,471225.6684463454,471225.6684463454
2018-10-24,471225.6684463454,471225.6684463454
2018-10-25,470934.62003069476,480039.4615957568
2018-10-26,471181.15691276424,482191.8253528708
2018-10-29,468796.44424568774,488717.6364345179
2018-10-30,471548.03169722925,488717.6364345179
2018-10-31,468144.8965384874,497234.32409089245
2018-11-01,472133.93432866345,480842.7316662951
2018-11-02,471836.96595625026,485078.4823623466
2018-11-05,479897.6394877399,485078.4823623466
2018-11-06,481032.735665739,485078.4823623466
2018-11-07,481605.1150218225,485874.49836968764
2018-11-09,483940.04286058305,483940.04286058305
2018-11-12,483940.04286058305,483940.04286058305
2018-11-13,483940.04286058305,483940.04286058305
2018-11-14,483940.04286058305,483940.04286058305
2018-11-15,483649.6991652226,492684.0687012691
2018-11-16,484992.1914814082,494343.9854353407
2018-11-19,488721.192970959,496461.04924503516
2018-11-20,488092.9840143996,499343.8590423379
2018-11-21,489253.0288021002,503516.4446847825
2018-11-22,488562.5452807251,497122.38581088564
2018-11-26,491652.56403786753,500099.1167620189
2018-11-27,493255.70233545545,502117.8470059484
2018-11-28,496877.77215408586,502794.5423766267
2018-11-29,492738.5493574322,501908.8170054219
2018-11-30,496415.25642295356,501908.8170054219
2018-12-03,498714.8292502872,501908.8170054219
2018-12-04,500509.0816897797,501908.8170054219
2018-12-05,499546.8861826803,502717.5741546818
2018-12-06,489151.1643897899,498320.65926720394
2018-12-07,487825.9865190195,502115.9993636216
2018-12-10,479469.6819122328,479469.6819122328
2018-12-11,479469.6819122328,479469.6819122328
2018-12-12,479469.6819122328,479469.6819122328
2018-12-13,479209.5403645976,485223.6951281165
2018-12-14,480015.9753931717,485223.6951281165
2018-12-17,481465.3387322982,486069.6386862304
2018-12-18,482394.091568504,486069.6386862304
2018-12-19,482745.3036075134,487349.6046003599
2018-12-20,483407.88444202516,489397.27518942236
2018-12-21,479142.4503763795,495519.1952818328
2018-12-24,481335.73921787355,501305.41297584167
2018-12-26,484398.4790674402,501305.41297584167
2018-12-27,483908.04334844806,489929.84057717485
2018-12-28,484468.12037842924,491032.6032264611
2018-12-31,486952.9943340003,491032.6032264611
2019-01-02,487915.2643303977,491772.0023255839
2019-01-03,486151.4181319471,495374.15995703934
2019-01-04,487272.70378894167,495374.15995703934
2019-01-07,491313.1309303886,496280.09092664963
2019-01-08,492123.7246907355,497559.764701485
2019-01-09,494825.9262282276,498534.8075024095
2019-01-10,494840.7066954881,503341.30099131423
2019-01-11,498721.4641790527,503341.30099131423
2019-01-14,499606.7253969349,504950.0356208328
2019-01-15,494979.79687305546,511889.1708745442
2019-01-16,497742.4862961163,511889.1708745442
2019-01-17,498967.46267964144,507319.6916615808
2019-01-18,500296.7280409981,507319.6916615808
2019-01-21,501937.48244549177,509023.05837969994
2019-01-22,505848.0597344873,509560.9097081462
2019-01-23,504501.665835068,513256.9790744858
2019-01-24,505667.99933585856,514559.4021869987
2019-01-25,504832.6455627969,517416.22842940676
2019-01-28,500702.75129621796,500702.75129621796
2019-01-29,500702.75129621796,500702.75129621796
2019-01-30,500702.75129621796,500702.75129621796
2019-01-31,500414.69244443276,509220.57762295473
2019-02-01,500541.23727737885,510327.9733459404
2019-02-04,503701.47617707023,510327.9733459404
2019-02-05,504116.4775313541,512683.3434814717
2019-02-06,498727.06612595473,498727.06612595473
2019-02-07,498437.9533148561,507349.2344247207
2019-02-08,494424.3359331394,512772.2923184606
2019-02-11,497054.25359394756,518946.1238975426
2019-02-12,499134.53398442734,499134.53398442734
2019-02-14,498846.8113934218,507619.0704939794
2019-02-15,499588.1791842498,507619.0704939794
2019-02-18,498972.5788706436,513028.1775101208
2019-02-19,500136.041220301,514700.27183425595
2019-02-20,495321.7012048937,495321.7012048937
2019-02-21,495028.96086023236,504302.99532636907
2019-02-22,496110.84508614824,504302.99532636907
2019-02-25,497610.3274127149,507538.19233037566
2019-02-26,499664.571352062,508601.667642875
2019-02-27,500218.0984614441,509709.26231904526
2019-02-28,500631.34752335836,508824.81243141857
2019-03-01,503183.5791643093,510454.7091005418
2019-03-05,502155.97085742326,516372.15734351723
2019-03-06,501063.70793174545,501063.70793174545
2019-03-07,500774.9573398145,509650.01653290464
2019-03-08,503287.5759074783,509650.01653290464
2019-03-11,502731.2377767316,512656.9501996773
2019-03-12,498619.3425348565,498619.3425348565
2019-03-13,498619.3425348565,498619.3425348565
2019-03-14,498357.6047430788,504531.3839208508
2019-03-15,498804.2278167222,507172.77547890495
2019-03-18,501300.87134663714,507172.77547890495
2019-03-19,501121.13886252005,501121.13886252005
2019-03-20,501121.13886252005,501121.13886252005
2019-03-22,501121.13886252005,501121.13886252005
2019-03-25,501121.13886252005,501121.13886252005
2019-03-26,501121.13886252005,501121.13886252005
2019-03-27,501121.13886252005,501121.13886252005
2019-03-28,500870.5311104621,505931.30631625553
2019-04-01,502023.54314471036,507535.83661524794
2019-04-02,502303.18584130914,509309.3798665555
2019-04-03,501348.18759532564,511761.78790654975
2019-04-04,501111.3790127897,507567.7193757159
2019-04-05,500834.9268620095,509285.1296739209
2019-04-08,502231.1921220373,510116.8910548867
2019-04-09,502805.9186466694,511112.9213290792
2019-04-10,502654.8143876423,513436.58860856306
2019-04-11,504746.05230938754,510523.275696008
2019-04-12,504768.48256097734,511175.06750890537
2019-04-15,506048.45339671156,512747.6204432647
2019-04-16,504085.65843500796,504085.65843500796
2019-04-18,503821.1752843478,510269.4903503642
2019-04-22,501605.0038024121,516285.1930033222
2019-04-23,502756.6323732193,516285.1930033222
2019-04-24,499081.0053384416,499081.0053384416
2019-04-25,498821.8126353823,504741.08294131345
2019-04-26,498732.01594963775,507052.41831060825
2019-04-30,502385.4011957436,507052.41831060825
2019-05-02,503942.7177741448,509588.91397768573
2019-05-03,505117.07977447996,509588.91397768573
2019-05-06,503843.823923486,512387.6295574666
2019-05-07,500986.7964262307,500986.7964262307
2019-05-08,500986.7964262307,500986.7964262307
2019-05-09,500724.70580568066,506933.7678606799
2019-05-10,501546.081823084,506933.7678606799
2019-05-13,500701.1799770025,509949.115680585
2019-05-14,501189.7329732191,509949.115680585
2019-05-15,502529.06110784103,509949.115680585
2019-05-16,501354.7901807954,507895.68798263365
2019-05-17,498162.25974054716,513098.2276051674
2019-05-20,468896.0784237546,513098.2276051674
2019-05-21,480324.3787528906,513098.2276051674
2019-05-22,481050.84232142824,513098.2276051674
2019-05-23,488240.94776438904,494499.9921167926
2019-05-24,486494.82406893483,498019.19770246814
2019-05-27,489464.6495533823,500234.4979473302
2019-05-28,491392.0327852737,500234.4979473302
2019-05-29,492725.1579977876,500234.4979473302
2019-05-30,493455.7425491998,499228.1307522797
2019-05-31,494239.40233189584,499228.1307522797
2019-06-03,495476.2415900469,500484.6097149779
2019-06-04,496618.17853321595,500484.6097149779
2019-06-06,495233.6355990565,501064.16339795274
2019-06-07,496227.58826294634,501064.16339795274
2019-06-10,498061.7731854273,501566.95454395824
2019-06-11,499015.8590168075,501659.69528074237
2019-06-12,499570.29457137187,501659.69528074237
2019-06-13,499845.87020277994,505682.030717125
2019-06-14,499849.1815241552,506484.3685065902
2019-06-17,500258.0466337729,509891.59223620204
2019-06-18,507733.3727074387,509891.59223620204
2019-06-19,508551.6081568277,509891.59223620204
2019-06-20,506933.96702249645,512744.25468663045
2019-06-21,506122.558470299,515435.59434390615
2019-06-24,510505.0070833296,515907.025118234
2019-06-25,510400.01234664087,517344.5916760591
2019-06-26,510410.0484797338,519248.5057519094
2019-06-27,511517.8862699707,517424.66348665714
2019-06-28,512320.4274137635,517424.66348665714
2019-07-01,514153.5718908161,517424.66348665714
2019-07-02,515189.28984666045,518037.48656898737
2019-07-03,515906.1458402723,518037.48656898737
2019-07-04,516460.9712433306,522068.87808561337
2019-07-05,513062.64577744465,527409.2961168579
2019-07-08,498731.39513534,527409.2961168579
2019-07-09,499544.91143336135,527409.2961168579
2019-07-10,494436.0591459938,527409.2961168579
2019-07-11,502645.21148594667,508552.2767530827
2019-07-12,503673.00227003155,508552.2767530827
2019-07-15,506229.74264350237,508552.2767530827
2019-07-16,505787.0066861716,509648.92417902197
2019-07-17,506409.8527079661,509648.92417902197
2019-07-18,506697.80484202853,512556.9607909744
2019-07-19,501988.57876745943,518738.0781030459
2019-07-22,502983.4443802582,502983.4443802582
2019-07-23,502983.4443802582,502983.4443802582
2019-07-24,502983.4443802582,502983.4443802582
2019-07-25,502728.2706097335,508245.64766221185
2019-07-26,503169.93945228733,508245.64766221185
2019-07-29,504544.2839710155,509733.3634746327
2019-07-30,503466.1138262611,512775.64181431243
2019-07-31,504450.13062295393,512775.64181431243
2019-08-01,501202.20472230366,510537.47612442495
2019-08-02,502582.9862196907,510537.47612442495
2019-08-05,504839.2237734257,513989.7744373825
2019-08-06,503026.3506439097,517369.3189436686
2019-08-07,501830.4375286437,501830.4375286437
2019-08-08,501550.26261096355,509567.75437898125
2019-08-09,500657.3188893703,511766.76285501756
2019-08-13,498964.8474650108,518800.61642948416
2019-08-14,498720.7178038708,523722.45846870576
2019-08-16,503699.10647162644,503699.10647162644
2019-08-19,503699.10647162644,503699.10647162644
2019-08-20,503699.10647162644,503699.10647162644
2019-08-21,503699.10647162644,503699.10647162644
2019-08-22,503415.598406823,511766.4048871683
2019-08-23,502230.6063005651,515155.6747588233
2019-08-26,493073.73017704464,528849.292363179
2019-08-27,494642.6814738378,528849.292363179
2019-08-28,499639.4370259117,528849.292363179
2019-08-29,499866.3595343496,508920.2569706143
2019-08-30,499656.9455546778,511914.23050018115
2019-09-03,498055.5243067973,520210.73722702055
2019-09-04,500678.97894994635,520210.73722702055
2019-09-05,504043.860960055,513057.9105592591
2019-09-06,504032.2200985825,515938.1012007079
2019-09-09,508072.9178369383,517806.6077081085
2019-09-11,512418.38820209313,517806.6077081085
2019-09-12,513448.6674224287,521594.77317345707
2019-09-13,514911.38445153355,523897.5652691381
2019-09-16,517997.5019810427,525225.068016904
2019-09-17,511765.3650323995,534954.0818003102
2019-09-18,514320.41653606185,534954.0818003102
2019-09-19,510838.5270543522,520513.9894049357
2019-09-20,457887.5199825731,520513.9894049357
2019-09-23,417705.4370836004,520513.9894049357
2019-09-24,422212.09150290233,520513.9894049357
2019-09-25,449012.30969492305,520513.9894049357
2019-09-26,429020.6830544177,435193.5341129145
2019-09-27,429900.48527851765,435193.5341129145
2019-09-30,432151.59898002475,435666.71420141927
2019-10-01,432037.0062162719,436762.32939239056
2019-10-03,433872.7772901498,439776.12717038597
2019-10-04,433569.6266692377,441207.59384490165
2019-10-07,436258.6955733949,442196.3071460368
2019-10-09,436954.15477935504,444284.60346962785
2019-10-10,437865.1535047397,443819.94648446457
2019-10-11,438592.2790007808,443819.94648446457
2019-10-14,440777.5191223696,444165.95228607004
2019-10-15,441040.7072710932,444796.0999899107
2019-10-16,441975.18357516686,444796.0999899107
2019-10-17,441708.6360005785,447807.5601977691
2019-10-18,442353.7852160748,447807.5601977691
2019-10-22,445958.1296924751,447807.5601977691
2019-10-23,447758.39405273617,447807.5601977691
2019-10-24,447347.5389785671,453286.5853660589
2019-10-25,448070.130972928,453286.5853660589
2019-10-29,446357.5497039614,458612.5334637368
2019-10-30,447659.8799216171,461503.5014796576
2019-10-31,448766.49959024996,454903.1571812349
2019-11-01,449638.64344011527,454903.1571812349
2019-11-04,451882.36527848104,455616.468164198
2019-11-05,452727.71188551973,455616.468164198
2019-11-06,454050.8796521648,455728.8908511861
2019-11-07,453822.0271818649,459152.88672289817
2019-11-08,453237.79276203,462216.4161665753
2019-11-11,456875.4550351802,462216.4161665753
2019-11-13,456080.2677180372,464964.3338202659
2019-11-14,456727.7562573168,463188.56705826044
2019-11-15,457670.29223582696,463188.56705826044
2019-11-18,459574.86746648676,463188.56705826044
2019-11-19,460029.58805895725,464259.2435180345
2019-11-20,459813.6494932946,465724.20129838376
2019-11-21,460777.7616744777,467616.38066939375
2019-11-22,460047.5249195956,469988.77697315306
2019-11-25,455311.0358017379,455311.0358017379
2019-11-26,455311.0358017379,455311.0358017379
2019-11-27,455311.0358017379,455311.0358017379
2019-11-28,455050.1187483254,461141.82408957893
2019-11-29,451544.2997790943,451544.2997790943
2019-12-02,451544.2997790943,451544.2997790943
2019-12-03,451544.2997790943,451544.2997790943
2019-12-04,451544.2997790943,451544.2997790943
2019-12-05,451295.3140071626,456193.8912003376
2019-12-06,449622.8456565591,458644.23917448067
2019-12-09,453121.285968611,458644.23917448067
2019-12-10,450851.9437836695,450851.9437836695
2019-12-11,450851.9437836695,450851.9437836695
2019-12-12,450600.43284434907,455751.5267763919
2019-12-13,447824.5282308489,459819.5643661525
2019-12-16,450512.7411283236,459819.5643661525
2019-12-17,448550.9726578163,448550.9726578163
2019-12-18,448550.9726578163,448550.9726578163
2019-12-19,448298.8739296518,453508.74674610526
2019-12-20,449272.98048897897,453508.74674610526
2019-12-23,451952.55997358955,453508.74674610526
2019-12-24,451716.1568624325,454000.42570631293
2019-12-26,450385.6231677169,455692.7998042218
2019-12-27,447304.2620095488,459561.89009909023
2019-12-30,451289.21136138286,459561.89009909023
2019-12-31,450157.03584462503,450157.03584462503
2020-01-01,450157.03584462503,450157.03584462503
2020-01-02,449901.3819579001,455466.77063038864
2020-01-03,449470.3246744964,457029.29975124047
2020-01-06,438052.0215710911,457029.29975124047
2020-01-07,442126.11904284725,442126.11904284725
2020-01-08,442126.11904284725,442126.11904284725
2020-01-09,441864.6648143165,448010.08766739134
2020-01-10,442507.0164824663,448010.08766739134
2020-01-13,443831.03533226356,450221.44065696653
2020-01-14,444727.7405891174,450221.44065696653
2020-01-15,446227.7337035901,450221.44065696653
2020-01-16,446638.36155168974,452566.68703604623
2020-01-17,447413.3298400455,452566.68703604623
2020-01-20,447199.08444456774,454819.51912408235
2020-01-21,447074.01235294837,457883.46765832073
2020-01-22,447194.1583116115,460419.2269814373
2020-01-23,447989.089322349,453820.6172618276
2020-01-24,448344.97639716754,455894.8095720763
2020-01-27,448043.9555083733,458989.87866661354
2020-01-28,447989.0765098195,462737.1483646619
2020-01-29,448708.53169662534,462737.1483646619
2020-01-30,450113.09182647866,456926.74162956176
2020-01-31,449982.10140582273,458260.0025158029
2020-02-03,441986.8235807724,441986.8235807724
2020-02-04,441986.8235807724,441986.8235807724
2020-02-05,441986.8235807724,441986.8235807724
2020-02-06,441731.65685094724,447248.3298334667
2020-02-07,442448.7947311305,447248.3298334667
2020-02-10,443790.8481108601,448695.45047547674
2020-02-11,443917.1495291088,449840.8418647116
2020-02-12,443397.02080317895,451971.5735461499
2020-02-13,444433.07393684273,450540.8087673044
2020-02-14,444595.3976393771,451548.03889219515
2020-02-17,446760.2587351848,452933.9486551426
2020-02-18,447062.6088226382,454033.0021550081
2020-02-19,446399.9804982756,456559.4576535935
2020-02-20,447671.58458313474,453779.37882252794
2020-02-24,444726.30424437067,460118.37821248657
2020-02-25,446804.10866425215,460118.37821248657
2020-02-26,444340.92836537655,468139.5652757282
2020-02-27,445247.3674955782,450677.427243459
2020-02-28,428216.05471308687,466112.8906770813
2020-03-02,432628.53171513684,432628.53171513684
2020-03-03,432628.53171513684,432628.53171513684
2020-03-04,432628.53171513684,432628.53171513684
2020-03-05,432368.59978415194,438361.792882646
2020-03-06,427422.8404004296,445241.0303329043
2020-03-09,393697.9224079958,445241.0303329043
2020-03-11,397212.16918165906,445241.0303329043
2020-03-12,277398.8653112945,280430.8229077818
2020-03-13,274763.77317324537,283233.6983174203
2020-03-16,264937.1268380903,295696.1334342958
2020-03-17,263510.50268997933,263510.50268997933
2020-03-18,263510.50268997933,263510.50268997933
2020-03-19,263248.80237992003,269418.83338585164
2020-03-20,255186.3414933207,278182.0452626461
2020-03-23,207713.1031296384,207713.1031296384
2020-03-24,207713.1031296384,207713.1031296384
2020-03-25,207713.1031296384,207713.1031296384
2020-03-26,207482.40456527355,210552.2610017591
2020-03-27,208047.7616263134,210552.2610017591
2020-03-30,208906.28438814622,211127.97508571474
2020-03-31,208716.98798731514,211636.3786112535
2020-04-01,209071.13286530212,212321.81065037524
2020-04-03,210217.7024258023,210217.7024258023
2020-04-07,210217.7024258023,210217.7024258023
2020-04-08,210217.7024258023,210217.7024258023
2020-04-09,209987.3279202668,213024.7784738149
2020-04-13,212007.82710891875,213024.7784738149
2020-04-15,212543.97339084122,212936.59266993342
2020-04-16,212320.93236337564,215327.06577588827
2020-04-17,213133.4033647781,215607.01543951704
2020-04-20,214628.9156550744,215607.01543951704
2020-04-21,214807.6892151288,215618.4356841603
2020-04-22,214887.3021178966,215530.3420552863
2020-04-23,214580.81203954841,217533.4426752906
2020-04-24,217114.85235313766,217414.56983091315
2020-04-27,217333.7273034046,217414.56983091315
2020-04-28,217194.80870098982,217223.35564412663
2020-04-29,217009.5594493182,217030.632571889
2020-04-30,216370.7212901143,219407.9998256323
2020-05-04,215747.30968667826,221597.86492837552
2020-05-05,216820.00579769735,222482.22229544102
2020-05-06,218934.2014526271,222482.22229544102
2020-05-07,219563.7223023276,222639.64168145845
2020-05-08,222050.36527744652,222639.64168145845
2020-05-11,222433.9001544002,222639.64168145845
2020-05-12,222581.10004875553,222639.64168145845
2020-05-13,222390.73713526202,222462.7338319119
2020-05-14,221726.35076349895,224863.17924174335
2020-05-15,222238.8235014428,224863.17924174335
2020-05-18,222073.71017818552,226299.49720502886
2020-05-19,222804.28358843134,226299.49720502886
2020-05-20,222769.99555655333,227690.2030356686
2020-05-21,223567.0934343101,226617.49860275316
2020-05-22,224117.84391628162,226617.49860275316
2020-05-26,225499.6923291083,226664.8024621388
2020-05-27,224553.41482818595,227816.77592198105
2020-05-28,223710.2389869106,226812.9870808573
2020-05-29,224241.8840269839,226812.9870808573
2020-06-01,224498.14439920895,228168.82762025075
2020-06-02,226836.4411754234,228520.56156089398
2020-06-03,226961.21251792286,228771.0412831959
2020-06-04,226994.80751078908,229861.67963215106
2020-06-05,227078.00100186374,230356.34580202555
2020-06-08,228457.7912239616,230356.34580202555
2020-06-09,228444.8624025073,230467.5822415331
2020-06-10,228961.3012635852,230467.5822415331
2020-06-11,227996.5432056664,230932.0452154478
2020-06-12,229179.25803015503,230932.0452154478
2020-06-15,229575.14625641514,231050.22498695864
2020-06-16,230438.4254842749,230981.45940083248
2020-06-17,230578.80757194653,230981.45940083248
2020-06-18,229779.6218514685,233004.7238990369
2020-06-19,229282.77399609823,234023.11615532823
2020-06-22,230802.50245370032,234820.93523869663
2020-06-23,230013.64601366036,237212.33329257058
2020-06-24,229933.76858681953,240153.09860670072
2020-06-25,230962.5450198038,234055.8654537941
2020-06-26,230852.38539673656,234756.6714082742
2020-06-29,232879.81760506923,234756.6714082742
2020-06-30,233215.70897305853,234910.91920753403
2020-07-01,232943.10441736667,235725.9918066567
2020-07-02,232059.57222926212,234939.7807407177
2020-07-03,232491.63776126262,234939.7807407177
2020-07-06,232195.8792634947,236413.2483441561
2020-07-07,233218.91266907254,236413.2483441561
2020-07-08,233627.2310905652,236413.2483441561
2020-07-09,234321.313000874,237528.15934262238
2020-07-10,234526.5552897603,237528.15934262238
2020-07-13,236429.86180155305,237528.15934262238
2020-07-14,234494.249499773,239315.32024882548
2020-07-15,235330.8683893591,239315.32024882548
2020-07-16,235161.01927728657,238193.2478834069
2020-07-17,234304.2020352271,239712.37840394353
2020-07-20,234476.2817706745,242166.7879600834
2020-07-21,233072.8001772325,233072.8001772325
2020-07-22,233072.8001772325,233072.8001772325
2020-07-23,232845.25377954709,235599.89354808824
2020-07-24,233160.3086687049,235599.89354808824
2020-07-27,233757.78005134704,236082.33203527733
2020-07-28,232656.0081079003,237701.24649651843
2020-07-29,232429.29999423056,238694.26867735197
2020-07-30,230917.63192301997,233927.5919713345
2020-07-31,231264.94359212046,233927.5919713345
2020-08-03,230496.2272912099,235587.93858164854
2020-08-04,228263.0548374029,239613.93679449774
2020-08-05,229729.5050154771,239613.93679449774
2020-08-06,228822.4911573326,231730.81423581723
2020-08-07,229288.67972308554,231730.81423581723
2020-08-10,230021.53972844497,231722.4067363255
2020-08-11,230626.95948222026,231782.09318711533
2020-08-12,230908.07404614863,231782.09318711533
2020-08-13,230790.14909452948,233879.4634110379
2020-08-14,230306.41984976537,235484.66435989187
2020-08-17,232022.88284012352,235484.66435989187
2020-08-18,230546.14889601656,237996.41590023477
2020-08-19,231261.50521396683,237996.41590023477
2020-08-20,231528.430396362,234419.12013552466
2020-08-21,231473.6731329312,234966.0061513203
2020-08-24,232104.5891656016,235824.61148061918
2020-08-25,233253.387065369,235824.61148061918
2020-08-26,233195.41580922226,236685.7989399748
2020-08-27,233700.97238554715,236363.23927125696
2020-08-28,233474.9781597365,237330.32933532403
2020-08-31,229471.91548843446,229471.91548843446
2020-09-01,229471.91548843446,229471.91548843446
2020-09-02,229471.91548843446,229471.91548843446
2020-09-03,229241.44277444936,232288.7141729594
2020-09-04,226071.98477258935,235376.8467634996
2020-09-07,228337.52405182747,235376.8467634996
2020-09-08,228599.1536675062,236814.1315355028
2020-09-09,229154.933595781,236814.1315355028
2020-09-10,227256.36098906293,230003.28365338067
2020-09-11,227984.7659074966,230003.28365338067
2020-09-14,228876.5352721429,230003.28365338067
2020-09-15,228993.46915589098,229931.31050604215
2020-09-16,228692.47353711064,230428.443834114
2020-09-17,228164.61753936252,231031.59580693886
2020-09-18,228580.89246994912,231031.59580693886
2020-09-21,225670.98879488162,234479.44571144241
2020-09-22,224626.32865672992,224626.32865672992
2020-09-23,224626.32865672992,224626.32865672992
2020-09-24,224397.03168553603,227326.72880492656
2020-09-25,221642.3462760614,230214.53703561245
2020-09-28,222210.65402711494,234355.72918890245
2020-09-29,223591.36891714035,234355.72918890245
2020-09-30,224747.34554182814,234355.72918890245
2020-10-01,221403.88098217262,224464.57366443812
2020-10-05,222946.34935052684,224579.9741974263
2020-10-06,222258.20631535744,225610.5262842918
2020-10-07,222387.92915992587,226437.53662130205
2020-10-08,221982.85693317337,225037.21514494438
2020-10-09,222556.58929578832,225037.21514494438
2020-10-12,223429.70756941268,225153.66775108484
2020-10-13,223826.34262032944,225153.66775108484
2020-10-14,223930.52265100705,225244.26346235507
2020-10-15,221257.9786660668,224375.6028477732
2020-10-16,221632.72898915727,224375.6028477732
2020-10-19,222139.3761574271,225328.43923036408
2020-10-20,223560.35580759007,225328.43923036408
2020-10-21,223831.13702778617,225456.99642428354
2020-10-22,223811.23846217262,227031.110106315
2020-10-23,226207.99053125188,227031.110106315
2020-10-26,226279.6140798731,227148.76933511824
2020-10-27,226239.1192249428,227259.06700924464
2020-10-28,225430.5967975441,227977.51479245003
2020-10-29,224910.38329821947,227894.433838472
2020-10-30,225699.914327059,227894.433838472
2020-11-02,226741.15824241357,227894.433838472
2020-11-03,226497.68085820638,228342.96699020267
2020-11-04,226197.5446080494,229298.66184363316
2020-11-05,222785.7328844617,225798.2723727466
2020-11-06,221948.27204649837,227302.4995928275
2020-11-09,220818.30417235766,230513.15042849956
2020-11-10,218030.34711987912,218030.34711987912
2020-11-11,218030.34711987912,218030.34711987912
2020-11-12,217800.91256702915,220744.36785202543
2020-11-13,218154.99587612838,220744.36785202543
2020-11-17,218394.56865979443,221805.5050837568
2020-11-18,218426.7556333729,222892.0668104422
2020-11-19,216042.35129554098,219340.78614524583
2020-11-20,216160.31884875149,219758.18130486173
2020-11-23,217102.0058605424,220487.02991836346
2020-11-24,217591.9966501068,221443.02297191368
2020-11-25,215440.9013734404,224505.81538489758
2020-11-26,216148.9356290007,219065.47278802106
2020-11-27,216695.63054676726,219065.47278802106
2020-12-01,217677.72776241833,219374.616278
2020-12-02,218021.06890974476,219374.616278
2020-12-03,217959.1408277488,220952.2545869715
2020-12-04,217548.17846371836,222083.80356241539
2020-12-07,218902.49498663805,223402.4323841922
2020-12-08,219623.38544157986,223402.4323841922
2020-12-09,218722.41246438454,225916.919828472
2020-12-10,219379.19777880574,222051.2671483176
2020-12-11,219840.26851402083,222051.2671483176
2020-12-14,220604.5458739054,222246.15400658347
2020-12-15,220905.30542507296,222246.15400658347
2020-12-16,220540.5048581642,223146.0166932341
2020-12-17,220159.90016055072,223131.3998787023
2020-12-18,221691.0777324638,223131.3998787023
2020-12-21,210208.36181906235,210208.36181906235
2020-12-22,210208.36181906235,210208.36181906235
2020-12-23,210208.36181906235,210208.36181906235
2020-12-24,209978.54679911167,212960.04879418126
2020-12-28,211130.16020234572,213385.64126131302
2020-12-29,211276.77985291797,213680.22996592804
2020-12-30,211565.86533526867,214020.21709163595
2020-12-31,211672.1770315863,214518.58795316488
2021-01-01,212019.8302231761,214518.58795316488
2021-01-04,212461.85081113834,215322.50109210613
2021-01-05,212573.77755758684,215698.62403968556
2021-01-06,213058.77884946266,215698.62403968556
2021-01-07,213287.64280754395,216491.70293841258
2021-01-08,211991.61107134054,218289.5578634159
2021-01-11,212481.45629699904,221186.24217238347
2021-01-12,212672.36417941842,223386.88224548643
2021-01-13,213805.0403182953,223386.88224548643
2021-01-14,214489.56994162974,217510.70624701254
2021-01-15,213232.73196820295,219492.02370425206
2021-01-18,213347.0700109951,221933.93028483857
2021-01-19,216824.17581365706,225006.2787426219
2021-01-20,215489.94372404323,215489.94372404323
2021-01-21,215259.57460743224,218296.48626853217
2021-01-22,212537.55886588516,220937.02681799853
2021-01-25,212316.26830940845,224821.73008026526
2021-01-27,205389.54355329968,224821.73008026526
2021-01-28,197482.35716661662,200270.31788214995
2021-01-29,196410.17650289682,202076.04055709456
2021-02-01,178148.76733874396,202076.04055709456
2021-02-02,159980.79443023648,202076.04055709456
2021-02-03,152313.02184471447,202076.04055709456
2021-02-04,145291.6247826949,148210.53581988902
2021-02-05,145774.0089543129,148210.53581988902
2021-02-08,146505.12300187003,148790.09544322238
2021-02-09,147087.461852799,148790.09544322238
2021-02-10,147563.68296388965,148790.09544322238
2021-02-11,147485.885796706,150528.84149591925
2021-02-12,147971.32640844543,150528.84149591925
2021-02-15,149058.62439327798,150638.05378621467
2021-02-16,149601.90762687777,150638.05378621467
2021-02-17,149734.3666364448,150549.02886909302
2021-02-18,149286.20674642816,152299.0438038142
2021-02-19,149239.03495990278,152718.95579555226
2021-02-22,148957.8901893079,154803.3135435813
2021-02-23,150189.54551592312,154803.3135435813
2021-02-24,149900.79445765563,156948.65603179726
2021-02-25,150193.9188549519,152996.96597218257
2021-02-26,143857.76623317192,158848.12156793528
2021-03-01,151856.00628591492,160981.36960631312
2021-03-02,153192.94580078396,164018.98765869997
2021-03-03,147600.55128577145,147600.55128577145
2021-03-04,147371.46868869595,150279.7283962481
2021-03-05,147240.35622816364,150946.91732553797
2021-03-08,149119.39475087047,150946.91732553797
2021-03-09,149087.3065062706,151169.14703240432
2021-03-10,149233.6125800565,151437.61920399521
2021-03-12,149732.28804962256,149732.28804962256
2021-03-15,149732.28804962256,149732.28804962256
2021-03-16,149732.28804962256,149732.28804962256
2021-03-17,149732.28804962256,149732.28804962256
2021-03-18,149501.91556268206,152539.16425673288
2021-03-19,149007.13725579146,153397.55741562074
2021-03-22,151002.3870098809,153397.55741562074
2021-03-23,151630.75825327507,153627.92932498676
2021-03-24,150792.0778353836,154945.47802648137
2021-03-25,149849.53129917692,152887.4761509908
2021-03-26,149392.4760130469,154036.09600802488
2021-03-30,151197.49602208138,155612.96288767213
2021-03-31,151768.14130721267,156636.7065801697
2021-04-01,151190.49749292328,154011.8391918731
2021-04-05,152318.08061429724,154688.33489224475
2021-04-06,152932.79251997804,154688.33489224475
2021-04-07,152797.81822216054,155130.74161689074
2021-04-08,152560.67620197983,155658.27423915305
2021-04-09,153205.23317781478,155658.27423915305
2021-04-12,146300.68497170173,162862.7944527776
2021-04-13,145512.95277231617,167757.23442963604
2021-04-15,148136.6185476372,151278.07743916186
2021-04-16,148587.8866428504,151278.07743916186
2021-04-19,148981.90864834245,152254.24095850665
2021-04-20,149428.42967671863,152656.27535210323
2021-04-22,150152.53675480039,153282.7981780783
2021-04-23,150565.45478949085,153282.7981780783
2021-04-26,151779.49059523473,153282.7981780783
2021-04-27,151657.34429789035,153825.09229160193
2021-04-28,151276.36430157392,154976.51126169614
2021-04-29,151806.70764713202,154831.86380221302
2021-04-30,151417.13910135857,156591.64382688844
2021-05-03,153644.16097997906,156591.64382688844
2021-05-04,153655.14883361687,157585.07363140746
2021-05-05,154322.8973779862,157954.28288392592
2021-05-06,153875.2588204107,156748.288922559
2021-05-07,154021.27534439365,157185.78983407773
2021-05-10,154917.51961538193,157729.00785221654
2021-05-11,155373.82237292174,157729.00785221654
2021-05-12,156618.3956528245,158198.68958276216
2021-05-14,157359.35780854934,157359.35780854934
2021-05-17,157359.35780854934,157359.35780854934
2021-05-18,157359.35780854934,157359.35780854934
2021-05-19,157359.35780854934,157359.35780854934
2021-05-20,157129.19202044222,160145.7708311539
2021-05-21,154704.70699426284,163524.0264853782
2021-05-24,157488.46629150253,163524.0264853782
2021-05-25,158512.66471686482,163524.0264853782
2021-05-26,158708.7809159663,165094.8401061046
2021-05-27,159723.1883648133,162688.60997529418
2021-05-28,159639.86440080544,163349.87033528645
2021-05-31,161375.04258928116,164104.2580141687
2021-06-01,161868.16961815633,164104.2580141687
2021-06-02,162768.14572611265,164104.2580141687
2021-06-03,162106.37008880312,165283.52269930262
2021-06-04,162467.15237028868,165283.52269930262
2021-06-07,163625.44374501973,165283.52269930262
2021-06-08,164036.26956939278,165283.52269930262
2021-06-09,163993.13643626194,165565.1136109913
2021-06-10,163904.87099960528,166947.8525819592
2021-06-11,164337.1270919775,166947.8525819592
2021-06-14,165750.71166536788,166901.4220124415
2021-06-15,165917.4259790144,166943.31253309426
2021-06-16,165741.21372047538,167285.60629357537
2021-06-17,165383.91728166482,168333.61617061304
2021-06-18,167350.37884351783,168333.61617061304
2021-06-21,167498.61860031693,168440.29867674422
2021-06-22,167674.08026519066,168440.29867674422
2021-06-23,167429.0990460569,168580.08296132917
2021-06-24,166485.74944313677,169336.61909871208
2021-06-25,166581.25771593183,169518.2821562023
2021-06-28,168004.56678914686,169518.2821562023
2021-06-29,167388.7528977625,170172.41067017417
2021-06-30,167104.35003148884,167104.35003148884
2021-07-01,166884.87273621903,168832.60226320004
2021-07-02,166671.99712773456,169309.78923153065
2021-07-05,166024.62018208898,166024.62018208898
2021-07-06,166024.62018208898,166024.62018208898
2021-07-07,166024.62018208898,166024.62018208898
2021-07-08,165805.02833884142,167764.21266359917
2021-07-09,165796.9862291057,167835.3141594332
2021-07-12,166467.27280847763,167835.3141594332
2021-07-13,165874.53794615422,168511.63462345162
2021-07-14,165824.25715742432,165824.25715742432
2021-07-15,165604.97553860425,167533.1374206087
2021-07-16,165818.54678907318,167533.1374206087
2021-07-19,163777.9632978452,163777.9632978452
2021-07-20,163777.9632978452,163777.9632978452
2021-07-22,163558.30373205448,165524.2603111269
2021-07-23,163896.9423019244,165524.2603111269
2021-07-26,164638.07630797685,165524.2603111269
2021-07-27,164455.6646532158,165585.79842852565
2021-07-28,164413.6383162552,165720.01762275738
2021-07-29,163906.50673177166,165993.57521522703
2021-07-30,164172.56697961345,165993.57521522703
2021-08-02,164220.41574886767,166459.1246500247
2021-08-03,160533.66948082967,160533.66948082967
2021-08-04,160533.66948082967,160533.66948082967
2021-08-05,160313.339211684,162346.36612624957
2021-08-06,160631.53765214488,162515.18634085802
2021-08-09,161427.72247489417,162515.18634085802
2021-08-10,161649.3386095577,162515.18634085802
2021-08-11,161920.27201675577,162515.18634085802
2021-08-12,161293.19644519506,163291.80492007543
2021-08-13,160245.0560942612,164726.68928928176
2021-08-16,161458.94279086345,164726.68928928176
2021-08-17,162207.32967424634,165475.59243439283
2021-08-18,163068.51275044694,165475.59243439283
2021-08-20,162173.56099189192,162173.56099189192
2021-08-23,162173.56099189192,162173.56099189192
2021-08-24,162173.56099189192,162173.56099189192
2021-08-25,162173.56099189192,162173.56099189192
2021-08-26,161954.25166066465,163885.18478339285
2021-08-27,162107.2258751458,163885.18478339285
2021-08-30,159571.6371411089,159571.6371411089
2021-08-31,159571.6371411089,159571.6371411089
2021-09-01,159571.6371411089,159571.6371411089
2021-09-02,159350.19045619105,161494.85894797335
2021-09-03,159069.26146029384,162140.44377464932
2021-09-06,159927.9160256415,162567.00364313184
2021-09-07,160203.65722792852,162567.00364313184
2021-09-08,160497.68967819185,162567.00364313184
2021-09-09,160468.4348455103,162537.14740967422
2021-09-13,161328.22239712646,162537.14740967422
2021-09-14,161761.4470863761,162537.14740967422
2021-09-15,161249.9436818942,162918.2900715986
2021-09-16,160155.17983187828,162318.09064116274
2021-09-17,160365.77983069725,162318.09064116274
2021-09-20,158451.5838575778,158451.5838575778
2021-09-21,158451.5838575778,158451.5838575778
2021-09-22,158451.5838575778,158451.5838575778
2021-09-23,158231.62537466577,160227.47366586764
2021-09-24,158503.0517557906,160227.47366586764
2021-09-27,159197.54832374302,160227.47366586764
2021-09-28,159169.80436027,160378.4777887524
2021-09-29,159372.04013932086,160449.50827118653
2021-09-30,158654.5433471785,160672.39179128292
2021-10-01,158614.85122222386,161098.0558656142
2021-10-04,158599.87529718637,161913.78232564242
2021-10-05,157414.1379414565,157414.1379414565
2021-10-06,157414.1379414565,157414.1379414565
2021-10-07,157195.77989311164,159031.58472759562
2021-10-08,156977.40061623993,159413.3042657457
2021-10-11,157639.71370056193,159613.75951706615
2021-10-12,157916.48008961714,159613.75951706615
2021-10-13,156913.02536249894,161231.74368815756
2021-10-14,155093.57574561317,157009.52374211815
2021-10-18,155647.8297672954,157326.66661447566
2021-10-19,156338.3261253228,157326.66661447566
2021-10-20,155588.39979725133,158067.7350804597
2021-10-21,154834.21801334503,156757.75766195936
2021-10-22,155661.58596427587,156757.75766195936
2021-10-25,155971.02656714284,156733.86518773308
2021-10-26,155581.1796380561,156956.50367024614
2021-10-27,155966.16942077933,156956.50367024614
2021-10-28,150777.96423877074,152769.26374568391
2021-10-29,150166.16735623797,153692.76128810944
2021-11-01,149588.10629446345,155425.94304212104
2021-11-02,150601.01798619604,155425.94304212104
2021-11-03,151307.68491542572,155425.94304212104
2021-11-04,151937.73017506706,153952.94016159972
2021-11-08,152521.40185409805,154402.84347100335
2021-11-09,152938.78569460122,154402.84347100335
2021-11-10,153245.32242979796,154402.84347100335
2021-11-11,152266.0737790715,154168.5513182033
2021-11-12,151455.21585448695,155273.77306685332
2021-11-15,153118.8816645768,155273.77306685332
2021-11-16,153302.75306425896,155647.33309671364
2021-11-17,153187.94296512473,156366.96050505183
2021-11-18,152398.31787381563,154242.8370547783
2021-11-22,150740.90170077354,156633.09831114017
2021-11-23,151131.09733653188,156633.09831114017
2021-11-24,151966.20986223363,156633.09831114017
2021-11-25,151819.62926369518,153959.70526202524
2021-11-26,146167.30658244912,159035.15808505806
2021-11-29,150059.3916433331,159035.15808505806
2021-11-30,150631.36429245793,160491.85747908312
2021-12-01,150687.91218173492,150687.91218173492
2021-12-02,150468.0215391856,152457.08579411614
2021-12-03,149964.5604726089,153241.76240419087
2021-12-06,149273.70819893415,155329.4363049508
2021-12-07,148056.88363969873,158254.95723953156
2021-12-08,144072.21319513617,144072.21319513617
2021-12-09,143852.47642731195,145826.15320973215
2021-12-10,144230.4896455086,145826.15320973215
2021-12-13,144799.80635355646,145969.531290152
2021-12-14,145054.0637669534,145969.531290152
2021-12-15,144931.07341329017,146215.7064479924
2021-12-16,144869.83262419337,146812.75873244295
2021-12-17,144141.78674746884,147876.93546754023
2021-12-20,143111.03593028308,150792.94301334213
2021-12-21,143515.15789233084,150792.94301334213
2021-12-22,142072.15427928366,155384.17489010174
2021-12-23,141860.06052661722,143977.53914284558
2021-12-24,143123.84175139535,143977.53914284558
2021-12-27,143605.17783902076,143977.53914284558
2021-12-28,143437.3661392295,143911.4082804929
2021-12-29,143638.77951780308,143911.4082804929
2021-12-30,143372.93981575678,145359.93271881246
2021-12-31,143334.6820004327,145888.00093186754
2022-01-03,143505.11731162708,147201.5258227021
2022-01-04,143394.9884782417,148571.28999815503
2022-01-05,143947.8041143679,150190.9614835631
2022-01-06,142886.6823554614,145002.23403775634
2022-01-07,143136.55918768304,145002.23403775634
2022-01-10,143263.34604636062,145738.33957940654
2022-01-11,143669.61625033626,145738.33957940654
2022-01-12,143217.9370496181,147018.32660492303
2022-01-13,143368.2550397146,145239.4209706491
2022-01-14,144307.3642344446,145239.4209706491
2022-01-17,145009.464091639,145045.51230933785
2022-01-18,144682.17011222712,144960.02846322217
2022-01-19,144194.5277150572,145110.98810427042
2022-01-20,142789.04352985363,144723.87971795828
2022-01-21,142310.62096767698,145419.4452333699
2022-01-24,134734.3336156651,134734.3336156651
2022-01-25,134734.3336156651,134734.3336156651
2022-01-27,134513.76808989214,136570.3206671879
2022-01-28,134822.1449954906,136570.3206671879
2022-01-31,134808.97338028616,137149.11316401325
2022-02-01,134079.65771903025,138601.20402831363
2022-02-02,133140.4248210566,141223.35149069282
2022-02-03,132027.39869404415,133985.10019236704
2022-02-04,132468.12546189065,133985.10019236704
2022-02-07,131809.90398689682,135107.62945692794
2022-02-08,132655.977539789,135107.62945692794
2022-02-09,131969.69624244634,136479.0484767039
2022-02-10,131462.3942550854,133436.2925508409
2022-02-11,130982.19071688168,134307.91438898558
2022-02-14,126365.1322943952,139897.59928962248
2022-02-15,118827.77243112167,139897.59928962248
2022-02-16,121026.67041071359,139897.59928962248
2022-02-17,122379.37522184098,124402.34894736012
2022-02-18,122782.9156593973,124402.34894736012
2022-02-21,123376.89714988579,124403.296747388
2022-02-22,123683.69274770565,124430.3495251654
2022-02-23,123927.6412272524,124430.3495251654
2022-02-24,116265.27351000305,118295.96044105181
2022-02-25,114869.53280450276,119944.5865868707
2022-02-28,116617.88219345809,120410.90466426095
2022-03-02,117838.1089288502,120719.17429245103
2022-03-03,117865.74422529714,119754.99631176237
2022-03-04,117678.05777139757,120274.03169370283
2022-03-07,117418.19322098297,121702.01875117078
2022-03-08,118092.39526890888,121702.01875117078
2022-03-09,116382.30640064197,124695.42667419738
2022-03-10,115369.34387438041,117428.87662742133
2022-03-11,115789.9476842158,117428.87662742133
2022-03-14,116215.23687266653,117707.48486507902
2022-03-15,116629.30541904291,117787.26887547447
2022-03-16,116740.25417698173,118014.3717913262
2022-03-17,115649.66761835695,117702.11117466757
2022-03-21,116570.43988592234,117778.2915977992
2022-03-22,116545.92411560989,117854.47174562412
2022-03-23,116919.42212264636,117854.47174562412
2022-03-24,116815.48766077294,118768.34350933162
2022-03-25,117134.36530070566,118768.34350933162
2022-03-28,118679.60135816329,118768.34350933162
2022-03-29,118543.67700605132,118574.9918060692
2022-03-30,118348.33845587363,118392.30061032635
2022-03-31,117956.45753352593,120001.65235081587
2022-04-01,117732.57296396735,120759.25061664455
2022-04-04,117457.72707605203,122812.61968848159
2022-04-05,120032.6351106883,122812.61968848159
2022-04-06,119200.22336240599,124426.71263823587
2022-04-07,118479.09406978553,120415.33182857433
2022-04-08,118584.36762535959,120724.6692051924
2022-04-11,119150.929951515,120871.39383063777
2022-04-12,119054.83954967823,121435.29086723665
2022-04-13,119569.6401337906,121528.15752870205
2022-04-18,119822.97378845143,119822.97378845143
2022-04-19,119822.97378845143,119822.97378845143
2022-04-20,119822.97378845143,119822.97378845143
2022-04-21,119602.95011410776,121605.31754847449
2022-04-22,118821.33531232493,122623.01290589715
2022-04-25,118579.77429046549,124728.49559674213
2022-04-26,117286.29741664353,127774.21769485758
2022-04-27,117382.17757412267,130088.79868369909
2022-04-28,116263.54032796797,118178.70102968572
2022-04-29,116299.52970005372,118398.52061595971
2022-05-02,117010.8429866148,118372.81735220567
2022-05-04,115487.2242251231,120151.41396455314
2022-05-05,117107.8754896577,119158.96625462173
2022-05-06,116202.80348518341,120551.98046365539
2022-05-09,117222.51207303227,121476.7922031834
2022-05-10,117532.18849850654,122154.3176991591
2022-05-11,118200.72449756988,122886.76349222635
2022-05-12,113249.73952806338,115304.56516755711
2022-05-13,113532.25192255144,115304.56516755711
2022-05-16,114299.74346286218,115304.56516755711
2022-05-17,111881.93588986367,117586.5675846291
2022-05-18,112987.88888349719,117586.5675846291
2022-05-19,108437.2243321166,110464.27508363723
2022-05-20,105805.31303159763,113013.96817691035
2022-05-23,108397.89964164811,113013.96817691035
2022-05-24,109186.80628581691,113013.96817691035
2022-05-25,109682.35630229801,114197.54353878707
2022-05-26,109446.60970268688,111356.83917965209
2022-05-27,109349.29754813647,111725.78525148456
2022-05-30,108992.65360242718,112961.81140168078
2022-05-31,109701.74831687905,112961.81140168078
2022-06-01,110861.83328380727,112961.81140168078
2022-06-02,110992.79051737662,112949.23560349995
2022-06-03,111576.78287600969,112949.23560349995
2022-06-06,112307.09811657254,112949.23560349995
2022-06-07,112054.88232956627,113131.42573788112
2022-06-08,112100.09341050363,113128.64636079104
2022-06-09,112022.49262056555,113985.65908110404
2022-06-10,111121.08382865576,114984.32786437492
2022-06-13,108422.15146390644,118919.23337112172
2022-06-14,111225.76821476716,118919.23337112172
2022-06-15,111685.85773024327,120954.90031890542
2022-06-16,108715.12239359913,110836.98668342078
2022-06-17,109877.93306903484,110763.7889327555
2022-06-20,110328.35098795331,110763.7889327555
2022-06-21,109422.33361611623,111291.78924053386
2022-06-22,108983.23355023681,112208.38082801666
2022-06-23,108667.60465152397,110745.66852825726
2022-06-24,108680.26129753038,110956.6551147288
2022-06-27,109595.24256139054,111245.2419480639
2022-06-28,109915.53305696296,111245.2419480639
2022-06-29,110269.7521352546,111245.2419480639
2022-06-30,110180.40836122098,112316.17000987215
2022-07-01,110486.36534089119,112316.17000987215
2022-07-04,111252.69670355321,112316.17000987215
2022-07-05,111566.7192909011,112316.17000987215
2022-07-06,111166.00751462478,112595.91870290512
2022-07-07,110502.86911023124,112465.7033594133
2022-07-08,110848.2356879256,112643.87707482118
2022-07-11,112348.87269734446,112643.87707482118
2022-07-12,112057.85674396584,112672.44475372034
2022-07-13,111902.05025941448,112729.48842567699
2022-07-14,111895.24789569894,113794.93801213552
2022-07-15,111805.7470234727,114161.37133540363
2022-07-18,110879.04837109994,115771.45320318251
2022-07-19,112014.09748986572,116764.25394147908
2022-07-20,111380.11779639166,111380.11779639166
2022-07-21,111158.62143035563,113308.25803395738
2022-07-22,110943.69919261824,114126.39331916273
2022-07-25,111369.08032486732,114887.8526993232
2022-07-26,109589.13228293908,109589.13228293908
2022-07-27,109589.13228293908,109589.13228293908
2022-07-28,109370.36943466093,111246.65426247664
2022-07-29,108228.5973633255,112732.01918901366
2022-08-01,108069.37305494345,115096.61248244703
2022-08-02,108870.06237863304,115096.61248244703
2022-08-03,109635.13579274397,115096.61248244703
2022-08-04,109966.020537163,111917.42787542744
2022-08-05,110222.35701385862,111917.42787542744
2022-08-08,110553.28153800336,112247.71849294529
2022-08-10,111534.18060469035,112247.71849294529
2022-08-11,110996.49674038899,112907.72770470506
2022-08-12,111350.65185351732,112907.72770470506
2022-08-16,111609.60881548734,113486.42590638236
2022-08-17,111587.6267550214,114111.41136192724
2022-08-18,111507.92536922527,113573.77286601726
2022-08-19,109829.17994110848,115394.63180035158
2022-08-22,105974.8062274702,105974.8062274702
2022-08-23,105974.8062274702,105974.8062274702
2022-08-24,105974.8062274702,105974.8062274702
2022-08-25,105753.32204049248,107901.74073826396
2022-08-26,106155.46925870537,107901.74073826396
2022-08-29,105953.54171425123,108834.5670982031
2022-08-30,99170.28861691958,99170.28861691958
2022-09-01,98950.16909003329,100962.12177866146
2022-09-02,99239.42550664497,100962.12177866146
2022-09-05,99667.26223159992,101108.3315658355
2022-09-06,99978.83705644221,101108.3315658355
2022-09-07,100245.02102195563,101108.3315658355
2022-09-08,99627.05649461831,101598.05478894903
2022-09-09,99906.70716712376,101598.05478894903
2022-09-12,100379.93790002135,101818.99586301969
2022-09-13,100159.38365272236,102332.9784519377
2022-09-14,100610.63103165154,102332.9784519377
2022-09-15,99876.72706744085,101742.56499758111
2022-09-16,97717.22268622249,103982.28744241445
2022-09-19,99846.28628422528,103982.28744241445
2022-09-20,99470.83447574821,106256.82111862762
2022-09-21,100134.57450564834,106256.82111862762
2022-09-22,99498.16367807475,101370.32522155784
2022-09-23,98077.83798879093,102970.72902409086
2022-09-26,96563.1756788847,106610.86123525571
2022-09-27,98138.27839684444,106610.86123525571
2022-09-28,100000.51199756128,109533.75929918973
2022-09-29,100673.84022458548,102686.10725055466
2022-09-30,98918.80226026288,104264.27263046053
2022-10-03,99741.17381152633,105961.10465206078
2022-10-04,94115.15434913014,94115.15434913014
2022-10-06,93895.1036976982,95900.16884089205
2022-10-07,94390.46111800802,95900.16884089205
2022-10-10,94861.44379331396,95984.55508243259
2022-10-11,94180.3510818708,96913.82791578105
2022-10-12,94251.47697078476,97323.01988934494
2022-10-13,94365.50467909807,96375.80913880844
2022-10-14,93974.38099317893,96944.78562604303
2022-10-17,95163.23015128581,97432.14958996388
2022-10-18,94777.66679087719,98343.53267105824
2022-10-19,95656.71206743905,98343.53267105824
2022-10-20,95461.75455448822,97403.91209724611
2022-10-21,95799.01581572657,97403.91209724611
2022-10-24,96472.99239531925,97557.41149185716
2022-10-25,97059.79808603914,97557.41149185716
2022-10-27,96928.07931361691,98983.84747215202
2022-10-28,97472.29673064817,98983.84747215202
2022-10-31,97210.98688665412,99766.14344876292
2022-11-01,97371.7190573895,100517.38318130343
2022-11-02,98492.92735562156,100517.38318130343
2022-11-03,99072.8388183925,101079.5184825255
2022-11-04,99295.45960877126,101079.5184825255
2022-11-07,99634.1192157271,101465.43223159135
2022-11-09,100319.35588025069,101465.43223159135
2022-11-10,99970.08199578761,101793.5755065194
2022-11-11,96068.33820412052,96068.33820412052
2022-11-14,96068.33820412052,96068.33820412052
2022-11-15,96068.33820412052,96068.33820412052
2022-11-16,96068.33820412052,96068.33820412052
2022-11-17,95849.22294592323,97760.74876565194
2022-11-18,95979.92688807783,97760.74876565194
2022-11-21,95340.61443400593,98883.28749890278
2022-11-22,95689.61103275351,98883.28749890278
2022-11-23,96089.96026127118,99342.05388543269
2022-11-24,93184.35620692403,95315.18117959506
2022-11-25,93474.37957151922,95315.18117959506
2022-11-28,93977.2646470558,95252.54438077359
2022-11-29,94224.4114844122,95445.6456971171
2022-11-30,93814.52580707242,96132.34951373975
2022-12-01,93558.10526910426,95360.10316068478
2022-12-02,93010.17982404586,95979.13748068348
2022-12-05,94037.52480110172,95979.13748068348
2022-12-06,93904.36231059486,96437.87643475868
2022-12-07,93645.0125778578,97510.07145760387
2022-12-08,94103.77807279672,96119.43005059577
2022-12-09,94985.6191774655,96257.73143088364
2022-12-12,95517.56748158365,96257.73143088364
2022-12-13,95346.23374359481,96298.28538126465
2022-12-14,95222.67890979847,96404.02031946673
2022-12-15,92096.88173191845,94101.13277498866
2022-12-16,91247.42578279455,95073.33886964613
2022-12-19,91859.70250018747,95844.74396681048
2022-12-20,92457.51259334358,95844.74396681048
2022-12-21,90201.00242325528,90201.00242325528
2022-12-22,89981.86950523515,91895.16130724738
2022-12-23,85832.68239101523,85832.68239101523
2022-12-26,85832.68239101523,85832.68239101523
2022-12-27,85832.68239101523,85832.68239101523
2022-12-28,85832.68239101523,85832.68239101523
2022-12-29,85612.93943276073,87587.23525821163
2022-12-30,85589.20198821135,87916.89406750661
2023-01-02,86103.24400430532,88096.12865644021
2023-01-03,86400.10105261125,88096.12865644021
2023-01-04,85958.30139635195,88834.552023239
2023-01-05,85718.01154426385,87739.82254441887
2023-01-06,85365.21596952771,88388.62931975636
2023-01-09,84744.30581555459,89766.16000787419
2023-01-10,84447.66422147748,91592.05447208058
2023-01-11,85305.13264311344,91592.05447208058
2023-01-12,85744.57197644925,87616.10429363577
2023-01-13,85674.87604478851,87942.82980944542
2023-01-16,86757.70022467096,87942.82980944542
2023-01-17,86510.71457123489,88166.56849493926
2023-01-18,86477.63538241875,88609.51369308622
2023-01-19,86500.93867283472,88355.42564318662
2023-01-20,87270.13324604587,88453.28972367765
2023-01-23,87760.71096009968,88405.17292287757
2023-01-24,87986.23096910406,88405.17292287757
2023-01-25,87067.37050962773,88944.88195401333
2023-01-27,83785.33619635,83785.33619635
2023-01-30,83785.33619635,83785.33619635
2023-01-31,83785.33619635,83785.33619635
2023-02-01,83785.33619635,83785.33619635
2023-02-02,83565.92933367236,85506.61560143759
2023-02-03,81547.83955877,87693.51682349274
2023-02-06,83247.93282172222,87693.51682349274
2023-02-07,84166.08348357947,88838.56140619921
2023-02-08,83672.47511751797,83672.47511751797
2023-02-09,83453.06413693314,85394.16219541573
2023-02-10,83692.22072272954,85394.16219541573
2023-02-13,83988.0275664348,85858.16343397257
2023-02-14,83379.900619081,86901.14162569445
2023-02-15,83599.1935197205,87764.12801455251
2023-02-16,83918.75418138091,85785.26582289576
2023-02-17,83732.8510870779,86111.9429243947
2023-02-20,84033.17872185842,86880.72413066846
2023-02-21,84563.93301050062,86880.72413066846
2023-02-22,80767.91725890066,80767.91725890066
2023-02-23,80546.39172070632,82698.94554014064
2023-02-24,81592.42445396411,82698.94554014064
2023-02-27,81660.2719663688,82978.79604000086
2023-02-28,81384.33779926367,83493.50062314316
2023-03-01,80628.14423711928,84464.12949580773
2023-03-02,79832.10372338626,82034.42906288701
2023-03-03,78003.70051656189,84152.29072840103
2023-03-06,78100.25456941249,78100.25456941249
2023-03-08,78100.25456941249,78100.25456941249
2023-03-09,77880.80404935626,79825.85605497856
2023-03-10,77053.08661729709,80801.74100489727
2023-03-13,74893.88479172291,84323.18320764405
2023-03-14,74037.1109364936,74037.1109364936
2023-03-15,74037.1109364936,74037.1109364936
2023-03-16,73816.78852351462,75849.02982141211
2023-03-17,73413.87792272068,76299.43605257894
2023-03-20,74064.59579319118,76723.0610208809
2023-03-21,73776.69385609061,77422.41167915174
2023-03-22,74159.54552869746,77422.41167915174
2023-03-23,74961.49965286093,76807.7849264349
2023-03-24,74627.43584073838,77311.25113311347
2023-03-27,75608.25200374301,77311.25113311347
2023-03-28,75925.08328657584,77311.25113311347
2023-03-29,75755.44214971684,77639.7532851417
2023-03-31,73593.53084420046,73593.53084420046
2023-04-03,73593.53084420046,73593.53084420046
2023-04-05,73593.53084420046,73593.53084420046
2023-04-06,73373.32392861857,75394.01548680701
2023-04-10,74414.55309245751,75394.01548680701
2023-04-11,74361.74833140484,75621.39018164565
2023-04-12,74482.07179604853,75789.89913243277
2023-04-13,74905.55413210037,76924.47341587952
2023-04-17,75299.15965644356,77331.51773484061
2023-04-18,75312.31772084147,77897.44130341314
2023-04-19,75319.60702152879,77994.79961979995
2023-04-20,75453.16216211011,77302.25037122595
2023-04-21,75979.61046653759,77302.25037122595
2023-04-24,76119.744546071,77699.00939830432
2023-04-25,76375.24286985723,77699.00939830432
2023-04-26,76457.77645242047,77839.01142443572
2023-04-27,76013.77862172917,77923.55959226144
2023-04-28,75238.29291369434,79223.00659653972
2023-05-02,76374.5870646192,79729.76456930103
2023-05-03,76651.35299519668,79729.76456930103
2023-05-04,76380.53731352146,78473.72511868706
2023-05-05,73436.81918326128,73436.81918326128
2023-05-08,73436.81918326128,73436.81918326128
2023-05-09,73436.81918326128,73436.81918326128
2023-05-10,73436.81918326128,73436.81918326128
2023-05-11,73215.2673158093,75370.45406100806
2023-05-12,73538.83990936216,75370.45406100806
2023-05-15,73789.67624396032,75793.36022171192
2023-05-16,73556.87164784483,76747.33080037865
2023-05-17,72591.45986778222,72591.45986778222
2023-05-18,72371.93573273721,74324.34923723906
2023-05-19,72204.29289563777,74589.56571170653
2023-05-22,72274.251643806,75375.83089562738
2023-05-23,72507.19422071398,75515.00326433418
2023-05-24,72771.73114990297,75515.00326433418
2023-05-25,72841.76723278065,74989.92725130556
2023-05-26,71730.22662568779,76560.65474389771
2023-05-29,72514.93925416011,77587.9043543855
2023-05-30,72437.35114362022,72437.35114362022
2023-05-31,72437.35114362022,72437.35114362022
2023-06-01,72216.7018518798,74281.63102592199
2023-06-02,72864.77162769914,74471.90949674234
2023-06-05,73597.95700023237,74553.08082010911
2023-06-06,73782.60480609341,74553.08082010911
2023-06-07,73065.33326268912,75359.11935515564
2023-06-08,72059.89910642999,74035.2350153517
2023-06-09,71657.53271928821,74678.84022812656
2023-06-12,72688.67504722004,74678.84022812656
2023-06-13,72005.44785390898,72005.44785390898
2023-06-14,72005.44785390898,72005.44785390898
2023-06-15,71786.99073342657,73632.70278166686
2023-06-16,70750.41087357335,74949.6050812364
2023-06-19,71130.4859732699,71130.4859732699
2023-06-20,71130.4859732699,71130.4859732699
2023-06-21,71130.4859732699,71130.4859732699
2023-06-22,70910.83517098584,72875.91539939209
2023-06-23,70964.68989089536,73406.30798764592
2023-06-26,71942.16292362046,73406.30798764592
2023-06-27,70802.34702174716,70802.34702174716
2023-06-28,70802.34702174716,70802.34702174716
2023-06-30,70802.34702174716,70802.34702174716
2023-07-03,70802.34702174716,70802.34702174716
2023-07-04,70802.34702174716,70802.34702174716
2023-07-05,70802.34702174716,70802.34702174716
2023-07-06,70579.9086270642,72823.74809536054
2023-07-07,69345.34755362193,74473.19631102278
2023-07-10,70959.79447241369,74473.19631102278
2023-07-11,70870.90674282359,75131.83147991399
2023-07-12,71300.21970707526,75131.83147991399
2023-07-13,71444.55310238322,73640.29033650532
2023-07-14,70919.39384880364,74839.51492636988
2023-07-17,70665.75532296384,70665.75532296384
2023-07-18,70665.75532296384,70665.75532296384
2023-07-19,70665.75532296384,70665.75532296384
2023-07-20,70445.48872561747,72472.14846025492
2023-07-21,67757.99556933371,75100.0560998471
2023-07-24,68564.97886710503,68564.97886710503
2023-07-25,68564.97886710503,68564.97886710503
2023-07-26,68564.97886710503,68564.97886710503
2023-07-27,68344.61956441545,70380.5498333749
2023-07-28,69058.4113406568,70380.5498333749
2023-07-31,69400.37602583384,70405.80173237939
2023-08-01,69625.62333428641,70405.80173237939
2023-08-02,68272.56366753497,71604.07583195245
2023-08-03,66748.06192412798,68672.21316593644
2023-08-04,66613.08243634118,69272.98113166804
2023-08-07,67107.84619634275,69811.22761904488
2023-08-08,67573.31995259435,69811.22761904488
2023-08-09,67941.07011381071,69811.22761904488
2023-08-10,67549.8258676854,69499.6628754398
2023-08-11,67452.52728867665,70061.09210352294
2023-08-14,68682.29652744225,70061.09210352294
2023-08-16,69208.41672057871,70061.09210352294
2023-08-17,68607.64448186946,70703.91528255492
2023-08-18,68982.07950300213,70891.98627090697
2023-08-21,69775.0006806015,71011.18380516362
2023-08-22,70040.51909858316,71011.18380516362
2023-08-23,69945.83201079129,70952.01473361094
2023-08-24,69639.60942180628,71653.59901244873
2023-08-25,69278.62816434975,72541.62934025786
2023-08-28,70179.6396261847,72541.62934025786
2023-08-29,70434.23623762395,72624.36203936019
2023-08-30,70763.39396083642,72624.36203936019
2023-08-31,70735.3685703279,72827.78431847559
2023-09-01,68718.24551824103,68718.24551824103
2023-09-04,68718.24551824103,68718.24551824103
2023-09-05,68718.24551824103,68718.24551824103
2023-09-06,68718.24551824103,68718.24551824103
2023-09-07,68496.2217517152,70698.59840429827
2023-09-08,68253.0837081701,71396.94729147608
2023-09-11,66956.26051151866,66956.26051151866
2023-09-12,66956.26051151866,66956.26051151866
2023-09-13,66956.26051151866,66956.26051151866
2023-09-14,66736.31404468593,68730.96072795853
2023-09-15,66756.11446384505,69063.78078016537
2023-09-18,67028.06631937035,69501.80301466178
2023-09-20,63293.860496689544,69501.80301466178
2023-09-21,57708.9860394753,59492.59839371952
2023-09-22,57600.61313007425,59674.24253020759
2023-09-25,58603.659323703105,59674.24253020759
2023-09-26,58585.38270398817,59602.84554336071
2023-09-27,58801.90656938513,59602.84554336071
2023-09-28,57352.17272911318,59197.63911621139
2023-09-29,57108.05460478199,59847.69304169923
2023-10-03,58050.95498310883,60476.8463220436
2023-10-04,57819.461439660896,61561.887182978455
2023-10-05,56993.32828884954,59007.34914584888
2023-10-06,56619.197410395005,59483.187019725614
2023-10-09,56976.185394103755,60263.45476145907
2023-10-10,55962.24415352086,62089.217972213795
2023-10-11,55392.93763387249,55392.93763387249
2023-10-12,55173.61055407552,57106.31853377216
2023-10-13,55481.94876370614,57106.31853377216
2023-10-16,55922.82589979474,57148.49901910179
2023-10-17,55932.33291025643,57085.90695964028
2023-10-18,55599.43447875659,57499.933522192165
2023-10-19,55647.8211847436,57669.76916697537
2023-10-20,55787.15388702192,57841.739332222285
2023-10-23,52772.39450761829,52772.39450761829
2023-10-25,52772.39450761829,52772.39450761829
2023-10-26,52554.00011863716,54393.43901675042
2023-10-27,51531.002483798875,55540.22334759979
2023-10-30,52491.20915889419,56167.59384746081
2023-10-31,53229.21269411052,56167.59384746081
2023-11-01,53072.68111906488,57100.49950069748
2023-11-02,52227.63647693609,54362.32114606352
2023-11-03,52186.3954582212,54525.09572834549
2023-11-06,51950.2852160115,55700.07262033523
2023-11-07,52706.68090608742,55700.07262033523
2023-11-08,53485.109481268104,55700.07262033523
2023-11-09,53732.104548648684,55693.97485271113
2023-11-10,53975.516400282286,55693.97485271113
2023-11-13,54714.344619434596,55693.97485271113
2023-11-15,53788.65712600979,56526.10978736647
2023-11-16,53240.483278476706,55155.27708729319
2023-11-17,53665.310243561005,55155.27708729319
2023-11-20,54088.57757276764,55135.032738531874
2023-11-21,54303.91630995687,55135.032738531874
2023-11-22,54594.83400475166,55031.72841651931
2023-11-23,54422.216759938936,56293.34990872593
2023-11-24,55741.97329089074,56293.34990872593
2023-11-28,55930.829786854316,56199.63005629392
2023-11-29,55039.63545495666,56871.48526157254
2023-11-30,55094.087263566034,57101.18367081241
2023-12-01,54835.10890038524,58127.69158293686
2023-12-04,45752.37793453898,58127.69158293686
2023-12-05,39759.58100700869,58127.69158293686
2023-12-06,36603.38962547157,58127.69158293686
2023-12-07,37950.949012708144,39893.221058066396
2023-12-08,37890.33285777476,40085.16880507349
2023-12-11,38870.46464415814,40085.16880507349
2023-12-12,38864.08432824412,40085.16880507349
2023-12-13,39158.38004783204,40085.16880507349
2023-12-14,37884.37677586308,39861.37426379086
2023-12-15,35782.31259152612,42159.97575768123
2023-12-18,37481.85350999087,42159.97575768123
2023-12-19,38272.35966472119,42159.97575768123
2023-12-20,33299.20529708454,33299.20529708454
2023-12-21,33078.58339904159,35140.77320333686
2023-12-22,33102.37914719624,35252.20305348261
2023-12-26,33976.616043077825,35539.56084473867
2023-12-27,33206.411110812915,36803.24880074976
2023-12-28,32791.73016481403,34701.52665754719
2023-12-29,32923.43113773468,34701.52665754719
2024-01-01,33719.7654441187,34701.52665754719
2024-01-02,34093.1915135855,34744.652951780394
2024-01-03,33700.13814341604,35060.47899775787
2024-01-04,33062.01279977596,35161.8369665203
2024-01-05,33363.09681118522,35161.8369665203
2024-01-08,33240.482512042785,35913.19629723118
2024-01-09,33684.020959458525,35913.19629723118
2024-01-10,33870.06408571715,36107.27360632186
2024-01-11,33852.57007454303,35859.64874061146
2024-01-12,33178.79490718093,37118.666744322385
2024-01-15,33575.99985679001,39148.63279881681
2024-01-16,34075.631750568005,39148.63279881681
2024-01-17,23450.483029358496,39148.63279881681
2024-01-18,20222.39320208556,22280.091210229853
2024-01-19,19852.151186927054,22920.5231532677
2024-01-23,18130.941156802353,25658.923508883734
2024-01-24,17558.761456243956,28118.06805204654
2024-01-25,18612.913056352467,20698.994606338067
2024-01-29,17574.815256495684,22453.30243580606
2024-01-30,17183.84804066808,24137.72060062653
2024-01-31,16823.148539049034,26198.49310471281
2024-02-01,17635.577285901636,19701.04296517179
2024-02-02,17597.011139852355,20006.712671927147
2024-02-05,18715.992776948035,20006.712671927147
2024-02-06,18700.783266093473,20097.54640535254
2024-02-07,19193.198781063096,20097.54640535254
2024-02-08,18453.015552689012,20445.99278369691
2024-02-09,18757.144226925622,20445.99278369691
2024-02-12,19236.04085600361,20530.23309828737
2024-02-13,19419.622868710147,20484.81938940483
2024-02-14,19488.170542866505,20580.3421909274
2024-02-15,19112.480019274342,21078.011759423665
2024-02-16,19961.621620296828,21185.066906619963
2024-02-19,20386.988692641182,21171.09671899973
2024-02-20,20385.20835567733,21087.64441282896
2024-02-21,20640.495630099667,21001.22305543119
2024-02-22,20079.370289927007,22139.542375236608
2024-02-23,20523.298748484165,22139.542375236608
2024-02-26,21458.10904531202,22148.19160064669
2024-02-27,21638.360787273527,21995.75953839926
2024-02-28,20903.769324303834,22507.916057229613
2024-02-29,20842.77594244204,22913.329029147848
2024-03-01,17319.96016542106,26191.27935554451
2024-03-04,19008.281754463296,27710.198559017572
2024-03-05,20014.70300870554,27710.198559017572
2024-03-06,20405.641605105695,27710.198559017572
2024-03-07,21335.002014403548,23323.883263084834
2024-03-11,21488.430960756,24024.921126358207
2024-03-12,22307.897497071917,24024.921126358207
2024-03-13,17926.095765667058,17926.095765667058
2024-03-14,17705.017597486913,19812.83441550165
2024-03-15,17438.67070981382,20267.55319999347
2024-03-18,18678.801253125275,20267.55319999347
2024-03-19,17463.92768219266,21947.098843370874
2024-03-20,18214.12708320179,21947.098843370874
2024-03-21,17162.79985074181,19109.146465749975
2024-03-22,17533.250063477557,19109.146465749975
2024-03-26,18473.929356463177,19109.146465749975
2024-03-27,18399.93182914312,19032.748400927394
2024-03-28,17444.524609799802,19372.499665059353
2024-04-01,18401.766542141573,19493.513033418574
2024-04-02,18653.613464909373,19493.513033418574
2024-04-03,19221.807016666706,19493.513033418574
2024-04-04,18679.02562111984,20732.41210339763
2024-04-05,18990.267507543896,20732.41210339763
2024-04-08,19313.575082045158,21060.89471417222
2024-04-09,19648.715530834786,21060.89471417222
2024-04-10,19745.73722170493,21268.09023129838
2024-04-12,18692.75190693339,18692.75190693339
2024-04-15,18692.75190693339,18692.75190693339
2024-04-16,18692.75190693339,18692.75190693339
2024-04-18,18472.699334946137,20477.956533671473
2024-04-19,18016.14562130554,21052.96973133148
2024-04-22,18428.320981257057,22233.33606858549
2024-04-23,18876.846172283273,22233.33606858549
2024-04-24,19312.34792536451,22990.288768627728
2024-04-25,17825.1464460176,18817.175529016004
2024-04-26,17524.993323548624,19091.51389038289
2024-04-29,17343.15969140813,19619.20142407845
2024-04-30,17872.478422244432,19619.20142407845
2024-05-02,18061.202450117882,19074.505811357816
2024-05-03,17567.37572209076,19445.967768252314
2024-05-06,17938.98690600973,19479.797248874613
2024-05-07,17518.643105132636,20127.973129917595
2024-05-08,17856.55470545316,20127.973129917595
2024-05-09,14724.799790531586,15769.337293211174
2024-05-10,14525.824477766882,15845.417683667738
2024-05-13,15082.168613742197,15845.417683667738
2024-05-14,14936.580732640377,16071.559195940561
2024-05-15,15368.545157712315,16071.559195940561
2024-05-16,14499.267318651731,15590.135330439112
2024-05-17,14748.19100289199,15590.135330439112
2024-05-21,15024.680299698077,15516.292176119232
2024-05-22,14964.239649487443,15459.110445121176
2024-05-23,12725.52240356001,13725.817570713029
2024-05-24,12867.931955679907,13725.817570713029
2024-05-27,13303.744098643907,13725.817570713029
2024-05-28,13229.361115481635,13631.834391097309
2024-05-29,12958.57973190231,13709.166091705785
2024-05-30,11810.055041694593,12799.224880886364
2024-05-31,11937.55264672218,12799.224880886364
2024-06-03,5815.5518658415895,5815.5518658415895
2024-06-04,5815.5518658415895,5815.5518658415895
2024-06-05,5815.5518658415895,5815.5518658415895
2024-06-06,5605.683610436063,6592.509150988679
2024-06-07,5338.477117251478,6918.839672446047
2024-06-10,6136.895002087878,6918.839672446047
2024-06-11,6348.532837296251,6918.839672446047
2024-06-12,6527.205636522444,6918.839672446047
2024-06-13,6252.875682474282,7268.801459357092
2024-06-14,6460.309995300059,7268.801459357092
2024-06-18,7029.301080567117,7268.801459357092
2024-06-19,7121.865987295728,7268.801459357092
2024-06-20,6572.498453417323,7578.860264094415
2024-06-21,6833.441967976783,7578.860264094415
2024-06-24,7269.814966527187,7578.860264094415
2024-06-25,7360.612765622821,7578.860264094415
2024-06-26,7219.5345628668565,7450.5965937214205
2024-06-27,6691.35157082143,7664.941711761099
2024-06-28,6932.339066082841,7664.941711761099
2024-07-01,7358.016083283955,7664.941711761099
2024-07-02,7553.503671970694,7664.941711761099
2024-07-03,7464.941253809706,7464.94202619499
2024-07-04,6855.887283404734,7761.361562430311
2024-07-05,7051.197016884253,7761.361562430311
2024-07-08,7745.628650889007,7761.361562430311
2024-07-09,7543.065367851217,7576.271422474176
2024-07-10,7288.032375578002,7434.318645846955
2024-07-11,6913.571909478877,7906.864337925662
2024-07-12,5960.0257760741715,5960.0257760741715
2024-07-15,5960.0257760741715,5960.0257760741715
2024-07-16,5960.0257760741715,5960.0257760741715
2024-07-18,5750.192761383318,6733.494230468666
2024-07-19,3406.498347386053,3406.498347386053
2024-07-22,3406.498347386053,3406.498347386053
2024-07-23,3406.498347386053,3406.498347386053
2024-07-24,3406.498347386053,3406.498347386053
2024-07-25,3197.2161806109384,4125.432858122427
2024-07-26,-184.64297843513214,-184.64297843513214
2024-07-29,-184.64297843513214,-184.64297843513214
2024-07-30,-184.64297843513214,-184.64297843513214
2024-07-31,-184.64297843513214,-184.64297843513214
2024-08-01,-394.5290591288067,594.0790102386491
2024-08-02,-1704.0670723453188,1586.8070281323442
2024-08-05,-9600.020268643744,1586.8070281323442
2024-08-06,-10376.619798525086,1586.8070281323442
2024-08-07,-5881.754922973127,1586.8070281323442
2024-08-08,-8534.01096794976,-7519.851753412509
2024-08-09,-8937.037838866987,-7149.167283964285
2024-08-12,-8112.689030813785,-7149.167283964285
2024-08-13,-8355.660169222518,-6842.37097410587
2024-08-14,-8042.197753469901,-6842.37097410587
2024-08-16,-8879.74684810077,-8879.74684810077
2024-08-19,-8879.74684810077,-8879.74684810077
2024-08-20,-8879.74684810077,-8879.74684810077
2024-08-21,-8879.74684810077,-8879.74684810077
2024-08-22,-9089.983363327083,-8066.331840695904
2024-08-23,-8919.46653251618,-8066.331840695904
2024-08-26,-8607.001422399875,-8104.169390671489
2024-08-27,-8476.350492348276,-8104.169390671489
2024-08-28,-8368.28230553465,-8104.169390671489
2024-08-29,-8920.950925835072,-7944.229298328972
2024-08-30,-8791.580300693902,-7944.229298328972
2024-09-02,-8473.651159317717,-8064.62016940285
2024-09-03,-8074.683539975919,-8064.62016940285
2024-09-04,-8270.410898109601,-8262.583777198532
2024-09-05,-8874.484223765632,-7845.868961722221
2024-09-06,-10015.941749320045,-6784.0119261771215
2024-09-09,-8786.313927896928,-6784.0119261771215
2024-09-10,-9010.553702310888,-6266.437708620386
2024-09-11,-8970.611139005432,-8970.611139005432
2024-09-12,-9180.184700829695,-8222.828518403256
2024-09-13,-8657.311343509968,-8222.828518403256
2024-09-16,-8427.027556553317,-8222.828518403256
2024-09-17,-8356.734872173898,-8222.828518403256
2024-09-18,-8318.347372313676,-8222.828518403256
2024-09-19,-8687.98551309291,-7707.617293112206
2024-09-20,-10494.333461399343,-6032.274172480595
2024-09-23,-10194.175450190764,-10194.175450190764
2024-09-24,-10194.175450190764,-10194.175450190764
2024-09-25,-10194.175450190764,-10194.175450190764
2024-09-26,-10403.907581601623,-9430.694440515663
2024-09-27,-10287.302967669115,-9430.694440515663
2024-09-30,-11487.214839412472,-8280.635745312002
2024-10-01,-11104.3800866034,-8280.635745312002
2024-10-03,-16260.64633042992,-15310.812634792977
2024-10-04,-16602.890360820875,-15058.191558735401
2024-10-07,-16382.11103520992,-14646.56994860621
2024-10-08,-16600.06026742568,-14283.683047217904
2024-10-09,-16151.597560339009,-14283.683047217904
2024-10-10,-16152.413903752313,-15177.848381353544
2024-10-11,-15586.507439963414,-15177.848381353544
2024-10-14,-15605.418390023131,-15316.387860462031
2024-10-15,-15524.70474030911,-15316.387860462031
2024-10-16,-15683.439961290285,-15436.626015695214
2024-10-17,-16374.09791374283,-15387.64144335452
2024-10-18,-16287.976563827604,-15387.64144335452
2024-10-21,-15620.504372357309,-15387.64144335452
2024-10-22,-15981.438893304541,-15292.637365952058
2024-10-23,-15819.910140888185,-15292.637365952058
2024-10-24,-16289.024236371504,-15318.261418769973
2024-10-25,-16407.368332590795,-14984.53354713514
2024-10-28,-16335.296406803445,-14794.698285801349
2024-10-29,-16345.129630755271,-14569.590170861984
2024-10-30,-16311.021321704284,-14366.103706860014
2024-10-31,-16049.554919286911,-15051.359619548779
2024-11-01,-16127.618191893036,-14999.869734284248
2024-11-04,-16775.475523020687,-14137.97407339111
2024-11-05,-17460.233509449678,-17460.233509449678
2024-11-06,-17460.233509449678,-17460.233509449678
2024-11-07,-17670.309399914175,-16662.72035346426
2024-11-08,-17529.897909781404,-16662.72035346426
2024-11-11,-17056.88088024495,-16662.72035346426
2024-11-12,-17657.71789453626,-16237.736225146837
2024-11-13,-19039.85425417609,-14571.97196409993
2024-11-14,-18876.859626020883,-17894.004808375634
2024-11-18,-18508.550814055667,-18020.543394903085
2024-11-19,-18418.996216374566,-18020.543394903085
2024-11-21,-18864.99783410305,-15793.030041465167
2024-11-22,-29359.955176541065,-6177.2098902471425
2024-11-25,-31759.660801611935,-31759.660801611935
2024-11-26,-31759.660801611935,-31759.660801611935
2024-11-27,-31759.660801611935,-31759.660801611935
2024-11-28,-31989.18200990666,-29037.061180434364
2024-11-29,-32421.69068912662,-28162.72058554512
2024-12-02,-31091.78570756337,-27251.07441521515
2024-12-03,-31237.070311325424,-26046.731779942416
2024-12-04,-29494.424248894837,-26046.731779942416
2024-12-05,-30687.442082122336,-27843.227302790372
2024-12-06,-29886.03484815369,-27843.227302790372
2024-12-09,-28838.317178668094,-27793.196844886323
2024-12-10,-28536.551128232506,-27793.196844886323
2024-12-11,-28285.616714785978,-27793.196844886323
2024-12-12,-28682.913808297995,-25617.388869112772
2024-12-13,-28100.448507537323,-24714.37749550304
2024-12-16,-26745.392603611574,-24714.37749550304
2024-12-17,-29547.428725567413,-21626.345763368663
2024-12-18,-29762.54106840105,-18859.090914512297
2024-12-19,-32413.28163571743,-29407.483363578773
2024-12-20,-32333.030066617335,-27762.20896748338
2024-12-23,-30304.9766279803,-27389.260462141494
2024-12-24,-29685.17924143719,-27389.260462141494
2024-12-26,-29050.070664653238,-25943.61659469903
2024-12-27,-27693.497511645597,-25943.61659469903
2024-12-30,-27027.632933995705,-25724.182120097517
2024-12-31,-26567.012828465184,-25724.182120097517
2025-01-01,-26467.862169654676,-25781.43938051183
2025-01-02,-31343.041478998424,-28522.315290705155
2025-01-03,-31188.256940041403,-27774.804270946108
2025-01-06,-34034.34098542245,-23456.892340413764
2025-01-07,-33121.965155811005,-23456.892340413764
2025-01-08,-31680.351625227693,-23456.892340413764
2025-01-09,-31778.557236519555,-28881.270225054173
2025-01-10,-31667.43098794976,-28571.686713675907
2025-01-13,-32309.439885303975,-26243.028078671377
2025-01-14,-31715.30043815499,-26243.028078671377
2025-01-15,-30326.909135131027,-26243.028078671377
2025-01-16,-30905.563757034786,-27974.744639649525
2025-01-17,-30536.830679564628,-27700.186528698992
2025-01-20,-29059.359483005624,-27686.53775677075
2025-01-21,-30148.447341931842,-26317.951189480584
2025-01-22,-30087.879715514915,-25579.126425766168
2025-01-23,-29762.93189868389,-26710.33091616503
2025-01-24,-29693.994030679416,-26149.68339588635
2025-01-27,-29942.54182326582,-24193.81187308621
2025-01-28,-29465.56523661578,-24193.81187308621
2025-01-29,-31117.539332445784,-20170.440888745197
2025-01-30,-27922.869144399465,-24839.084343546143
2025-01-31,-29272.57589412423,-22850.95757904472
2025-02-01,-26659.62902070515,-22850.95757904472
2025-02-03,-26081.203086747522,-22095.427886638474
2025-02-04,-30506.363138884677,-16775.317603957505
2025-02-05,-28434.952475714592,-16775.317603957505
2025-02-06,-28265.612916778126,-25226.351494367667
2025-02-07,-26774.908214403677,-25226.351494367667
2025-02-10,-26770.737771402066,-24670.842162243338
2025-02-11,-29407.32979270294,-21717.354290682408
2025-02-12,-28190.637172810817,-21717.354290682408
2025-02-13,-27511.881406901128,-24480.00421326016
2025-02-14,-27313.38742647724,-23889.491769015214
2025-02-17,-25178.298822203633,-23889.491769015214
2025-02-18,-24768.930984871375,-23889.491769015214
2025-02-19,-24504.324501146653,-23889.491769015214
2025-02-20,-24919.77586183446,-21914.20021988007
2025-02-21,-24299.325318771862,-21573.218137273256
2025-02-24,-25200.668987773628,-19333.796684301906
2025-02-25,-23533.132568727146,-19333.796684301906
2025-02-27,-22402.074569063618,-19522.535583228022
2025-02-28,-27216.930262798312,-14498.379898687424
2025-03-03,-24309.333671948545,-14498.379898687424
2025-03-04,-23818.847336541672,-12481.686849546488
2025-03-05,-24578.56391645654,-24578.56391645654
2025-03-06,-24807.489910099484,-21914.890545804956
2025-03-07,-24419.482911738378,-21914.890545804956
2025-03-10,-23684.75156590795,-21459.510057220807
2025-03-11,-23164.951734965885,-21459.510057220807
2025-03-12,-22275.761335544208,-21459.510057220807
2025-03-13,-22772.139381232217,-19768.4625748746
2025-03-17,-21775.392890632334,-19593.015778719928
2025-03-18,-26153.546106853428,-14948.050043176798
2025-03-19,-25701.56150454272,-13548.218680624874
2025-03-20,-32078.437758509866,-28851.341075390766
2025-03-21,-32423.46417717303,-27770.089235678784
2025-03-24,-33596.175846155005,-24385.883809935167
2025-03-25,-32031.291996467127,-24385.883809935167
2025-03-26,-31270.491556882356,-22054.20570052705
2025-03-27,-30648.58201247248,-27633.117817481118
2025-03-28,-30650.075650432133,-27234.227852992484
2025-04-01,-30504.824972079143,-25285.197963778297
2025-04-02,-30419.759728207,-23740.293760031855
2025-04-03,-30037.529243367164,-26927.51377764619
2025-04-04,-32921.176632095085,-23300.812922416488
2025-04-07,-54540.66450383169,-23300.812922416488
2025-04-08,-43425.559710726,-43425.559710726
2025-04-09,-43425.559710726,-43425.559710726
2025-04-11,-43425.559710726,-43425.559710726
2025-04-15,-43425.559710726,-43425.559710726
2025-04-16,-43425.559710726,-43425.559710726
2025-04-17,-43656.21784850387,-40590.40407071683
2025-04-21,-42123.6713479178,-40281.77880359592
2025-04-22,-41655.52430059674,-40281.77880359592
2025-04-23,-41574.79856490764,-39936.12303432471
2025-04-24,-41490.687926591374,-38449.89979893983
2025-04-25,-41347.28689223113,-37747.986739479886
2025-04-28,-40253.720439877245,-37079.17834060422
2025-04-29,-39359.8723765855,-37079.17834060422
2025-04-30,-38715.808458717984,-37079.17834060422
2025-05-02,-37929.37519966152,-37929.37519966152
2025-05-05,-37929.37519966152,-37929.37519966152
2025-05-06,-37929.37519966152,-37929.37519966152
2025-05-07,-37929.37519966152,-37929.37519966152
2025-05-08,-38158.37856946533,-35258.0415890842
2025-05-09,-36191.162302430326,-35008.302022484306
2025-05-12,-43480.80836982125,-29022.188328701
2025-05-13,-45102.83270773828,-23757.240291822724
2025-05-14,-41096.9756172387,-23757.240291822724
2025-05-15,-43829.84161998264,-40883.759794353464
2025-05-16,-43387.80903949331,-40883.759794353464
2025-05-19,-42087.15625283746,-40848.85821772006
2025-05-20,-42474.14940348253,-40169.770785840235
2025-05-21,-41962.178478404145,-40169.770785840235
2025-05-22,-42167.73847335706,-39256.09037530587
2025-05-23,-42439.09793809008,-38370.384257545804
2025-05-26,-40767.41741498775,-37906.01705824727
2025-05-27,-40365.55769792452,-37584.99801956272
2025-05-28,-40028.16851219346,-37210.23096853304
2025-05-29,-39732.26359872582,-36629.89637607506
2025-05-30,-39308.838257743664,-36629.89637607506
2025-06-02,-38181.41041675053,-36428.50648453649
2025-06-03,-38258.57355571573,-36001.079593613016
2025-06-04,-37659.828838315116,-36001.079593613016
2025-06-05,-37915.63631306653,-34935.201972850264
2025-06-06,-37782.54923499705,-34144.63686234141
2025-06-09,-34477.82488685173,-34285.061357101404
2025-06-10,-34324.94939316624,-34285.061357101404
2025-06-11,-34505.70217610414,-34481.7551216958
2025-06-12,-35128.54594371072,-32001.844567962966
2025-06-13,-35883.28763908048,-30659.26686160578
2025-06-16,-35721.5418152158,-28516.508727687346
2025-06-17,-33894.7855772739,-28516.508727687346
2025-06-18,-33402.081357886855,-26985.359153403493
2025-06-19,-32195.310151845762,-29114.305210549388
2025-06-20,-34747.63731854137,-25603.217884595302
2025-06-23,-32965.63045374683,-23558.65808538834
2025-06-24,-31335.48382751199,-23558.65808538834
2025-06-25,-34107.008876056134,-34107.008876056134
2025-06-26,-34338.02327488833,-31236.58339166921
2025-06-27,-34106.7420514242,-31009.514567486047
2025-06-30,-33236.78524036451,-30663.355591306292
2025-07-01,-32295.522614456477,-30663.355591306292
2025-07-02,-32354.717383453153,-30405.102818391595
2025-07-03,-32588.80091592772,-29609.022269060468
2025-07-04,-31631.769191999832,-29609.022269060468
2025-07-07,-30606.311963645083,-29609.022269060468
2025-07-08,-30626.393530997244,-29622.147235244836
2025-07-09,-30355.37515635963,-29622.147235244836
2025-07-10,-30754.742610014328,-27799.923879616486
2025-07-11,-31631.795522296547,-26171.63940079876
2025-07-14,-29702.86734517866,-25048.342265259518
2025-07-15,-29550.88889488789,-23868.689860027967
2025-07-16,-28645.24769737895,-23868.689860027967
2025-07-17,-28961.53506861959,-26077.21110287149
2025-07-18,-28252.577013170376,-25141.20964304933
2025-07-21,-27391.82234868189,-24587.217069293696
2025-07-22,-26835.235550736685,-24587.217069293696
2025-07-23,-26999.41172972795,-23398.26346800671
2025-07-24,-26832.198963698054,-23904.08118017311
2025-07-25,-29992.897791982352,-29992.897791982352
2025-07-28,-29992.897791982352,-29992.897791982352
2025-07-29,-29992.897791982352,-29992.897791982352
2025-07-30,-29992.897791982352,-29992.897791982352
2025-07-31,-30223.872223115814,-27126.42910976972
2025-08-01,-31669.20745563221,-24804.449316996812
2025-08-04,-31580.443591053296,-22436.734107673357
2025-08-05,-30565.538081212304,-22436.734107673357
2025-08-06,-31266.650026759875,-31266.650026759875
2025-08-07,-31498.97765589051,-28266.214742826756
2025-08-08,-33307.46364024483,-25344.40738137419
2025-08-11,-34886.19670650398,-34886.19670650398
2025-08-12,-34886.19670650398,-34886.19670650398
2025-08-13,-34886.19670650398,-34886.19670650398
2025-08-14,-35115.638277087004,-32171.481218784473
2025-08-18,-35424.13354326805,-30494.206487464617
2025-08-19,-35399.876991058016,-28959.46109342578
2025-08-20,-35131.3054232897,-27385.09832683253
2025-08-21,-34105.42686565531,-31156.221387460326
2025-08-22,-35055.32720914219,-29571.95024282564
2025-08-25,-32570.260907104428,-29571.95024282564
2025-08-26,-34038.00150676324,-27040.323352074593
2025-08-28,-35909.95151299435,-32959.6386916747
2025-08-29,-35593.974811271095,-32959.6386916747
2025-09-01,-35084.60867629552,-32608.081916421204
2025-09-02,-34236.384067054234,-32608.081916421204
2025-09-03,-34223.17076890252,-32122.936639133182
2025-09-04,-34106.32470270141,-31153.751688619315
2025-09-05,-33599.10317122819,-31153.751688619315
2025-09-08,-32480.005452852874,-31153.751688619315
2025-09-09,-32155.018208611746,-31055.665354906207
2025-09-10,-32069.95530552198,-30843.90100662958
2025-09-11,-32099.18925856456,-28840.50482694138
2025-09-12,-32118.196111086283,-28169.78371731039
2025-09-15,-30668.925159341015,-28169.78371731039
2025-09-16,-30550.3318140361,-27083.27632363254
2025-09-17,-30494.68893663209,-26140.00818443344
2025-09-18,-31078.11680634544,-27807.302022969223
2025-09-19,-31383.425964240887,-27107.097435256725
2025-09-22,-30374.05117270481,-25592.032645338862
2025-09-23,-29729.35574540362,-25592.032645338862
2025-09-24,-29778.243034844214,-29778.243034844214
2025-09-25,-30008.96638442549,-26936.631426297958
2025-09-26,-33372.981505832504,-23548.043838262533
2025-09-29,-30605.613388662503,-30605.613388662503
2025-09-30,-30605.613388662503,-30605.613388662503
2025-10-01,-30605.613388662503,-30605.613388662503
2025-10-03,-30605.613388662503,-30605.613388662503
2025-10-06,-30605.613388662503,-30605.613388662503
2025-10-07,-30605.613388662503,-30605.613388662503
2025-10-08,-30605.613388662503,-30605.613388662503
2025-10-09,-30833.745140382332,-28020.569968399326
2025-10-10,-31098.063839340844,-27355.41026953197
2025-10-13,-29626.580609106666,-27355.41026953197
2025-10-14,-29927.093261687896,-26196.88101328415
2025-10-15,-31036.270963025883,-31036.270963025883
2025-10-16,-31264.537866274568,-28437.847541405885
2025-10-17,-31555.945166218793,-27592.514874374046
2025-10-20,-30792.646508902963,-26332.86214869746
2025-10-21,-29743.65938368686,-26332.86214869746
2025-10-23,-28938.260371931385,-26039.2996946211
2025-10-24,-28935.14678548915,-25533.450060989075
2025-10-27,-27734.57455723157,-24832.659446518795
2025-10-28,-26063.554008215244,-24832.659446518795
2025-10-29,-26146.591557090083,-24557.356232307888
2025-10-30,-28039.421228553576,-24832.355496187014
2025-10-31,-28864.933050244355,-23455.316687515617
2025-11-03,-27031.188270217543,-23455.316687515617
2025-11-04,-28349.544951622316,-21252.75500284523
2025-11-06,-28558.612935478413,-25797.177629654154
2025-11-07,-28089.139313951393,-25797.177629654154
2025-11-10,-27030.95502384494,-25797.177629654154
2025-11-11,-27488.826771205313,-25039.915296583073
2025-11-12,-28730.077778967192,-22857.954987642057
2025-11-13,-28008.855804633542,-24917.570417143284
2025-11-14,-27251.228257688697,-24917.570417143284
2025-11-17,-26174.795715383625,-24562.737992726918
2025-11-18,-26307.076262083807,-24154.75183374674
2025-11-19,-26643.875980621477,-23187.417803134507
2025-11-20,-28298.68982140338,-25429.3927096012
2025-11-21,-28870.882440458234,-24320.029715259676
2025-11-24,-28283.147722408645,-22571.276275161013
2025-11-25,-27980.47837365848,-27980.47837365848
2025-11-26,-27980.47837365848,-27980.47837365848
2025-11-27,-28211.33878880956,-25125.297273701377
2025-11-28,-27274.767485765537,-25125.297273701377
2025-12-01,-26315.22592097974,-25068.441071008572
2025-12-02,-27080.604147586655,-24187.701238474234
2025-12-03,-26482.448585625985,-23853.166053727007
2025-12-04,-26194.96518717408,-23304.361133863244
2025-12-05,-27008.827854672745,-21875.3247576586
2025-12-08,-28988.393600632673,-28988.393600632673
2025-12-09,-28988.393600632673,-28988.393600632673
2025-12-10,-28988.393600632673,-28988.393600632673
2025-12-11,-29220.050410999884,-26054.369374278984
2025-12-12,-29902.33542147866,-25031.728600891045
2025-12-15,-27963.74815761225,-25031.728600891045
2025-12-16,-28763.89870743088,-23256.941145382854
2025-12-17,-27953.455895146864,-22456.272450913915
2025-12-18,-27096.858917350113,-23909.638064341205
2025-12-19,-27667.90806289661,-22845.615124854252
2025-12-22,-28459.292113123392,-19580.650579331977
2025-12-23,-27282.445330989918,-19580.650579331977
2025-12-24,-24028.15600608988,-19580.650579331977
2025-12-26,-24090.217944311145,-24090.217944311145
2025-12-29,-24090.217944311145,-24090.217944311145
2025-12-30,-24090.217944311145,-24090.217944311145
2025-12-31,-24090.217944311145,-24090.217944311145
2026-01-01,-24317.30773194587,-21608.32896847324
2026-01-02,-25406.74897459546,-19901.00055783005
2026-01-05,-23831.135180579902,-19337.78631064435
2026-01-06,-22933.957910534373,-18422.05910757556
2026-01-07,-22652.74350813733,-22652.74350813733
2026-01-08,-22878.565137278718,-20296.402223139987
2026-01-09,-23923.31633847983,-18600.41804108615
2026-01-12,-22173.69564165765,-18600.41804108615
2026-01-13,-21499.294371007287,-18600.41804108615
2026-01-14,-21064.858293687637,-18229.38512067016
2026-01-16,-20157.18171864903,-20157.18171864903
2026-01-19,-20157.18171864903,-20157.18171864903
2026-01-20,-20157.18171864903,-20157.18171864903
2026-01-21,-20157.18171864903,-20157.18171864903
2026-01-22,-20382.12787350486,-17887.51238792163
2026-01-23,-21933.069939344314,-15994.301252425394
2026-01-27,-20019.905293962416,-15994.301252425394
2026-01-28,-22134.87317861622,-22134.87317861622
2026-01-29,-22359.149174288894,-19931.5496070218
2026-01-30,-21953.790636525835,-19658.96054922475
2026-02-02,-22700.2048267055,-18057.218414485847
2026-02-03,-38795.002548740245,-18057.218414485847
2026-02-04,-39392.73265109933,-18057.218414485847
2026-02-05,-34542.68071851135,-31896.227689300955
2026-02-06,-34171.241150425434,-31896.227689300955
2026-02-09,-33442.362174391645,-31516.409252206697
2026-02-10,-33148.56223887859,-31340.7811955513
2026-02-11,-32662.132171402987,-31340.7811955513
2026-02-12,-33076.92207875639,-30486.712347911965
2026-02-13,-34977.74492952976,-28214.876968551413
2026-02-16,-33548.891775195494,-27137.36704341383
2026-02-17,-32563.703566232558,-27137.36704341383
2026-02-18,-31243.591452355024,-25948.06279586484
2026-02-19,-34842.82582984249,-32214.3489396862
2026-02-20,-34481.8856539031,-32214.3489396862
2026-02-23,-33648.321565499275,-31814.81776439106
2026-02-24,-34424.790188051375,-30756.37282920422
2026-02-25,-33509.352002983884,-30756.37282920422
2026-02-26,-33244.44415693933,-30816.982510908656
2026-02-27,-34489.17884583816,-29028.777366068083
2026-03-02,-34682.357790277325,-26055.606262036665
2026-03-04,-34238.25213210139,-20147.430242689592
2026-03-05,-38024.28363532134,-35506.396305710645
2026-03-06,-39379.944051903905,-33625.4813038467
2026-03-09,-42330.62837437005,-27907.76178861532
2026-03-10,-42795.11251079745,-24326.931051781547
2026-03-11,-45976.3301939416,-24326.931051781547
2026-03-12,-52491.20517979875,-50035.43377240209
2026-03-13,-55274.29721101322,-46774.99126409409
2026-03-16,-54184.74138504936,-44629.958035443036
2026-03-17,-54004.11330182974,-41976.43424565904
2026-03-18,-54999.36292136181,-37034.092562223035
2026-03-19,-73126.07392698272,-70634.93054349754
2026-03-20,-72792.50352541491,-70634.93054349754
2026-03-23,-73405.05775303509,-69072.87171857092
2026-03-24,-75061.00301376931,-66470.65416136001
2026-03-25,-78343.6912367164,-60085.63358473091
2026-03-27,-79021.32413237993,-79021.32413237993
2026-03-30,-79021.32413237993,-79021.32413237993
2026-04-01,-79021.32413237993,-79021.32413237993
2026-04-02,-79248.26796318809,-76553.88488237193
2026-04-06,-77944.57405427916,-76395.3067686645
2026-04-07,-77764.27962207554,-76213.59448798155
2026-04-08,-82960.53459390523,-71298.18720483966
2026-04-09,-81045.2572574274,-78451.3753869351
2026-04-10,-81055.79491285975,-77901.87422827273
2026-04-13,-79284.10617142754,-77901.87422827273
2026-04-15,-78847.6342729212,-77860.30977350405
2026-04-16,-78732.61847805671,-76173.1684824567
2026-04-17,-78248.42786509501,-76173.1684824567
2026-04-20,-77045.52218932458,-76173.1684824567
2026-04-21,-77135.47531023592,-75970.95885485575
2026-04-22,-76532.04335649304,-76052.79383452254
2026-04-23,-77075.40841088275,-74484.32420947288
2026-04-24,-76297.56996994725,-74014.12774834891
2026-04-27,-74943.42790927674,-74014.12774834891
2026-04-28,-74519.98076963924,-74014.12774834891
2026-04-29,-74424.82332726769,-74120.00672339671
2026-04-30,-74839.33326754754,-72204.85068815472
2026-05-04,-73097.91973086589,-72204.85068815472
2026-05-05,-72845.70225384891,-72204.85068815472
2026-05-06,-73083.7051258162,-72034.16851895743
2026-05-07,-73146.88437991448,-70575.4450665763
2026-05-08,-71087.92279774859,-70661.54133580434
2026-05-11,-71509.13148995799,-70390.59514915387
2026-05-12,-73593.98623554953,-68449.46771950292
2026-05-13,-72417.62709234211,-68449.46771950292
2026-05-14,-73114.84747383778,-70625.20653279088
2026-05-15,-72727.5162948355,-70625.20653279088
2026-05-18,-71575.06708052897,-70625.20653279088
2026-05-19,-71546.22933683354,-70706.1284020785
2026-05-20,-71165.04116700696,-70706.1284020785
2026-05-21,-71391.66968685904,-68711.6467736758
2026-05-22,-70870.62938936579,-68711.6467736758
2026-05-25,-71388.46446811914,-67293.85820260971
2026-05-26,-70552.08941806218,-67293.85820260971
2026-05-27,-70092.81132165948,-66827.08950863166
2026-05-29,-72841.44903628423,-72841.44903628423
2026-06-01,-72841.44903628423,-72841.44903628423
2026-06-02,-72841.44903628423,-72841.44903628423
2026-06-03,-72841.44903628423,-72841.44903628423
2026-06-04,-73066.57281010633,-70554.19542789581
2026-06-05,-72694.50877822224,-70554.19542789581
2026-06-08,-72987.02032706334,-69138.85583018062
2026-06-09,-72102.25479182729,-68553.78776770881
2026-06-10,-70004.39262677022,-68553.78776770881
2026-06-11,-70354.85130690483,-67733.91697094905
2026-06-12,-75877.3488385692,-62012.24676285587
2026-06-15,-76723.3952299075,-76723.3952299075
2026-06-16,-76723.3952299075,-76723.3952299075
2026-06-17,-76723.3952299075,-76723.3952299075
2026-06-18,-76949.41752205332,-74347.18830747093
2026-06-19,-77374.4503299177,-73472.10009148257
2026-06-22,-75798.21647636182,-73472.10009148257
2026-06-23,-76208.04314017025,-72122.76616848978
2026-06-24,-76567.2867581301,-70736.53624035044
2026-06-25,-76108.294836846,-73410.75906301236
2026-06-29,-74427.6490271895,-73228.67984720346
