date,action,spot,cashflow,n_lots
2015-02-05,OPEN,8711.7001953125,8953.878687104832,3
2015-02-06,ROLL_CALL,8661.0498046875,0.0,3
2015-02-09,ROLL_CALL,8526.349609375,0.0,3
2015-02-11,ROLL_PUT,8627.400390625,0.0,3
2015-02-11,STRADDLE_CLOSE,8627.400390625,-35176.854219321,3
2015-02-12,OPEN,8711.5498046875,8035.426842744673,3
2015-02-13,ROLL_PUT,8805.5,0.0,3
2015-02-18,ROLL_PUT,8869.099609375,0.0,3
2015-02-19,ROLL_PUT,8895.2998046875,0.0,3
2015-02-19,COVER_CLOSE,8895.2998046875,-4534.736523474219,3
2015-02-19,OPEN,8895.2998046875,9853.267491513989,3
2015-02-20,ROLL_CALL,8833.599609375,0.0,3
2015-02-23,ROLL_CALL,8754.9501953125,0.0,3
2015-02-26,COVER_CLOSE,8683.849609375,-18073.676609808626,3
2015-02-26,OPEN,8683.849609375,7919.218278644535,3
2015-02-27,ROLL_PUT,8844.599609375,0.0,3
2015-03-04,ROLL_PUT,8922.650390625,0.0,3
2015-03-04,STRADDLE_CLOSE,8922.650390625,-32390.51660494823,3
2015-03-05,OPEN,8937.75,8306.42620242385,3
2015-03-09,ROLL_CALL,8756.75,0.0,3
2015-03-10,ROLL_CALL,8712.0498046875,0.0,3
2015-03-12,COVER_CLOSE,8776.0,-19202.904989990093,3
2015-03-12,OPEN,8776.0,8392.848245957917,3
2015-03-13,ROLL_CALL,8647.75,0.0,3
2015-03-19,ROLL_CALL,8634.650390625,0.0,3
2015-03-19,COVER_CLOSE,8634.650390625,-12695.498776490109,3
2015-03-19,OPEN,8634.650390625,8451.958868113761,3
2015-03-20,ROLL_CALL,8570.900390625,0.0,3
2015-03-23,ROLL_CALL,8550.900390625,0.0,3
2015-03-26,ROLL_CALL,8342.150390625,0.0,3
2015-03-26,STRADDLE_CLOSE,8342.150390625,-34268.567198969184,3
2015-03-26,OPEN,8342.150390625,8594.937145520413,3
2015-03-30,ROLL_PUT,8492.2998046875,0.0,3
2015-04-01,ROLL_PUT,8586.25,0.0,3
2015-04-06,ROLL_PUT,8659.900390625,0.0,3
2015-04-06,STRADDLE_CLOSE,8659.900390625,-16581.23599451374,3
2015-04-09,OPEN,8778.2998046875,8516.251902022948,3
2015-04-16,ROLL_CALL,8706.7001953125,0.0,3
2015-04-16,COVER_CLOSE,8706.7001953125,-6059.506969943786,3
2015-04-16,OPEN,8706.7001953125,7820.3501482827205,3
2015-04-17,ROLL_CALL,8606.0,0.0,3
2015-04-20,ROLL_CALL,8448.099609375,0.0,3
2015-04-20,STRADDLE_CLOSE,8448.099609375,-31353.233493885986,3
2015-04-23,OPEN,8398.2998046875,13036.293552599569,4
2015-04-24,ROLL_CALL,8305.25,0.0,4
2015-04-27,ROLL_CALL,8213.7998046875,0.0,4
2015-04-30,ROLL_CALL,8181.5,0.0,4
2015-04-30,COVER_CLOSE,8181.5,-24854.413935408094,4
2015-04-30,OPEN,8181.5,11082.395062870555,4
2015-05-04,ROLL_PUT,8331.9501953125,0.0,4
2015-05-06,ROLL_CALL,8097.0,0.0,4
2015-05-06,STRADDLE_CLOSE,8097.0,-51740.37537742717,4
2015-05-07,OPEN,8057.2998046875,11977.723773272128,4
2015-05-08,ROLL_PUT,8191.5,0.0,4
2015-05-11,ROLL_PUT,8325.25,0.0,4
2015-05-13,ROLL_CALL,8235.4501953125,0.0,4
2015-05-13,STRADDLE_CLOSE,8235.4501953125,-52630.71493311812,4
2015-05-14,OPEN,8224.2001953125,8250.370093784335,3
2015-05-18,ROLL_PUT,8373.650390625,0.0,3
2015-05-20,ROLL_PUT,8423.25,0.0,3
2015-05-21,COVER_CLOSE,8421.0,-6986.9185511093965,3
2015-05-21,OPEN,8421.0,8821.900337675514,3
2015-05-25,ROLL_CALL,8370.25,0.0,3
2015-05-26,ROLL_CALL,8339.349609375,0.0,3
2015-05-28,COVER_CLOSE,8319.0,-4059.0793349977357,3
2015-05-28,OPEN,8319.0,11269.667643416684,4
2015-05-29,ROLL_PUT,8433.650390625,0.0,4
2015-06-02,ROLL_CALL,8236.4501953125,0.0,4
2015-06-03,ROLL_CALL,8135.10009765625,0.0,4
2015-06-03,STRADDLE_CLOSE,8135.10009765625,-42711.14669057239,4
2015-06-04,OPEN,8130.64990234375,11669.495173053874,4
2015-06-08,ROLL_CALL,8044.14990234375,0.0,4
2015-06-09,ROLL_CALL,8022.39990234375,0.0,4
2015-06-10,ROLL_PUT,8124.4501953125,0.0,4
2015-06-11,ROLL_CALL,7965.35009765625,0.0,4
2015-06-11,COVER_CLOSE,7965.35009765625,-24480.258204960955,4
2015-06-11,OPEN,7965.35009765625,12467.576563851586,4
2015-06-16,ROLL_PUT,8047.2998046875,0.0,4
2015-06-17,ROLL_PUT,8091.5498046875,0.0,4
2015-06-18,ROLL_PUT,8174.60009765625,0.0,4
2015-06-18,COVER_CLOSE,8174.60009765625,-20066.11143860631,4
2015-06-18,OPEN,8174.60009765625,12695.93454139033,4
2015-06-19,ROLL_PUT,8224.9501953125,0.0,4
2015-06-22,ROLL_PUT,8353.099609375,0.0,4
2015-06-25,ROLL_PUT,8398.0,0.0,4
2015-06-25,COVER_CLOSE,8398.0,-28077.762075284183,4
2015-06-25,OPEN,8398.0,11909.739378840844,4
2015-06-29,ROLL_CALL,8318.400390625,0.0,4
2015-06-30,ROLL_PUT,8368.5,0.0,4
2015-07-01,ROLL_PUT,8453.0498046875,0.0,4
2015-07-02,COVER_CLOSE,8444.900390625,-11247.511381714883,4
2015-07-02,OPEN,8444.900390625,11585.428788587633,4
2015-07-03,ROLL_PUT,8484.900390625,0.0,4
2015-07-06,ROLL_PUT,8522.150390625,0.0,4
2015-07-08,ROLL_CALL,8363.0498046875,0.0,4
2015-07-08,STRADDLE_CLOSE,8363.0498046875,-33490.3249638376,4
2015-07-09,OPEN,8328.5498046875,11333.644620447472,4
2015-07-13,ROLL_PUT,8459.650390625,0.0,4
2015-07-15,ROLL_PUT,8523.7998046875,0.0,4
2015-07-15,STRADDLE_CLOSE,8523.7998046875,-34720.13805833842,4
2015-07-16,OPEN,8608.0498046875,8779.678983445481,3
2015-07-21,ROLL_CALL,8529.4501953125,0.0,3
2015-07-22,ROLL_PUT,8633.5,0.0,3
2015-07-22,STRADDLE_CLOSE,8633.5,-17821.14338176675,3
2015-07-23,OPEN,8589.7998046875,9266.875282486608,3
2015-07-24,ROLL_CALL,8521.5498046875,0.0,3
2015-07-30,ROLL_CALL,8421.7998046875,0.0,3
2015-07-30,STRADDLE_CLOSE,8421.7998046875,-23405.67802892429,3
2015-07-30,OPEN,8421.7998046875,13737.348766980322,4
2015-07-31,ROLL_PUT,8532.849609375,0.0,4
2015-08-05,ROLL_PUT,8567.9501953125,0.0,4
2015-08-06,COVER_CLOSE,8588.650390625,-15026.112738426962,4
2015-08-06,OPEN,8588.650390625,11815.151542736037,4
2015-08-10,ROLL_CALL,8525.599609375,0.0,4
2015-08-11,ROLL_CALL,8462.349609375,0.0,4
2015-08-12,ROLL_CALL,8349.4501953125,0.0,4
2015-08-12,STRADDLE_CLOSE,8349.4501953125,-38072.26106696431,4
2015-08-13,OPEN,8355.849609375,12499.250312230217,4
2015-08-14,ROLL_PUT,8518.5498046875,0.0,4
2015-08-14,STRADDLE_CLOSE,8518.5498046875,-44741.07252837243,4
2015-08-20,OPEN,8372.75,10802.614527428332,4
2015-08-21,ROLL_CALL,8299.9501953125,0.0,4
2015-08-27,COVER_CLOSE,7948.9501953125,-67356.0345192842,4
2015-08-27,OPEN,7948.9501953125,8340.70944936723,3
2015-09-01,ROLL_CALL,7785.85009765625,0.0,3
2015-09-02,ROLL_CALL,7717.0,0.0,3
2015-09-03,ROLL_PUT,7823.0,0.0,3
2015-09-03,COVER_CLOSE,7823.0,-10931.548859623568,3
2015-09-03,OPEN,7823.0,8024.333051153957,3
2015-09-04,ROLL_CALL,7655.0498046875,0.0,3
2015-09-07,ROLL_CALL,7558.7998046875,0.0,3
2015-09-08,ROLL_PUT,7688.25,0.0,3
2015-09-09,ROLL_PUT,7818.60009765625,0.0,3
2015-09-10,COVER_CLOSE,7788.10009765625,-25708.619608835812,3
2015-09-10,OPEN,7788.10009765625,8272.696309826486,3
2015-09-14,ROLL_PUT,7872.25,0.0,3
2015-09-18,ROLL_PUT,7981.89990234375,0.0,3
2015-09-18,COVER_CLOSE,7981.89990234375,-2885.2205011084548,3
2015-09-24,OPEN,7868.5,8801.558713618826,3
2015-09-28,ROLL_CALL,7795.7001953125,0.0,3
2015-09-30,ROLL_PUT,7948.89990234375,0.0,3
2015-10-01,COVER_CLOSE,7950.89990234375,-5016.178174159702,3
2015-10-01,OPEN,7950.89990234375,9225.267068614334,3
2015-10-05,ROLL_PUT,8119.2998046875,0.0,3
2015-10-07,ROLL_PUT,8177.39990234375,0.0,3
2015-10-08,COVER_CLOSE,8129.35009765625,-10796.678662777304,3
2015-10-08,OPEN,8129.35009765625,8654.733278490065,3
2015-10-14,ROLL_CALL,8107.89990234375,0.0,3
2015-10-15,ROLL_PUT,8179.5,0.0,3
2015-10-15,COVER_CLOSE,8179.5,-2846.683868291229,3
2015-10-15,OPEN,8179.5,7656.930440094609,3
2015-10-16,ROLL_PUT,8238.150390625,0.0,3
2015-10-19,ROLL_PUT,8275.0498046875,0.0,3
2015-10-23,ROLL_PUT,8295.4501953125,0.0,3
2015-10-23,COVER_CLOSE,8295.4501953125,-1927.0826507990414,3
2015-10-29,OPEN,8111.75,12020.271511444003,4
2015-10-30,ROLL_CALL,8065.7998046875,0.0,4
2015-11-03,ROLL_CALL,8060.7001953125,0.0,4
2015-11-04,ROLL_CALL,8040.2001953125,0.0,4
2015-11-05,ROLL_CALL,7955.4501953125,0.0,4
2015-11-05,STRADDLE_CLOSE,7955.4501953125,-19849.621588057056,4
2015-11-05,OPEN,7955.4501953125,10904.130212460006,4
2015-11-09,ROLL_CALL,7915.2001953125,0.0,4
2015-11-13,COVER_CLOSE,7762.25,-28707.2830949031,4
2015-11-19,OPEN,7842.75,11835.551482486939,4
2015-11-24,ROLL_CALL,7831.60009765625,0.0,4
2015-11-26,ROLL_PUT,7883.7998046875,0.0,4
2015-11-26,COVER_CLOSE,7883.7998046875,-9248.657273519164,4
2015-11-26,OPEN,7883.7998046875,9964.755006429148,4
2015-11-27,ROLL_PUT,7942.7001953125,0.0,4
2015-12-03,ROLL_CALL,7864.14990234375,0.0,4
2015-12-03,STRADDLE_CLOSE,7864.14990234375,-17365.39320221851,4
2015-12-03,OPEN,7864.14990234375,11004.997543253536,4
2015-12-04,ROLL_CALL,7781.89990234375,0.0,4
2015-12-07,ROLL_CALL,7765.39990234375,0.0,4
2015-12-08,ROLL_CALL,7701.7001953125,0.0,4
2015-12-08,STRADDLE_CLOSE,7701.7001953125,-33180.44973752507,4
2015-12-10,OPEN,7683.2998046875,11244.265796827673,4
2015-12-11,ROLL_CALL,7610.4501953125,0.0,4
2015-12-15,ROLL_PUT,7700.89990234375,0.0,4
2015-12-16,ROLL_PUT,7750.89990234375,0.0,4
2015-12-16,STRADDLE_CLOSE,7750.89990234375,-26761.119182577117,4
2015-12-17,OPEN,7844.35009765625,9937.352710040981,4
2015-12-18,ROLL_CALL,7761.9501953125,0.0,4
2015-12-21,ROLL_PUT,7834.4501953125,0.0,4
2015-12-23,ROLL_PUT,7865.9501953125,0.0,4
2015-12-23,STRADDLE_CLOSE,7865.9501953125,-23295.26605233319,4
2015-12-24,OPEN,7861.0498046875,11233.344699275205,4
2015-12-28,ROLL_PUT,7925.14990234375,0.0,4
2015-12-31,ROLL_PUT,7946.35009765625,0.0,4
2015-12-31,COVER_CLOSE,7946.35009765625,-9974.683387695308,4
2015-12-31,OPEN,7946.35009765625,12318.934678755091,4
2016-01-04,ROLL_CALL,7791.2998046875,0.0,4
2016-01-04,STRADDLE_CLOSE,7791.2998046875,-32900.8475761072,4
2016-01-07,OPEN,7568.2998046875,11166.166115122129,4
2016-01-12,ROLL_CALL,7510.2998046875,0.0,4
2016-01-14,COVER_CLOSE,7536.7998046875,-4183.658136626465,4
2016-01-14,OPEN,7536.7998046875,10871.472786187844,4
2016-01-15,ROLL_CALL,7437.7998046875,0.0,4
2016-01-18,ROLL_CALL,7351.0,0.0,4
2016-01-19,ROLL_PUT,7435.10009765625,0.0,4
2016-01-19,STRADDLE_CLOSE,7435.10009765625,-42951.5452076626,4
2016-01-21,OPEN,7276.7998046875,13065.750053042311,4
2016-01-22,ROLL_PUT,7422.4501953125,0.0,4
2016-01-28,COVER_CLOSE,7424.64990234375,-18926.93803865181,4
2016-01-28,OPEN,7424.64990234375,11613.813289328702,4
2016-01-29,ROLL_PUT,7563.5498046875,0.0,4
2016-02-02,ROLL_CALL,7455.5498046875,0.0,4
2016-02-04,ROLL_CALL,7404.0,0.0,4
2016-02-04,STRADDLE_CLOSE,7404.0,-44103.4950912162,4
2016-02-04,OPEN,7404.0,12438.292447858401,4
2016-02-05,ROLL_PUT,7489.10009765625,0.0,4
2016-02-08,ROLL_CALL,7387.25,0.0,4
2016-02-09,ROLL_CALL,7298.2001953125,0.0,4
2016-02-11,COVER_CLOSE,6976.35009765625,-86119.07899010014,4
2016-02-11,OPEN,6976.35009765625,12306.573710538847,4
2016-02-15,ROLL_PUT,7162.9501953125,0.0,4
2016-02-16,ROLL_CALL,7048.25,0.0,4
2016-02-18,ROLL_PUT,7191.75,0.0,4
2016-02-18,COVER_CLOSE,7191.75,-43716.04068190184,4
2016-02-18,OPEN,7191.75,10504.976093643741,4
2016-02-23,ROLL_CALL,7109.5498046875,0.0,4
2016-02-24,ROLL_CALL,7018.7001953125,0.0,4
2016-02-25,ROLL_CALL,6970.60009765625,0.0,4
2016-02-25,COVER_CLOSE,6970.60009765625,-13218.590259840887,4
2016-02-25,OPEN,6970.60009765625,10461.784783110219,4
2016-02-26,ROLL_PUT,7029.75,0.0,4
2016-03-01,ROLL_PUT,7222.2998046875,0.0,4
2016-03-02,ROLL_PUT,7368.85009765625,0.0,4
2016-03-03,COVER_CLOSE,7475.60009765625,-55246.61410575723,4
2016-03-03,OPEN,7475.60009765625,8906.465483216449,3
2016-03-09,ROLL_PUT,7531.7998046875,0.0,3
2016-03-10,COVER_CLOSE,7486.14990234375,-1742.6721245058575,3
2016-03-10,OPEN,7486.14990234375,9171.813527457243,3
2016-03-14,ROLL_PUT,7538.75,0.0,3
2016-03-15,ROLL_CALL,7460.60009765625,0.0,3
2016-03-17,ROLL_PUT,7512.5498046875,0.0,3
2016-03-17,COVER_CLOSE,7512.5498046875,-1056.4143124139446,3
2016-03-17,OPEN,7512.5498046875,12175.859991901283,4
2016-03-18,ROLL_PUT,7604.35009765625,0.0,4
2016-03-21,ROLL_PUT,7704.25,0.0,4
2016-03-28,ROLL_CALL,7615.10009765625,0.0,4
2016-03-28,COVER_CLOSE,7615.10009765625,-8274.307652029383,4
2016-03-31,OPEN,7738.39990234375,12713.116985791978,4
2016-04-05,ROLL_CALL,7603.2001953125,0.0,4
2016-04-07,ROLL_CALL,7546.4501953125,0.0,4
2016-04-07,COVER_CLOSE,7546.4501953125,-15028.7976227764,4
2016-04-07,OPEN,7546.4501953125,9744.44685723432,4
2016-04-11,ROLL_PUT,7671.39990234375,0.0,4
2016-04-12,ROLL_PUT,7708.9501953125,0.0,4
2016-04-18,COVER_CLOSE,7914.7001953125,-28280.287162033736,4
2016-04-21,OPEN,7912.0498046875,9138.668926820621,3
2016-04-25,ROLL_CALL,7855.0498046875,0.0,3
2016-04-26,ROLL_PUT,7962.64990234375,0.0,3
2016-04-28,ROLL_CALL,7847.25,0.0,3
2016-04-28,STRADDLE_CLOSE,7847.25,-22390.303113757207,3
2016-04-28,OPEN,7847.25,8058.3019761573305,3
2016-05-02,ROLL_CALL,7805.89990234375,0.0,3
2016-05-03,ROLL_CALL,7747.0,0.0,3
2016-05-04,ROLL_CALL,7706.5498046875,0.0,3
2016-05-05,COVER_CLOSE,7735.5,-8418.422299692942,3
2016-05-05,OPEN,7735.5,12573.569816346097,4
2016-05-09,ROLL_PUT,7866.0498046875,0.0,4
2016-05-12,ROLL_PUT,7900.39990234375,0.0,4
2016-05-12,COVER_CLOSE,7900.39990234375,-10762.529228598993,4
2016-05-12,OPEN,7900.39990234375,13302.834511993618,4
2016-05-13,ROLL_CALL,7814.89990234375,0.0,4
2016-05-17,ROLL_PUT,7890.75,0.0,4
2016-05-19,COVER_CLOSE,7783.39990234375,-23065.20803540667,4
2016-05-19,OPEN,7783.39990234375,11677.547710066308,4
2016-05-20,ROLL_CALL,7749.7001953125,0.0,4
2016-05-25,ROLL_PUT,7934.89990234375,0.0,4
2016-05-25,STRADDLE_CLOSE,7934.89990234375,-41527.712816133164,4
2016-05-26,OPEN,8069.64990234375,7659.43261190357,3
2016-05-27,ROLL_PUT,8156.64990234375,0.0,3
2016-06-02,ROLL_PUT,8218.9501953125,0.0,3
2016-06-02,COVER_CLOSE,8218.9501953125,-7801.246398270918,3
2016-06-02,OPEN,8218.9501953125,8718.898402284038,3
2016-06-07,ROLL_PUT,8266.4501953125,0.0,3
2016-06-09,ROLL_CALL,8203.599609375,0.0,3
2016-06-09,COVER_CLOSE,8203.599609375,-7009.272248660271,3
2016-06-09,OPEN,8203.599609375,7646.53829472921,3
2016-06-13,ROLL_CALL,8110.60009765625,0.0,3
2016-06-15,ROLL_PUT,8206.599609375,0.0,3
2016-06-16,ROLL_CALL,8140.75,0.0,3
2016-06-16,COVER_CLOSE,8140.75,-11152.426651694772,3
2016-06-16,OPEN,8140.75,11611.422498269842,4
2016-06-17,ROLL_PUT,8170.2001953125,0.0,4
2016-06-20,ROLL_PUT,8238.5,0.0,4
2016-06-22,ROLL_CALL,8203.7001953125,0.0,4
2016-06-23,ROLL_PUT,8270.4501953125,0.0,4
2016-06-23,STRADDLE_CLOSE,8270.4501953125,-13234.172623409922,4
2016-06-23,OPEN,8270.4501953125,11953.370692736387,4
2016-06-29,ROLL_CALL,8204.0,0.0,4
2016-06-29,STRADDLE_CLOSE,8204.0,-23722.47767387484,4
2016-06-30,OPEN,8287.75,11215.224297885812,4
2016-07-01,ROLL_PUT,8328.349609375,0.0,4
2016-07-04,ROLL_PUT,8370.7001953125,0.0,4
2016-07-07,COVER_CLOSE,8337.900390625,-8789.77108880263,4
2016-07-07,OPEN,8337.900390625,11393.05563665944,4
2016-07-11,ROLL_PUT,8467.900390625,0.0,4
2016-07-12,ROLL_PUT,8521.0498046875,0.0,4
2016-07-12,STRADDLE_CLOSE,8521.0498046875,-30402.174082072845,4
2016-07-14,OPEN,8565.0,9170.259830659323,3
2016-07-18,ROLL_CALL,8508.7001953125,0.0,3
2016-07-21,COVER_CLOSE,8510.099609375,-5032.072416191129,3
2016-07-21,OPEN,8510.099609375,8582.000683374288,3
2016-07-25,ROLL_PUT,8635.650390625,0.0,3
2016-07-26,ROLL_CALL,8590.650390625,0.0,3
2016-07-28,ROLL_PUT,8666.2998046875,0.0,3
2016-07-28,STRADDLE_CLOSE,8666.2998046875,-10542.0151721778,3
2016-07-28,OPEN,8666.2998046875,9679.364300635249,3
2016-07-29,ROLL_CALL,8638.5,0.0,3
2016-08-02,ROLL_CALL,8622.900390625,0.0,3
2016-08-03,ROLL_CALL,8544.849609375,0.0,3
2016-08-03,STRADDLE_CLOSE,8544.849609375,-20839.48172584662,3
2016-08-04,OPEN,8551.099609375,10588.729275110281,4
2016-08-05,ROLL_PUT,8683.150390625,0.0,4
2016-08-05,STRADDLE_CLOSE,8683.150390625,-30716.398446156796,4
2016-08-11,OPEN,8592.150390625,9095.450048963174,3
2016-08-16,ROLL_PUT,8642.5498046875,0.0,3
2016-08-18,ROLL_PUT,8673.25,0.0,3
2016-08-18,COVER_CLOSE,8673.25,-7075.788091247872,3
2016-08-18,OPEN,8673.25,7741.561991888344,3
2016-08-22,ROLL_CALL,8629.150390625,0.0,3
2016-08-25,ROLL_CALL,8592.2001953125,0.0,3
2016-08-25,COVER_CLOSE,8592.2001953125,-5575.195307731523,3
2016-08-25,OPEN,8592.2001953125,7421.86194878519,3
2016-08-30,ROLL_PUT,8744.349609375,0.0,3
2016-08-30,STRADDLE_CLOSE,8744.349609375,-21188.296574721913,3
2016-09-01,OPEN,8774.650390625,9184.973107425489,3
2016-09-06,ROLL_PUT,8943.0,0.0,3
2016-09-06,STRADDLE_CLOSE,8943.0,-23321.94157807645,3
2016-09-08,OPEN,8952.5,8622.597540656614,3
2016-09-09,ROLL_CALL,8866.7001953125,0.0,3
2016-09-15,COVER_CLOSE,8742.5498046875,-21997.336943009184,3
2016-09-15,OPEN,8742.5498046875,9057.59312951921,3
2016-09-19,ROLL_PUT,8808.400390625,0.0,3
2016-09-21,ROLL_CALL,8777.150390625,0.0,3
2016-09-22,ROLL_PUT,8867.4501953125,0.0,3
2016-09-22,STRADDLE_CLOSE,8867.4501953125,-17013.457556850477,3
2016-09-22,OPEN,8867.4501953125,8368.932818951462,3
2016-09-23,ROLL_CALL,8831.5498046875,0.0,3
2016-09-26,ROLL_CALL,8723.0498046875,0.0,3
2016-09-29,COVER_CLOSE,8591.25,-24202.730646304095,3
2016-09-29,OPEN,8591.25,8119.759714792031,3
2016-10-03,ROLL_PUT,8738.099609375,0.0,3
2016-10-06,COVER_CLOSE,8709.5498046875,-9802.574883761019,3
2016-10-06,OPEN,8709.5498046875,8154.733331596059,3
2016-10-13,ROLL_CALL,8573.349609375,0.0,3
2016-10-13,COVER_CLOSE,8573.349609375,-7971.551758578324,3
2016-10-13,OPEN,8573.349609375,7929.449290598137,3
2016-10-17,ROLL_CALL,8520.400390625,0.0,3
2016-10-18,ROLL_PUT,8677.900390625,0.0,3
2016-10-18,STRADDLE_CLOSE,8677.900390625,-25744.83639372245,3
2016-10-20,OPEN,8699.400390625,8968.350066735624,3
2016-10-25,ROLL_CALL,8691.2998046875,0.0,3
2016-10-26,ROLL_CALL,8615.25,0.0,3
2016-10-27,COVER_CLOSE,8615.25,-5928.524376635676,3
2016-10-27,OPEN,8615.25,8348.796383774783,3
2016-11-02,ROLL_CALL,8514.0,0.0,3
2016-11-03,ROLL_CALL,8484.9501953125,0.0,3
2016-11-03,COVER_CLOSE,8484.9501953125,-5772.657702725892,3
2016-11-03,OPEN,8484.9501953125,8721.731179497297,3
2016-11-04,ROLL_CALL,8433.75,0.0,3
2016-11-07,ROLL_PUT,8497.0498046875,0.0,3
2016-11-08,ROLL_PUT,8543.5498046875,0.0,3
2016-11-10,COVER_CLOSE,8525.75,-15040.745981165024,3
2016-11-10,OPEN,8525.75,9728.93583497007,3
2016-11-11,ROLL_CALL,8296.2998046875,0.0,3
2016-11-11,STRADDLE_CLOSE,8296.2998046875,-40423.523779316616,3
2016-11-17,OPEN,8079.9501953125,11573.122898766058,4
2016-11-21,ROLL_CALL,7929.10009765625,0.0,4
2016-11-23,ROLL_PUT,8033.2998046875,0.0,4
2016-11-24,ROLL_CALL,7965.5,0.0,4
2016-11-24,COVER_CLOSE,7965.5,-26773.16119937579,4
2016-11-24,OPEN,7965.5,10448.077637532411,4
2016-11-25,ROLL_PUT,8114.2998046875,0.0,4
2016-11-30,ROLL_PUT,8224.5,0.0,4
2016-12-01,COVER_CLOSE,8192.900390625,-28654.202149096487,4
2016-12-01,OPEN,8192.900390625,10419.868181318387,4
2016-12-02,ROLL_CALL,8086.7998046875,0.0,4
2016-12-08,ROLL_PUT,8246.849609375,0.0,4
2016-12-08,COVER_CLOSE,8246.849609375,-19482.366241981857,4
2016-12-08,OPEN,8246.849609375,11187.475517413412,4
2016-12-12,ROLL_CALL,8170.7998046875,0.0,4
2016-12-13,ROLL_PUT,8221.7998046875,0.0,4
2016-12-15,ROLL_CALL,8153.60009765625,0.0,4
2016-12-15,COVER_CLOSE,8153.60009765625,-4270.139512575354,4
2016-12-15,OPEN,8153.60009765625,11521.846657049533,4
2016-12-19,ROLL_CALL,8104.35009765625,0.0,4
2016-12-21,ROLL_CALL,8061.2998046875,0.0,4
2016-12-22,ROLL_CALL,7979.10009765625,0.0,4
2016-12-22,COVER_CLOSE,7979.10009765625,-17756.47480604149,4
2016-12-22,OPEN,7979.10009765625,10818.041521642199,4
2016-12-26,ROLL_CALL,7908.25,0.0,4
2016-12-27,ROLL_PUT,8032.85009765625,0.0,4
2016-12-27,STRADDLE_CLOSE,8032.85009765625,-27520.011073156136,4
2016-12-29,OPEN,8103.60009765625,12981.965175183523,4
2016-12-30,ROLL_PUT,8185.7998046875,0.0,4
2017-01-05,ROLL_PUT,8273.7998046875,0.0,4
2017-01-05,STRADDLE_CLOSE,8273.7998046875,-17771.654896764794,4
2017-01-05,OPEN,8273.7998046875,11282.334267991466,4
2017-01-09,ROLL_CALL,8236.0498046875,0.0,4
2017-01-10,ROLL_PUT,8288.599609375,0.0,4
2017-01-11,ROLL_PUT,8380.650390625,0.0,4
2017-01-11,STRADDLE_CLOSE,8380.650390625,-19843.818634503914,4
2017-01-12,OPEN,8407.2001953125,13479.532183739162,4
2017-01-19,ROLL_PUT,8435.099609375,0.0,4
2017-01-19,COVER_CLOSE,8435.099609375,-4441.430490943255,4
2017-01-19,OPEN,8435.099609375,11774.103077366326,4
2017-01-20,ROLL_CALL,8349.349609375,0.0,4
2017-01-20,STRADDLE_CLOSE,8349.349609375,-26763.56561309047,4
2017-02-02,OPEN,8734.25,8016.141914078233,3
2017-02-06,ROLL_PUT,8801.0498046875,0.0,3
2017-02-09,COVER_CLOSE,8778.400390625,-2795.513688030237,3
2017-02-09,OPEN,8778.400390625,11171.368755163685,4
2017-02-15,ROLL_CALL,8724.7001953125,0.0,4
2017-02-16,ROLL_PUT,8778.0,0.0,4
2017-02-16,COVER_CLOSE,8778.0,-11616.16957354563,4
2017-02-16,OPEN,8778.0,13057.261845796756,4
2017-02-17,ROLL_PUT,8821.7001953125,0.0,4
2017-02-20,ROLL_PUT,8879.2001953125,0.0,4
2017-02-21,ROLL_PUT,8907.849609375,0.0,4
2017-02-22,ROLL_PUT,8926.900390625,0.0,4
2017-02-22,STRADDLE_CLOSE,8926.900390625,-18488.375219392285,4
2017-02-23,OPEN,8939.5,11767.708888321662,4
2017-02-27,ROLL_CALL,8896.7001953125,0.0,4
2017-02-28,ROLL_CALL,8879.599609375,0.0,4
2017-03-01,ROLL_PUT,8945.7998046875,0.0,4
2017-03-01,STRADDLE_CLOSE,8945.7998046875,-18970.0919549602,4
2017-03-02,OPEN,8899.75,14326.847051711025,4
2017-03-03,STRADDLE_CLOSE,8897.5498046875,-13849.46990054331,4
2017-03-09,OPEN,8927.0,10718.170842290518,4
2017-03-16,COVER_CLOSE,9153.7001953125,-39085.5750756099,4
2017-03-16,OPEN,9153.7001953125,7598.047834178074,3
2017-03-20,ROLL_CALL,9126.849609375,0.0,3
2017-03-22,ROLL_CALL,9030.4501953125,0.0,3
2017-03-22,STRADDLE_CLOSE,9030.4501953125,-15845.164512598309,3
2017-03-23,OPEN,9086.2998046875,8208.135724950258,3
2017-03-27,ROLL_CALL,9045.2001953125,0.0,3
2017-03-28,ROLL_PUT,9100.7998046875,0.0,3
2017-03-29,ROLL_PUT,9143.7998046875,0.0,3
2017-03-29,STRADDLE_CLOSE,9143.7998046875,-17606.614953515615,3
2017-03-30,OPEN,9173.75,6859.989343187636,3
2017-04-03,ROLL_PUT,9237.849609375,0.0,3
2017-04-05,ROLL_PUT,9265.150390625,0.0,3
2017-04-06,COVER_CLOSE,9261.9501953125,-5802.03859780533,3
2017-04-06,OPEN,9261.9501953125,8027.840102549104,3
2017-04-07,ROLL_CALL,9198.2998046875,0.0,3
2017-04-13,ROLL_CALL,9150.7998046875,0.0,3
2017-04-13,STRADDLE_CLOSE,9150.7998046875,-9137.876590373797,3
2017-04-13,OPEN,9150.7998046875,10222.86571220296,3
2017-04-18,ROLL_CALL,9105.150390625,0.0,3
2017-04-18,STRADDLE_CLOSE,9105.150390625,-10579.767077629844,3
2017-04-20,OPEN,9136.400390625,9391.564620187773,3
2017-04-21,ROLL_CALL,9119.400390625,0.0,3
2017-04-24,ROLL_PUT,9217.9501953125,0.0,3
2017-04-24,STRADDLE_CLOSE,9217.9501953125,-19424.448914594228,3
2017-04-27,OPEN,9342.150390625,9141.080994522374,3
2017-04-28,ROLL_CALL,9304.0498046875,0.0,3
2017-05-04,ROLL_PUT,9359.900390625,0.0,3
2017-05-04,STRADDLE_CLOSE,9359.900390625,-7979.631956958838,3
2017-05-04,OPEN,9359.900390625,8887.786156989214,3
2017-05-05,ROLL_CALL,9285.2998046875,0.0,3
2017-05-05,STRADDLE_CLOSE,9285.2998046875,-16121.128067852185,3
2017-05-11,OPEN,9422.400390625,8121.561244105402,3
2017-05-16,ROLL_PUT,9512.25,0.0,3
2017-05-16,STRADDLE_CLOSE,9512.25,-11306.813652480001,3
2017-05-18,OPEN,9429.4501953125,9774.059683901967,3
2017-05-23,ROLL_CALL,9386.150390625,0.0,3
2017-05-24,ROLL_CALL,9360.5498046875,0.0,3
2017-05-24,STRADDLE_CLOSE,9360.5498046875,-9489.713573714756,3
2017-05-25,OPEN,9509.75,9504.86937794318,3
2017-05-26,ROLL_PUT,9595.099609375,0.0,3
2017-05-30,ROLL_PUT,9624.5498046875,0.0,3
2017-05-30,STRADDLE_CLOSE,9624.5498046875,-16409.135537341674,3
2017-06-01,OPEN,9616.099609375,8084.422410208204,3
2017-06-05,ROLL_PUT,9675.099609375,0.0,3
2017-06-08,COVER_CLOSE,9647.25,-2833.078199437855,3
2017-06-08,OPEN,9647.25,8001.77716198382,3
2017-06-12,ROLL_CALL,9616.400390625,0.0,3
2017-06-15,ROLL_CALL,9578.0498046875,0.0,3
2017-06-15,COVER_CLOSE,9578.0498046875,-6174.634279097543,3
2017-06-15,OPEN,9578.0498046875,7556.089964584763,3
2017-06-19,ROLL_PUT,9657.5498046875,0.0,3
2017-06-19,STRADDLE_CLOSE,9657.5498046875,-13458.314563423415,3
2017-06-22,OPEN,9630.0,8914.199148501724,3
2017-06-23,STRADDLE_CLOSE,9574.9501953125,-10760.97405837772,3
2017-06-29,OPEN,9504.099609375,8362.982448277126,3
2017-06-30,STRADDLE_CLOSE,9520.900390625,-8507.928287089098,3
2017-07-06,OPEN,9674.5498046875,8753.087545450086,3
2017-07-10,ROLL_PUT,9771.0498046875,0.0,3
2017-07-10,STRADDLE_CLOSE,9771.0498046875,-20106.20503880173,3
2017-07-13,OPEN,9891.7001953125,9793.651750948418,3
2017-07-18,ROLL_CALL,9827.150390625,0.0,3
2017-07-18,STRADDLE_CLOSE,9827.150390625,-15762.874319417144,3
2017-07-20,OPEN,9873.2998046875,9384.400886501782,3
2017-07-21,ROLL_PUT,9915.25,0.0,3
2017-07-24,ROLL_PUT,9966.400390625,0.0,3
2017-07-24,STRADDLE_CLOSE,9966.400390625,-13648.312056566992,3
2017-07-27,OPEN,10020.5498046875,6948.60729263545,3
2017-07-31,ROLL_PUT,10077.099609375,0.0,3
2017-08-01,ROLL_PUT,10114.650390625,0.0,3
2017-08-01,STRADDLE_CLOSE,10114.650390625,-9818.12982390818,3
2017-08-03,OPEN,10013.650390625,8630.374084041667,3
2017-08-04,ROLL_PUT,10066.400390625,0.0,3
2017-08-08,ROLL_CALL,9978.5498046875,0.0,3
2017-08-08,STRADDLE_CLOSE,9978.5498046875,-16207.622788305238,3
2017-08-10,OPEN,9820.25,10155.001671407765,3
2017-08-11,ROLL_CALL,9710.7998046875,0.0,3
2017-08-11,STRADDLE_CLOSE,9710.7998046875,-25855.253035036716,3
2017-08-17,OPEN,9904.150390625,7468.264976692637,3
2017-08-18,ROLL_CALL,9837.400390625,0.0,3
2017-08-21,ROLL_CALL,9754.349609375,0.0,3
2017-08-23,ROLL_PUT,9852.5,0.0,3
2017-08-23,STRADDLE_CLOSE,9852.5,-22512.966527061522,3
2017-08-24,OPEN,9857.0498046875,8952.30582268376,3
2017-08-28,ROLL_PUT,9912.7998046875,0.0,3
2017-08-29,ROLL_CALL,9796.0498046875,0.0,3
2017-08-29,STRADDLE_CLOSE,9796.0498046875,-22194.656695564165,3
2017-08-31,OPEN,9917.900390625,8625.889620743787,3
2017-09-01,ROLL_PUT,9974.400390625,0.0,3
2017-09-06,ROLL_CALL,9916.2001953125,0.0,3
2017-09-07,COVER_CLOSE,9929.900390625,-5735.62891744057,3
2017-09-07,OPEN,9929.900390625,8316.931626045985,3
2017-09-11,ROLL_PUT,10006.0498046875,0.0,3
2017-09-12,ROLL_PUT,10093.0498046875,0.0,3
2017-09-14,COVER_CLOSE,10086.599609375,-5907.575558848765,3
2017-09-14,OPEN,10086.599609375,8956.021282917498,3
2017-09-18,ROLL_PUT,10153.099609375,0.0,3
2017-09-21,COVER_CLOSE,10121.900390625,-3943.0100192109694,3
2017-09-21,OPEN,10121.900390625,9810.255700638054,3
2017-09-28,COVER_CLOSE,9768.9501953125,-51202.18650263967,3
2017-09-28,OPEN,9768.9501953125,8487.608574300595,3
2017-09-29,ROLL_PUT,9788.599609375,0.0,3
2017-10-03,ROLL_PUT,9859.5,0.0,3
2017-10-04,ROLL_PUT,9914.900390625,0.0,3
2017-10-04,STRADDLE_CLOSE,9914.900390625,-17650.981143900866,3
2017-10-05,OPEN,9888.7001953125,8843.356981444444,3
2017-10-06,ROLL_PUT,9979.7001953125,0.0,3
2017-10-12,ROLL_PUT,10096.400390625,0.0,3
2017-10-12,STRADDLE_CLOSE,10096.400390625,-21903.59175896686,3
2017-10-12,OPEN,10096.400390625,7408.291172571574,3
2017-10-13,ROLL_PUT,10167.4501953125,0.0,3
2017-10-16,ROLL_PUT,10230.849609375,0.0,3
2017-10-19,ROLL_CALL,10146.5498046875,0.0,3
2017-10-19,COVER_CLOSE,10146.5498046875,-12703.713021325824,3
2017-10-19,OPEN,10146.5498046875,8710.868239518251,3
2017-10-24,ROLL_PUT,10207.7001953125,0.0,3
2017-10-25,ROLL_PUT,10295.349609375,0.0,3
2017-10-26,ROLL_PUT,10343.7998046875,0.0,3
2017-10-26,STRADDLE_CLOSE,10343.7998046875,-10983.642462042048,3
2017-10-26,OPEN,10343.7998046875,7497.0856594221095,3
2017-11-01,ROLL_PUT,10440.5,0.0,3
2017-11-02,COVER_CLOSE,10423.7998046875,-4049.0013738192238,3
2017-11-02,OPEN,10423.7998046875,10051.8026348177,3
2017-11-07,ROLL_CALL,10350.150390625,0.0,3
2017-11-07,STRADDLE_CLOSE,10350.150390625,-15363.950564071489,3
2017-11-09,OPEN,10308.9501953125,9591.475397176537,3
2017-11-13,ROLL_CALL,10224.9501953125,0.0,3
2017-11-13,STRADDLE_CLOSE,10224.9501953125,-12605.392304994812,3
2017-11-16,OPEN,10214.75,8821.827094697643,3
2017-11-17,ROLL_PUT,10283.599609375,0.0,3
2017-11-21,ROLL_PUT,10326.900390625,0.0,3
2017-11-22,ROLL_PUT,10342.2998046875,0.0,3
2017-11-22,STRADDLE_CLOSE,10342.2998046875,-10881.8578585411,3
2017-11-23,OPEN,10348.75,9178.462261523513,3
2017-11-24,ROLL_PUT,10389.7001953125,0.0,3
2017-11-30,COVER_CLOSE,10226.5498046875,-14645.46761328018,3
2017-11-30,OPEN,10226.5498046875,7863.783765744383,3
2017-12-01,ROLL_CALL,10121.7998046875,0.0,3
2017-12-01,STRADDLE_CLOSE,10121.7998046875,-19047.227842502423,3
2017-12-07,OPEN,10166.7001953125,7552.601803288169,3
2017-12-08,ROLL_PUT,10265.650390625,0.0,3
2017-12-11,ROLL_PUT,10322.25,0.0,3
2017-12-12,ROLL_CALL,10240.150390625,0.0,3
2017-12-12,STRADDLE_CLOSE,10240.150390625,-21984.743535697762,3
2017-12-14,OPEN,10252.099609375,9692.907132941025,3
2017-12-15,ROLL_PUT,10333.25,0.0,3
2017-12-18,ROLL_PUT,10388.75,0.0,3
2017-12-18,STRADDLE_CLOSE,10388.75,-19516.790134994066,3
2017-12-21,OPEN,10440.2998046875,8024.68776055701,3
2017-12-22,ROLL_PUT,10493.0,0.0,3
2017-12-26,ROLL_PUT,10531.5,0.0,3
2017-12-27,ROLL_CALL,10490.75,0.0,3
2017-12-28,COVER_CLOSE,10477.900390625,-8025.468635001584,3
2017-12-28,OPEN,10477.900390625,8587.016611607578,3
2018-01-02,ROLL_CALL,10442.2001953125,0.0,3
2018-01-04,ROLL_PUT,10504.7998046875,0.0,3
2018-01-04,COVER_CLOSE,10504.7998046875,-3932.660558068633,3
2018-01-04,OPEN,10504.7998046875,8617.227752770246,3
2018-01-05,ROLL_PUT,10558.849609375,0.0,3
2018-01-08,ROLL_PUT,10623.599609375,0.0,3
2018-01-09,ROLL_PUT,10637.0,0.0,3
2018-01-09,STRADDLE_CLOSE,10637.0,-10864.729186348928,3
2018-01-11,OPEN,10651.2001953125,9995.253678330386,3
2018-01-12,ROLL_PUT,10681.25,0.0,3
2018-01-12,STRADDLE_CLOSE,10681.25,-10912.35018063345,3
2018-01-18,OPEN,10817.0,9034.35039055144,3
2018-01-19,ROLL_PUT,10894.7001953125,0.0,3
2018-01-19,STRADDLE_CLOSE,10894.7001953125,-19285.652403051536,3
2018-01-25,OPEN,11069.650390625,8990.353250976123,3
2018-01-29,ROLL_PUT,11130.400390625,0.0,3
2018-01-29,STRADDLE_CLOSE,11130.400390625,-10542.620446553612,3
2018-02-01,OPEN,11016.900390625,8637.727428590559,3
2018-02-08,COVER_CLOSE,10576.849609375,-72719.66313764139,3
2018-02-08,OPEN,10576.849609375,5846.459019569284,2
2018-02-09,ROLL_CALL,10454.9501953125,0.0,2
2018-02-12,ROLL_PUT,10539.75,0.0,2
2018-02-15,COVER_CLOSE,10545.5,-8475.08098911539,2
2018-02-15,OPEN,10545.5,6013.129971439583,2
2018-02-16,ROLL_CALL,10452.2998046875,0.0,2
2018-02-19,ROLL_CALL,10378.400390625,0.0,2
2018-02-22,COVER_CLOSE,10382.7001953125,-4871.474457651296,2
2018-02-22,OPEN,10382.7001953125,9281.541934566996,3
2018-02-23,ROLL_PUT,10491.0498046875,0.0,3
2018-02-26,ROLL_PUT,10582.599609375,0.0,3
2018-02-28,ROLL_CALL,10492.849609375,0.0,3
2018-03-01,ROLL_CALL,10458.349609375,0.0,3
2018-03-01,STRADDLE_CLOSE,10458.349609375,-23409.113955487297,3
2018-03-01,OPEN,10458.349609375,7661.700688394076,3
2018-03-05,ROLL_CALL,10358.849609375,0.0,3
2018-03-06,ROLL_CALL,10249.25,0.0,3
2018-03-07,ROLL_CALL,10154.2001953125,0.0,3
2018-03-07,STRADDLE_CLOSE,10154.2001953125,-23780.57814357651,3
2018-03-08,OPEN,10242.650390625,9690.330494950751,3
2018-03-12,ROLL_PUT,10421.400390625,0.0,3
2018-03-15,ROLL_CALL,10360.150390625,0.0,3
2018-03-15,STRADDLE_CLOSE,10360.150390625,-18800.82273426072,3
2018-03-15,OPEN,10360.150390625,9661.798077495041,3
2018-03-16,ROLL_CALL,10195.150390625,0.0,3
2018-03-19,ROLL_CALL,10094.25,0.0,3
2018-03-19,STRADDLE_CLOSE,10094.25,-41251.26129951545,3
2018-03-22,OPEN,10114.75,8229.868824249857,3
2018-03-23,ROLL_CALL,9998.0498046875,0.0,3
2018-03-26,ROLL_PUT,10130.650390625,0.0,3
2018-03-27,ROLL_PUT,10184.150390625,0.0,3
2018-04-02,ROLL_PUT,10211.7998046875,0.0,3
2018-04-02,STRADDLE_CLOSE,10211.7998046875,-11131.938028173907,3
2018-04-05,OPEN,10325.150390625,8925.135293845586,3
2018-04-09,ROLL_PUT,10379.349609375,0.0,3
2018-04-11,ROLL_PUT,10417.150390625,0.0,3
2018-04-12,ROLL_PUT,10458.650390625,0.0,3
2018-04-12,COVER_CLOSE,10458.650390625,-3806.4198293772133,3
2018-04-12,OPEN,10458.650390625,7634.594590260802,3
2018-04-16,ROLL_PUT,10528.349609375,0.0,3
2018-04-19,ROLL_PUT,10565.2998046875,0.0,3
2018-04-19,COVER_CLOSE,10565.2998046875,-1781.9822376039747,3
2018-04-19,OPEN,10565.2998046875,8522.459303985179,3
2018-04-24,ROLL_PUT,10614.349609375,0.0,3
2018-04-25,ROLL_CALL,10570.5498046875,0.0,3
2018-04-26,ROLL_PUT,10617.7998046875,0.0,3
2018-04-26,COVER_CLOSE,10617.7998046875,-2904.4159053281833,3
2018-04-26,OPEN,10617.7998046875,7202.273830222448,3
2018-04-27,ROLL_PUT,10692.2998046875,0.0,3
2018-04-30,ROLL_PUT,10739.349609375,0.0,3
2018-05-03,ROLL_CALL,10679.650390625,0.0,3
2018-05-03,STRADDLE_CLOSE,10679.650390625,-7820.592435440969,3
2018-05-03,OPEN,10679.650390625,9798.670126980744,3
2018-05-04,ROLL_CALL,10618.25,0.0,3
2018-05-04,STRADDLE_CLOSE,10618.25,-6780.929375773745,3
2018-05-10,OPEN,10716.5498046875,9658.64000088267,3
2018-05-11,ROLL_PUT,10806.5,0.0,3
2018-05-11,STRADDLE_CLOSE,10806.5,-22588.788465561855,3
2018-05-17,OPEN,10682.7001953125,8218.600629050987,3
2018-05-18,ROLL_CALL,10596.400390625,0.0,3
2018-05-18,STRADDLE_CLOSE,10596.400390625,-18280.99596607384,3
2018-05-24,OPEN,10513.849609375,9628.284916529461,3
2018-05-25,ROLL_PUT,10605.150390625,0.0,3
2018-05-28,ROLL_PUT,10688.650390625,0.0,3
2018-05-28,STRADDLE_CLOSE,10688.650390625,-25941.667973571122,3
2018-05-31,OPEN,10736.150390625,8125.0034265155755,3
2018-06-01,ROLL_CALL,10696.2001953125,0.0,3
2018-06-04,ROLL_CALL,10628.5,0.0,3
2018-06-05,ROLL_CALL,10593.150390625,0.0,3
2018-06-06,ROLL_PUT,10684.650390625,0.0,3
2018-06-06,STRADDLE_CLOSE,10684.650390625,-21110.733016736274,3
2018-06-07,OPEN,10768.349609375,7722.729628158208,3
2018-06-12,ROLL_PUT,10842.849609375,0.0,3
2018-06-14,COVER_CLOSE,10808.0498046875,-3304.828239350022,3
2018-06-14,OPEN,10808.0498046875,8108.6749837906755,3
2018-06-19,ROLL_CALL,10710.4501953125,0.0,3
2018-06-20,ROLL_PUT,10772.0498046875,0.0,3
2018-06-21,COVER_CLOSE,10741.099609375,-4948.522310697173,3
2018-06-21,OPEN,10741.099609375,7964.236053057777,3
2018-06-22,ROLL_PUT,10821.849609375,0.0,3
2018-06-25,ROLL_CALL,10762.4501953125,0.0,3
2018-06-27,ROLL_CALL,10671.400390625,0.0,3
2018-06-27,STRADDLE_CLOSE,10671.400390625,-21000.146423892358,3
2018-06-28,OPEN,10589.099609375,8457.76432540459,3
2018-06-29,ROLL_PUT,10714.2998046875,0.0,3
2018-06-29,STRADDLE_CLOSE,10714.2998046875,-26454.06020758781,3
2018-07-05,OPEN,10749.75,7680.566091938195,3
2018-07-09,ROLL_PUT,10852.900390625,0.0,3
2018-07-10,ROLL_PUT,10947.25,0.0,3
2018-07-10,STRADDLE_CLOSE,10947.25,-25016.290571765192,3
2018-07-12,OPEN,11023.2001953125,8581.043724597926,3
2018-07-16,ROLL_CALL,10936.849609375,0.0,3
2018-07-17,ROLL_PUT,11008.0498046875,0.0,3
2018-07-19,ROLL_CALL,10957.099609375,0.0,3
2018-07-19,STRADDLE_CLOSE,10957.099609375,-17012.463859028245,3
2018-07-19,OPEN,10957.099609375,8385.831523409126,3
2018-07-23,ROLL_PUT,11084.75,0.0,3
2018-07-24,ROLL_PUT,11134.2998046875,0.0,3
2018-07-24,STRADDLE_CLOSE,11134.2998046875,-16888.997296277485,3
2018-07-26,OPEN,11167.2998046875,7250.10416106511,3
2018-07-27,ROLL_PUT,11278.349609375,0.0,3
2018-07-27,STRADDLE_CLOSE,11278.349609375,-16135.980547451918,3
2018-08-02,OPEN,11244.7001953125,9738.987122207735,3
2018-08-03,ROLL_PUT,11360.7998046875,0.0,3
2018-08-03,STRADDLE_CLOSE,11360.7998046875,-23670.283257140734,3
2018-08-09,OPEN,11470.7001953125,5130.661386367235,2
2018-08-10,ROLL_CALL,11429.5,0.0,2
2018-08-13,ROLL_CALL,11355.75,0.0,2
2018-08-13,STRADDLE_CLOSE,11355.75,-9335.857960957179,2
2018-08-16,OPEN,11385.0498046875,5549.4480227608865,2
2018-08-17,ROLL_PUT,11470.75,0.0,2
2018-08-20,ROLL_PUT,11551.75,0.0,2
2018-08-20,STRADDLE_CLOSE,11551.75,-15757.959554105506,2
2018-08-23,OPEN,11582.75,5878.717730364203,2
2018-08-27,ROLL_PUT,11691.9501953125,0.0,2
2018-08-27,STRADDLE_CLOSE,11691.9501953125,-12090.246666637966,2
2018-08-30,OPEN,11676.7998046875,6013.342894418392,2
2018-09-03,ROLL_CALL,11582.349609375,0.0,2
2018-09-04,ROLL_CALL,11520.2998046875,0.0,2
2018-09-04,STRADDLE_CLOSE,11520.2998046875,-14469.344339152763,2
2018-09-06,OPEN,11536.900390625,5467.788655488008,2
2018-09-07,ROLL_PUT,11589.099609375,0.0,2
2018-09-10,ROLL_CALL,11438.099609375,0.0,2
2018-09-10,STRADDLE_CLOSE,11438.099609375,-16346.249062214274,2
2018-09-27,OPEN,10977.5498046875,5952.162145645017,2
2018-10-03,ROLL_CALL,10858.25,0.0,2
2018-10-04,COVER_CLOSE,10599.25,-19060.55137695966,2
2018-10-04,OPEN,10599.25,8636.220444205283,3
2018-10-05,ROLL_CALL,10316.4501953125,0.0,3
2018-10-10,ROLL_PUT,10460.099609375,0.0,3
2018-10-10,STRADDLE_CLOSE,10460.099609375,-39639.734520689155,3
2018-10-11,OPEN,10234.650390625,8808.640071207497,3
2018-10-12,ROLL_PUT,10472.5,0.0,3
2018-10-16,ROLL_PUT,10584.75,0.0,3
2018-10-17,ROLL_CALL,10453.0498046875,0.0,3
2018-10-19,ROLL_CALL,10303.5498046875,0.0,3
2018-10-19,STRADDLE_CLOSE,10303.5498046875,-47623.50970606701,3
2018-10-25,OPEN,10124.900390625,8813.793149411462,3
2018-10-26,ROLL_CALL,10030.0,0.0,3
2018-10-29,ROLL_PUT,10250.849609375,0.0,3
2018-10-31,ROLL_PUT,10386.599609375,0.0,3
2018-11-01,COVER_CLOSE,10380.4501953125,-24613.301788852736,3
2018-11-01,OPEN,10380.4501953125,8421.709364255346,3
2018-11-02,ROLL_PUT,10553.0,0.0,3
2018-11-07,ROLL_PUT,10598.400390625,0.0,3
2018-11-09,COVER_CLOSE,10585.2001953125,-1734.4555091045631,3
2018-11-15,OPEN,10616.7001953125,8744.02584068606,3
2018-11-16,ROLL_PUT,10682.2001953125,0.0,3
2018-11-19,ROLL_PUT,10763.400390625,0.0,3
2018-11-20,ROLL_CALL,10656.2001953125,0.0,3
2018-11-21,ROLL_CALL,10600.0498046875,0.0,3
2018-11-22,ROLL_CALL,10526.75,0.0,3
2018-11-22,COVER_CLOSE,10526.75,-20317.531253880625,3
2018-11-22,OPEN,10526.75,8274.242124858905,3
2018-11-26,ROLL_PUT,10628.599609375,0.0,3
2018-11-27,ROLL_PUT,10685.599609375,0.0,3
2018-11-28,ROLL_PUT,10728.849609375,0.0,3
2018-11-29,ROLL_PUT,10858.7001953125,0.0,3
2018-11-29,COVER_CLOSE,10858.7001953125,-14842.065240041567,3
2018-11-29,OPEN,10858.7001953125,8878.564971509848,3
2018-12-05,ROLL_CALL,10782.900390625,0.0,3
2018-12-06,ROLL_CALL,10601.150390625,0.0,3
2018-12-06,STRADDLE_CLOSE,10601.150390625,-23320.678557894113,3
2018-12-06,OPEN,10601.150390625,8877.799928639906,3
2018-12-07,ROLL_PUT,10693.7001953125,0.0,3
2018-12-10,ROLL_CALL,10488.4501953125,0.0,3
2018-12-10,STRADDLE_CLOSE,10488.4501953125,-36947.57489085509,3
2018-12-13,OPEN,10791.5498046875,5754.013215883755,2
2018-12-17,ROLL_PUT,10888.349609375,0.0,2
2018-12-19,ROLL_PUT,10967.2998046875,0.0,2
2018-12-20,COVER_CLOSE,10951.7001953125,-3481.82625086079,2
2018-12-20,OPEN,10951.7001953125,5729.496839923254,2
2018-12-21,ROLL_CALL,10754.0,0.0,2
2018-12-24,ROLL_CALL,10663.5,0.0,2
2018-12-27,ROLL_PUT,10779.7998046875,0.0,2
2018-12-27,STRADDLE_CLOSE,10779.7998046875,-22727.494673238216,2
2018-12-27,OPEN,10779.7998046875,5761.579256439523,2
2018-12-28,ROLL_PUT,10859.900390625,0.0,2
2019-01-02,ROLL_CALL,10792.5,0.0,2
2019-01-03,ROLL_CALL,10672.25,0.0,2
2019-01-03,COVER_CLOSE,10672.25,-8085.880528988688,2
2019-01-03,OPEN,10672.25,8930.514406841314,3
2019-01-07,ROLL_PUT,10771.7998046875,0.0,3
2019-01-08,ROLL_PUT,10802.150390625,0.0,3
2019-01-09,ROLL_PUT,10855.150390625,0.0,3
2019-01-10,ROLL_CALL,10821.599609375,0.0,3
2019-01-10,COVER_CLOSE,10821.599609375,-3646.5154746143444,3
2019-01-10,OPEN,10821.599609375,8215.58835286787,3
2019-01-14,ROLL_CALL,10737.599609375,0.0,3
2019-01-15,ROLL_PUT,10886.7998046875,0.0,3
2019-01-17,COVER_CLOSE,10905.2001953125,-12438.185905083345,3
2019-01-17,OPEN,10905.2001953125,8068.706692119962,3
2019-01-21,ROLL_PUT,10961.849609375,0.0,3
2019-01-22,ROLL_CALL,10922.75,0.0,3
2019-01-23,ROLL_CALL,10831.5,0.0,3
2019-01-24,COVER_CLOSE,10849.7998046875,-7100.065710115843,3
2019-01-24,OPEN,10849.7998046875,8602.488822628751,3
2019-01-25,ROLL_CALL,10780.5498046875,0.0,3
2019-01-28,ROLL_CALL,10661.5498046875,0.0,3
2019-01-28,STRADDLE_CLOSE,10661.5498046875,-26372.500743543762,3
2019-01-31,OPEN,10830.9501953125,8517.826326736773,3
2019-02-01,ROLL_PUT,10893.650390625,0.0,3
2019-02-05,ROLL_PUT,10934.349609375,0.0,3
2019-02-06,ROLL_PUT,11062.4501953125,0.0,3
2019-02-06,STRADDLE_CLOSE,11062.4501953125,-23672.771199157083,3
2019-02-07,OPEN,11069.400390625,8622.168298765951,3
2019-02-08,ROLL_CALL,10943.599609375,0.0,3
2019-02-11,ROLL_CALL,10888.7998046875,0.0,3
2019-02-12,ROLL_CALL,10831.400390625,0.0,3
2019-02-12,STRADDLE_CLOSE,10831.400390625,-24702.23361119083,3
2019-02-14,OPEN,10746.0498046875,8484.536509552037,3
2019-02-18,ROLL_CALL,10640.9501953125,0.0,3
2019-02-19,ROLL_CALL,10604.349609375,0.0,3
2019-02-20,ROLL_PUT,10735.4501953125,0.0,3
2019-02-20,STRADDLE_CLOSE,10735.4501953125,-26386.503581950365,3
2019-02-21,OPEN,10789.849609375,8981.294121475354,3
2019-02-25,ROLL_PUT,10880.099609375,0.0,3
2019-02-26,ROLL_CALL,10835.2998046875,0.0,3
2019-02-27,ROLL_CALL,10806.650390625,0.0,3
2019-02-28,ROLL_CALL,10792.5,0.0,3
2019-02-28,COVER_CLOSE,10792.5,-9900.940172217086,3
2019-02-28,OPEN,10792.5,7911.530258979601,3
2019-03-01,ROLL_PUT,10863.5,0.0,3
2019-03-05,ROLL_PUT,10987.4501953125,0.0,3
2019-03-06,ROLL_PUT,11053.0,0.0,3
2019-03-06,STRADDLE_CLOSE,11053.0,-19583.864971473973,3
2019-03-07,OPEN,11058.2001953125,8586.308601159211,3
2019-03-11,ROLL_PUT,11168.0498046875,0.0,3
2019-03-12,ROLL_PUT,11301.2001953125,0.0,3
2019-03-12,STRADDLE_CLOSE,11301.2001953125,-21933.19636649071,3
2019-03-14,OPEN,11343.25,5912.041385994299,2
2019-03-15,ROLL_PUT,11426.849609375,0.0,2
2019-03-19,ROLL_PUT,11532.400390625,0.0,2
2019-03-19,STRADDLE_CLOSE,11532.400390625,-9933.644891288337,2
2019-03-28,OPEN,11570.0,4810.167453735479,2
2019-04-01,ROLL_PUT,11669.150390625,0.0,2
2019-04-02,ROLL_PUT,11713.2001953125,0.0,2
2019-04-03,ROLL_CALL,11643.9501953125,0.0,2
2019-04-04,ROLL_CALL,11598.0,0.0,2
2019-04-04,STRADDLE_CLOSE,11598.0,-13439.281046088818,2
2019-04-04,OPEN,11598.0,6191.7769592969025,2
2019-04-05,ROLL_PUT,11665.9501953125,0.0,2
2019-04-08,ROLL_CALL,11604.5,0.0,2
2019-04-09,ROLL_PUT,11671.9501953125,0.0,2
2019-04-10,ROLL_CALL,11584.2998046875,0.0,2
2019-04-11,COVER_CLOSE,11596.7001953125,-8232.764065309286,2
2019-04-11,OPEN,11596.7001953125,5519.451152754278,2
2019-04-12,ROLL_PUT,11643.4501953125,0.0,2
2019-04-15,ROLL_PUT,11690.349609375,0.0,2
2019-04-16,ROLL_PUT,11787.150390625,0.0,2
2019-04-16,STRADDLE_CLOSE,11787.150390625,-13481.980682122567,2
2019-04-18,OPEN,11752.7998046875,6183.831915356216,2
2019-04-22,ROLL_CALL,11594.4501953125,0.0,2
2019-04-24,ROLL_PUT,11726.150390625,0.0,2
2019-04-24,STRADDLE_CLOSE,11726.150390625,-25098.774618221916,2
2019-04-25,OPEN,11641.7998046875,5660.077602871872,2
2019-04-26,ROLL_PUT,11754.650390625,0.0,2
2019-05-02,COVER_CLOSE,11724.75,-2653.238574428071,2
2019-05-02,OPEN,11724.75,5389.734241505546,2
2019-05-06,ROLL_CALL,11598.25,0.0,2
2019-05-07,ROLL_CALL,11497.900390625,0.0,2
2019-05-07,STRADDLE_CLOSE,11497.900390625,-18221.436598008255,2
2019-05-09,OPEN,11301.7998046875,5946.971434449216,2
2019-05-13,ROLL_CALL,11148.2001953125,0.0,2
2019-05-16,ROLL_PUT,11257.099609375,0.0,2
2019-05-16,COVER_CLOSE,11257.099609375,-10332.229666843428,2
2019-05-16,OPEN,11257.099609375,6275.488823819871,2
2019-05-17,ROLL_PUT,11407.150390625,0.0,2
2019-05-23,COVER_CLOSE,11657.0498046875,-24394.689397254377,2
2019-05-23,OPEN,11657.0498046875,5996.4539088795145,2
2019-05-24,ROLL_PUT,11844.099609375,0.0,2
2019-05-27,ROLL_PUT,11924.75,0.0,2
2019-05-30,COVER_CLOSE,11945.900390625,-6321.0315160995715,2
2019-05-30,OPEN,11945.900390625,5514.664321049143,2
2019-06-03,ROLL_PUT,12088.5498046875,0.0,2
2019-06-06,ROLL_CALL,11843.75,0.0,2
2019-06-06,COVER_CLOSE,11843.75,-7340.191388625102,2
2019-06-06,OPEN,11843.75,5572.222520907314,2
2019-06-10,ROLL_PUT,11922.7001953125,0.0,2
2019-06-11,ROLL_PUT,11965.599609375,0.0,2
2019-06-13,COVER_CLOSE,11914.0498046875,-1355.4634728189321,2
2019-06-13,OPEN,11914.0498046875,5577.798909201606,2
2019-06-14,ROLL_CALL,11823.2998046875,0.0,2
2019-06-17,ROLL_CALL,11672.150390625,0.0,2
2019-06-20,ROLL_PUT,11831.75,0.0,2
2019-06-20,COVER_CLOSE,11831.75,-4147.23834077381,2
2019-06-20,OPEN,11831.75,5552.184787492661,2
2019-06-21,ROLL_CALL,11724.099609375,0.0,2
2019-06-24,ROLL_CALL,11699.650390625,0.0,2
2019-06-25,ROLL_PUT,11796.4501953125,0.0,2
2019-06-26,ROLL_PUT,11847.5498046875,0.0,2
2019-06-27,COVER_CLOSE,11841.5498046875,-7271.55170977187,2
2019-06-27,OPEN,11841.5498046875,5647.709444519623,2
2019-07-02,ROLL_PUT,11910.2998046875,0.0,2
2019-07-04,ROLL_PUT,11946.75,0.0,2
2019-07-04,COVER_CLOSE,11946.75,-1145.870857929214,2
2019-07-04,OPEN,11946.75,5351.827773859923,2
2019-07-05,ROLL_CALL,11811.150390625,0.0,2
2019-07-11,COVER_CLOSE,11582.900390625,-24305.013978239895,2
2019-07-11,OPEN,11582.900390625,5647.994614464684,2
2019-07-16,ROLL_PUT,11662.599609375,0.0,2
2019-07-18,ROLL_CALL,11596.900390625,0.0,2
2019-07-18,COVER_CLOSE,11596.900390625,-3203.743817007298,2
2019-07-18,OPEN,11596.900390625,5600.564389456416,2
2019-07-19,ROLL_CALL,11419.25,0.0,2
2019-07-22,ROLL_CALL,11346.2001953125,0.0,2
2019-07-22,STRADDLE_CLOSE,11346.2001953125,-20262.24558453467,2
2019-07-25,OPEN,11252.150390625,5262.203281953616,2
2019-07-29,ROLL_CALL,11189.2001953125,0.0,2
2019-07-30,ROLL_CALL,11085.400390625,0.0,2
2019-08-01,ROLL_CALL,10980.0,0.0,2
2019-08-01,STRADDLE_CLOSE,10980.0,-18520.573923379092,2
2019-08-01,OPEN,10980.0,9041.91868810008,3
2019-08-05,ROLL_CALL,10862.599609375,0.0,3
2019-08-06,ROLL_PUT,10948.25,0.0,3
2019-08-07,ROLL_CALL,10855.5,0.0,3
2019-08-07,STRADDLE_CLOSE,10855.5,-19410.538685435098,3
2019-08-08,OPEN,11032.4501953125,7737.316850337533,3
2019-08-09,ROLL_PUT,11109.650390625,0.0,3
2019-08-13,ROLL_CALL,10925.849609375,0.0,3
2019-08-14,ROLL_PUT,11029.400390625,0.0,3
2019-08-16,COVER_CLOSE,11047.7998046875,-19823.351997079357,3
2019-08-22,OPEN,10741.349609375,8067.298415541882,3
2019-08-23,ROLL_PUT,10829.349609375,0.0,3
2019-08-26,ROLL_PUT,11057.849609375,0.0,3
2019-08-29,ROLL_CALL,10948.2998046875,0.0,3
2019-08-29,STRADDLE_CLOSE,10948.2998046875,-37728.555015798134,3
2019-08-29,OPEN,10948.2998046875,8763.358461902058,3
2019-08-30,ROLL_PUT,11023.25,0.0,3
2019-09-03,ROLL_CALL,10797.900390625,0.0,3
2019-09-05,COVER_CLOSE,10847.900390625,-15676.735770973475,3
2019-09-05,OPEN,10847.900390625,8723.90910321206,3
2019-09-06,ROLL_PUT,10946.2001953125,0.0,3
2019-09-09,ROLL_PUT,11003.0498046875,0.0,3
2019-09-12,COVER_CLOSE,10982.7998046875,-3876.479228169495,3
2019-09-12,OPEN,10982.7998046875,7864.644693518079,3
2019-09-13,ROLL_PUT,11075.900390625,0.0,3
2019-09-16,ROLL_CALL,11003.5,0.0,3
2019-09-17,ROLL_CALL,10817.599609375,0.0,3
2019-09-19,ROLL_CALL,10704.7998046875,0.0,3
2019-09-19,STRADDLE_CLOSE,10704.7998046875,-32815.073459425475,3
2019-09-19,OPEN,10704.7998046875,9378.707727077608,3
2019-09-26,COVER_CLOSE,11571.2001953125,-91031.577839933,3
2019-09-26,OPEN,11571.2001953125,5911.122547911836,2
2019-09-30,ROLL_CALL,11474.4501953125,0.0,2
2019-10-01,ROLL_CALL,11359.900390625,0.0,2
2019-10-03,ROLL_CALL,11314.0,0.0,2
2019-10-03,COVER_CLOSE,11314.0,-2931.811161339092,2
2019-10-03,OPEN,11314.0,5644.316381433801,2
2019-10-04,ROLL_CALL,11174.75,0.0,2
2019-10-07,ROLL_CALL,11126.400390625,0.0,2
2019-10-09,ROLL_PUT,11313.2998046875,0.0,2
2019-10-10,COVER_CLOSE,11234.5498046875,-5959.902035090907,2
2019-10-10,OPEN,11234.5498046875,5695.245049927642,2
2019-10-14,ROLL_PUT,11341.150390625,0.0,2
2019-10-15,ROLL_PUT,11428.2998046875,0.0,2
2019-10-17,ROLL_PUT,11586.349609375,0.0,2
2019-10-17,COVER_CLOSE,11586.349609375,-3766.081980435546,2
2019-10-17,OPEN,11586.349609375,5837.934955218659,2
2019-10-24,COVER_CLOSE,11582.599609375,-0.6307553269977266,2
2019-10-24,OPEN,11582.599609375,5679.655923616865,2
2019-10-29,ROLL_PUT,11786.849609375,0.0,2
2019-10-30,ROLL_PUT,11844.099609375,0.0,2
2019-10-31,COVER_CLOSE,11877.4501953125,-12275.635313497804,2
2019-10-31,OPEN,11877.4501953125,5875.291015075091,2
2019-11-04,ROLL_PUT,11941.2998046875,0.0,2
2019-11-06,ROLL_PUT,11966.0498046875,0.0,2
2019-11-07,ROLL_PUT,12012.0498046875,0.0,2
2019-11-07,COVER_CLOSE,12012.0498046875,-1882.3045628931982,2
2019-11-07,OPEN,12012.0498046875,5077.550945622972,2
2019-11-08,ROLL_CALL,11908.150390625,0.0,2
2019-11-13,ROLL_CALL,11840.4501953125,0.0,2
2019-11-14,COVER_CLOSE,11872.099609375,-7771.9694549396745,2
2019-11-14,OPEN,11872.099609375,6196.2026929342,2
2019-11-19,ROLL_PUT,11940.099609375,0.0,2
2019-11-20,ROLL_PUT,11999.099609375,0.0,2
2019-11-21,COVER_CLOSE,11968.400390625,-4478.053433956874,2
2019-11-21,OPEN,11968.400390625,6570.2328049668495,2
2019-11-22,ROLL_CALL,11914.400390625,0.0,2
2019-11-25,ROLL_PUT,12073.75,0.0,2
2019-11-25,STRADDLE_CLOSE,12073.75,-22799.214753741406,2
2019-11-28,OPEN,12151.150390625,5830.788287840997,2
2019-11-29,ROLL_CALL,12056.0498046875,0.0,2
2019-11-29,STRADDLE_CLOSE,12056.0498046875,-14261.220564107005,2
2019-12-05,OPEN,12018.400390625,4649.59142124331,2
2019-12-06,ROLL_CALL,11921.5,0.0,2
2019-12-10,ROLL_CALL,11856.7998046875,0.0,2
2019-12-10,STRADDLE_CLOSE,11856.7998046875,-10684.570889519371,2
2019-12-12,OPEN,11971.7998046875,4899.582992722401,2
2019-12-13,ROLL_PUT,12086.7001953125,0.0,2
2019-12-17,ROLL_PUT,12165.0,0.0,2
2019-12-17,STRADDLE_CLOSE,12165.0,-16012.786763629898,2
2019-12-19,OPEN,12259.7001953125,4957.774088288924,2
2019-12-24,ROLL_CALL,12214.5498046875,0.0,2
2019-12-26,ROLL_CALL,12126.5498046875,0.0,2
2019-12-26,COVER_CLOSE,12126.5498046875,-5125.767973122681,2
2019-12-26,OPEN,12126.5498046875,5054.104870139831,2
2019-12-27,ROLL_PUT,12245.7998046875,0.0,2
2019-12-31,ROLL_CALL,12168.4501953125,0.0,2
2019-12-31,STRADDLE_CLOSE,12168.4501953125,-12091.717502459856,2
2020-01-02,OPEN,12282.2001953125,5309.734785763632,2
2020-01-03,ROLL_CALL,12226.650390625,0.0,2
2020-01-07,ROLL_CALL,12052.9501953125,0.0,2
2020-01-07,STRADDLE_CLOSE,12052.9501953125,-23613.284712341858,2
2020-01-09,OPEN,12215.900390625,5883.968624544094,2
2020-01-13,ROLL_PUT,12329.5498046875,0.0,2
2020-01-16,COVER_CLOSE,12355.5,-3123.7958504332096,2
2020-01-16,OPEN,12355.5,5669.042229512938,2
2020-01-20,ROLL_CALL,12224.5498046875,0.0,2
2020-01-21,ROLL_CALL,12169.849609375,0.0,2
2020-01-22,ROLL_CALL,12106.900390625,0.0,2
2020-01-23,COVER_CLOSE,12180.349609375,-11971.822379693478,2
2020-01-23,OPEN,12180.349609375,5573.212660083767,2
2020-01-24,ROLL_PUT,12248.25,0.0,2
2020-01-27,ROLL_CALL,12119.0,0.0,2
2020-01-28,ROLL_CALL,12055.7998046875,0.0,2
2020-01-30,COVER_CLOSE,12035.7998046875,-12155.920040152441,2
2020-01-30,OPEN,12035.7998046875,6545.5133050522945,2
2020-01-31,ROLL_CALL,11962.099609375,0.0,2
2020-02-03,ROLL_CALL,11707.900390625,0.0,2
2020-02-03,STRADDLE_CLOSE,11707.900390625,-27958.92805467875,2
2020-02-06,OPEN,12137.9501953125,5261.506252694264,2
2020-02-10,ROLL_CALL,12031.5,0.0,2
2020-02-11,ROLL_PUT,12107.900390625,0.0,2
2020-02-12,ROLL_PUT,12201.2001953125,0.0,2
2020-02-13,COVER_CLOSE,12174.650390625,-7077.422261002535,2
2020-02-13,OPEN,12174.650390625,5846.657482157058,2
2020-02-14,ROLL_CALL,12113.4501953125,0.0,2
2020-02-17,ROLL_CALL,12045.7998046875,0.0,2
2020-02-18,ROLL_CALL,11992.5,0.0,2
2020-02-19,ROLL_PUT,12125.900390625,0.0,2
2020-02-20,COVER_CLOSE,12080.849609375,-8426.795128064783,2
2020-02-20,OPEN,12080.849609375,5846.716296999251,2
2020-02-24,ROLL_CALL,11829.400390625,0.0,2
2020-02-26,ROLL_CALL,11678.5,0.0,2
2020-02-27,ROLL_CALL,11633.2998046875,0.0,2
2020-02-27,STRADDLE_CLOSE,11633.2998046875,-26630.446909645198,2
2020-02-27,OPEN,11633.2998046875,5175.759150401987,2
2020-02-28,ROLL_CALL,11201.75,0.0,2
2020-03-02,ROLL_CALL,11132.75,0.0,2
2020-03-02,STRADDLE_CLOSE,11132.75,-39597.11937000098,2
2020-03-05,OPEN,11269.0,5733.261167509171,2
2020-03-06,ROLL_CALL,10989.4501953125,0.0,2
2020-03-12,COVER_CLOSE,9590.150390625,-167411.84544564498,2
2020-03-12,OPEN,9590.150390625,2801.6380205224605,1
2020-03-13,ROLL_PUT,9955.2001953125,0.0,1
2020-03-16,ROLL_CALL,9197.400390625,0.0,1
2020-03-17,ROLL_CALL,8967.0498046875,0.0,1
2020-03-17,STRADDLE_CLOSE,8967.0498046875,-43030.85733512875,1
2020-03-19,OPEN,8263.4501953125,5908.3306958723115,2
2020-03-20,ROLL_PUT,8745.4501953125,0.0,2
2020-03-23,ROLL_CALL,7610.25,0.0,2
2020-03-23,STRADDLE_CLOSE,7610.25,-120244.13551555094,2
2020-03-26,OPEN,8641.4501953125,2839.157872120699,1
2020-03-30,ROLL_CALL,8281.099609375,0.0,1
2020-03-31,ROLL_PUT,8597.75,0.0,1
2020-04-01,ROLL_CALL,8253.7998046875,0.0,1
2020-04-03,ROLL_CALL,8083.7998046875,0.0,1
2020-04-03,COVER_CLOSE,8083.7998046875,-2354.733041698521,1
2020-04-09,OPEN,9111.900390625,2807.0760480125946,1
2020-04-15,ROLL_CALL,8925.2998046875,0.0,1
2020-04-16,COVER_CLOSE,8992.7998046875,-185.5989724326553,1
2020-04-16,OPEN,8992.7998046875,2776.0720783875086,1
2020-04-17,ROLL_PUT,9266.75,0.0,1
2020-04-21,ROLL_CALL,8981.4501953125,0.0,1
2020-04-22,ROLL_PUT,9187.2998046875,0.0,1
2020-04-23,ROLL_PUT,9313.900390625,0.0,1
2020-04-23,COVER_CLOSE,9313.900390625,-389.32011520499316,1
2020-04-23,OPEN,9313.900390625,2723.1043293847642,1
2020-04-24,ROLL_CALL,9154.400390625,0.0,1
2020-04-28,ROLL_PUT,9380.900390625,0.0,1
2020-04-29,ROLL_PUT,9553.349609375,0.0,1
2020-04-30,ROLL_PUT,9859.900390625,0.0,1
2020-04-30,COVER_CLOSE,9859.900390625,-53.331135205423784,1
2020-04-30,OPEN,9859.900390625,2806.905750162795,1
2020-05-04,ROLL_CALL,9293.5,0.0,1
2020-05-05,ROLL_CALL,9205.599609375,0.0,1
2020-05-07,COVER_CLOSE,9199.0498046875,-2487.740799322121,1
2020-05-07,OPEN,9199.0498046875,2845.160185339542,1
2020-05-13,ROLL_PUT,9383.5498046875,0.0,1
2020-05-14,ROLL_CALL,9142.75,0.0,1
2020-05-14,COVER_CLOSE,9142.75,-173.34140648148372,1
2020-05-14,OPEN,9142.75,2905.4601934619554,1
2020-05-18,ROLL_CALL,8823.25,0.0,1
2020-05-20,ROLL_PUT,9066.5498046875,0.0,1
2020-05-21,COVER_CLOSE,9106.25,-3692.6055496740505,1
2020-05-21,OPEN,9106.25,2819.901116758611,1
2020-05-26,ROLL_CALL,9029.0498046875,0.0,1
2020-05-27,ROLL_PUT,9314.9501953125,0.0,1
2020-05-28,ROLL_PUT,9490.099609375,0.0,1
2020-05-28,COVER_CLOSE,9490.099609375,-5167.859565001512,1
2020-05-28,OPEN,9490.099609375,2871.7206130072173,1
2020-06-01,ROLL_PUT,9826.150390625,0.0,1
2020-06-02,ROLL_PUT,9979.099609375,0.0,1
2020-06-03,ROLL_PUT,10061.5498046875,0.0,1
2020-06-04,COVER_CLOSE,10029.099609375,-1347.5650511931906,1
2020-06-04,OPEN,10029.099609375,2638.2034001483566,1
2020-06-05,ROLL_PUT,10142.150390625,0.0,1
2020-06-09,ROLL_CALL,10046.650390625,0.0,1
2020-06-11,ROLL_CALL,9902.0,0.0,1
2020-06-11,COVER_CLOSE,9902.0,-2980.5337224048467,1
2020-06-11,OPEN,9902.0,2706.146989683574,1
2020-06-15,ROLL_CALL,9813.7001953125,0.0,1
2020-06-16,ROLL_PUT,9914.0,0.0,1
2020-06-18,ROLL_PUT,10091.650390625,0.0,1
2020-06-18,COVER_CLOSE,10091.650390625,-908.40478581767,1
2020-06-18,OPEN,10091.650390625,2992.851027092723,1
2020-06-19,ROLL_PUT,10244.400390625,0.0,1
2020-06-22,ROLL_PUT,10311.2001953125,0.0,1
2020-06-23,ROLL_PUT,10471.0,0.0,1
2020-06-24,ROLL_CALL,10305.2998046875,0.0,1
2020-06-25,COVER_CLOSE,10288.900390625,-8759.620382557014,1
2020-06-25,OPEN,10288.900390625,2862.3872296504023,1
2020-06-26,ROLL_PUT,10383.0,0.0,1
2020-06-30,ROLL_CALL,10302.099609375,0.0,1
2020-07-01,ROLL_PUT,10430.0498046875,0.0,1
2020-07-02,ROLL_PUT,10551.7001953125,0.0,1
2020-07-02,COVER_CLOSE,10551.7001953125,-4483.833164447136,1
2020-07-02,OPEN,10551.7001953125,2651.406426341011,1
2020-07-06,ROLL_PUT,10763.650390625,0.0,1
2020-07-09,ROLL_PUT,10813.4501953125,0.0,1
2020-07-09,COVER_CLOSE,10813.4501953125,-1951.0516296914582,1
2020-07-09,OPEN,10813.4501953125,2974.7778783308763,1
2020-07-14,ROLL_CALL,10607.349609375,0.0,1
2020-07-16,ROLL_PUT,10739.9501953125,0.0,1
2020-07-16,COVER_CLOSE,10739.9501953125,-5550.373444934617,1
2020-07-16,OPEN,10739.9501953125,2801.9063200591186,1
2020-07-17,ROLL_PUT,10901.7001953125,0.0,1
2020-07-20,ROLL_PUT,11022.2001953125,0.0,1
2020-07-21,ROLL_PUT,11162.25,0.0,1
2020-07-21,STRADDLE_CLOSE,11162.25,-12744.503268024358,1
2020-07-23,OPEN,11215.4501953125,2527.0933708557363,1
2020-07-27,ROLL_CALL,11131.7998046875,0.0,1
2020-07-28,ROLL_PUT,11300.5498046875,0.0,1
2020-07-29,ROLL_CALL,11202.849609375,0.0,1
2020-07-30,ROLL_CALL,11102.150390625,0.0,1
2020-07-30,STRADDLE_CLOSE,11102.150390625,-10073.18458478446,1
2020-07-30,OPEN,11102.150390625,2779.860447831374,1
2020-08-03,ROLL_CALL,10891.599609375,0.0,1
2020-08-04,ROLL_PUT,11095.25,0.0,1
2020-08-06,ROLL_PUT,11200.150390625,0.0,1
2020-08-06,STRADDLE_CLOSE,11200.150390625,-14540.37976309374,1
2020-08-06,OPEN,11200.150390625,2679.2398476997787,1
2020-08-10,ROLL_PUT,11270.150390625,0.0,1
2020-08-11,ROLL_PUT,11322.5,0.0,1
2020-08-13,COVER_CLOSE,11300.4501953125,-561.0509494207661,1
2020-08-13,OPEN,11300.4501953125,2858.4211733433485,1
2020-08-14,ROLL_CALL,11178.400390625,0.0,1
2020-08-18,ROLL_PUT,11385.349609375,0.0,1
2020-08-20,COVER_CLOSE,11312.2001953125,-6039.078606481155,1
2020-08-20,OPEN,11312.2001953125,2661.782841771018,1
2020-08-21,ROLL_PUT,11371.599609375,0.0,1
2020-08-24,ROLL_PUT,11466.4501953125,0.0,1
2020-08-26,ROLL_PUT,11549.599609375,0.0,1
2020-08-27,COVER_CLOSE,11559.25,-2558.2038855705773,1
2020-08-27,OPEN,11559.25,2435.6442168527137,1
2020-08-28,ROLL_PUT,11647.599609375,0.0,1
2020-08-31,ROLL_CALL,11387.5,0.0,1
2020-08-31,STRADDLE_CLOSE,11387.5,-13179.599782057561,1
2020-09-03,OPEN,11527.4501953125,2816.7986845249143,1
2020-09-04,ROLL_CALL,11333.849609375,0.0,1
2020-09-08,ROLL_CALL,11317.349609375,0.0,1
2020-09-10,ROLL_PUT,11449.25,0.0,1
2020-09-10,STRADDLE_CLOSE,11449.25,-13086.75024815207,1
2020-09-10,OPEN,11449.25,2519.453437674559,1
2020-09-15,ROLL_PUT,11521.7998046875,0.0,1
2020-09-16,ROLL_PUT,11604.5498046875,0.0,1
2020-09-17,ROLL_CALL,11516.099609375,0.0,1
2020-09-17,COVER_CLOSE,11516.099609375,-2378.5524515385373,1
2020-09-17,OPEN,11516.099609375,2638.308484900591,1
2020-09-21,ROLL_CALL,11250.5498046875,0.0,1
2020-09-22,ROLL_CALL,11153.650390625,0.0,1
2020-09-22,STRADDLE_CLOSE,11153.650390625,-12990.943473141873,1
2020-09-24,OPEN,10805.5498046875,2700.4001481966393,1
2020-09-25,ROLL_PUT,11050.25,0.0,1
2020-09-28,ROLL_PUT,11227.5498046875,0.0,1
2020-10-01,ROLL_PUT,11416.9501953125,0.0,1
2020-10-01,STRADDLE_CLOSE,11416.9501953125,-18932.69516853485,1
2020-10-01,OPEN,11416.9501953125,2830.0857554428503,1
2020-10-05,ROLL_PUT,11503.349609375,0.0,1
2020-10-06,ROLL_PUT,11662.400390625,0.0,1
2020-10-07,ROLL_PUT,11738.849609375,0.0,1
2020-10-08,ROLL_PUT,11834.599609375,0.0,1
2020-10-08,COVER_CLOSE,11834.599609375,-4992.8366887837665,1
2020-10-08,OPEN,11834.599609375,2823.814629653279,1
2020-10-12,ROLL_PUT,11930.9501953125,0.0,1
2020-10-14,ROLL_PUT,11971.0498046875,0.0,1
2020-10-15,ROLL_CALL,11680.349609375,0.0,1
2020-10-15,COVER_CLOSE,11680.349609375,-5811.74121525672,1
2020-10-15,OPEN,11680.349609375,2886.4479398893427,1
2020-10-19,ROLL_PUT,11873.0498046875,0.0,1
2020-10-21,ROLL_PUT,11937.650390625,0.0,1
2020-10-22,COVER_CLOSE,11896.4501953125,-1213.5592456694847,1
2020-10-22,OPEN,11896.4501953125,2987.6729277009513,1
2020-10-26,ROLL_CALL,11767.75,0.0,1
2020-10-27,ROLL_PUT,11889.400390625,0.0,1
2020-10-28,ROLL_CALL,11729.599609375,0.0,1
2020-10-29,ROLL_CALL,11670.7998046875,0.0,1
2020-10-29,COVER_CLOSE,11670.7998046875,-3474.0526413564394,1
2020-10-29,OPEN,11670.7998046875,2754.2100348500053,1
2020-11-03,ROLL_PUT,11813.5,0.0,1
2020-11-04,ROLL_PUT,11908.5,0.0,1
2020-11-05,ROLL_PUT,12120.2998046875,0.0,1
2020-11-05,COVER_CLOSE,12120.2998046875,-10331.742657136248,1
2020-11-05,OPEN,12120.2998046875,2782.414093402071,1
2020-11-06,ROLL_PUT,12263.5498046875,0.0,1
2020-11-09,ROLL_PUT,12461.0498046875,0.0,1
2020-11-10,ROLL_PUT,12631.099609375,0.0,1
2020-11-10,STRADDLE_CLOSE,12631.099609375,-18557.788152197307,1
2020-11-12,OPEN,12690.7998046875,2714.020732146302,1
2020-11-17,ROLL_PUT,12874.2001953125,0.0,1
2020-11-18,ROLL_PUT,12938.25,0.0,1
2020-11-19,ROLL_CALL,12771.7001953125,0.0,1
2020-11-19,COVER_CLOSE,12771.7001953125,-9015.732689295668,1
2020-11-19,OPEN,12771.7001953125,3065.4505012078102,1
2020-11-20,ROLL_PUT,12859.0498046875,0.0,1
2020-11-23,ROLL_PUT,12926.4501953125,0.0,1
2020-11-24,ROLL_PUT,13055.150390625,0.0,1
2020-11-25,ROLL_CALL,12858.400390625,0.0,1
2020-11-26,ROLL_PUT,12987.0,0.0,1
2020-11-26,STRADDLE_CLOSE,12987.0,-10212.733223345476,1
2020-11-26,OPEN,12987.0,2687.37178743013,1
2020-12-01,ROLL_PUT,13109.0498046875,0.0,1
2020-12-03,COVER_CLOSE,13133.900390625,-985.5443126589665,1
2020-12-03,OPEN,13133.900390625,2763.1826216304676,1
2020-12-04,ROLL_PUT,13258.5498046875,0.0,1
2020-12-07,ROLL_PUT,13355.75,0.0,1
2020-12-09,ROLL_PUT,13529.099609375,0.0,1
2020-12-10,COVER_CLOSE,13478.2998046875,-6111.001355971133,1
2020-12-10,OPEN,13478.2998046875,2445.3486758167355,1
2020-12-14,ROLL_PUT,13558.150390625,0.0,1
2020-12-16,ROLL_PUT,13682.7001953125,0.0,1
2020-12-17,ROLL_PUT,13740.7001953125,0.0,1
2020-12-17,COVER_CLOSE,13740.7001953125,-3158.6507142608084,1
2020-12-17,OPEN,13740.7001953125,2741.784720970058,1
2020-12-21,ROLL_CALL,13328.400390625,0.0,1
2020-12-21,STRADDLE_CLOSE,13328.400390625,-20989.310284040366,1
2020-12-24,OPEN,13749.25,2751.686975118894,1
2020-12-28,ROLL_PUT,13873.2001953125,0.0,1
2020-12-29,ROLL_PUT,13932.599609375,0.0,1
2020-12-30,ROLL_PUT,13981.9501953125,0.0,1
2020-12-31,COVER_CLOSE,13981.75,-1919.5759508338836,1
2020-12-31,OPEN,13981.75,2617.946812362812,1
2021-01-04,ROLL_PUT,14132.900390625,0.0,1
2021-01-05,ROLL_PUT,14199.5,0.0,1
2021-01-07,COVER_CLOSE,14137.349609375,-1978.9406308329217,1
2021-01-07,OPEN,14137.349609375,2972.019529559954,1
2021-01-08,ROLL_PUT,14347.25,0.0,1
2021-01-11,ROLL_PUT,14484.75,0.0,1
2021-01-12,ROLL_PUT,14563.4501953125,0.0,1
2021-01-14,COVER_CLOSE,14595.599609375,-8467.10094080286,1
2021-01-14,OPEN,14595.599609375,2790.924942328972,1
2021-01-15,ROLL_CALL,14433.7001953125,0.0,1
2021-01-18,ROLL_CALL,14281.2998046875,0.0,1
2021-01-19,ROLL_PUT,14521.150390625,0.0,1
2021-01-20,ROLL_PUT,14644.7001953125,0.0,1
2021-01-20,STRADDLE_CLOSE,14644.7001953125,-13968.295736100301,1
2021-01-21,OPEN,14590.349609375,2806.542544488936,1
2021-01-22,ROLL_CALL,14371.900390625,0.0,1
2021-01-25,ROLL_CALL,14238.900390625,0.0,1
2021-01-28,COVER_CLOSE,13817.5498046875,-26911.49330649331,1
2021-01-28,OPEN,13817.5498046875,2560.08110837798,1
2021-01-29,ROLL_CALL,13634.599609375,0.0,1
2021-02-04,COVER_CLOSE,14895.650390625,-56355.22666402769,1
2021-02-04,OPEN,14895.650390625,2689.7219268221575,1
2021-02-08,ROLL_PUT,15115.7998046875,0.0,1
2021-02-11,COVER_CLOSE,15173.2998046875,-873.780089524264,1
2021-02-11,OPEN,15173.2998046875,2812.5261422211306,1
2021-02-15,ROLL_PUT,15314.7001953125,0.0,1
2021-02-17,ROLL_CALL,15208.900390625,0.0,1
2021-02-18,ROLL_CALL,15118.9501953125,0.0,1
2021-02-18,COVER_CLOSE,15118.9501953125,-912.0594022405539,1
2021-02-18,OPEN,15118.9501953125,2782.708686812179,1
2021-02-19,ROLL_CALL,14981.75,0.0,1
2021-02-22,ROLL_CALL,14675.7001953125,0.0,1
2021-02-24,ROLL_PUT,14982.0,0.0,1
2021-02-25,ROLL_PUT,15097.349609375,0.0,1
2021-02-25,COVER_CLOSE,15097.349609375,-8405.623733743236,1
2021-02-25,OPEN,15097.349609375,2575.0166460583864,1
2021-02-26,ROLL_CALL,14529.150390625,0.0,1
2021-03-01,ROLL_PUT,14761.5498046875,0.0,1
2021-03-02,ROLL_PUT,14919.099609375,0.0,1
2021-03-03,ROLL_PUT,15245.599609375,0.0,1
2021-03-03,STRADDLE_CLOSE,15245.599609375,-25655.086070499758,1
2021-03-04,OPEN,15080.75,2679.17711047664,1
2021-03-05,ROLL_CALL,14938.099609375,0.0,1
2021-03-09,ROLL_PUT,15098.400390625,0.0,1
2021-03-10,ROLL_PUT,15174.7998046875,0.0,1
2021-03-12,ROLL_CALL,15030.9501953125,0.0,1
2021-03-12,COVER_CLOSE,15030.9501953125,-1768.137727615534,1
2021-03-18,OPEN,14557.849609375,2806.876207110317,1
2021-03-19,ROLL_PUT,14744.0,0.0,1
2021-03-23,ROLL_PUT,14814.75,0.0,1
2021-03-24,ROLL_CALL,14549.400390625,0.0,1
2021-03-25,ROLL_CALL,14324.900390625,0.0,1
2021-03-25,COVER_CLOSE,14324.900390625,-7393.235087261482,1
2021-03-25,OPEN,14324.900390625,2807.565403295768,1
2021-03-26,ROLL_PUT,14507.2998046875,0.0,1
2021-03-30,ROLL_PUT,14845.099609375,0.0,1
2021-03-31,ROLL_CALL,14690.7001953125,0.0,1
2021-04-01,ROLL_PUT,14867.349609375,0.0,1
2021-04-01,COVER_CLOSE,14867.349609375,-6949.791385634556,1
2021-04-01,OPEN,14867.349609375,2593.1282819602993,1
2021-04-05,ROLL_CALL,14637.7998046875,0.0,1
2021-04-07,ROLL_PUT,14819.0498046875,0.0,1
2021-04-08,ROLL_PUT,14873.7998046875,0.0,1
2021-04-08,COVER_CLOSE,14873.7998046875,-2339.192656896099,1
2021-04-08,OPEN,14873.7998046875,2866.622056801481,1
2021-04-12,ROLL_CALL,14310.7998046875,0.0,1
2021-04-13,ROLL_PUT,14504.7998046875,0.0,1
2021-04-15,COVER_CLOSE,14581.4501953125,-19189.2012930836,1
2021-04-15,OPEN,14581.4501953125,2910.0443026094167,1
2021-04-19,ROLL_CALL,14359.4501953125,0.0,1
2021-04-20,ROLL_CALL,14296.400390625,0.0,1
2021-04-22,ROLL_PUT,14406.150390625,0.0,1
2021-04-22,COVER_CLOSE,14406.150390625,-2242.308881263548,1
2021-04-22,OPEN,14406.150390625,2898.958809045119,1
2021-04-27,ROLL_PUT,14653.0498046875,0.0,1
2021-04-28,ROLL_PUT,14864.5498046875,0.0,1
2021-04-29,COVER_CLOSE,14894.900390625,-2739.5520530133313,1
2021-04-29,OPEN,14894.900390625,2794.904593530191,1
2021-04-30,ROLL_CALL,14631.099609375,0.0,1
2021-05-04,ROLL_CALL,14496.5,0.0,1
2021-05-05,ROLL_PUT,14617.849609375,0.0,1
2021-05-06,ROLL_PUT,14724.7998046875,0.0,1
2021-05-06,COVER_CLOSE,14724.7998046875,-4686.346780685983,1
2021-05-06,OPEN,14724.7998046875,2644.299801126812,1
2021-05-07,ROLL_PUT,14823.150390625,0.0,1
2021-05-10,ROLL_PUT,14942.349609375,0.0,1
2021-05-12,ROLL_CALL,14696.5,0.0,1
2021-05-14,COVER_CLOSE,14677.7998046875,-639.3317742128289,1
2021-05-20,OPEN,14906.0498046875,2786.413022604561,1
2021-05-21,ROLL_PUT,15175.2998046875,0.0,1
2021-05-26,ROLL_PUT,15301.4501953125,0.0,1
2021-05-27,COVER_CLOSE,15337.849609375,-4941.997525186463,1
2021-05-27,OPEN,15337.849609375,2735.7673943760565,1
2021-05-28,ROLL_PUT,15435.650390625,0.0,1
2021-05-31,ROLL_PUT,15582.7998046875,0.0,1
2021-06-03,ROLL_PUT,15690.349609375,0.0,1
2021-06-03,COVER_CLOSE,15690.349609375,-2094.84310989355,1
2021-06-03,OPEN,15690.349609375,2945.381084394501,1
2021-06-09,ROLL_CALL,15635.349609375,0.0,1
2021-06-10,ROLL_PUT,15737.75,0.0,1
2021-06-10,COVER_CLOSE,15737.75,-1517.6734570729654,1
2021-06-10,OPEN,15737.75,2812.5517665303723,1
2021-06-14,ROLL_PUT,15811.849609375,0.0,1
2021-06-15,ROLL_PUT,15869.25,0.0,1
2021-06-16,ROLL_CALL,15767.5498046875,0.0,1
2021-06-17,ROLL_CALL,15691.400390625,0.0,1
2021-06-17,COVER_CLOSE,15691.400390625,-1933.8261473132668,1
2021-06-17,OPEN,15691.400390625,2720.2019000587457,1
2021-06-21,ROLL_PUT,15746.5,0.0,1
2021-06-23,ROLL_CALL,15686.9501953125,0.0,1
2021-06-24,ROLL_PUT,15790.4501953125,0.0,1
2021-06-24,COVER_CLOSE,15790.4501953125,-2286.310319586392,1
2021-06-24,OPEN,15790.4501953125,2622.360959019567,1
2021-06-25,ROLL_PUT,15860.349609375,0.0,1
2021-06-29,ROLL_CALL,15748.4501953125,0.0,1
2021-06-30,ROLL_CALL,15721.5,0.0,1
2021-06-30,STRADDLE_CLOSE,15721.5,-3753.453485016969,1
2021-07-01,OPEN,15680.0,1728.2522317112055,1
2021-07-02,ROLL_PUT,15722.2001953125,0.0,1
2021-07-05,ROLL_PUT,15834.349609375,0.0,1
2021-07-05,STRADDLE_CLOSE,15834.349609375,-4568.3054619767845,1
2021-07-08,OPEN,15727.900390625,1739.5924815101794,1
2021-07-09,ROLL_CALL,15689.7998046875,0.0,1
2021-07-13,ROLL_PUT,15812.349609375,0.0,1
2021-07-14,ROLL_PUT,15853.9501953125,0.0,1
2021-07-14,STRADDLE_CLOSE,15853.9501953125,-3212.3781078444254,1
2021-07-15,OPEN,15924.2001953125,1708.8802631843844,1
2021-07-19,ROLL_CALL,15752.400390625,0.0,1
2021-07-19,STRADDLE_CLOSE,15752.400390625,-5676.656846192126,1
2021-07-22,OPEN,15824.0498046875,1746.2970132817045,1
2021-07-27,ROLL_CALL,15746.4501953125,0.0,1
2021-07-28,ROLL_CALL,15709.400390625,0.0,1
2021-07-29,ROLL_PUT,15778.4501953125,0.0,1
2021-07-29,COVER_CLOSE,15778.4501953125,-1388.013411445767,1
2021-07-29,OPEN,15778.4501953125,1866.1977986208149,1
2021-08-02,ROLL_PUT,15885.150390625,0.0,1
2021-08-03,ROLL_PUT,16130.75,0.0,1
2021-08-03,STRADDLE_CLOSE,16130.75,-9156.93839370004,1
2021-08-05,OPEN,16294.599609375,1812.6966454199064,1
2021-08-06,ROLL_CALL,16238.2001953125,0.0,1
2021-08-12,ROLL_PUT,16364.400390625,0.0,1
2021-08-12,COVER_CLOSE,16364.400390625,-895.2641814902613,1
2021-08-12,OPEN,16364.400390625,1778.6223901315666,1
2021-08-13,ROLL_PUT,16529.099609375,0.0,1
2021-08-17,ROLL_PUT,16614.599609375,0.0,1
2021-08-20,ROLL_CALL,16450.5,0.0,1
2021-08-20,STRADDLE_CLOSE,16450.5,-5173.021760997659,1
2021-08-26,OPEN,16636.900390625,1711.6237915009265,1
2021-08-30,ROLL_PUT,16931.05078125,0.0,1
2021-08-30,STRADDLE_CLOSE,16931.05078125,-7110.137858723996,1
2021-09-02,OPEN,17234.150390625,1923.221806864472,1
2021-09-03,ROLL_PUT,17323.599609375,0.0,1
2021-09-06,ROLL_PUT,17377.80078125,0.0,1
2021-09-09,COVER_CLOSE,17369.25,-1677.8816719799281,1
2021-09-09,OPEN,17369.25,1848.0254385222947,1
2021-09-15,ROLL_PUT,17519.44921875,0.0,1
2021-09-16,ROLL_PUT,17629.5,0.0,1
2021-09-16,STRADDLE_CLOSE,17629.5,-3185.0809831978277,1
2021-09-16,OPEN,17629.5,1941.2817011916045,1
2021-09-20,ROLL_CALL,17396.900390625,0.0,1
2021-09-20,STRADDLE_CLOSE,17396.900390625,-5959.355671572548,1
2021-09-23,OPEN,17822.94921875,1775.8898082898484,1
2021-09-28,ROLL_CALL,17748.599609375,0.0,1
2021-09-29,ROLL_CALL,17711.30078125,0.0,1
2021-09-30,ROLL_CALL,17618.150390625,0.0,1
2021-09-30,COVER_CLOSE,17618.150390625,-1877.5815120578854,1
2021-09-30,OPEN,17618.150390625,1797.6699596633694,1
2021-10-01,ROLL_CALL,17532.05078125,0.0,1
2021-10-04,ROLL_PUT,17691.25,0.0,1
2021-10-05,ROLL_PUT,17822.30078125,0.0,1
2021-10-05,STRADDLE_CLOSE,17822.30078125,-6107.380351502914,1
2021-10-07,OPEN,17790.349609375,1617.4467861391345,1
2021-10-08,ROLL_PUT,17895.19921875,0.0,1
2021-10-11,ROLL_PUT,17945.94921875,0.0,1
2021-10-13,ROLL_PUT,18161.75,0.0,1
2021-10-14,ROLL_PUT,18338.55078125,0.0,1
2021-10-14,STRADDLE_CLOSE,18338.55078125,-8271.594690091912,1
2021-10-14,OPEN,18338.55078125,1696.7885165399466,1
2021-10-18,ROLL_PUT,18477.05078125,0.0,1
2021-10-20,ROLL_CALL,18266.599609375,0.0,1
2021-10-21,ROLL_CALL,18178.099609375,0.0,1
2021-10-21,COVER_CLOSE,18178.099609375,-3754.847075461231,1
2021-10-21,OPEN,18178.099609375,1704.304252128194,1
2021-10-25,ROLL_CALL,18125.400390625,0.0,1
2021-10-26,ROLL_PUT,18268.400390625,0.0,1
2021-10-28,ROLL_CALL,17857.25,0.0,1
2021-10-28,STRADDLE_CLOSE,17857.25,-10049.98745737561,1
2021-10-28,OPEN,17857.25,1771.3865118440424,1
2021-10-29,ROLL_CALL,17671.650390625,0.0,1
2021-11-01,ROLL_PUT,17929.650390625,0.0,1
2021-11-04,COVER_CLOSE,17916.80078125,-3068.0607671886473,1
2021-11-04,OPEN,17916.80078125,1795.057886667321,1
2021-11-08,ROLL_PUT,18068.55078125,0.0,1
2021-11-11,ROLL_CALL,17873.599609375,0.0,1
2021-11-11,COVER_CLOSE,17873.599609375,-2455.4052892234954,1
2021-11-11,OPEN,17873.599609375,1683.452763740474,1
2021-11-12,ROLL_PUT,18102.75,0.0,1
2021-11-16,ROLL_CALL,17999.19921875,0.0,1
2021-11-17,ROLL_CALL,17898.650390625,0.0,1
2021-11-18,ROLL_CALL,17764.80078125,0.0,1
2021-11-18,COVER_CLOSE,17764.80078125,-4813.317449799136,1
2021-11-18,OPEN,17764.80078125,1626.0739891530482,1
2021-11-22,ROLL_CALL,17416.55078125,0.0,1
2021-11-25,ROLL_PUT,17536.25,0.0,1
2021-11-25,COVER_CLOSE,17536.25,-4947.071995176293,1
2021-11-25,OPEN,17536.25,1918.6752383467528,1
2021-11-26,ROLL_CALL,17026.44921875,0.0,1
2021-11-30,ROLL_CALL,16983.19921875,0.0,1
2021-12-01,ROLL_PUT,17166.900390625,0.0,1
2021-12-01,STRADDLE_CLOSE,17166.900390625,-12002.101545848822,1
2021-12-02,OPEN,17401.650390625,1769.1736123812148,1
2021-12-03,ROLL_CALL,17196.69921875,0.0,1
2021-12-06,ROLL_CALL,16912.25,0.0,1
2021-12-07,ROLL_PUT,17176.69921875,0.0,1
2021-12-08,ROLL_PUT,17469.75,0.0,1
2021-12-08,STRADDLE_CLOSE,17469.75,-21217.154030740785,1
2021-12-09,OPEN,17516.849609375,1753.9400145959912,1
2021-12-13,ROLL_CALL,17368.25,0.0,1
2021-12-15,ROLL_CALL,17221.400390625,0.0,1
2021-12-16,COVER_CLOSE,17248.400390625,-926.4445627165168,1
2021-12-16,OPEN,17248.400390625,1723.4968471670925,1
2021-12-17,ROLL_CALL,16985.19921875,0.0,1
2021-12-20,ROLL_CALL,16614.19921875,0.0,1
2021-12-22,ROLL_PUT,16955.44921875,0.0,1
2021-12-23,ROLL_PUT,17072.599609375,0.0,1
2021-12-23,STRADDLE_CLOSE,17072.599609375,-15842.439989874807,1
2021-12-23,OPEN,17072.599609375,1896.3038300660846,1
2021-12-28,ROLL_PUT,17233.25,0.0,1
2021-12-30,COVER_CLOSE,17203.94921875,-118.59853570556757,1
2021-12-30,OPEN,17203.94921875,1767.122974025114,1
2021-12-31,ROLL_PUT,17354.05078125,0.0,1
2022-01-03,ROLL_PUT,17625.69921875,0.0,1
2022-01-04,ROLL_PUT,17805.25,0.0,1
2022-01-05,ROLL_PUT,17925.25,0.0,1
2022-01-06,ROLL_CALL,17745.900390625,0.0,1
2022-01-06,COVER_CLOSE,17745.900390625,-9208.839904865854,1
2022-01-06,OPEN,17745.900390625,1894.396165471977,1
2022-01-10,ROLL_PUT,18003.30078125,0.0,1
2022-01-12,ROLL_PUT,18212.349609375,0.0,1
2022-01-13,COVER_CLOSE,18257.80078125,-3231.3599058990867,1
2022-01-13,OPEN,18257.80078125,1652.4542716251674,1
2022-01-17,ROLL_PUT,18308.099609375,0.0,1
2022-01-18,ROLL_CALL,18113.05078125,0.0,1
2022-01-19,ROLL_CALL,17938.400390625,0.0,1
2022-01-20,ROLL_CALL,17757.0,0.0,1
2022-01-20,COVER_CLOSE,17757.0,-2911.8482479268496,1
2022-01-20,OPEN,17757.0,1715.487826223588,1
2022-01-21,ROLL_CALL,17617.150390625,0.0,1
2022-01-24,ROLL_CALL,17149.099609375,0.0,1
2022-01-24,STRADDLE_CLOSE,17149.099609375,-17767.270844258917,1
2022-01-27,OPEN,17110.150390625,1835.987051522801,1
2022-01-31,ROLL_PUT,17339.849609375,0.0,1
2022-02-01,ROLL_PUT,17576.849609375,0.0,1
2022-02-02,ROLL_PUT,17780.0,0.0,1
2022-02-03,ROLL_CALL,17560.19921875,0.0,1
2022-02-03,STRADDLE_CLOSE,17560.19921875,-11859.120479332727,1
2022-02-03,OPEN,17560.19921875,1738.12448333967,1
2022-02-07,ROLL_CALL,17213.599609375,0.0,1
2022-02-09,ROLL_PUT,17463.80078125,0.0,1
2022-02-10,ROLL_PUT,17605.849609375,0.0,1
2022-02-10,COVER_CLOSE,17605.849609375,-6057.706176633021,1
2022-02-10,OPEN,17605.849609375,1754.1593127979431,1
2022-02-11,ROLL_CALL,17374.75,0.0,1
2022-02-14,ROLL_CALL,16842.80078125,0.0,1
2022-02-17,COVER_CLOSE,17304.599609375,-17097.994330526297,1
2022-02-17,OPEN,17304.599609375,1802.743988263951,1
2022-02-21,ROLL_CALL,17206.650390625,0.0,1
2022-02-22,ROLL_CALL,17092.19921875,0.0,1
2022-02-24,ROLL_CALL,16247.9501953125,0.0,1
2022-02-24,COVER_CLOSE,16247.9501953125,-13393.140766830613,1
2022-02-24,OPEN,16247.9501953125,1810.3800617382583,1
2022-02-25,ROLL_PUT,16658.400390625,0.0,1
2022-02-28,ROLL_PUT,16793.900390625,0.0,1
2022-03-02,ROLL_CALL,16605.94921875,0.0,1
2022-03-03,ROLL_CALL,16498.05078125,0.0,1
2022-03-03,COVER_CLOSE,16498.05078125,-2875.1359388635697,1
2022-03-03,OPEN,16498.05078125,1670.3595656005816,1
2022-03-04,ROLL_CALL,16245.349609375,0.0,1
2022-03-07,ROLL_CALL,15863.150390625,0.0,1
2022-03-09,ROLL_PUT,16345.349609375,0.0,1
2022-03-10,ROLL_PUT,16594.900390625,0.0,1
2022-03-10,COVER_CLOSE,16594.900390625,-12314.7745932207,1
2022-03-10,OPEN,16594.900390625,1838.9374255105033,1
2022-03-14,ROLL_PUT,16871.30078125,0.0,1
2022-03-15,ROLL_CALL,16663.0,0.0,1
2022-03-16,ROLL_PUT,16975.349609375,0.0,1
2022-03-17,ROLL_PUT,17287.05078125,0.0,1
2022-03-17,COVER_CLOSE,17287.05078125,-2900.6552109380864,1
2022-03-17,OPEN,17287.05078125,1831.9191207475176,1
2022-03-21,ROLL_CALL,17117.599609375,0.0,1
2022-03-22,ROLL_PUT,17315.5,0.0,1
2022-03-24,COVER_CLOSE,17222.75,-619.4555263655963,1
2022-03-24,OPEN,17222.75,1733.3272900731004,1
2022-03-29,ROLL_PUT,17325.30078125,0.0,1
2022-03-30,ROLL_PUT,17498.25,0.0,1
2022-03-31,COVER_CLOSE,17464.75,-15.391128627521693,1
2022-03-31,OPEN,17464.75,1824.7428691170455,1
2022-04-01,ROLL_PUT,17670.44921875,0.0,1
2022-04-04,ROLL_PUT,18053.400390625,0.0,1
2022-04-06,ROLL_CALL,17807.650390625,0.0,1
2022-04-07,ROLL_CALL,17639.55078125,0.0,1
2022-04-07,COVER_CLOSE,17639.55078125,-7859.104898681403,1
2022-04-07,OPEN,17639.55078125,1716.8753812009206,1
2022-04-08,ROLL_PUT,17784.349609375,0.0,1
2022-04-11,ROLL_CALL,17674.94921875,0.0,1
2022-04-12,ROLL_CALL,17530.30078125,0.0,1
2022-04-13,ROLL_CALL,17475.650390625,0.0,1
2022-04-18,ROLL_CALL,17173.650390625,0.0,1
2022-04-18,COVER_CLOSE,17173.650390625,-2360.4622437394055,1
2022-04-21,OPEN,17392.599609375,1782.3437600230595,1
2022-04-22,ROLL_CALL,17171.94921875,0.0,1
2022-04-25,ROLL_CALL,16953.94921875,0.0,1
2022-04-26,ROLL_PUT,17200.80078125,0.0,1
2022-04-27,ROLL_CALL,17038.400390625,0.0,1
2022-04-28,ROLL_PUT,17245.05078125,0.0,1
2022-04-28,STRADDLE_CLOSE,17245.05078125,-17150.14569987899,1
2022-04-28,OPEN,17245.05078125,1696.0090947005697,1
2022-04-29,ROLL_CALL,17102.55078125,0.0,1
2022-05-02,ROLL_CALL,17069.099609375,0.0,1
2022-05-04,ROLL_CALL,16677.599609375,0.0,1
2022-05-05,COVER_CLOSE,16682.650390625,-2623.027567245788,1
2022-05-05,OPEN,16682.650390625,1830.5798573143813,1
2022-05-06,ROLL_CALL,16411.25,0.0,1
2022-05-09,ROLL_CALL,16301.849609375,0.0,1
2022-05-10,ROLL_CALL,16240.0498046875,0.0,1
2022-05-11,ROLL_CALL,16167.099609375,0.0,1
2022-05-12,ROLL_CALL,15808.0,0.0,1
2022-05-12,STRADDLE_CLOSE,15808.0,-14985.587060342084,1
2022-05-12,OPEN,15808.0,1834.2773830987937,1
2022-05-17,ROLL_PUT,16259.2998046875,0.0,1
2022-05-19,ROLL_CALL,15809.400390625,0.0,1
2022-05-19,COVER_CLOSE,15809.400390625,-14392.83481274839,1
2022-05-19,OPEN,15809.400390625,1806.7802440054131,1
2022-05-20,ROLL_PUT,16266.150390625,0.0,1
2022-05-25,ROLL_CALL,16025.7998046875,0.0,1
2022-05-26,ROLL_PUT,16170.150390625,0.0,1
2022-05-26,COVER_CLOSE,16170.150390625,-5043.826384754784,1
2022-05-26,OPEN,16170.150390625,1691.1271821955556,1
2022-05-27,ROLL_PUT,16352.4501953125,0.0,1
2022-05-30,ROLL_PUT,16661.400390625,0.0,1
2022-06-02,COVER_CLOSE,16628.0,-1549.4564334429242,1
2022-06-02,OPEN,16628.0,1736.8806352621077,1
2022-06-07,ROLL_CALL,16416.349609375,0.0,1
2022-06-08,ROLL_CALL,16356.25,0.0,1
2022-06-09,ROLL_PUT,16478.099609375,0.0,1
2022-06-09,COVER_CLOSE,16478.099609375,-585.353250330513,1
2022-06-09,OPEN,16478.099609375,1743.5347959331007,1
2022-06-10,ROLL_CALL,16201.7998046875,0.0,1
2022-06-13,ROLL_CALL,15774.400390625,0.0,1
2022-06-15,ROLL_CALL,15692.150390625,0.0,1
2022-06-16,ROLL_CALL,15360.599609375,0.0,1
2022-06-16,STRADDLE_CLOSE,15360.599609375,-18905.798375399,1
2022-06-16,OPEN,15360.599609375,1900.645646923428,1
2022-06-17,ROLL_CALL,15293.5,0.0,1
2022-06-21,ROLL_PUT,15638.7998046875,0.0,1
2022-06-22,ROLL_CALL,15413.2998046875,0.0,1
2022-06-23,ROLL_PUT,15556.650390625,0.0,1
2022-06-23,COVER_CLOSE,15556.650390625,-3668.5789189278544,1
2022-06-23,OPEN,15556.650390625,1857.2832379659458,1
2022-06-24,ROLL_PUT,15699.25,0.0,1
2022-06-27,ROLL_PUT,15832.0498046875,0.0,1
2022-06-30,COVER_CLOSE,15780.25,-643.4759703564084,1
2022-06-30,OPEN,15780.25,1914.404032164657,1
2022-07-06,ROLL_PUT,15989.7998046875,0.0,1
2022-07-07,ROLL_PUT,16132.900390625,0.0,1
2022-07-07,COVER_CLOSE,16132.900390625,-2294.223439587653,1
2022-07-07,OPEN,16132.900390625,1743.2059066902284,1
2022-07-08,ROLL_PUT,16220.599609375,0.0,1
2022-07-12,ROLL_CALL,16058.2998046875,0.0,1
2022-07-13,ROLL_CALL,15966.650390625,0.0,1
2022-07-14,ROLL_CALL,15938.650390625,0.0,1
2022-07-14,COVER_CLOSE,15938.650390625,-246.99711643978318,1
2022-07-14,OPEN,15938.650390625,1680.6932152722247,1
2022-07-15,ROLL_PUT,16049.2001953125,0.0,1
2022-07-18,ROLL_PUT,16278.5,0.0,1
2022-07-19,ROLL_PUT,16340.5498046875,0.0,1
2022-07-20,ROLL_PUT,16520.849609375,0.0,1
2022-07-20,STRADDLE_CLOSE,16520.849609375,-8274.317179694017,1
2022-07-21,OPEN,16605.25,1928.1402375657258,1
2022-07-22,ROLL_PUT,16719.44921875,0.0,1
2022-07-25,ROLL_CALL,16631.0,0.0,1
2022-07-26,ROLL_CALL,16483.849609375,0.0,1
2022-07-26,STRADDLE_CLOSE,16483.849609375,-7766.797576222088,1
2022-07-28,OPEN,16929.599609375,1657.5219795375635,1
2022-07-29,ROLL_PUT,17158.25,0.0,1
2022-08-01,ROLL_PUT,17340.05078125,0.0,1
2022-08-04,COVER_CLOSE,17382.0,-4711.077871901395,1
2022-08-04,OPEN,17382.0,1731.8932648818038,1
2022-08-08,ROLL_PUT,17525.099609375,0.0,1
2022-08-11,ROLL_PUT,17659.0,0.0,1
2022-08-11,COVER_CLOSE,17659.0,-1046.8171241365906,1
2022-08-11,OPEN,17659.0,1692.1186546729145,1
2022-08-16,ROLL_PUT,17825.25,0.0,1
2022-08-17,ROLL_PUT,17944.25,0.0,1
2022-08-18,COVER_CLOSE,17956.5,-2182.8275177340493,1
2022-08-18,OPEN,17956.5,1845.1890218240712,1
2022-08-19,ROLL_CALL,17758.44921875,0.0,1
2022-08-22,ROLL_CALL,17490.69921875,0.0,1
2022-08-22,STRADDLE_CLOSE,17490.69921875,-14990.629139132008,1
2022-08-25,OPEN,17522.44921875,1926.9345107937638,1
2022-08-29,ROLL_CALL,17312.900390625,0.0,1
2022-08-30,ROLL_PUT,17759.30078125,0.0,1
2022-08-30,STRADDLE_CLOSE,17759.30078125,-15965.037338843205,1
2022-09-01,OPEN,17542.80078125,1791.83316174188,1
2022-09-05,ROLL_PUT,17665.80078125,0.0,1
2022-09-08,ROLL_PUT,17798.75,0.0,1
2022-09-08,COVER_CLOSE,17798.75,-1352.292541745793,1
2022-09-08,OPEN,17798.75,1751.288311387411,1
2022-09-12,ROLL_PUT,17936.349609375,0.0,1
2022-09-13,ROLL_PUT,18070.05078125,0.0,1
2022-09-15,ROLL_CALL,17877.400390625,0.0,1
2022-09-15,COVER_CLOSE,17877.400390625,-2953.5069549397635,1
2022-09-15,OPEN,17877.400390625,1647.179550838851,1
2022-09-16,ROLL_CALL,17530.849609375,0.0,1
2022-09-20,ROLL_PUT,17816.25,0.0,1
2022-09-22,ROLL_CALL,17629.80078125,0.0,1
2022-09-22,COVER_CLOSE,17629.80078125,-8943.456660200189,1
2022-09-22,OPEN,17629.80078125,1653.4399280482628,1
2022-09-23,ROLL_CALL,17327.349609375,0.0,1
2022-09-26,ROLL_CALL,17016.30078125,0.0,1
2022-09-28,ROLL_CALL,16858.599609375,0.0,1
2022-09-29,COVER_CLOSE,16818.099609375,-8439.796404344535,1
2022-09-29,OPEN,16818.099609375,1792.1443557094826,1
2022-09-30,ROLL_PUT,17094.349609375,0.0,1
2022-10-03,ROLL_CALL,16887.349609375,0.0,1
2022-10-04,ROLL_PUT,17274.30078125,0.0,1
2022-10-04,STRADDLE_CLOSE,17274.30078125,-18055.77153014493,1
2022-10-06,OPEN,17331.80078125,1785.0144917619104,1
2022-10-10,ROLL_CALL,17241.0,0.0,1
2022-10-11,ROLL_CALL,16983.55078125,0.0,1
2022-10-12,ROLL_PUT,17123.599609375,0.0,1
2022-10-13,COVER_CLOSE,17014.349609375,-2537.41216564976,1
2022-10-13,OPEN,17014.349609375,1790.2014151132655,1
2022-10-14,ROLL_PUT,17185.69921875,0.0,1
2022-10-17,ROLL_PUT,17311.80078125,0.0,1
2022-10-18,ROLL_PUT,17486.94921875,0.0,1
2022-10-20,ROLL_PUT,17563.94921875,0.0,1
2022-10-20,COVER_CLOSE,17563.94921875,-2893.6001922354026,1
2022-10-20,OPEN,17563.94921875,1722.73596733031,1
2022-10-24,ROLL_PUT,17730.75,0.0,1
2022-10-27,COVER_CLOSE,17736.94921875,-208.77449665490144,1
2022-10-27,OPEN,17736.94921875,1835.210476949762,1
2022-10-31,ROLL_PUT,18012.19921875,0.0,1
2022-11-01,ROLL_PUT,18145.400390625,0.0,1
2022-11-03,ROLL_CALL,18052.69921875,0.0,1
2022-11-03,COVER_CLOSE,18052.69921875,-1059.274284623067,1
2022-11-03,OPEN,18052.69921875,1786.6128674916731,1
2022-11-07,ROLL_PUT,18202.80078125,0.0,1
2022-11-10,ROLL_CALL,18028.19921875,0.0,1
2022-11-10,COVER_CLOSE,18028.19921875,-1433.5761263778445,1
2022-11-10,OPEN,18028.19921875,1605.258575624476,1
2022-11-11,ROLL_PUT,18349.69921875,0.0,1
2022-11-11,STRADDLE_CLOSE,18349.69921875,-9410.84710032697,1
2022-11-17,OPEN,18343.900390625,1692.410561531419,1
2022-11-21,ROLL_CALL,18159.94921875,0.0,1
2022-11-23,ROLL_PUT,18267.25,0.0,1
2022-11-24,ROLL_PUT,18484.099609375,0.0,1
2022-11-24,STRADDLE_CLOSE,18484.099609375,-8994.391558706593,1
2022-11-24,OPEN,18484.099609375,1909.5167229443314,1
2022-11-28,ROLL_PUT,18562.75,0.0,1
2022-11-29,ROLL_PUT,18618.05078125,0.0,1
2022-11-30,ROLL_PUT,18758.349609375,0.0,1
2022-12-01,ROLL_PUT,18812.5,0.0,1
2022-12-01,COVER_CLOSE,18812.5,-2532.6500287118533,1
2022-12-01,OPEN,18812.5,1583.9779126647215,1
2022-12-02,ROLL_CALL,18696.099609375,0.0,1
2022-12-06,ROLL_CALL,18642.75,0.0,1
2022-12-07,ROLL_CALL,18560.5,0.0,1
2022-12-08,COVER_CLOSE,18609.349609375,-2986.136865029166,1
2022-12-08,OPEN,18609.349609375,1795.4954580210617,1
2022-12-09,ROLL_CALL,18496.599609375,0.0,1
2022-12-13,ROLL_PUT,18608.0,0.0,1
2022-12-14,ROLL_PUT,18660.30078125,0.0,1
2022-12-15,ROLL_CALL,18414.900390625,0.0,1
2022-12-15,STRADDLE_CLOSE,18414.900390625,-6630.071373836479,1
2022-12-15,OPEN,18414.900390625,1784.20853263951,1
2022-12-16,ROLL_CALL,18269.0,0.0,1
2022-12-19,ROLL_PUT,18420.44921875,0.0,1
2022-12-21,ROLL_CALL,18199.099609375,0.0,1
2022-12-21,STRADDLE_CLOSE,18199.099609375,-8417.584503614617,1
2022-12-22,OPEN,18127.349609375,1694.1588839921023,1
2022-12-23,ROLL_CALL,17806.80078125,0.0,1
2022-12-23,STRADDLE_CLOSE,17806.80078125,-9743.76709740076,1
2022-12-29,OPEN,18191.0,1754.552867196397,1
2022-12-30,ROLL_CALL,18105.30078125,0.0,1
2023-01-02,ROLL_PUT,18197.44921875,0.0,1
2023-01-04,ROLL_CALL,18042.94921875,0.0,1
2023-01-05,ROLL_CALL,17992.150390625,0.0,1
2023-01-05,COVER_CLOSE,17992.150390625,-3023.1649502240693,1
2023-01-05,OPEN,17992.150390625,1801.5928901534758,1
2023-01-06,ROLL_CALL,17859.44921875,0.0,1
2023-01-09,ROLL_PUT,18101.19921875,0.0,1
2023-01-10,ROLL_CALL,17914.150390625,0.0,1
2023-01-12,ROLL_CALL,17858.19921875,0.0,1
2023-01-12,COVER_CLOSE,17858.19921875,-6756.326909974569,1
2023-01-12,OPEN,17858.19921875,1652.8169940146527,1
2023-01-13,ROLL_PUT,17956.599609375,0.0,1
2023-01-17,ROLL_PUT,18053.30078125,0.0,1
2023-01-18,ROLL_PUT,18165.349609375,0.0,1
2023-01-19,COVER_CLOSE,18107.849609375,-1690.0301505479938,1
2023-01-19,OPEN,18107.849609375,1635.942100648392,1
2023-01-20,ROLL_CALL,18027.650390625,0.0,1
2023-01-23,ROLL_PUT,18118.55078125,0.0,1
2023-01-25,ROLL_CALL,17891.94921875,0.0,1
2023-01-27,ROLL_CALL,17604.349609375,0.0,1
2023-01-27,STRADDLE_CLOSE,17604.349609375,-8264.826857924094,1
2023-02-02,OPEN,17610.400390625,1721.2794050875748,1
2023-02-03,ROLL_PUT,17854.05078125,0.0,1
2023-02-07,ROLL_CALL,17721.5,0.0,1
2023-02-08,ROLL_PUT,17871.69921875,0.0,1
2023-02-08,STRADDLE_CLOSE,17871.69921875,-6681.153525336724,1
2023-02-09,OPEN,17893.44921875,1721.6870778977636,1
2023-02-13,ROLL_CALL,17770.900390625,0.0,1
2023-02-14,ROLL_PUT,17929.849609375,0.0,1
2023-02-15,ROLL_PUT,18015.849609375,0.0,1
2023-02-16,COVER_CLOSE,18035.849609375,-3426.708716756458,1
2023-02-16,OPEN,18035.849609375,1647.8465250997046,1
2023-02-17,ROLL_CALL,17944.19921875,0.0,1
2023-02-20,ROLL_CALL,17844.599609375,0.0,1
2023-02-22,ROLL_CALL,17554.30078125,0.0,1
2023-02-22,STRADDLE_CLOSE,17554.30078125,-10104.68831140145,1
2023-02-23,OPEN,17511.25,1931.0282812399764,1
2023-02-27,ROLL_CALL,17392.69921875,0.0,1
2023-02-28,ROLL_CALL,17303.94921875,0.0,1
2023-03-01,ROLL_PUT,17450.900390625,0.0,1
2023-03-02,ROLL_CALL,17321.900390625,0.0,1
2023-03-02,COVER_CLOSE,17321.900390625,-5297.555981931326,1
2023-03-02,OPEN,17321.900390625,1980.3020861057412,1
2023-03-03,ROLL_PUT,17594.349609375,0.0,1
2023-03-06,ROLL_PUT,17711.44921875,0.0,1
2023-03-06,STRADDLE_CLOSE,17711.44921875,-8209.25697551621,1
2023-03-09,OPEN,17589.599609375,1725.601485566078,1
2023-03-10,ROLL_CALL,17412.900390625,0.0,1
2023-03-13,ROLL_CALL,17154.30078125,0.0,1
2023-03-14,ROLL_CALL,17043.30078125,0.0,1
2023-03-14,STRADDLE_CLOSE,17043.30078125,-13582.103167297691,1
2023-03-16,OPEN,16985.599609375,1811.9188849185105,1
2023-03-17,ROLL_PUT,17100.05078125,0.0,1
2023-03-20,ROLL_CALL,16988.400390625,0.0,1
2023-03-21,ROLL_PUT,17107.5,0.0,1
2023-03-23,COVER_CLOSE,17076.900390625,-2042.449173555066,1
2023-03-23,OPEN,17076.900390625,1627.822420838232,1
2023-03-24,ROLL_CALL,16945.05078125,0.0,1
2023-03-29,ROLL_PUT,17080.69921875,0.0,1
2023-03-31,ROLL_PUT,17359.75,0.0,1
2023-03-31,COVER_CLOSE,17359.75,-6125.562958069966,1
2023-04-06,OPEN,17599.150390625,1800.48464260655,1
2023-04-11,ROLL_PUT,17722.30078125,0.0,1
2023-04-12,ROLL_PUT,17812.400390625,0.0,1
2023-04-13,COVER_CLOSE,17828.0,-464.15580749459997,1
2023-04-13,OPEN,17828.0,1798.7300909413523,1
2023-04-17,ROLL_CALL,17706.849609375,0.0,1
2023-04-18,ROLL_CALL,17660.150390625,0.0,1
2023-04-19,ROLL_CALL,17618.75,0.0,1
2023-04-20,COVER_CLOSE,17624.44921875,-2123.146575598672,1
2023-04-20,OPEN,17624.44921875,1630.5973270246784,1
2023-04-24,ROLL_PUT,17743.400390625,0.0,1
2023-04-26,ROLL_PUT,17813.599609375,0.0,1
2023-04-27,ROLL_PUT,17915.05078125,0.0,1
2023-04-27,COVER_CLOSE,17915.05078125,-1929.4248895435019,1
2023-04-27,OPEN,17915.05078125,1690.683160826956,1
2023-04-28,ROLL_PUT,18065.0,0.0,1
2023-05-02,ROLL_PUT,18147.650390625,0.0,1
2023-05-04,ROLL_PUT,18255.80078125,0.0,1
2023-05-04,STRADDLE_CLOSE,18255.80078125,-4818.263707004692,1
2023-05-04,OPEN,18255.80078125,1872.2559271139426,1
2023-05-05,ROLL_CALL,18069.0,0.0,1
2023-05-05,STRADDLE_CLOSE,18069.0,-7686.49947713209,1
2023-05-11,OPEN,18297.0,1933.6348777467742,1
2023-05-15,ROLL_PUT,18398.849609375,0.0,1
2023-05-16,ROLL_CALL,18286.5,0.0,1
2023-05-17,ROLL_CALL,18181.75,0.0,1
2023-05-17,STRADDLE_CLOSE,18181.75,-5585.349188251576,1
2023-05-18,OPEN,18129.94921875,1732.8893694568326,1
2023-05-19,ROLL_PUT,18203.400390625,0.0,1
2023-05-22,ROLL_PUT,18314.400390625,0.0,1
2023-05-23,ROLL_PUT,18348.0,0.0,1
2023-05-25,COVER_CLOSE,18321.150390625,-2251.7544313682924,1
2023-05-25,OPEN,18321.150390625,1926.6784183396644,1
2023-05-26,ROLL_PUT,18499.349609375,0.0,1
2023-05-29,ROLL_PUT,18598.650390625,0.0,1
2023-05-30,ROLL_PUT,18633.849609375,0.0,1
2023-05-30,STRADDLE_CLOSE,18633.849609375,-5898.566540187042,1
2023-06-01,OPEN,18487.75,1844.279882301764,1
2023-06-02,ROLL_PUT,18534.099609375,0.0,1
2023-06-05,ROLL_PUT,18593.849609375,0.0,1
2023-06-07,ROLL_PUT,18726.400390625,0.0,1
2023-06-08,ROLL_CALL,18634.55078125,0.0,1
2023-06-08,STRADDLE_CLOSE,18634.55078125,-3884.719633518835,1
2023-06-08,OPEN,18634.55078125,1755.5825498324984,1
2023-06-09,ROLL_CALL,18563.400390625,0.0,1
2023-06-13,ROLL_PUT,18716.150390625,0.0,1
2023-06-13,STRADDLE_CLOSE,18716.150390625,-3436.8532131622205,1
2023-06-15,OPEN,18688.099609375,1627.2549277578814,1
2023-06-16,ROLL_PUT,18826.0,0.0,1
2023-06-19,ROLL_CALL,18755.44921875,0.0,1
2023-06-19,STRADDLE_CLOSE,18755.44921875,-4407.282283392707,1
2023-06-22,OPEN,18771.25,1745.4294261221967,1
2023-06-23,ROLL_CALL,18665.5,0.0,1
2023-06-27,ROLL_PUT,18817.400390625,0.0,1
2023-06-27,STRADDLE_CLOSE,18817.400390625,-3321.733956900725,1
2023-07-06,OPEN,19497.30078125,2021.4010736133828,1
2023-07-07,ROLL_CALL,19331.80078125,0.0,1
2023-07-11,ROLL_PUT,19439.400390625,0.0,1
2023-07-13,COVER_CLOSE,19413.75,-3265.321005189557,1
2023-07-13,OPEN,19413.75,1973.7798617808908,1
2023-07-14,ROLL_PUT,19564.5,0.0,1
2023-07-17,ROLL_PUT,19711.44921875,0.0,1
2023-07-17,STRADDLE_CLOSE,19711.44921875,-5725.239987863935,1
2023-07-20,OPEN,19979.150390625,1806.3931372910765,1
2023-07-21,ROLL_CALL,19745.0,0.0,1
2023-07-24,ROLL_CALL,19672.349609375,0.0,1
2023-07-24,STRADDLE_CLOSE,19672.349609375,-8504.07456340838,1
2023-07-27,OPEN,19659.900390625,1815.5709662698584,1
2023-07-31,ROLL_PUT,19753.80078125,0.0,1
2023-08-02,ROLL_CALL,19526.55078125,0.0,1
2023-08-03,ROLL_CALL,19381.650390625,0.0,1
2023-08-03,STRADDLE_CLOSE,19381.650390625,-6778.599063940463,1
2023-08-03,OPEN,19381.650390625,1704.9097293903806,1
2023-08-04,ROLL_PUT,19517.0,0.0,1
2023-08-07,ROLL_PUT,19597.30078125,0.0,1
2023-08-10,ROLL_CALL,19543.099609375,0.0,1
2023-08-10,COVER_CLOSE,19543.099609375,-1849.8367062720858,1
2023-08-10,OPEN,19543.099609375,1730.3386376768444,1
2023-08-11,ROLL_CALL,19428.30078125,0.0,1
2023-08-17,ROLL_CALL,19365.25,0.0,1
2023-08-17,COVER_CLOSE,19365.25,-1342.2331655322348,1
2023-08-17,OPEN,19365.25,1875.3080926786106,1
2023-08-18,ROLL_CALL,19310.150390625,0.0,1
2023-08-21,ROLL_PUT,19393.599609375,0.0,1
2023-08-23,ROLL_PUT,19444.0,0.0,1
2023-08-24,ROLL_CALL,19386.69921875,0.0,1
2023-08-24,COVER_CLOSE,19386.69921875,-831.1487445527221,1
2023-08-24,OPEN,19386.69921875,1793.8496947360254,1
2023-08-25,ROLL_CALL,19265.80078125,0.0,1
2023-08-29,ROLL_PUT,19342.650390625,0.0,1
2023-08-31,ROLL_CALL,19253.80078125,0.0,1
2023-08-31,COVER_CLOSE,19253.80078125,-1705.426877230989,1
2023-08-31,OPEN,19253.80078125,1871.49159066621,1
2023-09-01,ROLL_PUT,19435.30078125,0.0,1
2023-09-01,STRADDLE_CLOSE,19435.30078125,-5769.630032171333,1
2023-09-07,OPEN,19727.05078125,1980.3528860572442,1
2023-09-08,ROLL_PUT,19819.94921875,0.0,1
2023-09-11,ROLL_PUT,19996.349609375,0.0,1
2023-09-11,STRADDLE_CLOSE,19996.349609375,-6307.706686443238,1
2023-09-14,OPEN,20103.099609375,1774.7002164398687,1
2023-09-15,ROLL_PUT,20192.349609375,0.0,1
2023-09-18,ROLL_CALL,20133.30078125,0.0,1
2023-09-21,COVER_CLOSE,19742.349609375,-11374.980851644046,1
2023-09-21,OPEN,19742.349609375,1565.7762307017815,1
2023-09-22,ROLL_CALL,19674.25,0.0,1
2023-09-26,ROLL_CALL,19664.69921875,0.0,1
2023-09-28,ROLL_CALL,19523.55078125,0.0,1
2023-09-28,COVER_CLOSE,19523.55078125,-2609.3095129388557,1
2023-09-28,OPEN,19523.55078125,1627.0117232272198,1
2023-09-29,ROLL_PUT,19638.30078125,0.0,1
2023-10-03,ROLL_CALL,19528.75,0.0,1
2023-10-04,ROLL_CALL,19436.099609375,0.0,1
2023-10-05,ROLL_PUT,19545.75,0.0,1
2023-10-05,STRADDLE_CLOSE,19545.75,-5383.367668138395,1
2023-10-05,OPEN,19545.75,1793.8806484293498,1
2023-10-06,ROLL_PUT,19653.5,0.0,1
2023-10-09,ROLL_CALL,19512.349609375,0.0,1
2023-10-10,ROLL_PUT,19689.849609375,0.0,1
2023-10-11,ROLL_PUT,19811.349609375,0.0,1
2023-10-11,STRADDLE_CLOSE,19811.349609375,-9462.318852071998,1
2023-10-12,OPEN,19794.0,1713.3808998996694,1
2023-10-16,ROLL_CALL,19731.75,0.0,1
2023-10-17,ROLL_PUT,19811.5,0.0,1
2023-10-18,ROLL_CALL,19671.099609375,0.0,1
2023-10-19,ROLL_CALL,19624.69921875,0.0,1
2023-10-19,COVER_CLOSE,19624.69921875,-1585.5118192574039,1
2023-10-19,OPEN,19624.69921875,1801.7285024094506,1
2023-10-20,ROLL_CALL,19542.650390625,0.0,1
2023-10-23,ROLL_CALL,19281.75,0.0,1
2023-10-23,STRADDLE_CLOSE,19281.75,-7852.002336102977,1
2023-10-26,OPEN,18857.25,1621.0445091321255,1
2023-10-27,ROLL_PUT,19047.25,0.0,1
2023-10-30,ROLL_PUT,19140.900390625,0.0,1
2023-11-01,ROLL_CALL,18989.150390625,0.0,1
2023-11-02,ROLL_PUT,19133.25,0.0,1
2023-11-02,COVER_CLOSE,19133.25,-5503.410479357878,1
2023-11-02,OPEN,19133.25,1913.3378224361577,1
2023-11-03,ROLL_PUT,19230.599609375,0.0,1
2023-11-06,ROLL_PUT,19411.75,0.0,1
2023-11-09,COVER_CLOSE,19395.30078125,-1548.3493686459274,1
2023-11-09,OPEN,19395.30078125,1742.2516010218253,1
2023-11-15,ROLL_PUT,19675.44921875,0.0,1
2023-11-16,ROLL_PUT,19765.19921875,0.0,1
2023-11-16,COVER_CLOSE,19765.19921875,-3815.146790324046,1
2023-11-16,OPEN,19765.19921875,1695.645870728313,1
2023-11-20,ROLL_CALL,19694.0,0.0,1
2023-11-22,ROLL_PUT,19811.849609375,0.0,1
2023-11-23,COVER_CLOSE,19802.0,-190.80032509250725,1
2023-11-23,OPEN,19802.0,1652.4218172991282,1
2023-11-28,ROLL_PUT,19889.69921875,0.0,1
2023-11-29,ROLL_PUT,20096.599609375,0.0,1
2023-11-30,COVER_CLOSE,20133.150390625,-1357.3270339340422,1
2023-11-30,OPEN,20133.150390625,1787.0254431739127,1
2023-12-01,ROLL_PUT,20267.900390625,0.0,1
2023-12-07,COVER_CLOSE,20901.150390625,-19757.319849775136,1
2023-12-07,OPEN,20901.150390625,1722.8493249046714,1
2023-12-08,ROLL_PUT,20969.400390625,0.0,1
2023-12-14,ROLL_PUT,21182.69921875,0.0,1
2023-12-14,COVER_CLOSE,21182.69921875,-2794.9625742590883,1
2023-12-14,OPEN,21182.69921875,1757.2275130485032,1
2023-12-15,ROLL_PUT,21456.650390625,0.0,1
2023-12-20,ROLL_CALL,21150.150390625,0.0,1
2023-12-20,STRADDLE_CLOSE,21150.150390625,-13419.581259989423,1
2023-12-21,OPEN,21255.05078125,1841.5679062523168,1
2023-12-22,ROLL_PUT,21349.400390625,0.0,1
2023-12-26,ROLL_PUT,21441.349609375,0.0,1
2023-12-27,ROLL_PUT,21654.75,0.0,1
2023-12-28,ROLL_PUT,21778.69921875,0.0,1
2023-12-28,COVER_CLOSE,21778.69921875,-4624.87534594532,1
2023-12-28,OPEN,21778.69921875,1690.6985278058328,1
2024-01-02,ROLL_CALL,21665.80078125,0.0,1
2024-01-03,ROLL_CALL,21517.349609375,0.0,1
2024-01-04,ROLL_PUT,21658.599609375,0.0,1
2024-01-04,COVER_CLOSE,21658.599609375,-2038.0727013542228,1
2024-01-04,OPEN,21658.599609375,1878.8259250768947,1
2024-01-08,ROLL_CALL,21513.0,0.0,1
2024-01-10,ROLL_PUT,21618.69921875,0.0,1
2024-01-11,COVER_CLOSE,21647.19921875,-1834.632745118152,1
2024-01-11,OPEN,21647.19921875,1787.0078794077508,1
2024-01-12,ROLL_PUT,21894.55078125,0.0,1
2024-01-15,ROLL_PUT,22097.44921875,0.0,1
2024-01-18,COVER_CLOSE,21462.25,-18505.662616649806,1
2024-01-18,OPEN,21462.25,1837.1210280628482,1
2024-01-19,ROLL_PUT,21622.400390625,0.0,1
2024-01-23,ROLL_CALL,21238.80078125,0.0,1
2024-01-24,ROLL_PUT,21453.94921875,0.0,1
2024-01-25,COVER_CLOSE,21352.599609375,-9084.294180194218,1
2024-01-25,OPEN,21352.599609375,1865.220734485746,1
2024-01-29,ROLL_PUT,21737.599609375,0.0,1
2024-01-30,ROLL_CALL,21522.099609375,0.0,1
2024-01-31,ROLL_PUT,21725.69921875,0.0,1
2024-02-01,COVER_CLOSE,21697.44921875,-8142.26116201847,1
2024-02-01,OPEN,21697.44921875,1844.8110224774514,1
2024-02-02,ROLL_PUT,21853.80078125,0.0,1
2024-02-06,ROLL_PUT,21929.400390625,0.0,1
2024-02-08,ROLL_CALL,21717.94921875,0.0,1
2024-02-08,COVER_CLOSE,21717.94921875,-1532.3447945939638,1
2024-02-08,OPEN,21717.94921875,1773.0474586978196,1
2024-02-12,ROLL_CALL,21616.05078125,0.0,1
2024-02-13,ROLL_PUT,21743.25,0.0,1
2024-02-14,ROLL_PUT,21840.05078125,0.0,1
2024-02-15,ROLL_PUT,21910.75,0.0,1
2024-02-15,COVER_CLOSE,21910.75,-1003.8088854088105,1
2024-02-15,OPEN,21910.75,1745.876422747829,1
2024-02-16,ROLL_PUT,22040.69921875,0.0,1
2024-02-19,ROLL_PUT,22122.25,0.0,1
2024-02-20,ROLL_PUT,22196.94921875,0.0,1
2024-02-21,ROLL_CALL,22055.05078125,0.0,1
2024-02-22,ROLL_PUT,22217.44921875,0.0,1
2024-02-22,COVER_CLOSE,22217.44921875,-489.2994368373994,1
2024-02-22,OPEN,22217.44921875,1839.5703644565067,1
2024-02-26,ROLL_CALL,22122.05078125,0.0,1
2024-02-27,ROLL_PUT,22198.349609375,0.0,1
2024-02-28,ROLL_CALL,21951.150390625,0.0,1
2024-02-29,COVER_CLOSE,21982.80078125,-1244.4345839205162,1
2024-02-29,OPEN,21982.80078125,1849.8475558387504,1
2024-03-01,ROLL_PUT,22338.75,0.0,1
2024-03-04,ROLL_PUT,22405.599609375,0.0,1
2024-03-07,ROLL_PUT,22493.55078125,0.0,1
2024-03-07,STRADDLE_CLOSE,22493.55078125,-7487.170634270398,1
2024-03-07,OPEN,22493.55078125,1768.992436194474,1
2024-03-11,ROLL_CALL,22332.650390625,0.0,1
2024-03-13,ROLL_CALL,21997.69921875,0.0,1
2024-03-13,STRADDLE_CLOSE,21997.69921875,-10200.59508138193,1
2024-03-14,OPEN,22146.650390625,1886.73864983459,1
2024-03-15,ROLL_CALL,22023.349609375,0.0,1
2024-03-19,ROLL_CALL,21817.44921875,0.0,1
2024-03-21,ROLL_PUT,22011.94921875,0.0,1
2024-03-21,COVER_CLOSE,22011.94921875,-6373.407307794324,1
2024-03-21,OPEN,22011.94921875,1726.8831488580854,1
2024-03-27,ROLL_PUT,22123.650390625,0.0,1
2024-03-28,ROLL_PUT,22326.900390625,0.0,1
2024-03-28,COVER_CLOSE,22326.900390625,-1653.2653889650053,1
2024-03-28,OPEN,22326.900390625,1708.6953047069533,1
2024-04-01,ROLL_PUT,22462.0,0.0,1
2024-04-04,ROLL_PUT,22514.650390625,0.0,1
2024-04-04,COVER_CLOSE,22514.650390625,-260.2917586550392,1
2024-04-04,OPEN,22514.650390625,1832.852617455012,1
2024-04-08,ROLL_PUT,22666.30078125,0.0,1
2024-04-10,ROLL_PUT,22753.80078125,0.0,1
2024-04-12,ROLL_CALL,22519.400390625,0.0,1
2024-04-12,COVER_CLOSE,22519.400390625,-3543.921316678158,1
2024-04-18,OPEN,21995.849609375,1785.2046267380838,1
2024-04-19,ROLL_PUT,22147.0,0.0,1
2024-04-22,ROLL_PUT,22336.400390625,0.0,1
2024-04-24,ROLL_PUT,22402.400390625,0.0,1
2024-04-25,ROLL_PUT,22570.349609375,0.0,1
2024-04-25,STRADDLE_CLOSE,22570.349609375,-7027.136641761419,1
2024-04-25,OPEN,22570.349609375,782.1087921684185,1
2024-04-26,ROLL_CALL,22419.94921875,0.0,1
2024-04-29,ROLL_PUT,22643.400390625,0.0,1
2024-05-02,COVER_CLOSE,22648.19921875,-1147.865940348168,1
2024-05-02,OPEN,22648.19921875,803.1703276275351,1
2024-05-03,ROLL_CALL,22475.849609375,0.0,1
2024-05-06,ROLL_CALL,22442.69921875,0.0,1
2024-05-07,ROLL_CALL,22302.5,0.0,1
2024-05-09,COVER_CLOSE,21957.5,-4992.727964359214,1
2024-05-09,OPEN,21957.5,834.0921276527927,1
2024-05-10,ROLL_PUT,22055.19921875,0.0,1
2024-05-14,ROLL_PUT,22217.849609375,0.0,1
2024-05-16,ROLL_PUT,22403.849609375,0.0,1
2024-05-16,COVER_CLOSE,22403.849609375,-1622.8029043848856,1
2024-05-16,OPEN,22403.849609375,879.9593316695077,1
2024-05-21,ROLL_PUT,22529.05078125,0.0,1
2024-05-22,ROLL_PUT,22597.80078125,0.0,1
2024-05-23,ROLL_PUT,22967.650390625,0.0,1
2024-05-23,STRADDLE_CLOSE,22967.650390625,-3771.2528686529395,1
2024-05-23,OPEN,22967.650390625,790.2922154814881,1
2024-05-28,ROLL_CALL,22888.150390625,0.0,1
2024-05-29,ROLL_CALL,22704.69921875,0.0,1
2024-05-30,ROLL_CALL,22488.650390625,0.0,1
2024-05-30,COVER_CLOSE,22488.650390625,-2115.387235211137,1
2024-05-30,OPEN,22488.650390625,779.2781407998536,1
2024-06-03,ROLL_PUT,23263.900390625,0.0,1
2024-06-03,STRADDLE_CLOSE,23263.900390625,-11583.024934939684,1
2024-06-06,OPEN,22821.400390625,776.9572851470894,1
2024-06-07,ROLL_PUT,23290.150390625,0.0,1
2024-06-13,COVER_CLOSE,23398.900390625,-255.80473220293652,1
2024-06-13,OPEN,23398.900390625,805.7665191139816,1
2024-06-20,ROLL_PUT,23567.0,0.0,1
2024-06-20,COVER_CLOSE,23567.0,-103.0560368091459,1
2024-06-20,OPEN,23567.0,796.2981925703208,1
2024-06-26,ROLL_PUT,23868.80078125,0.0,1
2024-06-27,ROLL_PUT,24044.5,0.0,1
2024-06-27,COVER_CLOSE,24044.5,-203.5361471056871,1
2024-06-27,OPEN,24044.5,763.8542395302721,1
2024-07-03,ROLL_PUT,24286.5,0.0,1
2024-07-04,ROLL_PUT,24302.150390625,0.0,1
2024-07-04,COVER_CLOSE,24302.150390625,-5.4066258266574914e-15,1
2024-07-04,OPEN,24302.150390625,696.4195362353216,1
2024-07-09,ROLL_PUT,24433.19921875,0.0,1
2024-07-10,ROLL_CALL,24324.44921875,0.0,1
2024-07-11,COVER_CLOSE,24315.94921875,-110.81381208361046,1
2024-07-11,OPEN,24315.94921875,783.3595041623166,1
2024-07-12,ROLL_PUT,24502.150390625,0.0,1
2024-07-12,STRADDLE_CLOSE,24502.150390625,-2558.567203248405,1
2024-07-18,OPEN,24800.849609375,773.4684543944941,1
2024-07-19,ROLL_CALL,24530.900390625,0.0,1
2024-07-19,STRADDLE_CLOSE,24530.900390625,-4659.750330148753,1
2024-07-25,OPEN,24406.099609375,718.9345107363739,1
2024-07-26,ROLL_PUT,24834.849609375,0.0,1
2024-07-26,STRADDLE_CLOSE,24834.849609375,-6624.919055498759,1
2024-08-01,OPEN,25010.900390625,778.7219886737812,1
2024-08-02,ROLL_CALL,24717.69921875,0.0,1
2024-08-08,COVER_CLOSE,24117.0,-9710.67640393673,1
2024-08-08,OPEN,24117.0,804.0176223918774,1
2024-08-09,ROLL_PUT,24367.5,0.0,1
2024-08-13,ROLL_CALL,24139.0,0.0,1
2024-08-16,ROLL_PUT,24541.150390625,0.0,1
2024-08-16,COVER_CLOSE,24541.150390625,-2807.100138611545,1
2024-08-22,OPEN,24811.5,813.4150074048662,1
2024-08-26,ROLL_PUT,25010.599609375,0.0,1
2024-08-29,ROLL_PUT,25151.94921875,0.0,1
2024-08-29,COVER_CLOSE,25151.94921875,-306.44854080472015,1
2024-08-29,OPEN,25151.94921875,766.9544112310392,1
2024-09-02,ROLL_PUT,25278.69921875,0.0,1
2024-09-04,ROLL_CALL,25198.69921875,0.0,1
2024-09-05,ROLL_CALL,25145.099609375,0.0,1
2024-09-05,COVER_CLOSE,25145.099609375,-2.1652909123431185,1
2024-09-05,OPEN,25145.099609375,818.3291094229768,1
2024-09-06,ROLL_CALL,24852.150390625,0.0,1
2024-09-10,ROLL_PUT,25041.099609375,0.0,1
2024-09-11,ROLL_CALL,24918.44921875,0.0,1
2024-09-11,STRADDLE_CLOSE,24918.44921875,-2992.525373395174,1
2024-09-12,OPEN,25388.900390625,747.7826206021758,1
2024-09-19,COVER_CLOSE,25415.80078125,-55.3533124898473,1
2024-09-19,OPEN,25415.80078125,770.5645377808972,1
2024-09-20,ROLL_PUT,25790.94921875,0.0,1
2024-09-23,ROLL_PUT,25939.05078125,0.0,1
2024-09-23,STRADDLE_CLOSE,25939.05078125,-5043.073428269432,1
2024-09-26,OPEN,26216.05078125,763.4810096751013,1
2024-09-30,ROLL_CALL,25810.849609375,0.0,1
2024-10-03,COVER_CLOSE,25250.099609375,-7570.512248161549,1
2024-10-03,OPEN,25250.099609375,740.3353586805733,1
2024-10-04,ROLL_CALL,25014.599609375,0.0,1
2024-10-07,ROLL_CALL,24795.75,0.0,1
2024-10-08,ROLL_PUT,25013.150390625,0.0,1
2024-10-10,COVER_CLOSE,24998.44921875,-1458.9852013104203,1
2024-10-10,OPEN,24998.44921875,764.8198671747807,1
2024-10-14,ROLL_PUT,25127.94921875,0.0,1
2024-10-16,ROLL_CALL,24971.30078125,0.0,1
2024-10-17,ROLL_CALL,24749.849609375,0.0,1
2024-10-17,COVER_CLOSE,24749.849609375,-535.7369212283462,1
2024-10-17,OPEN,24749.849609375,776.5919056844274,1
2024-10-22,ROLL_CALL,24472.099609375,0.0,1
2024-10-24,ROLL_CALL,24399.400390625,0.0,1
2024-10-24,COVER_CLOSE,24399.400390625,-497.9840647352198,1
2024-10-24,OPEN,24399.400390625,761.0551894255152,1
2024-10-25,ROLL_CALL,24180.80078125,0.0,1
2024-10-28,ROLL_PUT,24339.150390625,0.0,1
2024-10-29,ROLL_PUT,24466.849609375,0.0,1
2024-10-30,ROLL_CALL,24340.849609375,0.0,1
2024-10-31,ROLL_CALL,24205.349609375,0.0,1
2024-10-31,COVER_CLOSE,24205.349609375,-1731.2575163693937,1
2024-10-31,OPEN,24205.349609375,788.2133467407499,1
2024-11-01,ROLL_PUT,24304.349609375,0.0,1
2024-11-04,ROLL_CALL,23995.349609375,0.0,1
2024-11-05,ROLL_PUT,24213.30078125,0.0,1
2024-11-05,STRADDLE_CLOSE,24213.30078125,-4275.839798708034,1
2024-11-07,OPEN,24199.349609375,797.5131559854149,1
2024-11-12,ROLL_CALL,23883.44921875,0.0,1
2024-11-13,ROLL_CALL,23559.05078125,0.0,1
2024-11-14,COVER_CLOSE,23532.69921875,-3895.0591137445017,1
2024-11-14,OPEN,23532.69921875,773.0262694687974,1
2024-11-18,ROLL_CALL,23453.80078125,0.0,1
2024-11-21,ROLL_CALL,23349.900390625,0.0,1
2024-11-21,COVER_CLOSE,23349.900390625,-313.3583606850076,1
2024-11-21,OPEN,23349.900390625,2841.248114711505,1
2024-11-22,ROLL_PUT,23907.25,0.0,1
2024-11-25,ROLL_PUT,24221.900390625,0.0,1
2024-11-25,STRADDLE_CLOSE,24221.900390625,-36446.258355366816,1
2024-11-28,OPEN,23914.150390625,2722.5996211775723,1
2024-11-29,ROLL_PUT,24131.099609375,0.0,1
2024-12-02,ROLL_PUT,24276.05078125,0.0,1
2024-12-03,ROLL_PUT,24457.150390625,0.0,1
2024-12-05,ROLL_PUT,24708.400390625,0.0,1
2024-12-05,COVER_CLOSE,24708.400390625,-6503.131170135202,1
2024-12-05,OPEN,24708.400390625,2615.7726315386435,1
2024-12-09,ROLL_CALL,24619.0,0.0,1
2024-12-12,ROLL_CALL,24548.69921875,0.0,1
2024-12-12,COVER_CLOSE,24548.69921875,-368.8091986589002,1
2024-12-12,OPEN,24548.69921875,2834.869689793372,1
2024-12-13,ROLL_PUT,24768.30078125,0.0,1
2024-12-17,ROLL_CALL,24336.0,0.0,1
2024-12-18,ROLL_CALL,24198.849609375,0.0,1
2024-12-19,ROLL_CALL,23951.69921875,0.0,1
2024-12-19,STRADDLE_CLOSE,23951.69921875,-19778.877862933667,1
2024-12-19,OPEN,23951.69921875,2775.74028941727,1
2024-12-20,ROLL_CALL,23587.5,0.0,1
2024-12-23,ROLL_PUT,23753.44921875,0.0,1
2024-12-26,COVER_CLOSE,23750.19921875,-1229.7456618122023,1
2024-12-26,OPEN,23750.19921875,2875.389529254666,1
2024-12-30,ROLL_CALL,23644.900390625,0.0,1
2025-01-01,ROLL_PUT,23742.900390625,0.0,1
2025-01-02,ROLL_PUT,24188.650390625,0.0,1
2025-01-02,COVER_CLOSE,24188.650390625,-8840.52887165325,1
2025-01-02,OPEN,24188.650390625,2592.5189264103374,1
2025-01-03,ROLL_CALL,24004.75,0.0,1
2025-01-06,ROLL_CALL,23616.05078125,0.0,1
2025-01-09,ROLL_CALL,23526.5,0.0,1
2025-01-09,COVER_CLOSE,23526.5,-9830.048462766263,1
2025-01-09,OPEN,23526.5,2668.314141350726,1
2025-01-10,ROLL_CALL,23431.5,0.0,1
2025-01-13,ROLL_CALL,23085.94921875,0.0,1
2025-01-16,ROLL_PUT,23311.80078125,0.0,1
2025-01-16,COVER_CLOSE,23311.80078125,-5982.052026862357,1
2025-01-16,OPEN,23311.80078125,2701.510926211408,1
2025-01-17,ROLL_CALL,23203.19921875,0.0,1
2025-01-20,ROLL_PUT,23344.75,0.0,1
2025-01-21,ROLL_CALL,23024.650390625,0.0,1
2025-01-22,ROLL_PUT,23155.349609375,0.0,1
2025-01-23,COVER_CLOSE,23205.349609375,-3753.2794630925364,1
2025-01-23,OPEN,23205.349609375,2822.0749726936738,1
2025-01-24,ROLL_CALL,23092.19921875,0.0,1
2025-01-27,ROLL_CALL,22829.150390625,0.0,1
2025-01-29,ROLL_PUT,23163.099609375,0.0,1
2025-01-30,ROLL_PUT,23249.5,0.0,1
2025-01-30,COVER_CLOSE,23249.5,-8882.014568620521,1
2025-01-30,OPEN,23249.5,2852.9469528447894,1
2025-01-31,ROLL_PUT,23508.400390625,0.0,1
2025-02-03,ROLL_CALL,23361.05078125,0.0,1
2025-02-04,ROLL_PUT,23739.25,0.0,1
2025-02-06,ROLL_CALL,23603.349609375,0.0,1
2025-02-06,COVER_CLOSE,23603.349609375,-13116.082499351169,1
2025-02-06,OPEN,23603.349609375,2808.8688081863543,1
2025-02-10,ROLL_CALL,23381.599609375,0.0,1
2025-02-11,ROLL_CALL,23071.80078125,0.0,1
2025-02-13,COVER_CLOSE,23031.400390625,-5364.2083442823105,1
2025-02-13,OPEN,23031.400390625,2801.55842170456,1
2025-02-14,ROLL_CALL,22929.25,0.0,1
2025-02-20,ROLL_CALL,22913.150390625,0.0,1
2025-02-20,COVER_CLOSE,22913.150390625,-505.6639300210107,1
2025-02-20,OPEN,22913.150390625,2775.5198855348476,1
2025-02-21,ROLL_CALL,22795.900390625,0.0,1
2025-02-24,ROLL_CALL,22553.349609375,0.0,1
2025-02-27,COVER_CLOSE,22545.05078125,-2639.4824949033564,1
2025-02-27,OPEN,22545.05078125,2650.743595977242,1
2025-02-28,ROLL_CALL,22124.69921875,0.0,1
2025-03-04,ROLL_CALL,22082.650390625,0.0,1
2025-03-05,ROLL_PUT,22337.30078125,0.0,1
2025-03-05,STRADDLE_CLOSE,22337.30078125,-19000.60900150854,1
2025-03-06,OPEN,22544.69921875,2663.6733706515834,1
2025-03-10,ROLL_CALL,22460.30078125,0.0,1
2025-03-13,ROLL_CALL,22397.19921875,0.0,1
2025-03-13,COVER_CLOSE,22397.19921875,-960.4180643598477,1
2025-03-13,OPEN,22397.19921875,2773.640038294041,1
2025-03-17,ROLL_PUT,22508.75,0.0,1
2025-03-18,ROLL_PUT,22834.30078125,0.0,1
2025-03-19,ROLL_PUT,22907.599609375,0.0,1
2025-03-20,COVER_CLOSE,23190.650390625,-18097.9481110538,1
2025-03-20,OPEN,23190.650390625,2994.825716287909,1
2025-03-21,ROLL_PUT,23350.400390625,0.0,1
2025-03-24,ROLL_PUT,23658.349609375,0.0,1
2025-03-26,ROLL_CALL,23486.849609375,0.0,1
2025-03-27,COVER_CLOSE,23591.94921875,-8164.221669995516,1
2025-03-27,OPEN,23591.94921875,2785.3095530414503,1
2025-03-28,ROLL_CALL,23519.349609375,0.0,1
2025-04-01,ROLL_CALL,23165.69921875,0.0,1
2025-04-02,ROLL_PUT,23332.349609375,0.0,1
2025-04-03,COVER_CLOSE,23250.099609375,-5866.1353286781,1
2025-04-03,OPEN,23250.099609375,2878.915311063767,1
2025-04-04,ROLL_CALL,22904.44921875,0.0,1
2025-04-08,ROLL_CALL,22535.849609375,0.0,1
2025-04-08,STRADDLE_CLOSE,22535.849609375,-30953.777286952936,1
2025-04-17,OPEN,23851.650390625,2835.1556400091663,1
2025-04-21,ROLL_PUT,24125.55078125,0.0,1
2025-04-23,ROLL_PUT,24328.94921875,0.0,1
2025-04-24,COVER_CLOSE,24246.69921875,-1124.1570109901404,1
2025-04-24,OPEN,24246.69921875,2810.3802463750285,1
2025-04-25,ROLL_CALL,24039.349609375,0.0,1
2025-04-28,ROLL_PUT,24328.5,0.0,1
2025-05-02,COVER_CLOSE,24346.69921875,-650.1968590572936,1
2025-05-08,OPEN,24273.80078125,2671.3336105773215,1
2025-05-09,ROLL_CALL,24008.0,0.0,1
2025-05-12,ROLL_PUT,24924.69921875,0.0,1
2025-05-13,ROLL_CALL,24578.349609375,0.0,1
2025-05-15,ROLL_PUT,25062.099609375,0.0,1
2025-05-15,STRADDLE_CLOSE,25062.099609375,-30767.442586637233,1
2025-05-15,OPEN,25062.099609375,2716.621007372884,1
2025-05-19,ROLL_CALL,24945.44921875,0.0,1
2025-05-20,ROLL_CALL,24683.900390625,0.0,1
2025-05-22,ROLL_CALL,24609.69921875,0.0,1
2025-05-22,COVER_CLOSE,24609.69921875,-1759.3461910851013,1
2025-05-22,OPEN,24609.69921875,2682.531617070682,1
2025-05-23,ROLL_PUT,24853.150390625,0.0,1
2025-05-26,ROLL_PUT,25001.150390625,0.0,1
2025-05-27,ROLL_CALL,24826.19921875,0.0,1
2025-05-28,ROLL_CALL,24752.44921875,0.0,1
2025-05-29,COVER_CLOSE,24833.599609375,-2091.008957966265,1
2025-05-29,OPEN,24833.599609375,2871.343550424245,1
2025-06-02,ROLL_CALL,24716.599609375,0.0,1
2025-06-03,ROLL_CALL,24542.5,0.0,1
2025-06-05,ROLL_PUT,24750.900390625,0.0,1
2025-06-05,COVER_CLOSE,24750.900390625,-1785.881674426216,1
2025-06-05,OPEN,24750.900390625,2750.629996814103,1
2025-06-06,ROLL_PUT,25003.05078125,0.0,1
2025-06-09,ROLL_PUT,25103.19921875,0.0,1
2025-06-11,ROLL_PUT,25141.400390625,0.0,1
2025-06-12,ROLL_CALL,24888.19921875,0.0,1
2025-06-12,COVER_CLOSE,24888.19921875,-24.8647589466409,1
2025-06-12,OPEN,24888.19921875,2895.4343619902797,1
2025-06-13,ROLL_CALL,24718.599609375,0.0,1
2025-06-16,ROLL_PUT,24946.5,0.0,1
2025-06-18,ROLL_CALL,24812.05078125,0.0,1
2025-06-19,COVER_CLOSE,24793.25,-4779.1409490293045,1
2025-06-19,OPEN,24793.25,2850.1948918834096,1
2025-06-20,ROLL_PUT,25112.400390625,0.0,1
2025-06-23,ROLL_CALL,24971.900390625,0.0,1
2025-06-25,ROLL_PUT,25244.75,0.0,1
2025-06-25,STRADDLE_CLOSE,25244.75,-15868.54679380938,1
2025-06-26,OPEN,25549.0,2870.4254843869235,1
2025-06-27,ROLL_PUT,25637.80078125,0.0,1
2025-06-30,ROLL_CALL,25517.05078125,0.0,1
2025-07-02,ROLL_CALL,25453.400390625,0.0,1
2025-07-03,ROLL_CALL,25405.30078125,0.0,1
2025-07-03,COVER_CLOSE,25405.30078125,-1882.0301744841152,1
2025-07-03,OPEN,25405.30078125,2749.980860398581,1
2025-07-08,ROLL_PUT,25522.5,0.0,1
2025-07-10,ROLL_CALL,25355.25,0.0,1
2025-07-10,COVER_CLOSE,25355.25,-758.9786147935885,1
2025-07-10,OPEN,25355.25,2725.2705430938627,1
2025-07-11,ROLL_CALL,25149.849609375,0.0,1
2025-07-14,ROLL_CALL,25082.30078125,0.0,1
2025-07-15,ROLL_PUT,25195.80078125,0.0,1
2025-07-17,ROLL_CALL,25111.44921875,0.0,1
2025-07-17,COVER_CLOSE,25111.44921875,-5389.138285202072,1
2025-07-17,OPEN,25111.44921875,2655.480726090617,1
2025-07-18,ROLL_CALL,24968.400390625,0.0,1
2025-07-21,ROLL_PUT,25090.69921875,0.0,1
2025-07-23,ROLL_PUT,25219.900390625,0.0,1
2025-07-24,ROLL_CALL,25062.099609375,0.0,1
2025-07-24,STRADDLE_CLOSE,25062.099609375,-4943.9008629604405,1
2025-07-24,OPEN,25062.099609375,2698.8366056896925,1
2025-07-25,ROLL_CALL,24837.0,0.0,1
2025-07-25,STRADDLE_CLOSE,24837.0,-9385.869254513265,1
2025-07-31,OPEN,24768.349609375,2866.468682212633,1
2025-08-01,ROLL_CALL,24565.349609375,0.0,1
2025-08-04,ROLL_PUT,24722.75,0.0,1
2025-08-06,ROLL_CALL,24574.19921875,0.0,1
2025-08-06,STRADDLE_CLOSE,24574.19921875,-12513.23486572235,1
2025-08-07,OPEN,24596.150390625,3000.435283933117,1
2025-08-08,ROLL_CALL,24363.30078125,0.0,1
2025-08-11,ROLL_PUT,24585.05078125,0.0,1
2025-08-11,STRADDLE_CLOSE,24585.05078125,-13381.256211199194,1
2025-08-14,OPEN,24631.30078125,2714.715487719508,1
2025-08-18,ROLL_PUT,24876.94921875,0.0,1
2025-08-19,ROLL_PUT,24980.650390625,0.0,1
2025-08-20,ROLL_PUT,25050.55078125,0.0,1
2025-08-21,COVER_CLOSE,25083.75,-6290.836484040833,1
2025-08-21,OPEN,25083.75,2719.7134234130335,1
2025-08-22,ROLL_CALL,24870.099609375,0.0,1
2025-08-26,ROLL_CALL,24712.05078125,0.0,1
2025-08-28,ROLL_CALL,24500.900390625,0.0,1
2025-08-28,STRADDLE_CLOSE,24500.900390625,-13840.440366411833,1
2025-08-28,OPEN,24500.900390625,2720.809693106451,1
2025-09-01,ROLL_PUT,24625.05078125,0.0,1
2025-09-03,ROLL_PUT,24715.05078125,0.0,1
2025-09-04,COVER_CLOSE,24734.30078125,-1553.8623334274048,1
2025-09-04,OPEN,24734.30078125,2723.0472839412732,1
2025-09-09,ROLL_PUT,24868.599609375,0.0,1
2025-09-10,ROLL_PUT,24973.099609375,0.0,1
2025-09-11,COVER_CLOSE,25005.5,-822.7014076187446,1
2025-09-11,OPEN,25005.5,3026.0975873069488,1
2025-09-12,ROLL_PUT,25114.0,0.0,1
2025-09-16,ROLL_PUT,25239.099609375,0.0,1
2025-09-17,ROLL_PUT,25330.25,0.0,1
2025-09-18,ROLL_PUT,25423.599609375,0.0,1
2025-09-18,COVER_CLOSE,25423.599609375,-5685.421712017367,1
2025-09-18,OPEN,25423.599609375,3038.106635542453,1
2025-09-19,ROLL_CALL,25327.05078125,0.0,1
2025-09-22,ROLL_CALL,25202.349609375,0.0,1
2025-09-24,ROLL_CALL,25056.900390625,0.0,1
2025-09-24,STRADDLE_CLOSE,25056.900390625,-5879.288548727223,1
2025-09-25,OPEN,24890.849609375,2841.6116085462572,1
2025-09-26,ROLL_CALL,24654.69921875,0.0,1
2025-09-29,ROLL_CALL,24634.900390625,0.0,1
2025-09-29,STRADDLE_CLOSE,24634.900390625,-8114.346714862514,1
2025-10-09,OPEN,25181.80078125,2585.0434202631754,1
2025-10-10,ROLL_PUT,25285.349609375,0.0,1
2025-10-14,ROLL_CALL,25145.5,0.0,1
2025-10-15,ROLL_PUT,25323.55078125,0.0,1
2025-10-15,STRADDLE_CLOSE,25323.55078125,-7212.512263919447,1
2025-10-16,OPEN,25585.30078125,2598.423421619998,1
2025-10-17,ROLL_PUT,25709.849609375,0.0,1
2025-10-20,ROLL_PUT,25843.150390625,0.0,1
2025-10-23,COVER_CLOSE,25891.400390625,-2176.4086164608243,1
2025-10-23,OPEN,25891.400390625,2669.971070537185,1
2025-10-24,ROLL_CALL,25795.150390625,0.0,1
2025-10-27,ROLL_PUT,25966.05078125,0.0,1
2025-10-29,ROLL_PUT,26053.900390625,0.0,1
2025-10-30,ROLL_CALL,25877.849609375,0.0,1
2025-10-30,COVER_CLOSE,25877.849609375,-4736.7813554879895,1
2025-10-30,OPEN,25877.849609375,2974.9950750428957,1
2025-10-31,ROLL_CALL,25722.099609375,0.0,1
2025-11-04,ROLL_CALL,25597.650390625,0.0,1
2025-11-06,ROLL_CALL,25509.69921875,0.0,1
2025-11-06,STRADDLE_CLOSE,25509.69921875,-9244.34312590306,1
2025-11-06,OPEN,25509.69921875,2533.820952766019,1
2025-11-11,ROLL_PUT,25694.94921875,0.0,1
2025-11-12,ROLL_PUT,25875.80078125,0.0,1
2025-11-13,COVER_CLOSE,25879.150390625,-4719.987963116583,1
2025-11-13,OPEN,25879.150390625,2860.3725336153543,1
2025-11-17,ROLL_PUT,26013.44921875,0.0,1
2025-11-18,ROLL_CALL,25910.05078125,0.0,1
2025-11-19,ROLL_PUT,26052.650390625,0.0,1
2025-11-20,ROLL_PUT,26192.150390625,0.0,1
2025-11-20,STRADDLE_CLOSE,26192.150390625,-6825.845550033865,1
2025-11-20,OPEN,26192.150390625,2640.604140684155,1
2025-11-21,ROLL_CALL,26068.150390625,0.0,1
2025-11-24,ROLL_CALL,25959.5,0.0,1
2025-11-25,ROLL_CALL,25884.80078125,0.0,1
2025-11-25,STRADDLE_CLOSE,25884.80078125,-6650.420731798142,1
2025-11-27,OPEN,26215.55078125,2855.181099957102,1
2025-12-01,ROLL_CALL,26175.75,0.0,1
2025-12-02,ROLL_CALL,26032.19921875,0.0,1
2025-12-03,ROLL_CALL,25986.0,0.0,1
2025-12-04,COVER_CLOSE,26033.75,-1912.8930929139635,1
2025-12-04,OPEN,26033.75,2661.698012777727,1
2025-12-05,ROLL_PUT,26186.44921875,0.0,1
2025-12-08,ROLL_CALL,25960.55078125,0.0,1
2025-12-08,STRADDLE_CLOSE,25960.55078125,-11008.380284665192,1
2025-12-11,OPEN,25898.55078125,2934.024226353691,1
2025-12-12,ROLL_PUT,26046.94921875,0.0,1
2025-12-16,ROLL_CALL,25860.099609375,0.0,1
2025-12-17,ROLL_CALL,25818.55078125,0.0,1
2025-12-18,COVER_CLOSE,25815.55078125,-4208.714257906112,1
2025-12-18,OPEN,25815.55078125,2955.3486444788205,1
2025-12-19,ROLL_PUT,25966.400390625,0.0,1
2025-12-22,ROLL_PUT,26172.400390625,0.0,1
2025-12-26,ROLL_CALL,26042.30078125,0.0,1
2025-12-26,STRADDLE_CLOSE,26042.30078125,-5933.351162295677,1
2026-01-01,OPEN,26146.55078125,2481.8889758379037,1
2026-01-02,ROLL_PUT,26328.55078125,0.0,1
2026-01-05,ROLL_CALL,26250.30078125,0.0,1
2026-01-06,ROLL_CALL,26178.69921875,0.0,1
2026-01-07,ROLL_CALL,26140.75,0.0,1
2026-01-07,STRADDLE_CLOSE,26140.75,-4763.132714363747,1
2026-01-08,OPEN,25876.849609375,2356.341284997343,1
2026-01-09,ROLL_CALL,25683.30078125,0.0,1
2026-01-14,ROLL_CALL,25665.599609375,0.0,1
2026-01-16,COVER_CLOSE,25694.349609375,-1727.79659797887,1
2026-01-22,OPEN,25289.900390625,2269.6693307273986,1
2026-01-23,ROLL_CALL,25048.650390625,0.0,1
2026-01-28,ROLL_PUT,25342.75,0.0,1
2026-01-28,STRADDLE_CLOSE,25342.75,-9128.974245216657,1
2026-01-29,OPEN,25418.900390625,2203.3235715944224,1
2026-01-30,ROLL_CALL,25320.650390625,0.0,1
2026-02-02,ROLL_CALL,25088.400390625,0.0,1
2026-02-05,ROLL_PUT,25642.80078125,0.0,1
2026-02-05,STRADDLE_CLOSE,25642.80078125,-27117.652731871076,1
2026-02-05,OPEN,25642.80078125,2419.988498918289,1
2026-02-09,ROLL_PUT,25867.30078125,0.0,1
2026-02-10,ROLL_PUT,25935.150390625,0.0,1
2026-02-12,ROLL_CALL,25807.19921875,0.0,1
2026-02-12,COVER_CLOSE,25807.19921875,-1516.8577943790617,1
2026-02-12,OPEN,25807.19921875,2364.307633535983,1
2026-02-13,ROLL_CALL,25471.099609375,0.0,1
2026-02-16,ROLL_PUT,25682.75,0.0,1
2026-02-18,ROLL_PUT,25819.349609375,0.0,1
2026-02-19,ROLL_CALL,25454.349609375,0.0,1
2026-02-19,COVER_CLOSE,25454.349609375,-13429.135855295848,1
2026-02-19,OPEN,25454.349609375,2402.192121254732,1
2026-02-23,ROLL_PUT,25713.0,0.0,1
2026-02-24,ROLL_CALL,25424.650390625,0.0,1
2026-02-26,COVER_CLOSE,25496.55078125,-2063.7967112747997,1
2026-02-26,OPEN,25496.55078125,2203.1870295703666,1
2026-02-27,ROLL_CALL,25178.650390625,0.0,1
2026-03-02,ROLL_CALL,24865.69921875,0.0,1
2026-03-04,ROLL_CALL,24480.5,0.0,1
2026-03-05,ROLL_PUT,24765.900390625,0.0,1
2026-03-05,STRADDLE_CLOSE,24765.900390625,-24783.59442318999,1
2026-03-05,OPEN,24765.900390625,2292.7084563145895,1
2026-03-06,ROLL_CALL,24450.44921875,0.0,1
2026-03-09,ROLL_CALL,24028.05078125,0.0,1
2026-03-10,ROLL_PUT,24261.599609375,0.0,1
2026-03-12,COVER_CLOSE,23639.150390625,-27739.716413943243,1
2026-03-12,OPEN,23639.150390625,2231.2136933226993,1
2026-03-13,ROLL_CALL,23151.099609375,0.0,1
2026-03-16,ROLL_PUT,23408.80078125,0.0,1
2026-03-17,ROLL_PUT,23581.150390625,0.0,1
2026-03-18,ROLL_PUT,23777.80078125,0.0,1
2026-03-19,COVER_CLOSE,23002.150390625,-35667.06993092483,1
2026-03-19,OPEN,23002.150390625,2266.231949650324,1
2026-03-23,ROLL_CALL,22512.650390625,0.0,1
2026-03-24,ROLL_PUT,22912.400390625,0.0,1
2026-03-25,ROLL_PUT,23306.44921875,0.0,1
2026-03-27,ROLL_CALL,22819.599609375,0.0,1
2026-03-27,COVER_CLOSE,22819.599609375,-27897.695075183732,1
2026-04-02,OPEN,22713.099609375,2467.439250008004,1
2026-04-06,ROLL_PUT,22968.25,0.0,1
2026-04-07,ROLL_PUT,23123.650390625,0.0,1
2026-04-08,ROLL_PUT,23997.349609375,0.0,1
2026-04-09,COVER_CLOSE,23775.099609375,-9321.1312338828,1
2026-04-09,OPEN,23775.099609375,2367.9430517873598,1
2026-04-10,ROLL_PUT,24050.599609375,0.0,1
2026-04-15,ROLL_PUT,24231.30078125,0.0,1
2026-04-16,COVER_CLOSE,24196.75,-446.7142045966561,1
2026-04-16,OPEN,24196.75,2333.855495644002,1
2026-04-21,ROLL_PUT,24576.599609375,0.0,1
2026-04-22,ROLL_CALL,24378.099609375,0.0,1
2026-04-23,ROLL_CALL,24173.05078125,0.0,1
2026-04-23,COVER_CLOSE,24173.05078125,-579.2635903982668,1
2026-04-23,OPEN,24173.05078125,2365.173359395781,1
2026-04-24,ROLL_CALL,23897.94921875,0.0,1
2026-04-29,ROLL_PUT,24177.650390625,0.0,1
2026-04-30,ROLL_CALL,23997.55078125,0.0,1
2026-04-30,COVER_CLOSE,23997.55078125,-138.33382928114358,1
2026-04-30,OPEN,23997.55078125,2408.137753598894,1
2026-05-06,ROLL_PUT,24330.94921875,0.0,1
2026-05-07,COVER_CLOSE,24326.650390625,-687.0014678236738,1
2026-05-07,OPEN,24326.650390625,2345.7249202048065,1
2026-05-08,ROLL_CALL,24176.150390625,0.0,1
2026-05-11,ROLL_CALL,23815.849609375,0.0,1
2026-05-12,ROLL_CALL,23379.55078125,0.0,1
2026-05-14,ROLL_PUT,23689.599609375,0.0,1
2026-05-14,COVER_CLOSE,23689.599609375,-6506.832214380161,1
2026-05-14,OPEN,23689.599609375,2264.7445316364315,1
2026-05-19,ROLL_CALL,23618.0,0.0,1
2026-05-21,COVER_CLOSE,23654.69921875,-258.7410556487162,1
2026-05-21,OPEN,23654.69921875,2453.2226840514004,1
2026-05-25,ROLL_PUT,24031.69921875,0.0,1
2026-05-27,ROLL_CALL,23907.150390625,0.0,1
2026-05-29,ROLL_CALL,23547.75,0.0,1
2026-05-29,COVER_CLOSE,23547.75,-9951.862646672693,1
2026-06-04,OPEN,23416.55078125,2287.253608388414,1
2026-06-08,ROLL_CALL,23123.0,0.0,1
2026-06-09,ROLL_PUT,23242.099609375,0.0,1
2026-06-11,ROLL_CALL,23161.599609375,0.0,1
2026-06-11,COVER_CLOSE,23161.599609375,-1447.3806190056698,1
2026-06-11,OPEN,23161.599609375,2394.7249925962237,1
2026-06-12,ROLL_PUT,23622.900390625,0.0,1
2026-06-15,ROLL_PUT,23853.900390625,0.0,1
2026-06-15,STRADDLE_CLOSE,23853.900390625,-20580.155409444167,1
2026-06-18,OPEN,24168.0,2376.2069224365655,1
2026-06-19,ROLL_CALL,24013.099609375,0.0,1
2026-06-23,ROLL_CALL,23824.099609375,0.0,1
2026-06-24,ROLL_PUT,24021.650390625,0.0,1
2026-06-25,COVER_CLOSE,24056.0,-4944.783238757225,1
2026-06-25,OPEN,24056.0,2470.560416095305,1
2026-06-29,ROLL_CALL,23946.25,0.0,1
