strategy,ticker,entry_date,entry_px,exit_date,exit_px,hold_days,ret,entry_val,reason
A,WALL-B.ST,2010-10-21,11.35,2010-11-11,10.93,21,-0.037463676723765715,0.16666666666666666,rotate
A,SWED-A.ST,2010-10-21,35.99,2010-11-11,33.92,21,-0.05733136892691071,0.16666666666666666,rotate
A,CAST.ST,2010-10-21,39.19,2010-11-11,38.23,21,-0.02451554492977137,0.16447149604204084,rotate
A,BALD-B.ST,2010-10-21,4.02,2010-12-02,3.96,42,-0.016574689121588104,0.16666666666666666,6wk-exit
A,FABG.ST,2010-10-21,21.35,2010-12-02,21.07,42,-0.012996797654805659,0.16666666666666666,6wk-exit
A,BOL.ST,2010-10-21,66.25,2010-12-02,73.79,42,0.11391310406540489,0.16666666666666666,6wk-exit
A,HPOL-B.ST,2010-11-11,7.25,2010-12-23,8.09,42,0.11487775433814051,0.1643515221792208,6wk-exit
A,SKF-B.ST,2010-11-11,107.42,2010-12-23,116.18,42,0.08151879944887153,0.1643515221792208,6wk-exit
A,TREL-B.ST,2010-11-11,44.41,2010-12-23,49.4,42,0.11240308679166322,0.14717203541258966,6wk-exit
A,ATCO-A.ST,2010-12-02,20.74,2011-01-18,20.58,47,-0.007970403814420046,0.1706001637815846,6wk-exit
A,ATCO-B.ST,2010-12-02,16.92,2011-01-18,17.05,47,0.007508752507661809,0.1706001637815846,6wk-exit
A,SAND.ST,2010-12-02,78.87,2011-01-18,81.37,47,0.0317462528542829,0.17059972328013806,6wk-exit
A,SAAB-B.ST,2010-12-23,22.1,2011-01-18,23.18,26,0.049233355251157684,0.1765068822612842,rotate
A,BOL.ST,2010-12-23,77.08,2011-02-08,79.44,47,0.03064264709899933,0.1765068822612842,6wk-exit
A,NIBE-B.ST,2010-12-23,5.24,2011-02-08,4.93,47,-0.05769254583054406,0.16937838551831436,6wk-exit
A,ADDT-B.ST,2011-01-18,10.78,2011-02-08,10.07,21,-0.06598989576161762,0.17722440672414788,rotate
A,SKF-B.ST,2011-01-18,114.56,2011-02-08,100.05,21,-0.1267017396482104,0.16757739674986694,rotate
A,VOLV-B.ST,2011-01-18,56.5,2011-03-01,52.11,42,-0.07771143276335912,0.17722440672414788,6wk-exit
A,HPOL-B.ST,2011-01-18,9.45,2011-03-01,8.28,42,-0.12407094448903722,0.17722440672414788,6wk-exit
A,SAAB-B.ST,2011-02-08,22.11,2011-03-01,23.36,21,0.05645185080017945,0.1647175109272173,rotate
A,TREL-B.ST,2011-02-08,48.2,2011-03-01,43.27,21,-0.10214300012101984,0.1647175109272173,rotate
A,HOLM-B.ST,2011-02-08,68.49,2011-03-01,66.64,21,-0.027050501272075533,0.15637530500642893,rotate
A,BALD-B.ST,2011-02-08,4.86,2011-03-22,5.19,42,0.06864982715524182,0.16471751092721726,6wk-exit
A,BOL.ST,2011-03-01,77.65,2011-03-22,73.74,21,-0.050445183740042476,0.16073084262563056,rotate
A,SEB-A.ST,2011-03-01,24.46,2011-03-22,24.09,21,-0.015017624094959103,0.16073084262563056,rotate
A,ABB.ST,2011-03-01,138.83,2011-03-22,134.11,21,-0.033964538261104016,0.14633843608769898,rotate
A,SWED-A.ST,2011-03-01,40.02,2011-04-12,43.25,42,0.08066423324547967,0.16073084262563056,6wk-exit
A,ADDT-B.ST,2011-03-01,9.6,2011-04-12,10.29,42,0.07122505198841855,0.16073084262563056,6wk-exit
A,HPOL-B.ST,2011-03-22,9.1,2011-04-12,8.67,21,-0.04651179856733556,0.15924699724636082,rotate
A,GETI-B.ST,2011-03-22,74.89,2011-04-12,81.07,21,0.08248829772419275,0.15924699724636082,rotate
A,LATO-B.ST,2011-03-22,23.1,2011-05-05,25.37,44,0.09817372975540195,0.15924699724636082,6wk-exit
A,SAAB-B.ST,2011-03-22,23.81,2011-05-05,26.43,44,0.10996878480583883,0.14783366211494123,6wk-exit
A,ERIC-B.ST,2011-04-12,49.99,2011-05-05,59.05,23,0.1811486472463304,0.1645905773580362,rotate
A,CAST.ST,2011-04-12,42.53,2011-05-26,44.22,44,0.03989066969743993,0.1645905773580362,6wk-exit
A,WALL-B.ST,2011-04-12,12.79,2011-05-26,13.09,44,0.023155751822305337,0.1645905773580362,6wk-exit
A,HEXA-B.ST,2011-04-12,19.77,2011-05-26,21.22,44,0.07326924028736803,0.1645905773580362,6wk-exit
A,SWED-A.ST,2011-05-05,42.43,2011-05-26,42.06,21,-0.008771933767598328,0.17371908952472537,rotate
A,SKF-B.ST,2011-05-05,113.84,2011-05-26,110.82,21,-0.02650078290410607,0.17371908952472537,rotate
A,BALD-B.ST,2011-05-05,5.34,2011-05-26,5.22,21,-0.023908489128988797,0.17371908952472537,rotate
A,HPOL-B.ST,2011-05-26,10.76,2011-06-20,10.73,25,-0.002857074472753185,0.17392304912816592,rotate
A,ERIC-B.ST,2011-05-26,58.92,2011-06-20,55.74,25,-0.05398027179147935,0.17392304912816592,rotate
A,TREL-B.ST,2011-05-26,50.03,2011-06-20,45.57,25,-0.08904600731219825,0.17392304912816592,rotate
A,LATO-B.ST,2011-05-26,24.37,2011-06-20,21.84,25,-0.10370380516991506,0.17392304912816592,rotate
A,HM-B.ST,2011-05-26,128.43,2011-06-20,116.74,25,-0.09098724837597238,0.17392304912816592,rotate
A,GETI-B.ST,2011-05-26,88.78,2011-06-20,84.98,25,-0.0428151867666009,0.17163230451781686,rotate
A,TREL-B.ST,2012-01-19,44.44,2012-02-09,47.13,21,0.060461570260419206,0.16208684631536444,rotate
A,ATCO-B.ST,2012-01-19,17.28,2012-02-09,17.8,21,0.029798989645148488,0.15995199661334633,rotate
A,HPOL-B.ST,2012-01-19,13.43,2012-03-01,14.69,42,0.09382166610376874,0.16208684631536444,6wk-exit
A,BOL.ST,2012-01-19,70.52,2012-03-01,68.3,42,-0.031462628918263236,0.16208684631536444,6wk-exit
A,HEXA-B.ST,2012-01-19,16.35,2012-03-01,18.13,42,0.10915203250467198,0.16208684631536444,6wk-exit
A,SSAB-A.ST,2012-01-19,33.43,2012-03-01,31.27,42,-0.06466661242176952,0.16208684631536444,6wk-exit
A,INDU-C.ST,2012-02-09,65.85,2012-03-01,65.46,21,-0.005964222082521231,0.16948218705100815,rotate
A,ATCO-A.ST,2012-02-09,21.3,2012-03-01,21.87,21,0.026865558840695858,0.16564527698706114,rotate
A,SEB-A.ST,2012-03-01,22.09,2012-03-22,21.36,21,-0.03315892339487314,0.1670038238331182,rotate
A,ADDT-B.ST,2012-03-01,10.78,2012-03-22,10.35,21,-0.040106757441749186,0.1670038238331182,rotate
A,SWED-A.ST,2012-03-01,42.47,2012-04-16,39.3,46,-0.07464910410188597,0.1670038238331182,6wk-exit
A,VOLV-B.ST,2012-03-01,47.93,2012-04-16,44.91,46,-0.0631436004002498,0.1670038238331182,6wk-exit
A,ELUX-B.ST,2012-03-01,87.43,2012-04-16,86.75,46,-0.007680358841444801,0.1670038238331182,6wk-exit
A,LATO-B.ST,2012-03-01,24.93,2012-04-16,24.84,46,-0.0036206256448459984,0.16480421250344643,6wk-exit
A,HEXA-B.ST,2012-03-22,16.88,2012-04-16,18.01,25,0.06666675705736691,0.1585734168051506,rotate
A,BALD-B.ST,2012-03-22,5.28,2012-05-08,5.45,47,0.03154580453056122,0.16178589312639993,6wk-exit
A,SEB-A.ST,2012-04-16,20.47,2012-05-08,20.23,22,-0.011928952074398702,0.16108343351035634,rotate
A,SHB-A.ST,2012-04-16,26.45,2012-05-08,28.04,22,0.05990354961110733,0.16108343351035634,rotate
A,HUSQ-B.ST,2012-04-16,26.53,2012-05-08,23.59,22,-0.11091682022133442,0.16108343351035634,rotate
A,SCA-B.ST,2012-04-16,10.46,2012-05-30,9.72,44,-0.07072517144767898,0.16108343351035634,6wk-exit
A,ASSA-B.ST,2012-04-16,53.21,2012-05-30,50.39,44,-0.052831278749747135,0.16108343351035634,6wk-exit
A,TREL-B.ST,2012-05-08,52.45,2012-05-30,52.7,22,0.004877880256392908,0.15739848827124978,rotate
A,LATO-B.ST,2012-05-08,22.73,2012-05-30,21.68,22,-0.045784404042411575,0.15739848827124978,rotate
A,HPOL-B.ST,2012-05-08,15.68,2012-05-30,15.99,22,0.019999771330403426,0.15739848827124978,rotate
A,ADDT-B.ST,2012-05-08,10.41,2012-05-30,10.15,22,-0.024930878414195723,0.15739848827124978,rotate
A,SCA-B.ST,2012-06-21,9.68,2012-07-13,10.21,22,0.05512559308942455,0.1552201614733694,rotate
A,TREL-B.ST,2012-06-21,47.11,2012-07-13,47.59,22,0.010085395261375085,0.1552201614733694,rotate
A,HPOL-B.ST,2012-06-21,14.87,2012-08-03,15.18,43,0.02109706346664697,0.1552201614733694,6wk-exit
A,SWED-A.ST,2012-06-21,42.43,2012-08-03,46.85,43,0.1041476223062654,0.1552201614733694,6wk-exit
A,SHB-A.ST,2012-07-13,29.9,2012-08-03,30.98,21,0.035897381270415085,0.1569731008018541,rotate
A,WALL-B.ST,2012-07-13,13.94,2012-08-03,15.24,21,0.09349892885435862,0.1569731008018541,rotate
A,HOLM-B.ST,2012-07-13,60.44,2012-08-03,57.57,21,-0.047441391085106366,0.15663161694323682,rotate
A,HM-B.ST,2012-07-13,142.32,2012-08-24,140.71,42,-0.011345255638400498,0.1569731008018541,6wk-exit
A,KINV-B.ST,2012-08-03,52.12,2012-08-24,50.15,21,-0.037749278000574815,0.16236400355868313,rotate
A,AZN.ST,2012-08-03,299.16,2012-08-24,286.78,21,-0.04137688602453893,0.16236400355868313,rotate
A,SAAB-B.ST,2012-08-03,21.66,2012-08-24,20.8,21,-0.03950843706397289,0.16236400355868313,rotate
A,SCA-B.ST,2012-08-03,10.93,2012-08-24,10.98,21,0.005141311429846418,0.16031270762494437,rotate
A,SEB-A.ST,2012-08-03,23.03,2012-09-14,25.23,42,0.0956575089106868,0.16236400355868313,6wk-exit
A,NDA-SE.ST,2012-08-24,57.58,2012-09-14,60.52,21,0.05107747432322962,0.15764503730094911,rotate
A,SHB-A.ST,2012-08-24,29.92,2012-09-14,30.89,21,0.0324647643424123,0.15764503730094911,rotate
A,SWED-A.ST,2012-08-24,46.06,2012-09-14,47.82,21,0.03820020254433376,0.15764503730094911,rotate
A,BOL.ST,2012-08-24,64.64,2012-09-14,72.3,21,0.1184972165978464,0.1501362724517115,rotate
A,WALL-B.ST,2012-08-24,14.64,2012-10-05,14.81,42,0.011821967761432628,0.15764503730094911,6wk-exit
A,FABG.ST,2012-09-14,20.96,2012-10-05,21.88,21,0.04368961944193117,0.1663012224171321,rotate
A,CAST.ST,2012-09-14,44.3,2012-10-05,43.38,21,-0.02081058618245346,0.1663012224171321,rotate
A,SCA-B.ST,2012-09-14,11.38,2012-10-05,11.43,21,0.004111808829791563,0.1663012224171321,rotate
A,ELUX-B.ST,2012-09-14,109.17,2012-10-26,106.69,42,-0.022753126488084252,0.1663012224171321,6wk-exit
A,BALD-B.ST,2012-09-14,5.85,2012-10-26,6.03,42,0.03133896120738111,0.1663012224171321,6wk-exit
A,TREL-B.ST,2012-10-05,54.75,2012-10-26,52.3,21,-0.04472622234230694,0.16639022751615704,rotate
A,HEXA-B.ST,2012-10-05,20.02,2012-11-16,20.97,42,0.04735741703650409,0.16639022751615704,6wk-exit
A,SEB-A.ST,2012-10-05,26.43,2012-11-16,23.71,42,-0.1028768419606163,0.16639022751615704,6wk-exit
A,VOLV-B.ST,2012-10-05,48.93,2012-11-16,45.26,42,-0.07499989865384238,0.1635844945985848,6wk-exit
A,SAAB-B.ST,2012-10-26,23.92,2012-11-16,23.31,21,-0.02543727137368501,0.16251693112839818,rotate
A,NIBE-B.ST,2012-10-26,5.31,2012-11-16,4.6,21,-0.13513508420334075,0.16251693112839818,rotate
A,FABG.ST,2012-10-26,22.05,2012-11-16,21.32,21,-0.03307700014379156,0.16251693112839818,rotate
A,ASSA-B.ST,2012-12-07,63.65,2013-01-04,65.03,28,0.021576664167426873,0.15536003562498565,rotate
A,ATCO-A.ST,2012-12-07,23.29,2013-01-04,24.33,28,0.04493783527782047,0.15331378490631695,rotate
A,HPOL-B.ST,2012-12-07,20.98,2013-01-25,21.92,49,0.04484285283908851,0.15536003562498565,6wk-exit
A,HEXA-B.ST,2012-12-07,23.71,2013-01-25,24.57,49,0.036521728776047535,0.15536003562498565,6wk-exit
A,HUSQ-B.ST,2012-12-07,26.44,2013-01-25,26.62,49,0.0067667582845996055,0.15536003562498565,6wk-exit
A,SCA-B.ST,2012-12-07,12.82,2013-01-25,14.09,49,0.09934272209638384,0.15536003562498565,6wk-exit
A,SSAB-A.ST,2013-01-04,26.84,2013-01-25,24.38,21,-0.09160962280597595,0.15846941485653546,rotate
A,INVE-B.ST,2013-01-04,30.58,2013-02-15,33.04,42,0.08062696442577977,0.15846941485653546,6wk-exit
A,ATCO-A.ST,2013-01-25,24.86,2013-02-15,24.61,21,-0.010122411015687227,0.15934097820323875,rotate
A,SECU-B.ST,2013-01-25,31.75,2013-02-15,30.61,21,-0.035952889764358065,0.15934097820323875,rotate
A,ATCO-B.ST,2013-01-25,21.08,2013-02-15,20.9,21,-0.008338393514039866,0.15934097820323875,rotate
A,LATO-B.ST,2013-01-25,26.14,2013-02-15,26.85,21,0.027536083596767513,0.15424267569713604,rotate
A,INDU-C.ST,2013-01-25,75.93,2013-03-08,80.05,42,0.054151416345718406,0.15934097820323875,6wk-exit
A,KINV-B.ST,2013-02-15,55.31,2013-03-08,56.83,21,0.02751667858794904,0.16117101828859334,rotate
A,HPOL-B.ST,2013-02-15,23.27,2013-03-08,23.15,21,-0.00539093786729572,0.16117101828859334,rotate
A,ERIC-B.ST,2013-02-15,52.8,2013-04-02,53.6,46,0.015180208348009261,0.16117101828859334,6wk-exit
A,SWED-A.ST,2013-02-15,59.4,2013-04-02,62.15,46,0.04639358258575199,0.16117101828859334,6wk-exit
A,SEB-A.ST,2013-02-15,30.11,2013-04-02,32.16,46,0.06777414184544317,0.15089649511859848,6wk-exit
A,INVE-B.ST,2013-03-08,33.73,2013-04-02,34.3,25,0.016824345787422423,0.16342294532810342,rotate
A,BALD-B.ST,2013-03-08,7.83,2013-04-23,7.6,46,-0.029787206844054115,0.164143173071666,6wk-exit
A,NDA-SE.ST,2013-03-08,69.8,2013-04-23,68.68,46,-0.016111121433731834,0.16414317307166604,6wk-exit
A,NIBE-B.ST,2013-04-02,5.92,2013-04-23,5.41,21,-0.0856135125880465,0.1642064546160733,rotate
A,LATO-B.ST,2013-04-02,27.71,2013-04-23,27.2,21,-0.018455201172700275,0.1642064546160733,rotate
A,LUND-B.ST,2013-04-02,112.75,2013-04-23,108.4,21,-0.03861648105210369,0.16404668719912305,rotate
A,SHB-A.ST,2013-04-02,37.54,2013-05-17,40.13,45,0.06905110496381361,0.1642064546160733,6wk-exit
A,ERIC-B.ST,2013-04-23,53.24,2013-05-17,55.32,24,0.03898626595100474,0.15785673594232086,rotate
A,SWED-A.ST,2013-04-23,63.03,2013-05-17,70.45,24,0.11772468439583372,0.15785673594232086,rotate
A,ADDT-B.ST,2013-04-23,13.05,2013-05-17,14.29,24,0.09512761800714564,0.15785673594232086,rotate
A,SEB-A.ST,2013-04-23,30.74,2013-05-17,34.48,24,0.12177973320854174,0.1548940007271857,rotate
A,SCA-B.ST,2013-04-23,18.01,2013-06-10,18.27,48,0.014414390180333747,0.15785673594232086,6wk-exit
A,WALL-B.ST,2013-05-17,19.63,2013-06-10,18.25,24,-0.07048920378195556,0.17096518460775775,rotate
A,KINV-B.ST,2013-05-17,69.75,2013-07-01,69.16,45,-0.008542041694202362,0.17096518460775775,6wk-exit
A,TREL-B.ST,2013-05-17,75.96,2013-07-01,77.01,45,0.013944290338237186,0.17096518460775775,6wk-exit
A,ELUX-B.ST,2013-05-17,119.09,2013-07-01,108.25,45,-0.09095782241693395,0.17096518460775775,6wk-exit
A,AZN.ST,2013-05-17,318.42,2013-07-01,296.09,45,-0.07011899298938495,0.17096518460775775,6wk-exit
A,ADDT-B.ST,2013-06-10,13.96,2013-07-01,13.6,21,-0.02603030623061897,0.16636050348397471,rotate
A,BALD-B.ST,2013-06-10,8.33,2013-07-22,8.75,42,0.05000004005432279,0.15529842083554338,6wk-exit
A,SCA-B.ST,2013-07-01,18.31,2013-07-22,18.6,21,0.015948059160330486,0.1610933297895781,rotate
A,HEXA-B.ST,2013-07-01,25.03,2013-07-22,26.91,21,0.0747664740563514,0.1610933297895781,rotate
A,NDA-SE.ST,2013-07-01,70.8,2013-07-22,75.09,21,0.0606258715513881,0.1610933297895781,rotate
A,HPOL-B.ST,2013-07-01,27.63,2013-08-12,30.12,42,0.08986182765146356,0.1610933297895781,6wk-exit
A,GETI-B.ST,2013-07-01,112.94,2013-08-12,132.51,42,0.17325547274852515,0.1610933297895781,6wk-exit
A,SWED-A.ST,2013-07-22,64.11,2013-08-12,66.74,21,0.04096228721652828,0.15770504466754837,rotate
A,TREL-B.ST,2013-07-22,83.07,2013-09-02,87.3,42,0.051002079132688394,0.1734286216061763,6wk-exit
A,KINV-B.ST,2013-07-22,76.27,2013-09-02,85.48,42,0.12083328081513045,0.1734286216061763,6wk-exit
A,ASSA-B.ST,2013-07-22,77.98,2013-09-02,77.12,42,-0.01105349290238744,0.17342862160617634,6wk-exit
A,ELUX-B.ST,2013-08-12,117.87,2013-09-02,114.37,21,-0.029729825942198196,0.1726685326331667,rotate
A,ADDT-B.ST,2013-08-12,15.87,2013-09-23,18.2,42,0.14694268758479212,0.17687411614009604,6wk-exit
A,SKF-B.ST,2013-08-12,118.08,2013-09-23,121.44,42,0.028523525059012567,0.17687411614009604,6wk-exit
A,GETI-B.ST,2013-09-02,128.21,2013-09-23,129.65,21,0.011177963402773772,0.17972087130642792,rotate
A,HOLM-B.ST,2013-09-02,65.1,2013-09-23,69.02,21,0.06019723426696366,0.17972087130642792,rotate
A,SECU-B.ST,2013-09-02,39.83,2013-10-14,40.61,42,0.019580193735077467,0.17972087130642792,6wk-exit
A,NIBE-B.ST,2013-09-02,6.49,2013-10-14,6.67,42,0.02868850892101671,0.17340036576404053,6wk-exit
A,BOL.ST,2013-09-23,64.98,2013-10-14,58.57,21,-0.09870383156467111,0.18507288084543258,rotate
A,LATO-B.ST,2013-09-23,32.37,2013-10-14,30.26,21,-0.06525674845197904,0.18507288084543258,rotate
A,KINV-B.ST,2013-09-23,89.42,2013-11-04,96.17,42,0.07552200121912334,0.18507288084543258,6wk-exit
A,HUSQ-B.ST,2013-09-23,29.22,2013-11-04,26.74,42,-0.0850259870663479,0.18507288084543258,6wk-exit
A,ADDT-B.ST,2013-10-14,18.33,2013-11-25,18.54,42,0.011945315938811207,0.17940632322492434,6wk-exit
A,HM-B.ST,2013-10-14,163.01,2013-11-25,167.1,42,0.025083015334879777,0.17940632322492434,6wk-exit
A,ATCO-B.ST,2013-10-14,22.69,2013-11-25,22.17,42,-0.023202126051851124,0.17940632322492434,6wk-exit
A,HOLM-B.ST,2013-10-14,70.54,2013-11-25,78.78,42,0.11685824107020504,0.1735552588202424,6wk-exit
A,NIBE-B.ST,2013-11-04,6.6,2013-11-25,7.8,21,0.18291681580497965,0.18051518141186215,rotate
A,TELIA.ST,2013-11-04,25.0,2013-11-25,25.37,21,0.01485642084252592,0.18051518141186215,rotate
A,ASSA-B.ST,2013-11-25,89.19,2013-12-16,88.46,21,-0.008154512201913322,0.18908841605869878,rotate
A,ABB.ST,2013-11-25,153.74,2013-12-16,150.8,21,-0.019138547509764625,0.18908841605869875,rotate
A,KINV-B.ST,2013-11-25,98.99,2014-01-14,118.97,50,0.2018461978134929,0.18908841605869875,6wk-exit
A,SEB-A.ST,2013-11-25,37.99,2014-01-14,40.84,50,0.07517342839927688,0.18908841605869875,6wk-exit
A,BALD-B.ST,2013-11-25,9.62,2014-01-14,11.12,50,0.1558441558441559,0.18908841605869875,6wk-exit
A,SCA-B.ST,2013-11-25,20.83,2014-01-14,21.2,50,0.017653113185626124,0.18659792804036426,6wk-exit
A,NIBE-B.ST,2013-12-16,7.45,2014-02-04,7.64,50,0.025677374428563438,0.19335685835127,6wk-exit
A,AZN.ST,2013-12-16,352.48,2014-02-04,380.42,50,0.07925218219297281,0.1780215046696931,6wk-exit
A,ASSA-B.ST,2014-01-14,91.66,2014-02-04,88.08,21,-0.03908315704875309,0.20665464199947092,rotate
A,ABB.ST,2014-01-14,155.49,2014-02-04,146.75,21,-0.05617984143875665,0.20665464199947095,rotate
A,SWED-A.ST,2014-01-14,76.16,2014-02-04,70.66,21,-0.07224936528900183,0.20665464199947095,rotate
A,SAAB-B.ST,2014-01-14,35.41,2014-02-25,33.52,42,-0.05333343819536185,0.20665464199947092,6wk-exit
A,LATO-B.ST,2014-02-04,32.66,2014-02-25,38.26,21,0.17125767831954852,0.19430649895910776,rotate
A,SSAB-A.ST,2014-02-04,23.99,2014-02-25,24.01,21,0.0009785878053931718,0.19430649895910776,rotate
A,BALD-B.ST,2014-02-04,11.25,2014-03-18,13.33,42,0.1851851569281684,0.19430649895910776,6wk-exit
A,KINV-B.ST,2014-02-04,105.62,2014-03-18,95.65,42,-0.09439641656817144,0.19430649895910776,6wk-exit
A,HEXA-B.ST,2014-02-04,28.54,2014-03-18,30.14,42,0.05593071264938665,0.19430649895910776,6wk-exit
A,AZN.ST,2014-02-25,413.16,2014-04-08,385.24,42,-0.0675673160304261,0.20906845178824382,6wk-exit
A,HPOL-B.ST,2014-02-25,36.61,2014-04-08,36.8,42,0.00521755203928298,0.20906845178824385,6wk-exit
A,FABG.ST,2014-02-25,31.27,2014-04-08,31.71,42,0.014059938775838887,0.20555042095035836,6wk-exit
A,SAAB-B.ST,2014-03-18,35.33,2014-04-08,38.85,21,0.09966591483738285,0.20218186174254163,rotate
A,NIBE-B.ST,2014-03-18,8.63,2014-04-08,9.29,21,0.07640172179495197,0.2021818617425416,rotate
A,ALFA.ST,2014-03-18,134.4,2014-04-08,140.75,21,0.047234882303628156,0.20218186174254163,rotate
A,BALD-B.ST,2014-04-08,13.21,2014-05-02,13.71,24,0.03785489050097768,0.21077578029313424,rotate
A,SKA-B.ST,2014-04-08,90.8,2014-05-02,92.28,24,0.01632650111847167,0.21077578029313424,rotate
A,LUND-B.ST,2014-04-08,134.61,2014-05-02,137.69,24,0.022874863494641406,0.21077578029313424,rotate
A,ERIC-B.ST,2014-04-08,59.85,2014-05-02,56.12,24,-0.06233364413303999,0.20799964748544175,rotate
A,VOLV-B.ST,2014-04-08,54.79,2014-05-23,53.11,45,-0.030692901527233918,0.21077578029313424,6wk-exit
A,HUSQ-B.ST,2014-04-08,31.85,2014-05-23,37.06,45,0.16357456152431382,0.21077578029313424,6wk-exit
A,HPOL-B.ST,2014-05-02,38.97,2014-05-23,39.92,21,0.02458163081698661,0.2178835191933229,rotate
A,NIBE-B.ST,2014-05-02,9.99,2014-05-23,10.49,21,0.049262204404396215,0.21788351919332288,rotate
A,SCA-B.ST,2014-05-02,22.37,2014-05-23,23.33,21,0.04265926235146278,0.18624894112945414,rotate
A,SAAB-B.ST,2014-05-02,39.41,2014-06-17,39.39,46,-0.0005107327926746619,0.2178835191933229,6wk-exit
A,AZN.ST,2014-05-23,450.57,2014-06-17,457.45,25,0.015283100260895521,0.21762369685583227,rotate
A,SKA-B.ST,2014-05-23,95.31,2014-06-17,94.75,25,-0.005833083050551191,0.21762369685583227,rotate
A,TREL-B.ST,2014-05-23,111.02,2014-06-17,109.0,25,-0.018143722134284057,0.21762369685583227,rotate
A,ELUX-B.ST,2014-05-23,111.6,2014-07-09,108.97,47,-0.023529452784058713,0.21762369685583227,6wk-exit
A,INVE-B.ST,2014-05-23,49.07,2014-07-09,47.78,47,-0.026336072230326968,0.21762369685583224,6wk-exit
A,SSAB-A.ST,2014-06-17,28.47,2014-07-30,32.29,43,0.1343776399980785,0.21492888246922767,6wk-exit
A,HUSQ-B.ST,2014-06-17,35.64,2014-07-30,39.24,43,0.10100007310585468,0.21492888246922767,6wk-exit
A,ADDT-B.ST,2014-06-17,22.19,2014-07-30,20.92,43,-0.05708267125334365,0.21492888246922767,6wk-exit
A,NIBE-B.ST,2014-06-17,10.29,2014-07-30,10.15,43,-0.013584171057392402,0.21492888246922767,6wk-exit
A,AZN.ST,2014-07-09,472.71,2014-07-30,472.25,21,-0.0009843213560355446,0.20565219968001303,rotate
A,KINV-B.ST,2014-07-09,119.94,2014-08-20,112.18,42,-0.06471813468720988,0.2247835467229,6wk-exit
A,BALD-B.ST,2014-07-30,14.62,2014-08-20,14.62,21,0.0,0.2208140119230867,rotate
A,ATCO-A.ST,2014-07-30,29.86,2014-08-20,29.31,21,-0.018260474237023483,0.2208140119230867,rotate
A,WALL-B.ST,2014-07-30,24.31,2014-08-20,23.48,21,-0.03376638419260647,0.2124785152289954,rotate
A,BOL.ST,2014-07-30,75.88,2014-09-10,76.54,42,0.00870349391558789,0.2208140119230867,6wk-exit
A,SECU-B.ST,2014-07-30,47.0,2014-09-10,45.78,42,-0.025925708598512176,0.2208140119230867,6wk-exit
A,HUSQ-B.ST,2014-08-20,36.14,2014-09-10,37.06,21,0.02564113390625611,0.2111192741676536,rotate
A,ERIC-B.ST,2014-08-20,61.46,2014-09-10,64.47,21,0.04897977550685373,0.2111192741676536,rotate
A,SSAB-A.ST,2014-08-20,30.2,2014-10-01,27.39,42,-0.09324004952268805,0.2111192741676536,6wk-exit
A,HEXA-B.ST,2014-08-20,31.69,2014-10-01,31.35,42,-0.010439472261995264,0.2111192741676536,6wk-exit
A,BALD-B.ST,2014-09-10,15.62,2014-10-01,15.0,21,-0.040000000000000036,0.21586763457582125,rotate
A,ELUX-B.ST,2014-09-10,126.04,2014-10-22,129.98,42,0.03125021375378889,0.21586763457582125,6wk-exit
A,TEL2-B.ST,2014-09-10,34.1,2014-10-22,34.67,42,0.01685057115820565,0.21586763457582125,6wk-exit
A,ATCO-A.ST,2014-09-10,29.34,2014-10-22,28.42,42,-0.03129572597391972,0.21586763457582125,6wk-exit
A,ERIC-B.ST,2014-10-01,64.79,2014-10-22,60.39,21,-0.06803091841866449,0.209900402699442,rotate
A,BOL.ST,2014-10-01,75.09,2014-10-22,77.0,21,0.02550562448497673,0.209900402699442,rotate
A,ATCO-B.ST,2014-10-01,25.1,2014-10-22,24.85,21,-0.009841269214087456,0.19852939356982327,rotate
A,BOL.ST,2014-11-12,82.42,2014-12-03,82.95,21,0.0064103098162127115,0.2093186359129575,rotate
A,AZN.ST,2014-11-12,510.5,2014-12-03,515.16,21,0.009124373616181014,0.2093186359129575,rotate
A,SWED-A.ST,2014-11-12,83.06,2014-12-03,86.23,21,0.03823690320342932,0.2093186359129575,rotate
A,ELUX-B.ST,2014-11-12,139.63,2014-12-29,151.71,47,0.08650683067723208,0.2093186359129575,6wk-exit
A,ASSA-B.ST,2014-11-12,107.34,2014-12-29,114.39,47,0.06559486664073422,0.2093186359129575,6wk-exit
A,TEL2-B.ST,2014-11-12,37.94,2014-12-29,37.92,47,-0.0005221347216171068,0.20656169518850043,6wk-exit
A,SECU-B.ST,2014-12-03,53.44,2015-01-22,56.03,50,0.04831723137258481,0.21276463056900785,6wk-exit
A,HOLM-B.ST,2014-12-03,90.81,2015-01-22,98.99,50,0.09010081950238402,0.21276463056900785,6wk-exit
A,LUND-B.ST,2014-12-03,150.93,2015-01-22,157.82,50,0.045644270222847005,0.21087568601621387,6wk-exit
A,SAAB-B.ST,2014-12-29,41.0,2015-01-22,40.22,24,-0.01914571551133315,0.2172224337757028,rotate
A,HPOL-B.ST,2014-12-29,48.23,2015-02-12,57.21,45,0.18620214229750198,0.21841112912567842,6wk-exit
A,WALL-B.ST,2014-12-29,27.53,2015-02-12,30.49,45,0.10779805738051951,0.21841112912567842,6wk-exit
A,SKA-B.ST,2015-01-22,111.25,2015-02-12,121.19,21,0.08939482366883222,0.22442243880882892,rotate
A,HUSQ-B.ST,2015-01-22,39.56,2015-02-12,47.65,21,0.20450494112900475,0.211375905434667,rotate
A,BALD-B.ST,2015-01-22,19.58,2015-03-05,23.82,42,0.2161702397883145,0.22442243880882892,6wk-exit
A,ELUX-B.ST,2015-01-22,144.42,2015-03-05,176.26,42,0.22045454017174992,0.22442243880882892,6wk-exit
A,HOLM-B.ST,2015-02-12,102.79,2015-03-05,100.57,21,-0.02152380173370594,0.25586409123234927,rotate
A,GETI-B.ST,2015-02-12,125.01,2015-03-05,128.66,21,0.029143895328435088,0.25586409123234927,rotate
A,SKF-B.ST,2015-02-12,140.86,2015-03-26,152.94,42,0.08579745029527364,0.25586409123234927,6wk-exit
A,FABG.ST,2015-02-12,45.96,2015-03-26,46.15,42,0.00399674928512983,0.22813998394058002,6wk-exit
A,HPOL-B.ST,2015-03-05,55.56,2015-03-26,54.72,21,-0.01511648417654099,0.2562060220893656,rotate
A,TREL-B.ST,2015-03-05,125.97,2015-04-20,134.03,46,0.06396051326074614,0.2562060220893656,6wk-exit
A,SECU-B.ST,2015-03-05,69.05,2015-04-20,75.03,46,0.08655430886650373,0.2562060220893656,6wk-exit
A,BOL.ST,2015-03-05,105.47,2015-04-20,126.33,46,0.19787090377427807,0.2562060220893656,6wk-exit
A,NDA-SE.ST,2015-03-26,98.74,2015-04-20,101.26,25,0.025495685482232133,0.2642126955769683,rotate
A,BALD-B.ST,2015-03-26,22.87,2015-04-20,25.78,25,0.127550991894964,0.2584739953674721,rotate
A,GETI-B.ST,2015-03-26,122.04,2015-05-12,118.8,47,-0.026590623440055805,0.2642126955769683,6wk-exit
A,SKF-B.ST,2015-04-20,146.78,2015-05-12,140.76,22,-0.04101085710537411,0.2824215504879883,rotate
A,SAND.ST,2015-04-20,68.31,2015-05-12,74.53,22,0.09093874733919582,0.2824215504879883,rotate
A,ATCO-A.ST,2015-04-20,41.51,2015-05-12,36.86,22,-0.11207184687737648,0.2824215504879883,rotate
A,ATCO-B.ST,2015-04-20,35.71,2015-05-12,31.56,22,-0.11621666487559001,0.2824215504879883,rotate
A,HEXA-B.ST,2015-04-20,44.06,2015-05-12,40.86,22,-0.07273358173039257,0.2824215504879883,rotate
A,BALD-B.ST,2015-05-12,23.18,2015-06-03,23.05,22,-0.0057512528236919325,0.26613220225211104,rotate
A,INDU-C.ST,2015-05-12,123.85,2015-06-03,129.34,22,0.04429206265036312,0.26613220225211104,rotate
A,LIFCO-B.ST,2015-05-12,29.95,2015-06-03,27.55,22,-0.08007230127117615,0.26613220225211104,rotate
A,BOL.ST,2015-05-12,117.05,2015-06-25,107.02,44,-0.08571429316342738,0.26613220225211104,6wk-exit
A,VOLV-B.ST,2015-05-12,60.45,2015-06-25,61.46,44,0.016635720246380048,0.26613220225211104,6wk-exit
A,SCA-B.ST,2015-05-12,30.51,2015-06-25,31.03,44,0.017113770635507564,0.2626269686962066,6wk-exit
A,NIBE-B.ST,2015-06-03,13.87,2015-07-16,13.57,43,-0.021960902139842253,0.2672803921816449,6wk-exit
A,SAND.ST,2015-06-03,77.55,2015-07-16,70.12,43,-0.09576507192995731,0.2672803921816449,6wk-exit
A,TEL2-B.ST,2015-06-03,46.58,2015-07-16,44.69,43,-0.04068625227027456,0.2493262474153437,6wk-exit
A,SSAB-A.ST,2015-06-25,21.73,2015-07-16,20.23,21,-0.06911437625295924,0.25434635649493254,rotate
A,LIFCO-B.ST,2015-06-25,29.3,2015-07-16,29.5,21,0.006769324391675546,0.25434635649493254,rotate
A,EVO.ST,2015-06-25,21.64,2015-08-06,24.8,42,0.146396397587649,0.25434635649493254,6wk-exit
A,HUSQ-B.ST,2015-07-16,46.95,2015-08-06,44.94,21,-0.04287898830449699,0.25365503612800683,rotate
A,SEB-A.ST,2015-07-16,57.36,2015-08-06,54.21,21,-0.05489471994951911,0.25365503612800683,rotate
A,VOLV-B.ST,2015-07-16,60.9,2015-08-06,57.1,21,-0.06238546431385139,0.22960374685838617,rotate
A,SCA-B.ST,2015-07-16,33.31,2015-08-27,33.0,42,-0.009318099137090474,0.25365503612800683,6wk-exit
A,ADDT-B.ST,2015-07-16,28.03,2015-08-27,23.96,42,-0.14507761725469948,0.25365503612800683,6wk-exit
A,HPOL-B.ST,2015-08-06,61.49,2015-08-27,55.64,21,-0.09526340805491351,0.24806129403762964,rotate
A,NIBE-B.ST,2015-08-06,13.31,2015-08-27,13.81,21,0.03718838765655619,0.24806129403762966,rotate
A,KINV-B.ST,2015-08-06,119.82,2015-08-27,105.14,21,-0.12248639245261872,0.24806129403762966,rotate
A,LATO-B.ST,2015-08-06,52.8,2015-08-27,52.12,21,-0.012890737637576866,0.24084327837887617,rotate
A,ATCO-A.ST,2016-08-11,37.04,2016-09-01,36.64,21,-0.010603496491251585,0.23369790376828337,rotate
A,LIFCO-B.ST,2016-08-11,47.04,2016-09-01,44.32,21,-0.05788651938905787,0.23369790376828337,rotate
A,BOL.ST,2016-08-11,131.74,2016-09-22,133.73,42,0.015072850915932356,0.23369790376828337,6wk-exit
A,SSAB-A.ST,2016-08-11,17.28,2016-09-22,16.24,42,-0.06026870506968551,0.23369790376828337,6wk-exit
A,AZN.ST,2016-08-11,541.36,2016-09-22,554.18,42,0.023684499209272847,0.23369790376828337,6wk-exit
A,SINCH.ST,2016-08-11,7.03,2016-09-22,7.2,42,0.024910990963986857,0.23061986312795063,6wk-exit
A,SAND.ST,2016-09-01,71.55,2016-09-22,71.78,21,0.0032276301949820674,0.22193641429727504,rotate
A,ADDT-B.ST,2016-09-01,30.1,2016-10-13,28.82,42,-0.0423572016932412,0.22747166468956412,6wk-exit
A,ATCO-A.ST,2016-09-22,38.88,2016-10-13,38.61,21,-0.0069929843500209365,0.22930423600489291,rotate
A,HOLM-B.ST,2016-09-22,118.16,2016-10-13,114.68,21,-0.029421094999369513,0.22930423600489291,rotate
A,VOLV-B.ST,2016-09-22,57.26,2016-10-13,55.27,21,-0.03484838028129611,0.22930423600489294,rotate
A,NDA-SE.ST,2016-09-22,80.73,2016-11-03,86.84,42,0.07562548640016864,0.22930423600489291,6wk-exit
A,HEXA-B.ST,2016-09-22,52.51,2016-11-03,43.6,42,-0.16981633990712142,0.2293042360048929,6wk-exit
A,SWED-A.ST,2016-10-13,98.95,2016-11-03,103.21,21,0.043129466276016215,0.2260943480459777,rotate
A,BOL.ST,2016-10-13,140.71,2016-11-03,141.47,21,0.005352752250699977,0.2260943480459777,rotate
A,SEB-A.ST,2016-10-13,49.29,2016-11-24,51.74,42,0.04980198237421796,0.22609434804597767,6wk-exit
A,SHB-A.ST,2016-10-13,54.97,2016-11-24,59.25,42,0.07783427000013177,0.21071240923871626,6wk-exit
A,LUND-B.ST,2016-11-03,263.21,2016-11-24,261.14,21,-0.007887959965295899,0.22351853538409716,rotate
A,SKA-B.ST,2016-11-03,128.84,2016-11-24,138.84,21,0.07763976626471214,0.22351853538409716,rotate
A,ATCO-A.ST,2016-11-03,39.36,2016-12-15,43.98,42,0.11730315662100188,0.22351853538409716,6wk-exit
A,ATCO-B.ST,2016-11-03,33.83,2016-12-15,38.08,42,0.1254369692595756,0.22351853538409716,6wk-exit
A,BOL.ST,2016-11-24,167.14,2017-01-09,163.99,46,-0.018844767590633138,0.2364243474335258,6wk-exit
A,SSAB-A.ST,2016-11-24,24.71,2017-01-09,22.5,46,-0.08939600679199566,0.23642434743352578,6wk-exit
A,NDA-SE.ST,2016-11-24,91.34,2017-01-09,93.55,46,0.02416438537397947,0.23642434743352578,6wk-exit
A,SAND.ST,2016-11-24,85.91,2017-01-09,87.75,46,0.021505431732115055,0.2158861454238358,6wk-exit
A,SKF-B.ST,2016-12-15,124.65,2017-01-30,128.14,46,0.02800490969733782,0.2423075442851025,6wk-exit
A,SAAB-B.ST,2016-12-15,71.9,2017-01-30,74.0,46,0.029129309291057393,0.2423075442851025,6wk-exit
A,HPOL-B.ST,2017-01-09,55.46,2017-01-30,56.93,21,0.02650607779433689,0.23367178781570477,rotate
A,SKA-B.ST,2017-01-09,141.85,2017-01-30,145.25,21,0.023977568798555948,0.21939201379308526,rotate
A,SINCH.ST,2017-01-09,10.05,2017-02-20,10.98,42,0.09203981822683205,0.23367178781570475,6wk-exit
A,ALFA.ST,2017-01-09,128.48,2017-02-20,137.79,42,0.07240691160878177,0.23367178781570477,6wk-exit
A,ERIC-B.ST,2017-01-30,39.89,2017-02-20,41.43,21,0.03875987526146596,0.23882465585339663,rotate
A,BOL.ST,2017-01-30,174.81,2017-02-20,193.03,21,0.10419123772494521,0.23882465585339663,rotate
A,SSAB-A.ST,2017-01-30,23.82,2017-02-20,24.75,21,0.03898633916497385,0.2388246558533966,rotate
A,SAND.ST,2017-01-30,90.22,2017-02-20,93.6,21,0.03754273658231155,0.23882465585339663,rotate
A,VOLV-B.ST,2017-02-20,68.77,2017-03-13,72.82,21,0.05887299272664137,0.25226911561743803,rotate
A,ADDT-B.ST,2017-02-20,33.04,2017-03-13,32.43,21,-0.01845633437728278,0.25226911561743803,rotate
A,HPOL-B.ST,2017-02-20,59.0,2017-03-13,61.38,21,0.04020374767505386,0.25226911561743803,rotate
A,INVE-B.ST,2017-02-20,72.72,2017-03-13,74.44,21,0.023670066940196577,0.25226911561743803,rotate
A,HEXA-B.ST,2017-02-20,50.99,2017-03-13,49.89,21,-0.021655751895992115,0.25226911561743803,rotate
A,EVO.ST,2017-02-20,64.1,2017-04-03,63.42,42,-0.010654428785340286,0.24894647310481552,6wk-exit
A,HUSQ-B.ST,2017-03-13,57.91,2017-04-03,59.45,21,0.02662370618773835,0.2562983739313414,rotate
A,ERIC-B.ST,2017-03-13,46.03,2017-04-03,46.41,21,0.0081916202042287,0.2562983739313414,rotate
A,HOLM-B.ST,2017-03-13,133.42,2017-04-03,136.72,21,0.024677134589639715,0.25136901096498043,rotate
A,SINCH.ST,2017-03-13,12.2,2017-04-26,11.35,44,-0.0696720853347792,0.2562983739313414,6wk-exit
A,TEL2-B.ST,2017-03-13,42.1,2017-04-26,45.6,44,0.08333325026427296,0.2562983739313414,6wk-exit
A,VOLV-B.ST,2017-04-03,74.33,2017-04-26,87.72,23,0.18013545153419708,0.25247596770243036,rotate
A,SAND.ST,2017-04-03,101.53,2017-04-26,109.38,23,0.07733140565701357,0.25247596770243036,rotate
A,BOL.ST,2017-04-03,182.76,2017-04-26,177.65,23,-0.027955477762760306,0.25247596770243036,rotate
A,SCA-B.ST,2017-04-03,45.16,2017-05-18,53.04,45,0.1744685326470541,0.25247596770243036,6wk-exit
A,AZN.ST,2017-04-26,527.04,2017-05-18,582.43,22,0.10511602623016425,0.2713938020533018,rotate
A,ERIC-B.ST,2017-04-26,44.17,2017-05-18,45.43,22,0.02849521661062937,0.2713938020533018,rotate
A,INDU-C.ST,2017-04-26,164.31,2017-05-18,164.83,22,0.0031198367982503417,0.2713938020533018,rotate
A,EVO.ST,2017-04-26,75.99,2017-06-09,84.67,44,0.11428559380182679,0.2713938020533018,6wk-exit
A,HUSQ-B.ST,2017-04-26,67.04,2017-06-09,65.67,44,-0.02036184031949617,0.251031630418538,6wk-exit
A,SINCH.ST,2017-05-18,12.7,2017-06-09,13.4,22,0.055118096045517984,0.2762772791577938,rotate
A,VOLV-B.ST,2017-05-18,83.03,2017-06-30,85.22,43,0.026447489074552966,0.2762772791577938,6wk-exit
A,GETI-B.ST,2017-05-18,106.39,2017-06-30,99.23,43,-0.06730777642820884,0.2762772791577938,6wk-exit
A,SAAB-B.ST,2017-05-18,89.11,2017-06-30,88.35,43,-0.008579612922536839,0.2762772791577938,6wk-exit
A,TEL2-B.ST,2017-06-09,48.43,2017-06-30,47.49,21,-0.01945529735846685,0.29063074614127715,rotate
A,LUND-B.ST,2017-06-09,326.96,2017-06-30,309.73,21,-0.052706464023903,0.29063074614127715,rotate
A,SCA-B.ST,2017-06-09,53.41,2017-07-21,55.64,42,0.04186271787889195,0.29063074614127715,6wk-exit
A,LATO-B.ST,2017-06-30,90.67,2017-07-21,88.26,21,-0.026515005215792087,0.27917284959019634,rotate
A,LIFCO-B.ST,2017-06-30,50.14,2017-07-21,51.47,21,0.02658770748941852,0.27917284959019634,rotate
A,WALL-B.ST,2017-06-30,35.86,2017-07-21,36.39,21,0.01478772507217152,0.2546537984935815,rotate
A,EVO.ST,2017-06-30,86.92,2017-08-11,97.07,42,0.11671198681297845,0.27917284959019634,6wk-exit
A,SINCH.ST,2017-06-30,13.48,2017-08-11,10.75,42,-0.20222636766801405,0.27917284959019634,6wk-exit
A,VOLV-B.ST,2017-07-21,82.73,2017-08-11,81.9,21,-0.010042949255362088,0.2824604278536023,rotate
A,TEL2-B.ST,2017-07-21,52.52,2017-08-11,51.23,21,-0.02460297832981262,0.2824604278536023,rotate
A,HEXA-B.ST,2017-07-21,56.86,2017-08-11,54.5,21,-0.04155260576769548,0.2824604278536023,rotate
A,KINV-B.ST,2017-07-21,123.13,2017-08-11,120.37,21,-0.022480995999532793,0.26728624913282856,rotate
A,SSAB-A.ST,2017-09-22,25.57,2017-10-13,27.05,21,0.05757247628188278,0.2696734115740169,rotate
A,ALFA.ST,2017-09-22,168.62,2017-10-13,174.12,21,0.03258656283656847,0.2696734115740169,rotate
A,SWED-A.ST,2017-09-22,115.58,2017-10-13,112.89,21,-0.02328778435436829,0.2696734115740169,rotate
A,TEL2-B.ST,2017-09-22,49.37,2017-10-13,51.58,21,0.04471082392550829,0.26612153666603766,rotate
A,BOL.ST,2017-09-22,188.41,2017-11-03,208.47,42,0.1064539960215769,0.2696734115740169,6wk-exit
A,EVO.ST,2017-09-22,99.97,2017-11-03,119.71,42,0.19743330672112136,0.2696734115740169,6wk-exit
A,ATCO-B.ST,2017-10-13,47.05,2017-11-24,50.13,42,0.06561393437106489,0.28136552116191715,6wk-exit
A,ATCO-A.ST,2017-10-13,53.17,2017-11-24,57.97,42,0.0902553663785357,0.28136552116191715,6wk-exit
A,GETI-B.ST,2017-10-13,99.95,2017-11-24,96.51,42,-0.03448277441303804,0.28136552116191715,6wk-exit
A,VOLV-B.ST,2017-10-13,92.29,2017-11-24,95.49,42,0.03472658140133,0.2561254699012884,6wk-exit
A,SAND.ST,2017-11-03,120.84,2017-11-24,115.65,21,-0.04291283839340665,0.3016594886498088,rotate
A,AZN.ST,2017-11-03,564.11,2017-11-24,547.42,21,-0.029591136324390366,0.3016594886498088,rotate
A,EVO.ST,2017-11-24,112.6,2017-12-15,114.28,21,0.014899313061267572,0.28936791345854834,rotate
A,ADDT-B.ST,2017-11-24,40.71,2017-12-15,40.83,21,0.002785536721300552,0.28936791345854834,rotate
A,SCA-B.ST,2017-11-24,68.69,2017-12-15,72.85,21,0.0605678542485657,0.28936791345854834,rotate
A,SKF-B.ST,2017-11-24,140.7,2017-12-15,137.25,21,-0.024520265459709534,0.28936791345854834,rotate
A,HOLM-B.ST,2017-11-24,158.04,2017-12-15,166.37,21,0.05272273525723148,0.28936791345854834,rotate
A,SAAB-B.ST,2017-11-24,87.58,2017-12-15,85.12,21,-0.028128036698894077,0.2855566417985477,rotate
A,SCA-B.ST,2018-01-10,76.31,2018-01-31,70.67,21,-0.07383008857166995,0.2918845669364018,rotate
A,ERIC-B.ST,2018-01-10,43.5,2018-01-31,39.8,21,-0.08499068517868291,0.2918845669364018,rotate
A,SSAB-A.ST,2018-01-10,31.82,2018-01-31,33.16,21,0.04189265633910089,0.2918845669364018,rotate
A,HOLM-B.ST,2018-01-10,172.43,2018-01-31,162.34,21,-0.05852995318219656,0.2918845669364018,rotate
A,TEL2-B.ST,2018-01-10,52.3,2018-01-31,53.07,21,0.014618121692108632,0.2918845669364018,rotate
A,EVO.ST,2018-01-10,120.1,2018-01-31,120.69,21,0.00493021218271239,0.2880401483736789,rotate
A,ERIC-B.ST,2018-05-22,53.25,2018-06-12,51.01,21,-0.0421433357828539,0.2830320205383281,rotate
A,HPOL-B.ST,2018-05-22,68.62,2018-06-12,68.76,21,0.0020941716780460418,0.2830320205383281,rotate
A,SCA-B.ST,2018-05-22,88.74,2018-06-12,88.56,21,-0.001988012601264133,0.2830320205383281,rotate
A,FABG.ST,2018-05-22,83.22,2018-06-12,85.82,21,0.031195136241114696,0.2830320205383281,rotate
A,NIBE-B.ST,2018-05-22,21.8,2018-06-12,21.58,21,-0.010380766003662667,0.2830320205383281,rotate
A,TELIA.ST,2018-05-22,26.57,2018-06-12,25.98,21,-0.022145483630096163,0.2793041990744425,rotate
A,HPOL-B.ST,2018-07-24,66.42,2018-08-14,67.82,21,0.021092415209437387,0.2797618737450454,rotate
A,BALD-B.ST,2018-07-24,41.63,2018-08-14,41.2,21,-0.010408259977525924,0.2797618737450454,rotate
A,CAST.ST,2018-07-24,108.24,2018-08-14,109.66,21,0.01312003904272574,0.2760771234622326,rotate
A,SINCH.ST,2018-07-24,10.66,2018-09-04,10.92,42,0.024390265722654236,0.2797618737450454,6wk-exit
A,FABG.ST,2018-07-24,103.05,2018-09-04,98.65,42,-0.04262395071017089,0.2797618737450454,6wk-exit
A,WALL-B.ST,2018-07-24,40.06,2018-09-04,40.3,42,0.006207773511836212,0.2797618737450454,6wk-exit
A,SAAB-B.ST,2018-08-14,85.78,2018-09-04,89.01,21,0.03767887030098138,0.27582831136308267,rotate
A,EVO.ST,2018-08-14,133.44,2018-09-25,127.31,42,-0.04592586857981429,0.27582831136308267,6wk-exit
A,LIFCO-B.ST,2018-08-14,72.1,2018-09-25,76.7,42,0.06371927617675444,0.27582831136308267,6wk-exit
A,SHB-A.ST,2018-09-04,57.54,2018-09-25,57.98,21,0.007709752491162014,0.28029444496216877,rotate
A,SEB-A.ST,2018-09-04,61.06,2018-10-16,58.86,42,-0.035993477710826394,0.28029444496216877,6wk-exit
A,GETI-B.ST,2018-09-04,94.27,2018-10-16,68.81,42,-0.2700608480430451,0.28029444496216877,6wk-exit
A,ERIC-B.ST,2018-09-04,62.23,2018-10-16,61.63,42,-0.00953112913673071,0.28029444496216877,6wk-exit
A,SINCH.ST,2018-09-25,9.91,2018-10-16,10.22,21,0.03128157662864672,0.28312220253272785,rotate
A,FABG.ST,2018-09-25,100.66,2018-10-16,99.6,21,-0.01054332838964811,0.28312220253272785,rotate
A,CAST.ST,2018-09-25,112.9,2018-10-16,106.6,21,-0.05581533673479322,0.27615957760828896,rotate
A,ATCO-B.ST,2019-02-26,51.21,2019-03-19,51.2,21,-0.00021163702692961195,0.26363339212915804,rotate
A,ATCO-A.ST,2019-02-26,55.6,2019-03-19,55.98,21,0.006888363717899582,0.26363339212915804,rotate
A,NIBE-B.ST,2019-02-26,27.59,2019-03-19,27.56,21,-0.000854590346309636,0.26363339212915804,rotate
A,ESSITY-B.ST,2019-02-26,208.93,2019-03-19,213.73,21,0.022962110418095927,0.2601610704607234,rotate
A,ELUX-B.ST,2019-02-26,172.56,2019-04-09,170.0,42,-0.014869909513765656,0.26363339212915804,6wk-exit
A,GETI-B.ST,2019-02-26,96.61,2019-04-09,96.69,42,0.0009116755117513087,0.26363339212915804,6wk-exit
A,EPI-A.ST,2019-03-19,79.82,2019-04-09,84.07,21,0.05321347220890704,0.26313819032896685,rotate
A,SINCH.ST,2019-03-19,13.0,2019-05-03,12.4,45,-0.04615387549767125,0.26313819032896685,6wk-exit
A,EVO.ST,2019-03-19,141.05,2019-05-03,188.86,45,0.33902480213068475,0.26313819032896685,6wk-exit
A,BOL.ST,2019-03-19,184.77,2019-05-03,197.67,45,0.06980412993743412,0.26313819032896685,6wk-exit
A,ESSITY-B.ST,2019-04-09,213.96,2019-05-03,229.49,24,0.07257459303021752,0.2660672737273123,rotate
A,ASSA-B.ST,2019-04-09,178.0,2019-05-24,172.65,45,-0.030044200624648187,0.2660672737273123,6wk-exit
A,NIBE-B.ST,2019-04-09,29.14,2019-05-24,29.93,45,0.026860640034096717,0.2660672737273123,6wk-exit
A,VOLV-B.ST,2019-05-03,97.29,2019-05-24,89.67,21,-0.07824037941535555,0.2862816432567979,rotate
A,HUSQ-B.ST,2019-05-03,70.35,2019-05-24,65.97,21,-0.062215137492642736,0.2862816432567979,rotate
A,SKF-B.ST,2019-05-03,138.67,2019-05-24,122.53,21,-0.11636685509701672,0.2862816432567979,rotate
A,ADDT-B.ST,2019-05-03,53.56,2019-06-20,64.78,48,0.20950340957118652,0.2862816432567979,6wk-exit
A,KINV-B.ST,2019-05-24,142.96,2019-06-20,137.25,27,-0.039984272052506764,0.2756281755903089,rotate
A,EVO.ST,2019-05-24,183.66,2019-07-12,188.82,49,0.02812808728557803,0.2756281755903089,6wk-exit
A,LIFCO-B.ST,2019-05-24,88.89,2019-07-12,97.99,49,0.10234550306850343,0.2756281755903089,6wk-exit
A,GETI-B.ST,2019-05-24,118.74,2019-07-12,133.3,49,0.12261677580886143,0.2756281755903089,6wk-exit
A,SINCH.ST,2019-05-24,14.58,2019-07-12,14.3,49,-0.019204371360519112,0.22865689117284538,6wk-exit
A,FABG.ST,2019-06-20,124.43,2019-07-12,125.06,22,0.00501670210727001,0.2856582431303529,rotate
A,SECU-B.ST,2019-06-20,112.02,2019-07-12,110.79,22,-0.010976011908029326,0.2856582431303529,rotate
A,LUND-B.ST,2019-07-12,337.62,2019-08-02,341.8,21,0.012394332485381021,0.2872921284544605,rotate
A,ATCO-A.ST,2019-07-12,62.08,2019-08-02,63.28,21,0.019237701973166432,0.2872921284544605,rotate
A,NIBE-B.ST,2019-07-12,33.0,2019-08-02,32.61,21,-0.011913360489005598,0.2872921284544605,rotate
A,TEL2-B.ST,2019-07-12,73.98,2019-08-02,78.35,21,0.05911711028623712,0.2872921284544605,rotate
A,ATCO-B.ST,2019-07-12,54.61,2019-08-02,55.9,21,0.023685298679676725,0.2835081970080435,rotate
A,ADDT-B.ST,2019-07-12,62.0,2019-08-26,58.88,45,-0.050373255883847445,0.2872921284544605,6wk-exit
A,SINCH.ST,2019-08-02,13.66,2019-08-26,12.68,24,-0.0717422806137139,0.28744608252957166,rotate
A,EVO.ST,2019-08-02,202.88,2019-08-26,179.13,24,-0.11707318870915118,0.28744608252957166,rotate
A,FABG.ST,2019-08-02,128.6,2019-08-26,133.26,24,0.03624594225092448,0.28744608252957166,rotate
A,CAST.ST,2019-08-02,140.78,2019-08-26,146.01,24,0.03715014813149686,0.28744608252957166,rotate
A,WALL-B.ST,2019-08-02,47.67,2019-08-26,49.33,24,0.03488375815165412,0.28744608252957166,rotate
A,CAST.ST,2019-09-16,137.99,2019-10-07,153.2,21,0.11022955949179636,0.28360360812438906,rotate
A,BALD-B.ST,2019-09-16,54.07,2019-10-07,62.17,21,0.1498150177531592,0.28360360812438906,rotate
A,SCA-B.ST,2019-09-16,80.11,2019-10-07,79.95,21,-0.0020240520583180155,0.279868258266834,rotate
A,HM-B.ST,2019-09-16,141.36,2019-10-28,158.25,42,0.11952403944914214,0.28360360812438906,6wk-exit
A,HOLM-B.ST,2019-09-16,193.4,2019-10-28,245.78,42,0.2708512036972166,0.28360360812438906,6wk-exit
A,AZN.ST,2019-09-16,815.08,2019-10-28,918.03,42,0.12630299488607855,0.28360360812438906,6wk-exit
A,EPI-A.ST,2019-10-07,93.62,2019-10-28,92.57,21,-0.011214755851073344,0.301208233845435,rotate
A,TEL2-B.ST,2019-10-07,85.57,2019-10-28,84.73,21,-0.009848532131196075,0.301208233845435,rotate
A,ABB.ST,2019-10-07,169.79,2019-10-28,193.02,21,0.13683038063324227,0.301208233845435,rotate
A,SKA-B.ST,2019-10-28,157.67,2019-11-18,162.06,21,0.027817840723620257,0.32403330667032487,rotate
A,BALD-B.ST,2019-10-28,62.17,2019-11-18,64.7,21,0.04075066372667013,0.32403330667032487,rotate
A,NDA-SE.ST,2019-10-28,69.35,2019-11-18,66.93,21,-0.03487891639480023,0.32403330667032487,rotate
A,SINCH.ST,2019-10-28,17.22,2019-12-09,25.95,42,0.506968745510614,0.32403330667032487,6wk-exit
A,SCA-B.ST,2019-10-28,87.16,2019-12-09,86.2,42,-0.010957084765923053,0.32403330667032487,6wk-exit
A,BOL.ST,2019-10-28,204.06,2019-12-09,191.09,42,-0.06352502947897387,0.3197654562931065,6wk-exit
A,ALFA.ST,2019-11-18,207.96,2020-01-07,211.81,50,0.018510488114839463,0.3403093176841016,6wk-exit
A,EVO.ST,2019-11-18,245.43,2020-01-07,284.03,50,0.1572580795575016,0.3403093176841016,6wk-exit
A,HOLM-B.ST,2019-11-18,243.29,2020-01-07,236.8,50,-0.026657607504328107,0.2980820555098375,6wk-exit
A,GETI-B.ST,2019-12-09,152.48,2020-01-07,156.7,29,0.027656461415158873,0.3503962832479451,rotate
A,BALD-B.ST,2019-12-09,67.33,2020-01-07,73.97,29,0.09851481754889102,0.35039628324794503,rotate
A,NIBE-B.ST,2019-12-09,36.26,2020-01-28,40.1,50,0.10578191400224646,0.35039628324794503,6wk-exit
A,ATCO-A.ST,2020-01-07,84.66,2020-01-28,79.64,21,-0.059335246118661256,0.36814993046434874,rotate
A,ATCO-B.ST,2020-01-07,73.34,2020-01-28,69.53,21,-0.05196375954982091,0.36814993046434874,rotate
A,TREL-B.ST,2020-01-07,146.83,2020-01-28,140.39,21,-0.043880733478734335,0.36814993046434874,rotate
A,SAND.ST,2020-01-07,151.11,2020-01-28,149.51,21,-0.010574784931138503,0.34736648174929546,rotate
A,SINCH.ST,2020-01-07,29.65,2020-02-18,39.25,42,0.3237774200668131,0.36814993046434874,6wk-exit
A,EQT.ST,2020-01-28,114.18,2020-02-18,146.84,21,0.2861198361692241,0.358877790756209,rotate
A,LIFCO-B.ST,2020-01-28,114.86,2020-02-18,107.28,21,-0.06600656076224187,0.358877790756209,rotate
A,ADDT-B.ST,2020-01-28,71.78,2020-02-18,76.73,21,0.0689655575564323,0.33515613290061497,rotate
A,EVO.ST,2020-01-28,301.84,2020-03-10,348.36,42,0.15409833910891724,0.35887779075620896,6wk-exit
A,BALD-B.ST,2020-01-28,74.7,2020-03-10,69.5,42,-0.06961174244552026,0.358877790756209,6wk-exit
A,NIBE-B.ST,2020-02-18,42.58,2020-03-10,34.92,21,-0.1799104466164999,0.42117907795840387,rotate
A,LATO-B.ST,2020-02-18,153.56,2020-03-10,127.12,21,-0.1722124331887286,0.42117907795840387,rotate
A,WALL-B.ST,2020-02-18,61.24,2020-03-10,52.81,21,-0.13774728423360572,0.42117907795840387,rotate
A,CAST.ST,2020-02-18,180.4,2020-03-10,152.03,21,-0.15725794207788335,0.3716204840690519,rotate
A,EVO.ST,2020-06-08,571.03,2020-06-30,550.26,22,-0.036361259591613626,0.35230161522175885,rotate
A,SINCH.ST,2020-06-08,59.8,2020-06-30,79.7,22,0.33277588570350325,0.35230161522175885,rotate
A,NIBE-B.ST,2020-06-08,48.72,2020-06-30,49.06,22,0.006845999422669058,0.35230161522175885,rotate
A,LIFCO-B.ST,2020-06-08,112.87,2020-06-30,112.84,22,-0.00028700622896793426,0.35230161522175885,rotate
A,SCA-B.ST,2020-06-08,101.04,2020-06-30,99.82,22,-0.012037496805948456,0.35230161522175885,rotate
A,ERIC-B.ST,2020-06-08,70.9,2020-06-30,70.53,22,-0.00531048068065576,0.34766144228130025,rotate
A,SINCH.ST,2020-07-21,73.2,2020-08-11,74.9,21,0.02322410722009649,0.3674931549539415,rotate
A,EVO.ST,2020-07-21,624.94,2020-08-11,609.49,21,-0.02472262433389505,0.3674931549539415,rotate
A,EQT.ST,2020-07-21,186.41,2020-08-11,200.77,21,0.07703836238503037,0.3674931549539415,rotate
A,LIFCO-B.ST,2020-07-21,137.51,2020-09-01,130.53,42,-0.05076495363628175,0.3674931549539416,6wk-exit
A,ADDT-B.ST,2020-07-21,97.55,2020-09-01,107.27,42,0.0996341276470607,0.3674931549539415,6wk-exit
A,HUSQ-B.ST,2020-07-21,64.85,2020-09-01,77.43,42,0.19409410581241793,0.36265289388290567,6wk-exit
A,SAAB-B.ST,2020-08-11,68.64,2020-09-01,61.54,21,-0.10337689996126298,0.37824697615752473,rotate
A,SWED-A.ST,2020-08-11,92.99,2020-09-01,92.21,21,-0.00836609404645916,0.3687837500150709,rotate
A,KINV-B.ST,2020-08-11,184.21,2020-09-22,195.88,42,0.06334306244779397,0.3782469761575248,6wk-exit
A,EQT.ST,2020-09-01,151.35,2020-09-22,147.85,21,-0.023105268289112413,0.38345649090017403,rotate
A,SINCH.ST,2020-09-01,87.0,2020-09-22,73.8,21,-0.15172410285335847,0.3834564909001741,rotate
A,GETI-B.ST,2020-09-01,169.9,2020-09-22,168.11,21,-0.01054026444061762,0.3834564909001741,rotate
A,EPI-A.ST,2020-09-01,115.12,2020-09-22,112.98,21,-0.018640730270006123,0.38345649090017403,rotate
A,ABB.ST,2020-09-01,210.01,2020-09-22,211.53,21,0.00721379501156405,0.3487031718513184,rotate
A,BOL.ST,2020-09-22,213.96,2020-10-13,203.36,21,-0.04953439949473293,0.36736032661141405,rotate
A,ADDT-B.ST,2020-09-22,103.7,2020-10-13,119.3,21,0.15045885248034008,0.36736032661141405,rotate
A,TREL-B.ST,2020-09-22,138.98,2020-10-13,148.85,21,0.07095577498622152,0.36736032661141405,rotate
A,SWED-A.ST,2020-09-22,86.86,2020-10-13,88.41,21,0.01776671347156289,0.36736032661141405,rotate
A,HUSQ-B.ST,2020-09-22,75.12,2020-11-03,79.97,42,0.06450297577064701,0.36736032661141405,6wk-exit
A,HEXA-B.ST,2020-09-22,91.4,2020-11-03,94.01,42,0.028544801114179563,0.3625218150256324,6wk-exit
A,LATO-B.ST,2020-10-13,194.34,2020-11-03,193.98,21,-0.0018605039723361694,0.37514472810222993,rotate
A,KINV-B.ST,2020-10-13,212.49,2020-11-24,235.78,42,0.10958523624874328,0.3857360407569188,6wk-exit
A,BALD-B.ST,2020-10-13,78.15,2020-11-24,75.43,42,-0.034762215255918605,0.3857360407569188,6wk-exit
A,WALL-B.ST,2020-10-13,62.36,2020-11-24,58.94,42,-0.054763516894726694,0.3857360407569188,6wk-exit
A,TREL-B.ST,2020-11-03,138.33,2020-11-24,158.66,21,0.14702137317595,0.37704694411023426,rotate
A,ELUX-B.ST,2020-11-03,190.52,2020-11-24,184.17,21,-0.03333608041203939,0.3770469441102343,rotate
A,HPOL-B.ST,2020-11-03,59.71,2020-12-15,65.26,42,0.09292141458249015,0.37704694411023426,6wk-exit
A,FABG.ST,2020-11-24,112.09,2020-12-15,108.8,21,-0.029355545983927644,0.3978738802961795,rotate
A,SKA-B.ST,2020-11-24,160.87,2020-12-15,158.26,21,-0.016267887035628537,0.3978738802961795,rotate
A,SKF-B.ST,2020-11-24,176.52,2020-12-15,180.39,21,0.021901057160963022,0.3978738802961794,rotate
A,CAST.ST,2020-11-24,157.57,2020-12-15,150.97,21,-0.04192618595136355,0.3640296067014535,rotate
A,HM-B.ST,2020-11-24,147.46,2021-01-12,139.11,49,-0.05663391339692758,0.3978738802961795,6wk-exit
A,EVO.ST,2020-12-15,802.22,2021-01-12,812.12,28,0.012345811452857403,0.3861215797651611,rotate
A,EQT.ST,2020-12-15,181.02,2021-01-12,199.12,28,0.09999998314103142,0.38612157976516115,rotate
A,VOLV-B.ST,2020-12-15,128.68,2021-01-12,141.13,28,0.09672513596352683,0.3861215797651611,rotate
A,SINCH.ST,2020-12-15,121.0,2021-02-02,129.4,49,0.069421437161028,0.3861215797651611,6wk-exit
A,KINV-B.ST,2020-12-15,239.23,2021-02-02,262.19,49,0.09596707839928165,0.3861215797651611,6wk-exit
A,EPI-A.ST,2021-01-12,149.13,2021-02-02,151.39,21,0.015114809380218475,0.4033816993336294,rotate
A,LIFCO-B.ST,2021-01-12,157.49,2021-02-02,152.24,21,-0.03339396366791625,0.4033816993336294,rotate
A,HOLM-B.ST,2021-01-12,340.44,2021-02-02,331.54,21,-0.026160026418999283,0.40338169933362944,rotate
A,NIBE-B.ST,2021-01-12,67.05,2021-02-23,64.25,42,-0.04180057137733617,0.40308503892559183,6wk-exit
A,SKA-B.ST,2021-02-02,172.65,2021-02-23,157.18,21,-0.08961221148873966,0.4061949660052054,rotate
A,TREL-B.ST,2021-02-02,171.72,2021-02-23,183.91,21,0.07095468749555711,0.40619496600520527,rotate
A,SAND.ST,2021-02-02,172.99,2021-02-23,183.56,21,0.06110840852668087,0.4061949660052054,rotate
A,SSAB-A.ST,2021-02-02,25.76,2021-03-16,28.68,42,0.11330045613795292,0.4061949660052054,6wk-exit
A,EQT.ST,2021-02-02,269.27,2021-03-16,243.29,42,-0.09648214256773979,0.39463748877049937,6wk-exit
A,LIFCO-B.ST,2021-02-23,151.85,2021-03-16,167.92,21,0.105793513146339,0.3932330546281279,rotate
A,EVO.ST,2021-02-23,1084.98,2021-04-08,1331.09,44,0.22683701361421726,0.3932330546281279,6wk-exit
A,SINCH.ST,2021-02-23,163.6,2021-04-08,169.0,44,0.033007296424351074,0.3932330546281279,6wk-exit
A,ALFA.ST,2021-02-23,232.58,2021-04-08,240.81,44,0.03541180214077411,0.3932330546281279,6wk-exit
A,ADDT-B.ST,2021-03-16,124.63,2021-04-08,132.24,23,0.06106861583970602,0.41244927475284915,rotate
A,EPI-A.ST,2021-03-16,167.93,2021-04-08,184.48,23,0.0985235089593961,0.41244927475284915,rotate
A,TREL-B.ST,2021-03-16,192.67,2021-04-08,197.5,23,0.02502279616121683,0.41244927475284915,rotate
A,ELUX-B.ST,2021-04-08,223.44,2021-04-29,216.99,21,-0.0288734746970154,0.4410776414420228,rotate
A,EQT.ST,2021-04-08,273.96,2021-04-29,265.52,21,-0.03081144689330184,0.4410776414420228,rotate
A,GETI-B.ST,2021-04-08,225.2,2021-04-29,256.61,21,0.13948109176266899,0.4410776414420228,rotate
A,SEB-A.ST,2021-04-08,75.57,2021-04-29,76.13,21,0.007407439563302809,0.44107764144202277,rotate
A,SSAB-A.ST,2021-04-08,32.67,2021-05-21,30.63,43,-0.062365013604748776,0.44107764144202277,6wk-exit
A,NDA-SE.ST,2021-04-08,83.42,2021-05-21,85.05,43,0.019580709570810706,0.4352681973519865,6wk-exit
A,SINCH.ST,2021-04-29,133.55,2021-05-21,134.7,22,0.008610961214569945,0.44759928504906266,rotate
A,EVO.ST,2021-04-29,1650.99,2021-06-11,1555.67,43,-0.05773613417654677,0.44759928504906266,6wk-exit
A,ADDT-B.ST,2021-04-29,142.71,2021-06-11,130.34,43,-0.08666664528180434,0.44759928504906266,6wk-exit
A,LATO-B.ST,2021-04-29,236.73,2021-06-11,252.96,43,0.06855355235671112,0.44759928504906266,6wk-exit
A,SKA-B.ST,2021-05-21,190.83,2021-06-11,194.12,21,0.01724864188014652,0.42755996058937623,rotate
A,GETI-B.ST,2021-05-21,260.5,2021-07-05,290.47,45,0.11505034063780828,0.42755996058937623,6wk-exit
A,BALD-B.ST,2021-05-21,85.67,2021-07-05,92.8,45,0.08326855027220459,0.42755996058937623,6wk-exit
A,EQT.ST,2021-06-11,304.21,2021-07-05,310.05,24,0.01918913360786889,0.44987961496717765,rotate
A,NIBE-B.ST,2021-06-11,85.15,2021-07-26,96.73,45,0.13605534336798786,0.4498796149671776,6wk-exit
A,KINV-B.ST,2021-06-11,321.4,2021-07-26,374.6,45,0.1655258656419445,0.4498796149671776,6wk-exit
A,WALL-B.ST,2021-06-11,68.64,2021-07-26,68.41,45,-0.0034222352038425496,0.4113385407281477,6wk-exit
A,LATO-B.ST,2021-07-05,258.63,2021-07-26,300.7,21,0.16265914925782066,0.4567452850872273,rotate
A,LIFCO-B.ST,2021-07-05,198.84,2021-08-16,240.13,42,0.2076476276728958,0.45674528508722734,6wk-exit
A,LUND-B.ST,2021-07-05,532.79,2021-08-16,586.24,42,0.10032365944469146,0.4567452850872273,6wk-exit
A,BALD-B.ST,2021-07-26,97.53,2021-08-16,107.93,21,0.10663022809412692,0.5045301390322093,rotate
A,FABG.ST,2021-07-26,129.03,2021-08-16,137.01,21,0.06186945987077097,0.5045301390322093,rotate
A,EQT.ST,2021-07-26,411.54,2021-09-06,378.97,42,-0.07915812106957532,0.5045301390322093,6wk-exit
A,GETI-B.ST,2021-07-26,328.05,2021-09-06,335.02,42,0.021253043767457402,0.4761870220769662,6wk-exit
A,KINV-B.ST,2021-08-16,355.3,2021-09-06,353.0,21,-0.0064733686236683186,0.5222627603947712,rotate
A,LATO-B.ST,2021-08-16,285.8,2021-09-06,279.76,21,-0.021120129606644,0.5222627603947712,rotate
A,SINCH.ST,2021-08-16,168.3,2021-09-27,173.15,42,0.028817532720038175,0.5222627603947712,6wk-exit
A,ADDT-B.ST,2021-08-16,170.3,2021-09-27,154.21,42,-0.09448824259610333,0.5222627603947712,6wk-exit
A,TEL2-B.ST,2021-09-06,90.28,2021-09-27,88.61,21,-0.018476792985077428,0.4300218390382798,rotate
A,NIBE-B.ST,2021-09-06,120.76,2021-10-18,111.32,42,-0.0781499155194103,0.5306803926341909,6wk-exit
A,LIFCO-B.ST,2021-09-06,254.76,2021-10-18,238.5,42,-0.06384583244590436,0.5306803926341909,6wk-exit
A,HEXA-B.ST,2021-09-06,150.57,2021-10-18,135.61,42,-0.09937263733204615,0.5306803926341909,6wk-exit
A,EQT.ST,2021-09-27,343.66,2021-10-18,374.73,21,0.09041105111180947,0.483340040945845,rotate
A,ALFA.ST,2021-09-27,303.66,2021-10-18,302.11,21,-0.005105109149257658,0.483340040945845,rotate
A,ATCO-A.ST,2021-09-27,127.46,2021-10-18,126.73,21,-0.005743028605543876,0.459336181388938,rotate
A,NDA-SE.ST,2021-10-18,105.98,2021-11-08,105.18,21,-0.0074817114679548435,0.4870198220775932,rotate
A,SHB-A.ST,2021-10-18,61.23,2021-11-08,60.84,21,-0.0062700155180329675,0.48701982207759326,rotate
A,TEL2-B.ST,2021-10-18,90.09,2021-11-08,85.14,21,-0.05493223405859826,0.4806052724353815,rotate
A,SEB-A.ST,2021-10-18,90.27,2021-11-29,94.77,42,0.04984234466854853,0.4870198220775932,6wk-exit
A,SWED-A.ST,2021-10-18,121.76,2021-11-29,125.47,42,0.030462839585349677,0.4870198220775932,6wk-exit
A,AZN.ST,2021-10-18,1026.26,2021-11-29,1010.38,42,-0.015473872859720794,0.4870198220775932,6wk-exit
A,NIBE-B.ST,2021-11-08,130.05,2021-11-29,122.4,21,-0.058867102140902405,0.49687696780610663,rotate
A,EVO.ST,2021-11-08,1339.26,2021-11-29,994.24,21,-0.257620578590565,0.49687696780610663,rotate
A,GETI-B.ST,2021-11-08,362.18,2021-11-29,346.52,21,-0.04325006559666167,0.4215518203404468,rotate
A,HUSQ-B.ST,2022-01-13,120.5,2022-02-03,110.49,21,-0.08309658196042224,0.454406729832228,rotate
A,ADDT-B.ST,2022-01-13,176.23,2022-02-03,166.66,21,-0.054347907022491815,0.45440672983222796,rotate
A,EQT.ST,2022-01-13,411.72,2022-02-03,341.61,21,-0.17029556487762287,0.454406729832228,rotate
A,LATO-B.ST,2022-01-13,294.48,2022-02-03,265.95,21,-0.09689434170894373,0.454406729832228,rotate
A,TREL-B.ST,2022-01-13,222.57,2022-02-03,209.84,21,-0.05718874288368003,0.4544067298322281,rotate
A,EPI-A.ST,2022-01-13,206.78,2022-02-03,188.34,21,-0.08915774745315286,0.448421728002468,rotate
A,SSAB-A.ST,2022-11-10,45.29,2022-12-01,45.87,21,0.01286820831809865,0.41086403347332723,rotate
A,SECU-B.ST,2022-11-10,81.37,2022-12-01,75.82,21,-0.06817700639824864,0.4108640334733273,rotate
A,SEB-A.ST,2022-11-10,90.36,2022-12-01,92.19,21,0.020219059298832942,0.4054525335313515,rotate
A,SWED-A.ST,2022-11-10,120.74,2022-12-22,130.81,42,0.08343462317241479,0.4108640334733273,6wk-exit
A,SHB-A.ST,2022-11-10,65.99,2022-12-22,66.47,42,0.00721852754246477,0.4108640334733273,6wk-exit
A,SINCH.ST,2022-11-10,41.37,2022-12-22,36.7,42,-0.11288369082712357,0.4108640334733273,6wk-exit
A,ATCO-A.ST,2022-12-01,122.72,2022-12-22,116.31,21,-0.052253606744351755,0.3999013740681658,rotate
A,EVO.ST,2022-12-01,1076.6,2022-12-22,996.03,21,-0.07483869343782246,0.3999013740681658,rotate
A,ATCO-B.ST,2022-12-01,109.77,2023-01-16,106.94,46,-0.025749627409535902,0.3999013740681658,6wk-exit
A,EPI-A.ST,2022-12-22,178.82,2023-01-16,200.16,25,0.11930458300741242,0.39223683658702724,rotate
A,GETI-B.ST,2022-12-22,191.69,2023-01-16,209.96,25,0.09530644303386149,0.39223683658702724,rotate
A,HPOL-B.ST,2022-12-22,92.51,2023-01-16,93.83,25,0.014362782062011137,0.39223683658702724,rotate
A,ELUX-B.ST,2022-12-22,138.5,2023-01-16,161.26,25,0.16433209030206464,0.39223683658702724,rotate
A,HUSQ-B.ST,2022-12-22,65.39,2023-02-06,80.58,46,0.23228470295975012,0.39223683658702724,6wk-exit
A,ESSITY-B.ST,2023-01-16,258.02,2023-02-06,243.15,21,-0.05765279474366969,0.42792124648971713,rotate
A,FABG.ST,2023-01-16,94.2,2023-02-06,87.84,21,-0.06750987459765168,0.42792124648971713,rotate
A,SWED-A.ST,2023-01-16,138.2,2023-02-06,149.12,21,0.07901052401922226,0.42792124648971713,rotate
A,SINCH.ST,2023-01-16,52.5,2023-02-27,35.24,42,-0.3288571312313988,0.42792124648971713,6wk-exit
A,WALL-B.ST,2023-01-16,50.66,2023-02-27,40.93,42,-0.1920754191311288,0.4020783480534411,6wk-exit
A,BALD-B.ST,2023-02-06,55.15,2023-02-27,51.0,21,-0.07524934562207641,0.4146964667566162,rotate
A,BOL.ST,2023-02-06,398.12,2023-02-27,378.87,21,-0.04834211168398461,0.4146964667566162,rotate
A,NIBE-B.ST,2023-02-06,111.37,2023-02-27,113.54,21,0.019565315834216612,0.4146964667566162,rotate
A,ADDT-B.ST,2023-02-06,184.92,2023-03-20,174.84,42,-0.0544788045012905,0.41469646675661614,6wk-exit
A,SWED-A.ST,2023-02-27,160.96,2023-03-20,130.88,21,-0.18684332619861954,0.38322579382128885,rotate
A,SAAB-B.ST,2023-02-27,145.7,2023-04-12,159.75,44,0.09640438306468924,0.38322579382128885,6wk-exit
A,SSAB-A.ST,2023-02-27,58.37,2023-04-12,60.18,44,0.03100365917168091,0.38322579382128885,6wk-exit
A,EVO.ST,2023-02-27,1259.58,2023-04-12,1318.62,44,0.04687832232296718,0.38322579382128885,6wk-exit
A,LIFCO-B.ST,2023-02-27,205.81,2023-04-12,220.35,44,0.07065480071007113,0.3530368853378992,6wk-exit
A,HUSQ-B.ST,2023-03-20,76.11,2023-04-12,80.64,23,0.05952108620516472,0.34229298915944145,rotate
A,SKF-B.ST,2023-03-20,169.07,2023-05-04,166.91,45,-0.012803059839426978,0.35834432039112873,6wk-exit
A,ADDT-B.ST,2023-04-12,187.82,2023-05-04,203.8,22,0.0850953152313374,0.3895174153764595,rotate
A,GETI-B.ST,2023-04-12,236.31,2023-05-04,235.42,22,-0.003739766830871738,0.3895174153764595,rotate
A,TREL-B.ST,2023-04-12,261.01,2023-05-04,240.2,22,-0.07973043015958892,0.3895174153764595,rotate
A,ALFA.ST,2023-04-12,344.83,2023-05-04,359.99,22,0.043959504177870645,0.38951741537645956,rotate
A,TEL2-B.ST,2023-04-12,85.32,2023-05-26,85.5,44,0.0021406637586760535,0.3895174153764595,6wk-exit
A,SAAB-B.ST,2023-05-04,145.78,2023-05-26,145.29,22,-0.0033853484947430346,0.38578031297207477,rotate
A,EVO.ST,2023-05-04,1281.86,2023-05-26,1405.47,22,0.09643404710798431,0.38578031297207477,rotate
A,ESSITY-B.ST,2023-05-04,283.18,2023-05-26,269.75,22,-0.047435791602715605,0.3789255117750718,rotate
A,HM-B.ST,2023-05-04,126.15,2023-06-19,134.04,46,0.06251315372501387,0.38578031297207477,6wk-exit
A,LIFCO-B.ST,2023-05-04,230.46,2023-06-19,222.16,46,-0.03603222447888477,0.38578031297207477,6wk-exit
A,ALFA.ST,2023-05-26,373.54,2023-06-19,363.31,24,-0.02738338039740351,0.38547219172872776,rotate
A,ELUX-B.ST,2023-05-26,157.05,2023-07-11,150.0,46,-0.04489018092813657,0.38547219172872776,6wk-exit
A,ATCO-B.ST,2023-05-26,129.78,2023-07-11,121.43,46,-0.06432964783754413,0.38547219172872776,6wk-exit
A,ATCO-A.ST,2023-05-26,152.13,2023-07-11,140.7,46,-0.07515526012797946,0.38547219172872776,6wk-exit
A,EVO.ST,2023-06-19,1387.59,2023-07-11,1320.02,22,-0.0486967309539067,0.37782356550655266,rotate
A,ADDT-B.ST,2023-06-19,223.95,2023-08-01,188.02,43,-0.16046710182911716,0.37782356550655266,6wk-exit
A,ABB.ST,2023-06-19,420.74,2023-08-01,414.87,43,-0.013957932105768012,0.37782356550655266,6wk-exit
A,SSAB-A.ST,2023-07-11,65.06,2023-08-01,56.71,21,-0.12831387678758843,0.36430972125669303,rotate
A,VOLV-B.ST,2023-07-11,188.03,2023-08-01,195.76,21,0.04109275448713534,0.36430972125669303,rotate
A,HEXA-B.ST,2023-07-11,121.17,2023-08-01,100.4,21,-0.17139340358554767,0.36430972125669303,rotate
A,HUSQ-B.ST,2023-07-11,87.21,2023-08-22,83.89,42,-0.037966955814228154,0.3643097212566931,6wk-exit
A,HM-B.ST,2023-08-01,152.65,2023-08-22,144.31,21,-0.05460628070438134,0.3467883695242703,rotate
A,SWED-A.ST,2023-08-01,149.55,2023-08-22,148.03,21,-0.010140443261769105,0.3467883695242704,rotate
A,ASSA-B.ST,2023-08-01,239.88,2023-08-22,229.84,21,-0.04184773053472779,0.34678836952427033,rotate
A,CAST.ST,2023-08-01,115.59,2023-08-22,108.74,21,-0.059221735379362594,0.34678836952427033,rotate
A,SEB-A.ST,2023-08-01,102.55,2023-08-22,101.05,21,-0.014595636360281605,0.30325119900855807,rotate
A,GETI-B.ST,2023-12-05,211.53,2023-12-28,209.38,23,-0.010150041424692002,0.3290999499072708,rotate
A,EQT.ST,2023-12-05,236.06,2023-12-28,275.81,23,0.16837361731696876,0.3247653666516572,rotate
A,SINCH.ST,2023-12-05,31.34,2024-01-19,28.16,45,-0.10146778205785023,0.3290999499072708,6wk-exit
A,SSAB-A.ST,2023-12-05,70.39,2024-01-19,62.25,45,-0.11565796550273233,0.3290999499072708,6wk-exit
A,BALD-B.ST,2023-12-05,65.92,2024-01-19,63.88,45,-0.030946558821221437,0.3290999499072708,6wk-exit
A,WALL-B.ST,2023-12-05,47.63,2024-01-19,47.82,45,0.004080057288355032,0.3290999499072708,6wk-exit
A,LATO-B.ST,2023-12-28,247.85,2024-02-09,254.74,43,0.027820187810278174,0.3562724591489889,6wk-exit
A,LIFCO-B.ST,2023-12-28,242.09,2024-02-09,262.31,43,0.08353522548144166,0.3458383000900083,6wk-exit
A,CAST.ST,2024-01-19,126.93,2024-02-09,123.36,21,-0.028120191151231433,0.31939899273480826,rotate
A,FABG.ST,2024-01-19,89.29,2024-02-09,83.54,21,-0.06440043248283045,0.31939899273480826,rotate
A,ERIC-B.ST,2024-01-19,56.29,2024-02-09,52.19,21,-0.07281873984609544,0.2724780750352304,rotate
A,ADDT-B.ST,2024-01-19,203.08,2024-03-01,227.63,42,0.12088968140522649,0.31939899273480826,6wk-exit
A,SINCH.ST,2024-02-09,27.22,2024-03-01,26.64,21,-0.021128082297099504,0.32909644257670223,rotate
A,BALD-B.ST,2024-02-09,63.88,2024-03-01,67.36,21,0.05447713656932485,0.32909644257670223,rotate
A,EQT.ST,2024-02-09,269.23,2024-03-01,297.27,21,0.10416649900074892,0.32909644257670223,rotate
A,WALL-B.ST,2024-02-09,45.45,2024-03-01,46.31,21,0.018811555450366724,0.27937297301121516,rotate
A,SEB-A.ST,2024-02-09,119.37,2024-03-22,129.21,42,0.08242876810464628,0.32909644257670223,6wk-exit
A,EVO.ST,2024-03-01,1332.34,2024-03-22,1237.94,21,-0.07085322314603859,0.3355514969092214,rotate
A,LIFCO-B.ST,2024-03-01,272.18,2024-03-22,284.78,21,0.046302794338285436,0.3355514969092214,rotate
A,INVE-B.ST,2024-03-01,248.48,2024-03-22,257.46,21,0.03614696660354033,0.32562403557317365,rotate
A,SAAB-B.ST,2024-03-01,202.68,2024-04-16,227.77,46,0.12377431190381283,0.3355514969092214,6wk-exit
A,SHB-A.ST,2024-03-01,86.26,2024-04-16,83.28,46,-0.03450031704127121,0.3355514969092214,6wk-exit
A,SWED-A.ST,2024-03-22,174.2,2024-04-16,174.12,25,-0.00046599726568219424,0.34392543894485983,rotate
A,TREL-B.ST,2024-03-22,376.09,2024-04-16,350.8,25,-0.06726680306868016,0.3187511347688939,rotate
A,EQT.ST,2024-03-22,337.99,2024-05-08,301.72,47,-0.10729617957870785,0.34392543894485983,6wk-exit
A,VOLV-B.ST,2024-03-22,267.42,2024-05-08,249.32,47,-0.06771640352492847,0.34392543894485983,6wk-exit
A,SKF-B.ST,2024-04-16,205.03,2024-05-08,224.79,22,0.09640220029102231,0.32812984859741195,rotate
A,BALD-B.ST,2024-04-16,66.68,2024-05-08,70.34,22,0.0548889624469715,0.32812984859741195,rotate
A,INVE-B.ST,2024-04-16,248.96,2024-05-08,270.06,22,0.08475861722353728,0.32812984859741195,rotate
A,KINV-B.ST,2024-04-16,118.05,2024-05-30,124.8,44,0.057179159894138465,0.32812984859741195,6wk-exit
A,SAAB-B.ST,2024-05-08,229.55,2024-05-30,237.72,22,0.03559873475822051,0.3418388951617812,rotate
A,GETI-B.ST,2024-05-08,221.24,2024-05-30,179.75,22,-0.18752691538946453,0.33845317406686515,rotate
A,HM-B.ST,2024-05-08,153.6,2024-06-24,176.88,47,0.15155130209877754,0.3418388951617812,6wk-exit
A,BOL.ST,2024-05-08,348.63,2024-06-24,340.22,47,-0.024123471219589354,0.34183889516178123,6wk-exit
A,TEL2-B.ST,2024-05-08,89.34,2024-06-24,96.27,47,0.07757303235688151,0.3418388951617812,6wk-exit
A,ALFA.ST,2024-05-30,464.22,2024-07-15,443.34,46,-0.0449927424380675,0.3421157582701859,6wk-exit
A,AZN.ST,2024-05-30,1620.79,2024-07-15,1657.19,46,0.02245459779170078,0.3421157582701859,6wk-exit
A,ABB.ST,2024-05-30,576.12,2024-07-15,609.42,46,0.05780539476194768,0.2873680787468998,6wk-exit
A,ESSITY-B.ST,2024-06-24,260.07,2024-07-15,260.91,21,0.0032444315210093944,0.34496298194612224,rotate
A,SAAB-B.ST,2024-06-24,243.02,2024-08-05,228.71,42,-0.05889558425960906,0.34496298194612224,6wk-exit
A,ERIC-B.ST,2024-06-24,60.69,2024-08-05,64.52,42,0.06313523207929972,0.34496298194612224,6wk-exit
A,TEL2-B.ST,2024-07-15,94.02,2024-08-05,96.63,21,0.02783105035985467,0.3528578026918603,rotate
A,TREL-B.ST,2024-07-15,388.78,2024-08-05,350.3,21,-0.09896606067618352,0.3528578026918603,rotate
A,INVE-B.ST,2024-07-15,286.51,2024-08-05,264.25,21,-0.0777026285746909,0.3528578026918603,rotate
A,ADDT-B.ST,2024-07-15,320.72,2024-08-05,304.62,21,-0.050214321763535796,0.31807997551241574,rotate
A,BALD-B.ST,2024-08-26,83.2,2024-09-16,85.92,21,0.0326923235633676,0.33252536066536625,rotate
A,ESSITY-B.ST,2024-08-26,284.63,2024-09-16,304.04,21,0.06818178650405415,0.3281456612433119,rotate
A,ADDT-B.ST,2024-08-26,319.35,2024-10-07,294.19,42,-0.07878414720642302,0.33252536066536625,6wk-exit
A,TELIA.ST,2024-08-26,28.12,2024-10-07,29.17,42,0.03738028213719358,0.33252536066536625,6wk-exit
A,ERIC-B.ST,2024-08-26,71.02,2024-10-07,73.28,42,0.03184092385643722,0.33252536066536625,6wk-exit
A,SINCH.ST,2024-08-26,29.2,2024-10-07,28.04,42,-0.03972602113368362,0.33252536066536625,6wk-exit
A,GETI-B.ST,2024-09-16,212.2,2024-10-28,188.79,42,-0.11031386955108913,0.33899483109337386,6wk-exit
A,LIFCO-B.ST,2024-09-16,325.9,2024-10-28,322.95,42,-0.009063416950047642,0.33899483109337386,6wk-exit
A,TEL2-B.ST,2024-10-07,101.19,2024-10-28,105.76,21,0.04515801126933394,0.3310323369615597,rotate
A,ASSA-B.ST,2024-10-07,324.01,2024-10-28,329.61,21,0.017272231936529492,0.33103233696155976,rotate
A,ELUX-B.ST,2024-10-07,103.35,2024-10-28,90.92,21,-0.12027092877304935,0.32772637702731827,rotate
A,SECU-B.ST,2024-10-07,118.25,2024-11-18,127.65,42,0.07954583140684335,0.3310323369615597,6wk-exit
A,ERIC-B.ST,2024-10-28,86.58,2024-11-18,83.82,21,-0.031861114513381805,0.3241429503865995,rotate
A,WALL-B.ST,2024-10-28,52.02,2024-11-18,47.57,21,-0.08566036238908925,0.3241429503865995,rotate
A,CAST.ST,2024-10-28,136.03,2024-11-18,121.55,21,-0.10639828579165422,0.3241429503865995,rotate
A,FABG.ST,2024-10-28,84.18,2024-11-18,78.44,21,-0.06818172343560447,0.3241429503865995,rotate
A,BALD-B.ST,2024-10-28,84.48,2024-11-18,81.6,21,-0.03409096553469926,0.30492896200618247,rotate
A,ERIC-B.ST,2024-12-09,87.44,2025-01-07,87.38,29,-0.0006526569945459748,0.3082848417462715,rotate
A,SKF-B.ST,2024-12-09,211.74,2025-01-07,202.76,29,-0.042429639263608765,0.3082848417462715,rotate
A,SECU-B.ST,2024-12-09,133.08,2025-01-07,127.8,29,-0.039685379833992784,0.3082848417462715,rotate
A,BOL.ST,2024-12-09,328.58,2025-01-07,317.63,29,-0.03333335500468426,0.3082848417462715,rotate
A,SSAB-A.ST,2024-12-09,49.23,2025-01-07,42.32,29,-0.14038749790870586,0.3082848417462715,rotate
A,SKA-B.ST,2024-12-09,211.01,2025-01-07,208.38,29,-0.012457078189374804,0.3042244147745588,rotate
A,SHB-A.ST,2025-01-28,95.47,2025-02-18,102.21,21,0.07053099060043344,0.2931515364064009,rotate
A,SKF-B.ST,2025-01-28,210.61,2025-02-18,224.7,21,0.06690616062266108,0.2931515364064009,rotate
A,SWED-A.ST,2025-01-28,201.74,2025-02-18,216.13,21,0.07134008207926068,0.2931515364064009,rotate
A,SECU-B.ST,2025-01-28,131.74,2025-02-18,149.54,21,0.13506689770666047,0.28929043055870135,rotate
A,HEXA-B.ST,2025-01-28,119.11,2025-03-11,111.28,42,-0.06571789415213003,0.2931515364064009,6wk-exit
A,TREL-B.ST,2025-01-28,386.48,2025-03-11,383.42,42,-0.007924586495678398,0.2931515364064009,6wk-exit
A,EQT.ST,2025-02-18,359.81,2025-03-11,290.2,21,-0.19347829442676245,0.3169372459058195,rotate
A,KINV-B.ST,2025-02-18,91.32,2025-03-11,73.25,21,-0.19787559959714252,0.3169372459058195,rotate
A,LIFCO-B.ST,2025-02-18,400.14,2025-03-11,347.95,21,-0.13041344756901896,0.31263879027146696,rotate
A,GETI-B.ST,2025-02-18,201.83,2025-04-01,211.82,42,0.04950495798051224,0.3169372459058195,6wk-exit
A,SSAB-A.ST,2025-03-11,62.92,2025-04-01,60.02,21,-0.046076064393865246,0.276907021677024,rotate
A,SAAB-B.ST,2025-03-11,381.1,2025-04-01,401.33,21,0.053077817543410566,0.276907021677024,rotate
A,SINCH.ST,2025-03-11,22.14,2025-04-01,21.15,21,-0.044715438049245826,0.276907021677024,rotate
A,SWED-A.ST,2025-03-11,216.88,2025-04-01,207.09,21,-0.04513202305234876,0.276907021677024,rotate
A,VOLV-B.ST,2025-03-11,282.35,2025-04-01,262.73,21,-0.0694933049832922,0.23288168626543918,rotate
A,SKF-B.ST,2025-07-23,232.65,2025-08-13,231.18,21,-0.006339863789831757,0.2717363132778692,rotate
A,KINV-B.ST,2025-07-23,91.62,2025-08-13,87.48,21,-0.04518663245513688,0.2717363132778692,rotate
A,SAND.ST,2025-07-23,237.43,2025-08-13,233.89,21,-0.01492529927653341,0.2717363132778692,rotate
A,HPOL-B.ST,2025-07-23,83.09,2025-08-13,79.03,21,-0.048863699283021145,0.2681572678425588,rotate
A,SINCH.ST,2025-07-23,36.61,2025-09-03,27.78,42,-0.24119092533446584,0.2717363132778692,6wk-exit
A,EQT.ST,2025-07-23,327.82,2025-09-03,329.4,42,0.004808985759972906,0.2717363132778692,6wk-exit
A,SAAB-B.ST,2025-08-13,497.77,2025-09-03,530.1,21,0.06495850884814125,0.2588596315949319,rotate
A,AZN.ST,2025-08-13,1476.26,2025-09-03,1545.2,21,0.04670053002839625,0.2588596315949319,rotate
A,EVO.ST,2025-08-13,810.0,2025-09-24,820.6,42,0.0130863896122686,0.2588596315949319,6wk-exit
A,ABB.ST,2025-08-13,637.81,2025-09-24,669.37,42,0.0494833510511401,0.2588596315949319,6wk-exit
A,HUSQ-B.ST,2025-09-03,51.33,2025-09-24,47.62,21,-0.07235333552860834,0.25694129356228546,rotate
A,VOLV-B.ST,2025-09-03,266.08,2025-09-24,261.85,21,-0.01589023461218464,0.25694129356228546,rotate
A,NIBE-B.ST,2025-09-03,37.02,2025-09-24,34.65,21,-0.06398926037078678,0.25694129356228546,rotate
A,TEL2-B.ST,2025-09-03,158.11,2025-10-15,154.97,42,-0.019835126285120297,0.25694129356228546,6wk-exit
A,ASSA-B.ST,2025-09-24,315.71,2025-10-15,331.83,21,0.05105850342555929,0.251894748918381,rotate
A,SAND.ST,2025-09-24,255.84,2025-10-15,266.96,21,0.043478406084618504,0.251894748918381,rotate
A,HEXA-B.ST,2025-09-24,115.84,2025-10-15,113.24,21,-0.0224137837920787,0.251894748918381,rotate
A,GETI-B.ST,2025-09-24,204.67,2025-10-15,203.21,21,-0.007153070169912623,0.251894748918381,rotate
A,AZN.ST,2025-09-24,1419.31,2025-11-05,1559.69,42,0.09890881118284489,0.251894748918381,6wk-exit
A,SWED-A.ST,2025-10-15,262.09,2025-11-05,265.09,21,0.011446527640153414,0.26068690549387463,rotate
A,NDA-SE.ST,2025-10-15,154.83,2025-11-05,155.93,21,0.007062606648405634,0.26068690549387463,rotate
A,SEB-A.ST,2025-10-15,169.84,2025-11-05,169.98,21,0.0008287054810010019,0.2337763300669329,rotate
A,BOL.ST,2025-10-15,408.57,2025-11-26,435.07,42,0.06486357206991777,0.26068690549387463,6wk-exit
A,HM-B.ST,2025-10-15,166.14,2025-11-26,170.46,42,0.026026066018373095,0.26068690549387463,6wk-exit
A,ATCO-A.ST,2025-11-05,156.39,2025-11-26,154.02,21,-0.015127610398977143,0.25851406621921974,rotate
A,GETI-B.ST,2025-11-05,213.85,2025-11-26,208.58,21,-0.02464634569586932,0.25688343344484904,rotate
A,ERIC-B.ST,2025-11-05,92.56,2025-12-17,88.34,42,-0.04559011022880044,0.25851406621921974,6wk-exit
A,SAND.ST,2025-11-05,283.3,2025-12-17,279.86,42,-0.012161280749387493,0.25851406621921974,6wk-exit
A,NDA-SE.ST,2025-11-26,166.76,2025-12-17,168.26,21,0.008941852703641784,0.25939067778592517,rotate
A,SWED-A.ST,2025-11-26,271.36,2025-12-17,282.09,21,0.03953096043282733,0.25939067778592517,rotate
A,SSAB-A.ST,2025-11-26,66.18,2026-01-15,76.05,50,0.1491305749165872,0.25939067778592517,6wk-exit
A,INVE-B.ST,2025-11-26,318.17,2026-01-15,344.09,50,0.08146761116808054,0.25939067778592517,6wk-exit
A,AZN.ST,2025-12-17,1687.58,2026-01-15,1731.54,29,0.026050921343064193,0.26095950776170496,rotate
A,BOL.ST,2025-12-17,481.04,2026-02-05,600.05,50,0.24740796531438902,0.26095950776170496,6wk-exit
A,HM-B.ST,2025-12-17,177.26,2026-02-05,181.18,50,0.02208118609225629,0.26095950776170496,6wk-exit
A,ELUX-B.ST,2025-12-17,61.26,2026-02-05,82.0,50,0.33855700696577684,0.2540871630291483,6wk-exit
A,ERIC-B.ST,2026-01-15,87.07,2026-02-05,98.04,21,0.12590583694312918,0.28359972917215204,rotate
A,SAND.ST,2026-01-15,323.37,2026-02-05,361.07,21,0.11659047539953238,0.28359972917215204,rotate
A,NDA-SE.ST,2026-01-15,179.54,2026-02-05,174.77,21,-0.026578067442598274,0.27543887698545433,rotate
A,SSAB-A.ST,2026-02-05,72.33,2026-02-26,78.47,21,0.0849513828317332,0.30540072285462433,rotate
A,SWED-A.ST,2026-02-05,319.09,2026-02-26,318.18,21,-0.0028490897688985273,0.30540072285462433,rotate
A,ATCO-A.ST,2026-02-05,184.68,2026-02-26,191.92,21,0.039231375053003115,0.30540072285462433,rotate
A,ATCO-B.ST,2026-02-05,160.05,2026-02-26,166.54,21,0.040578025544960594,0.3013782826813246,rotate
A,SAAB-B.ST,2026-02-05,638.04,2026-03-19,671.48,42,0.05240917477671081,0.30540072285462433,6wk-exit
A,VOLV-B.ST,2026-02-05,332.76,2026-03-19,283.28,42,-0.1487150436517588,0.30540072285462433,6wk-exit
A,ELUX-B.ST,2026-02-26,75.52,2026-03-19,60.5,21,-0.19888767625422576,0.3140381164833112,rotate
A,BOL.ST,2026-02-26,684.15,2026-04-13,531.99,46,-0.2224127616152356,0.3140381164833112,6wk-exit
A,SAND.ST,2026-02-26,391.78,2026-04-13,391.0,46,-0.0020100575318113822,0.3140381164833112,6wk-exit
A,EPI-A.ST,2026-02-26,266.48,2026-04-13,252.38,46,-0.052906055924627604,0.3140381164833112,6wk-exit
A,TEL2-B.ST,2026-03-19,186.03,2026-05-05,179.61,47,-0.03448266528208754,0.2684222757868477,6wk-exit
A,TELIA.ST,2026-03-19,45.95,2026-05-05,48.32,47,0.051702930213227694,0.2684222757868477,6wk-exit
A,INDU-C.ST,2026-03-19,447.09,2026-05-05,477.8,47,0.06868941479023483,0.2684222757868477,6wk-exit
A,ERIC-B.ST,2026-04-13,110.7,2026-05-05,110.4,22,-0.0027099858232475516,0.28725751586577686,rotate
A,ABB.ST,2026-04-13,840.2,2026-05-27,986.8,44,0.17448223453466727,0.28725751586577686,6wk-exit
A,SECU-B.ST,2026-04-13,163.68,2026-05-27,155.4,44,-0.050579955472515814,0.28725751586577686,6wk-exit
A,NIBE-B.ST,2026-05-05,45.34,2026-05-27,37.3,22,-0.1773192002556393,0.28834781018239797,rotate
A,ADDT-B.ST,2026-05-05,334.0,2026-05-27,341.8,22,0.023353256865175975,0.28834781018239797,rotate
A,SAND.ST,2026-05-05,381.8,2026-05-27,387.3,22,0.01440544833904589,0.2635605280609554,rotate
A,CAST.ST,2026-05-05,119.35,2026-06-17,121.95,43,0.02178465443956301,0.28834781018239797,6wk-exit
A,ERIC-B.ST,2026-05-27,121.25,2026-06-17,109.65,21,-0.09567009050821518,0.28546130361484023,rotate
A,EQT.ST,2026-05-27,318.4,2026-06-17,285.6,21,-0.10301503901294806,0.28546130361484023,rotate
A,TELIA.ST,2026-05-27,48.86,2026-06-17,48.17,21,-0.014164209955609741,0.26172944647606877,rotate
A,SINCH.ST,2026-05-27,37.33,2026-07-09,38.59,43,0.03375296704338804,0.28546130361484023,6wk-exit
A,EVO.ST,2026-05-27,688.0,2026-07-09,682.0,43,-0.008720930232558155,0.28546130361484023,6wk-exit
A,EPI-A.ST,2026-06-17,274.1,2026-07-09,255.6,22,-0.06749361396589448,0.26974091412305495,rotate
A,GETI-B.ST,2010-04-13,85.74,2010-05-04,80.46,21,-0.061575302466904125,0.16666666666666666,rotate
A,HM-B.ST,2010-04-13,125.89,2010-05-04,124.6,21,-0.01025272127694199,0.16666666666666666,rotate
A,BALD-B.ST,2010-04-13,2.96,2010-05-26,2.64,43,-0.10798146508246032,0.16666666666666666,6wk-exit
A,KINV-B.ST,2010-04-13,42.1,2010-05-26,39.05,43,-0.07239084623027969,0.16666666666666666,6wk-exit
A,VOLV-B.ST,2010-04-13,38.89,2010-05-26,37.49,43,-0.03598035977907643,0.16666666666666666,6wk-exit
A,TEL2-B.ST,2010-04-13,31.18,2010-05-26,28.76,43,-0.07761393257984273,0.16447149604204084,6wk-exit
A,SAND.ST,2010-05-04,62.75,2010-06-16,64.41,43,0.02644128695183401,0.16254822999596222,6wk-exit
A,SKF-B.ST,2010-05-04,84.99,2010-06-16,89.61,43,0.05434021930451349,0.157402877219562,6wk-exit
A,HEXA-B.ST,2010-05-26,11.63,2010-06-16,12.7,21,0.09230798251750838,0.15116125125245541,rotate
A,ATCO-B.ST,2010-05-26,11.36,2010-06-16,12.83,21,0.12906467613760242,0.15116125125245541,rotate
A,ASSA-B.ST,2010-05-26,40.32,2010-07-08,40.73,43,0.010171544162379975,0.15116125125245541,6wk-exit
A,ELUX-B.ST,2010-05-26,100.59,2010-07-08,99.06,43,-0.015169070166041632,0.15116125125245541,6wk-exit
A,HPOL-B.ST,2010-06-16,5.22,2010-07-08,4.99,22,-0.04450264267647952,0.16690422208342826,rotate
A,ADDT-B.ST,2010-06-16,6.63,2010-07-08,7.26,22,0.09523828013157098,0.16690422208342826,rotate
A,VOLV-B.ST,2010-06-16,43.07,2010-07-29,43.23,43,0.00392157314324737,0.16690422208342826,6wk-exit
A,SCA-B.ST,2010-06-16,6.05,2010-07-29,6.58,43,0.08715834630625663,0.16690422208342826,6wk-exit
A,ERIC-B.ST,2010-07-08,51.46,2010-07-29,49.34,21,-0.041262513571634685,0.16200199719427755,rotate
A,SKF-B.ST,2010-07-08,84.27,2010-07-29,82.41,21,-0.02206415836306308,0.16200199719427755,rotate
A,ATCO-B.ST,2010-07-08,12.05,2010-07-29,12.37,21,0.026845713569978447,0.16200199719427755,rotate
A,ATCO-A.ST,2010-07-08,14.69,2010-07-29,14.95,21,0.018181899640064447,0.1613460045938553,rotate
A,AZN.ST,2010-07-29,338.94,2010-08-19,341.54,21,0.007674727270222448,0.16520003396001026,rotate
A,FABG.ST,2010-07-29,15.63,2010-08-19,15.83,21,0.01282054176010261,0.16520003396001026,rotate
A,CAST.ST,2010-07-29,33.52,2010-08-19,33.25,21,-0.007999749616600438,0.16520003396001026,rotate
A,TEL2-B.ST,2010-07-29,33.18,2010-08-19,34.35,21,0.035293906645618156,0.16520003396001026,rotate
A,TELIA.ST,2010-07-29,20.36,2010-08-19,20.96,21,0.029552199292584902,0.16302418038959313,rotate
A,ADDT-B.ST,2010-07-29,7.68,2010-09-09,7.83,42,0.018417911755510996,0.16520003396001026,6wk-exit
A,SCA-B.ST,2010-08-19,6.47,2010-09-09,6.45,21,-0.0028927174431347957,0.16561219920281936,rotate
A,NDA-SE.ST,2010-08-19,63.44,2010-09-09,62.71,21,-0.011494177540066874,0.16561219920281936,rotate
A,HEXA-B.ST,2010-08-19,15.58,2010-09-30,17.25,42,0.1071975545523618,0.16561219920281936,6wk-exit
A,SEB-A.ST,2010-08-19,20.47,2010-09-30,21.6,42,0.05509838081335339,0.16561219920281936,6wk-exit
A,SWED-A.ST,2010-08-19,29.69,2010-09-30,34.13,42,0.14944663765495458,0.16561219920281936,6wk-exit
A,FABG.ST,2010-09-09,17.2,2010-10-21,21.35,42,0.24103983838749343,0.16878106953668506,6wk-exit
A,BALD-B.ST,2010-09-09,3.14,2010-10-21,4.02,42,0.2791520715300324,0.16878106953668506,6wk-exit
A,WALL-B.ST,2010-09-09,10.17,2010-10-21,11.35,42,0.11575527586662981,0.1621430931937659,6wk-exit
A,TREL-B.ST,2010-09-30,42.76,2010-10-21,45.75,21,0.07004837878649317,0.18944910274225105,rotate
A,TEL2-B.ST,2010-09-30,36.82,2010-10-21,38.57,21,0.0473500195274259,0.18944910274225105,rotate
A,HM-B.ST,2010-09-30,129.43,2010-10-21,127.68,21,-0.013518915977913548,0.16715881684237005,rotate
A,SWED-A.ST,2010-10-21,35.99,2010-11-11,33.92,21,-0.05733136892691071,0.19495530852722268,rotate
A,CAST.ST,2010-10-21,39.19,2010-11-11,38.23,21,-0.02451554492977137,0.19495530852722268,rotate
A,NIBE-B.ST,2010-10-21,4.09,2010-11-11,4.31,21,0.05230740470393336,0.19495530852722268,rotate
A,SAAB-B.ST,2010-10-21,18.51,2010-11-11,18.71,21,0.01059742579627776,0.19495530852722268,rotate
A,HEXA-B.ST,2010-10-21,17.35,2010-11-11,17.63,21,0.015807429671111928,0.19238754752885961,rotate
A,BOL.ST,2010-10-21,66.25,2010-12-02,73.79,42,0.11391310406540489,0.19495530852722268,6wk-exit
A,FABG.ST,2010-11-11,21.72,2010-12-02,21.07,21,-0.029808385328344844,0.19708570538947062,rotate
A,BALD-B.ST,2010-11-11,3.8,2010-12-02,3.96,21,0.04093552941944134,0.1970857053894706,rotate
A,HPOL-B.ST,2010-11-11,7.25,2010-12-23,8.09,42,0.11487775433814051,0.1970857053894706,6wk-exit
A,SKF-B.ST,2010-11-11,107.42,2010-12-23,116.18,42,0.08151879944887153,0.1970857053894706,6wk-exit
A,TREL-B.ST,2010-11-11,44.41,2010-12-23,49.4,42,0.11240308679166322,0.17894878590167607,6wk-exit
A,ATCO-A.ST,2010-12-02,20.74,2011-01-18,20.58,47,-0.007970403814420046,0.20455229957116194,6wk-exit
A,ATCO-B.ST,2010-12-02,16.92,2011-01-18,17.05,47,0.007508752507661809,0.20455229957116194,6wk-exit
A,SAND.ST,2010-12-02,78.87,2011-01-18,81.37,47,0.0317462528542829,0.20172948965268694,6wk-exit
A,SAAB-B.ST,2010-12-23,22.1,2011-01-18,23.18,26,0.049233355251157684,0.2116112400351342,rotate
A,BOL.ST,2010-12-23,77.08,2011-02-08,79.44,47,0.03064264709899933,0.2116112400351342,6wk-exit
A,NIBE-B.ST,2010-12-23,5.24,2011-02-08,4.93,47,-0.05769254583054406,0.2059446268262676,6wk-exit
A,ADDT-B.ST,2011-01-18,10.78,2011-02-08,10.07,21,-0.06598989576161762,0.2124969764938378,rotate
A,SKF-B.ST,2011-01-18,114.56,2011-02-08,100.05,21,-0.1267017396482104,0.19799819673281038,rotate
A,VOLV-B.ST,2011-01-18,56.5,2011-03-01,52.11,42,-0.07771143276335912,0.2124969764938378,6wk-exit
A,HPOL-B.ST,2011-01-18,9.45,2011-03-01,8.28,42,-0.12407094448903722,0.2124969764938378,6wk-exit
A,SAAB-B.ST,2011-02-08,22.11,2011-03-01,23.36,21,0.05645185080017945,0.19751816485995874,rotate
A,TREL-B.ST,2011-02-08,48.2,2011-03-01,43.27,21,-0.10214300012101984,0.19751816485995877,rotate
A,HOLM-B.ST,2011-02-08,68.49,2011-03-01,66.64,21,-0.027050501272075533,0.18755000706672437,rotate
A,BALD-B.ST,2011-02-08,4.86,2011-03-22,5.19,42,0.06864982715524182,0.19751816485995877,6wk-exit
A,BOL.ST,2011-03-01,77.65,2011-03-22,73.74,21,-0.050445183740042476,0.1927377572462253,rotate
A,SEB-A.ST,2011-03-01,24.46,2011-03-22,24.09,21,-0.015017624094959103,0.1927377572462253,rotate
A,ABB.ST,2011-03-01,138.83,2011-03-22,134.11,21,-0.033964538261104016,0.17547948613109202,rotate
A,SWED-A.ST,2011-03-01,40.02,2011-04-12,43.25,42,0.08066423324547967,0.1927377572462253,6wk-exit
A,ADDT-B.ST,2011-03-01,9.6,2011-04-12,10.29,42,0.07122505198841855,0.1927377572462253,6wk-exit
A,HPOL-B.ST,2011-03-22,9.1,2011-04-12,8.67,21,-0.04651179856733556,0.19095842710359212,rotate
A,GETI-B.ST,2011-03-22,74.89,2011-04-12,81.07,21,0.08248829772419275,0.19095842710359212,rotate
A,LATO-B.ST,2011-03-22,23.1,2011-05-05,25.37,44,0.09817372975540195,0.19095842710359212,6wk-exit
A,SAAB-B.ST,2011-03-22,23.81,2011-05-05,26.43,44,0.10996878480583883,0.1772723107204901,6wk-exit
A,ERIC-B.ST,2011-04-12,49.99,2011-05-05,59.05,23,0.1811486472463304,0.19736609363162308,rotate
A,CAST.ST,2011-04-12,42.53,2011-05-26,44.22,44,0.03989066969743993,0.19736609363162302,6wk-exit
A,WALL-B.ST,2011-04-12,12.79,2011-05-26,13.09,44,0.023155751822305337,0.19736609363162305,6wk-exit
A,HEXA-B.ST,2011-04-12,19.77,2011-05-26,21.22,44,0.07326924028736803,0.19736609363162305,6wk-exit
A,SWED-A.ST,2011-05-05,42.43,2011-05-26,42.06,21,-0.008771933767598328,0.20831239937570079,rotate
A,SKF-B.ST,2011-05-05,113.84,2011-05-26,110.82,21,-0.02650078290410607,0.20831239937570079,rotate
A,BALD-B.ST,2011-05-05,5.34,2011-05-26,5.22,21,-0.023908489128988797,0.20831239937570079,rotate
A,LATO-B.ST,2011-05-26,24.37,2011-06-20,21.84,25,-0.10370380516991506,0.20855697419214478,rotate
A,HPOL-B.ST,2011-05-26,10.76,2011-07-12,11.13,47,0.03428569149091776,0.20855697419214478,6wk-exit
A,ERIC-B.ST,2011-05-26,58.92,2011-07-12,57.54,47,-0.023445974020895655,0.20855697419214478,6wk-exit
A,TREL-B.ST,2011-05-26,50.03,2011-07-12,49.0,47,-0.020494605827859225,0.2085569741921448,6wk-exit
A,HM-B.ST,2011-05-26,128.43,2011-07-12,122.11,47,-0.04915895123610259,0.20855697419214478,6wk-exit
A,GETI-B.ST,2011-05-26,88.78,2011-07-12,89.92,47,0.012903311744310697,0.20581006533230004,6wk-exit
A,HEXA-B.ST,2011-06-20,20.2,2011-07-12,21.0,22,0.039402246005440844,0.18610814105415435,rotate
A,ABB.ST,2011-07-12,151.47,2011-08-02,135.54,21,-0.10516838516359006,0.20352937760166798,rotate
A,SCA-B.ST,2011-07-12,6.85,2011-08-02,7.03,21,0.026448987444828154,0.20352937760166798,rotate
A,SAAB-B.ST,2011-07-12,25.35,2011-08-02,24.32,21,-0.0404041969891793,0.20352937760166798,rotate
A,AZN.ST,2011-07-12,297.21,2011-08-23,272.21,42,-0.08408698198677378,0.20352937760166798,6wk-exit
A,NIBE-B.ST,2011-07-12,5.74,2011-08-23,4.9,42,-0.14508938627822754,0.20352937760166798,6wk-exit
A,HPOL-B.ST,2011-08-02,9.56,2011-08-23,8.65,21,-0.09485550948285737,0.19522442678555854,rotate
A,GETI-B.ST,2011-08-02,84.61,2011-08-23,80.19,21,-0.05230772643305237,0.19522442678555854,rotate
A,ALFA.ST,2011-08-02,92.12,2011-08-23,84.75,21,-0.08000012257445444,0.19522442678555854,rotate
A,TEL2-B.ST,2011-08-02,41.67,2011-08-23,40.76,21,-0.022002947945564566,0.19522442678555857,rotate
A,TEL2-B.ST,2011-09-13,43.03,2011-10-25,42.68,42,-0.00808235502595911,0.1823321695222362,6wk-exit
A,AZN.ST,2011-10-25,289.46,2011-11-15,284.97,21,-0.015531249687010251,0.18195338739035102,rotate
A,SKA-B.ST,2011-11-15,54.49,2011-12-06,56.19,21,0.03125011813935874,0.18134999717771863,rotate
A,BOL.ST,2011-11-15,55.89,2011-12-06,61.28,21,0.09656640261414995,0.18134999717771863,rotate
A,SECU-B.ST,2011-11-15,30.99,2011-12-06,30.31,21,-0.02191567550105522,0.18134999717771863,rotate
A,SAND.ST,2011-11-15,54.29,2011-12-06,55.12,21,0.015384727812688626,0.17896143205823586,rotate
A,ASSA-B.ST,2011-11-15,41.23,2011-12-28,44.06,43,0.06865868352343707,0.18134999717771863,6wk-exit
A,SCA-B.ST,2011-11-15,7.66,2011-12-28,7.87,43,0.027680069921363293,0.18134999717771863,6wk-exit
A,HM-B.ST,2011-12-06,116.85,2011-12-28,120.73,22,0.03317529665746388,0.1857675768201702,rotate
A,SHB-A.ST,2011-12-06,22.06,2011-12-28,22.07,22,0.0005530526830879179,0.1857675768201702,rotate
A,GETI-B.ST,2011-12-06,90.39,2011-12-28,88.26,22,-0.023617462220686503,0.1843964123336689,rotate
A,HPOL-B.ST,2011-12-06,10.7,2012-01-19,13.43,44,0.2557471218252705,0.18576757682017017,6wk-exit
A,SECU-B.ST,2011-12-28,29.85,2012-01-19,32.49,22,0.08845792081137271,0.19140133266608741,rotate
A,ALFA.ST,2011-12-28,93.52,2012-01-19,103.32,22,0.1048068735212504,0.16828972248558058,rotate
A,BOL.ST,2011-12-28,59.87,2012-02-09,73.75,43,0.23184761424185263,0.19140133266608741,6wk-exit
A,TREL-B.ST,2011-12-28,40.91,2012-02-09,47.13,43,0.15211746356657097,0.19140133266608741,6wk-exit
A,SSAB-A.ST,2011-12-28,26.45,2012-02-09,33.56,43,0.26874480837121295,0.19140133266608741,6wk-exit
A,HEXA-B.ST,2012-01-19,16.35,2012-03-01,18.13,42,0.10915203250467198,0.21689977167346597,6wk-exit
A,ATCO-B.ST,2012-01-19,17.28,2012-03-01,18.31,42,0.059598310387729336,0.21689977167346597,6wk-exit
A,ATCO-A.ST,2012-01-19,20.59,2012-03-01,21.87,42,0.062383894905550186,0.1909823935664993,6wk-exit
A,INDU-C.ST,2012-02-09,65.85,2012-03-01,65.46,21,-0.005964222082521231,0.22615605777917136,rotate
A,SAAB-B.ST,2012-02-09,27.3,2012-03-01,24.6,21,-0.09912920830259542,0.2261560577791714,rotate
A,HPOL-B.ST,2012-02-09,14.14,2012-03-22,13.34,42,-0.05652160364717651,0.22615605777917136,6wk-exit
A,SEB-A.ST,2012-03-01,22.09,2012-03-22,21.36,21,-0.03315892339487314,0.2253431638687486,rotate
A,ADDT-B.ST,2012-03-01,10.78,2012-03-22,10.35,21,-0.040106757441749186,0.22534316386874864,rotate
A,SWED-A.ST,2012-03-01,42.47,2012-04-16,39.3,46,-0.07464910410188597,0.22534316386874864,6wk-exit
A,VOLV-B.ST,2012-03-01,47.93,2012-04-16,44.91,46,-0.0631436004002498,0.22534316386874864,6wk-exit
A,ELUX-B.ST,2012-03-01,87.43,2012-04-16,86.75,46,-0.007680358841444801,0.21322848405752295,6wk-exit
A,HEXA-B.ST,2012-03-22,16.88,2012-04-16,18.01,25,0.06666675705736691,0.214936221965343,rotate
A,BALD-B.ST,2012-03-22,5.28,2012-05-08,5.45,47,0.03154580453056122,0.214936221965343,6wk-exit
A,LATO-B.ST,2012-03-22,24.78,2012-05-08,22.73,47,-0.08302970253442887,0.21483435377141902,6wk-exit
A,SEB-A.ST,2012-04-16,20.47,2012-05-08,20.23,22,-0.011928952074398702,0.21401542031180512,rotate
A,SHB-A.ST,2012-04-16,26.45,2012-05-08,28.04,22,0.05990354961110733,0.21401542031180512,rotate
A,SCA-B.ST,2012-04-16,10.46,2012-05-30,9.72,44,-0.07072517144767898,0.21401542031180512,6wk-exit
A,ASSA-B.ST,2012-04-16,53.21,2012-05-30,50.39,44,-0.052831278749747135,0.21401542031180512,6wk-exit
A,ADDT-B.ST,2012-05-08,10.41,2012-05-30,10.15,22,-0.024930878414195723,0.21010064402562356,rotate
A,HUSQ-B.ST,2012-05-08,23.59,2012-05-30,22.42,22,-0.04945223781219221,0.21010064402562356,rotate
A,TREL-B.ST,2012-05-08,52.45,2012-06-21,47.11,44,-0.10174228192019763,0.2101006440256236,6wk-exit
A,HPOL-B.ST,2012-05-08,15.68,2012-06-21,14.87,44,-0.0520000744392517,0.21010064402562356,6wk-exit
A,CAST.ST,2012-05-30,39.72,2012-06-21,38.33,22,-0.034819867230856394,0.20722400059475107,rotate
A,FABG.ST,2012-05-30,18.13,2012-06-21,17.37,22,-0.04209560130951939,0.20722400059475107,rotate
A,WALL-B.ST,2012-05-30,13.22,2012-06-21,13.23,22,0.0007700559103720472,0.20722400059475107,rotate
A,SHB-A.ST,2012-05-30,26.2,2012-06-21,27.97,22,0.06780511036419945,0.19444843814493074,rotate
A,SCA-B.ST,2012-06-21,9.68,2012-07-13,10.21,22,0.05512559308942455,0.19979711065170866,rotate
A,SWED-A.ST,2012-06-21,42.43,2012-08-03,46.85,43,0.1041476223062654,0.19979711065170866,6wk-exit
A,SHB-A.ST,2012-07-13,29.9,2012-08-03,30.98,21,0.035897381270415085,0.20285142456585237,rotate
A,WALL-B.ST,2012-07-13,13.94,2012-08-03,15.24,21,0.09349892885435862,0.20285142456585237,rotate
A,HPOL-B.ST,2012-07-13,14.46,2012-08-03,15.18,21,0.04989160237136425,0.20285142456585237,rotate
A,HOLM-B.ST,2012-07-13,60.44,2012-08-03,57.57,21,-0.047441391085106366,0.19503672430212818,rotate
A,HM-B.ST,2012-07-13,142.32,2012-08-24,140.71,42,-0.011345255638400498,0.20285142456585237,6wk-exit
A,KINV-B.ST,2012-08-03,52.12,2012-08-24,50.15,21,-0.037749278000574815,0.20986103163286654,rotate
A,AZN.ST,2012-08-03,299.16,2012-08-24,286.78,21,-0.04137688602453893,0.20986103163286654,rotate
A,SAAB-B.ST,2012-08-03,21.66,2012-08-24,20.8,21,-0.03950843706397289,0.20986103163286654,rotate
A,SCA-B.ST,2012-08-03,10.93,2012-08-24,10.98,21,0.005141311429846418,0.2072527504575446,rotate
A,SEB-A.ST,2012-08-03,23.03,2012-09-14,25.23,42,0.0956575089106868,0.20986103163286654,6wk-exit
A,NDA-SE.ST,2012-08-24,57.58,2012-09-14,60.52,21,0.05107747432322962,0.20376195591233673,rotate
A,SHB-A.ST,2012-08-24,29.92,2012-09-14,30.89,21,0.0324647643424123,0.20376195591233673,rotate
A,SWED-A.ST,2012-08-24,46.06,2012-09-14,47.82,21,0.03820020254433376,0.20376195591233673,rotate
A,BOL.ST,2012-08-24,64.64,2012-09-14,72.3,21,0.1184972165978464,0.19405696542366443,rotate
A,WALL-B.ST,2012-08-24,14.64,2012-10-05,14.81,42,0.011821967761432628,0.20376195591233673,6wk-exit
A,FABG.ST,2012-09-14,20.96,2012-10-05,21.88,21,0.04368961944193117,0.21495039230247617,rotate
A,CAST.ST,2012-09-14,44.3,2012-10-05,43.38,21,-0.02081058618245346,0.21495039230247617,rotate
A,SCA-B.ST,2012-09-14,11.38,2012-10-05,11.43,21,0.004111808829791563,0.21495039230247615,rotate
A,ELUX-B.ST,2012-09-14,109.17,2012-10-26,106.69,42,-0.022753126488084252,0.21495039230247617,6wk-exit
A,BALD-B.ST,2012-09-14,5.85,2012-10-26,6.03,42,0.03133896120738111,0.21495039230247617,6wk-exit
A,TREL-B.ST,2012-10-05,54.75,2012-10-26,52.3,21,-0.04472622234230694,0.21506543464178626,rotate
A,HEXA-B.ST,2012-10-05,20.02,2012-11-16,20.97,42,0.04735741703650409,0.21506543464178626,6wk-exit
A,SEB-A.ST,2012-10-05,26.43,2012-11-16,23.71,42,-0.1028768419606163,0.2150654346417863,6wk-exit
A,VOLV-B.ST,2012-10-05,48.93,2012-11-16,45.26,42,-0.07499989865384238,0.21143892257433244,6wk-exit
A,NIBE-B.ST,2012-10-26,5.31,2012-11-16,4.6,21,-0.13513508420334075,0.21005905786362652,rotate
A,FABG.ST,2012-10-26,22.05,2012-11-16,21.32,21,-0.03307700014379156,0.21005905786362652,rotate
A,SAAB-B.ST,2012-10-26,23.92,2012-12-07,24.89,42,0.04054058148485451,0.21005905786362652,6wk-exit
A,ELUX-B.ST,2012-11-16,101.97,2012-12-07,107.87,21,0.0578563719912395,0.20088357196235795,rotate
A,HOLM-B.ST,2012-11-16,58.66,2012-12-07,62.37,21,0.06315185204500517,0.20088357196235795,rotate
A,BOL.ST,2012-11-16,68.44,2012-12-07,75.29,21,0.10009097649404164,0.19485495897744784,rotate
A,HUSQ-B.ST,2012-11-16,24.95,2013-01-04,27.22,49,0.09112663222979522,0.20088357196235795,6wk-exit
A,HPOL-B.ST,2012-11-16,18.44,2013-01-04,21.92,49,0.18877552814588827,0.20088357196235795,6wk-exit
A,ASSA-B.ST,2012-12-07,63.65,2013-01-04,65.03,28,0.021576664167426873,0.21643676040801016,rotate
A,HEXA-B.ST,2012-12-07,23.71,2013-01-25,24.57,49,0.036521728776047535,0.21643676040801016,6wk-exit
A,SCA-B.ST,2012-12-07,12.82,2013-01-25,14.09,49,0.09934272209638384,0.2164367604080102,6wk-exit
A,ATCO-A.ST,2012-12-07,23.29,2013-01-25,24.86,49,0.06769085750850312,0.2059272412423283,6wk-exit
A,SSAB-A.ST,2013-01-04,26.84,2013-01-25,24.38,21,-0.09160962280597595,0.220860115339923,rotate
A,SKF-B.ST,2013-01-04,107.33,2013-01-25,103.89,21,-0.0320474462739927,0.220860115339923,rotate
A,INVE-B.ST,2013-01-04,30.58,2013-02-15,33.04,42,0.08062696442577977,0.220860115339923,6wk-exit
A,HUSQ-B.ST,2013-01-25,26.62,2013-02-15,25.3,21,-0.04953935448659119,0.22241097857096262,rotate
A,SECU-B.ST,2013-01-25,31.75,2013-02-15,30.61,21,-0.035952889764358065,0.22241097857096262,rotate
A,ATCO-B.ST,2013-01-25,21.08,2013-02-15,20.9,21,-0.008338393514039866,0.22241097857096262,rotate
A,LATO-B.ST,2013-01-25,26.14,2013-02-15,26.85,21,0.027536083596767513,0.215637163547343,rotate
A,INDU-C.ST,2013-01-25,75.93,2013-03-08,80.05,42,0.054151416345718406,0.22241097857096262,6wk-exit
A,KINV-B.ST,2013-02-15,55.31,2013-03-08,56.83,21,0.02751667858794904,0.2235059126545727,rotate
A,HPOL-B.ST,2013-02-15,23.27,2013-03-08,23.15,21,-0.00539093786729572,0.22350591265457267,rotate
A,ERIC-B.ST,2013-02-15,52.8,2013-04-02,53.6,46,0.015180208348009261,0.22350591265457267,6wk-exit
A,SWED-A.ST,2013-02-15,59.4,2013-04-02,62.15,46,0.04639358258575199,0.22350591265457267,6wk-exit
A,SEB-A.ST,2013-02-15,30.11,2013-04-02,32.16,46,0.06777414184544317,0.20772430420522667,6wk-exit
A,INVE-B.ST,2013-03-08,33.73,2013-04-02,34.3,25,0.016824345787422423,0.2276136449080071,rotate
A,BALD-B.ST,2013-03-08,7.83,2013-04-23,7.6,46,-0.029787206844054115,0.2276136449080071,6wk-exit
A,NDA-SE.ST,2013-03-08,69.8,2013-04-23,68.68,46,-0.016111121433731834,0.2276136449080071,6wk-exit
A,NIBE-B.ST,2013-04-02,5.92,2013-04-23,5.41,21,-0.0856135125880465,0.22769808231605335,rotate
A,LATO-B.ST,2013-04-02,27.71,2013-04-23,27.2,21,-0.018455201172700275,0.22769808231605337,rotate
A,LUND-B.ST,2013-04-02,112.75,2013-04-23,108.4,21,-0.03861648105210369,0.227469952706818,rotate
A,SHB-A.ST,2013-04-02,37.54,2013-05-17,40.13,45,0.06905110496381361,0.22769808231605335,6wk-exit
A,ERIC-B.ST,2013-04-23,53.24,2013-05-17,55.32,24,0.03898626595100474,0.21889322175075446,rotate
A,SWED-A.ST,2013-04-23,63.03,2013-05-17,70.45,24,0.11772468439583372,0.21889322175075446,rotate
A,ADDT-B.ST,2013-04-23,13.05,2013-05-17,14.29,24,0.09512761800714564,0.21889322175075443,rotate
A,SEB-A.ST,2013-04-23,30.74,2013-05-17,34.48,24,0.12177973320854174,0.2147849462846343,rotate
A,SCA-B.ST,2013-04-23,18.01,2013-06-10,18.27,48,0.014414390180333747,0.21889322175075446,6wk-exit
A,WALL-B.ST,2013-05-17,19.63,2013-06-10,18.25,24,-0.07048920378195556,0.2370701500471596,rotate
A,KINV-B.ST,2013-05-17,69.75,2013-07-01,69.16,45,-0.008542041694202362,0.2370701500471596,6wk-exit
A,TREL-B.ST,2013-05-17,75.96,2013-07-01,77.01,45,0.013944290338237186,0.2370701500471596,6wk-exit
A,ELUX-B.ST,2013-05-17,119.09,2013-07-01,108.25,45,-0.09095782241693395,0.23707015004715962,6wk-exit
A,AZN.ST,2013-05-17,318.42,2013-07-01,296.09,45,-0.07011899298938495,0.23707015004715956,6wk-exit
A,ADDT-B.ST,2013-06-10,13.96,2013-07-01,13.6,21,-0.02603030623061897,0.23068503457827366,rotate
A,BALD-B.ST,2013-06-10,8.33,2013-07-22,8.75,42,0.05000004005432279,0.21534571506069722,6wk-exit
A,SCA-B.ST,2013-07-01,18.31,2013-07-22,18.6,21,0.015948059160330486,0.22338126883835363,rotate
A,HEXA-B.ST,2013-07-01,25.03,2013-07-22,26.91,21,0.0747664740563514,0.22338126883835363,rotate
A,NDA-SE.ST,2013-07-01,70.8,2013-07-22,75.09,21,0.0606258715513881,0.22338126883835363,rotate
A,HPOL-B.ST,2013-07-01,27.63,2013-08-12,30.12,42,0.08986182765146356,0.22338126883835363,6wk-exit
A,GETI-B.ST,2013-07-01,112.94,2013-08-12,132.51,42,0.17325547274852515,0.2233812688383536,6wk-exit
A,SWED-A.ST,2013-07-22,64.11,2013-08-12,66.74,21,0.04096228721652828,0.21868287796937974,rotate
A,TREL-B.ST,2013-07-22,83.07,2013-09-02,87.3,42,0.051002079132688394,0.24048609335893031,6wk-exit
A,KINV-B.ST,2013-07-22,76.27,2013-09-02,85.48,42,0.12083328081513045,0.24048609335893034,6wk-exit
A,ASSA-B.ST,2013-07-22,77.98,2013-09-02,77.12,42,-0.01105349290238744,0.24048609335893034,6wk-exit
A,ELUX-B.ST,2013-08-12,117.87,2013-09-02,114.37,21,-0.029729825942198196,0.2394321103079712,rotate
A,ADDT-B.ST,2013-08-12,15.87,2013-09-23,18.2,42,0.14694268758479212,0.24526381408621326,6wk-exit
A,SKF-B.ST,2013-08-12,118.08,2013-09-23,121.44,42,0.028523525059012567,0.24526381408621326,6wk-exit
A,GETI-B.ST,2013-09-02,128.21,2013-09-23,129.65,21,0.011177963402773772,0.24921128839789364,rotate
A,HOLM-B.ST,2013-09-02,65.1,2013-09-23,69.02,21,0.06019723426696366,0.24921128839789364,rotate
A,SECU-B.ST,2013-09-02,39.83,2013-10-14,40.61,42,0.019580193735077467,0.24921128839789364,6wk-exit
A,NIBE-B.ST,2013-09-02,6.49,2013-10-14,6.67,42,0.02868850892101671,0.2404469121844112,6wk-exit
A,BOL.ST,2013-09-23,64.98,2013-10-14,58.57,21,-0.09870383156467111,0.25663269239531267,rotate
A,LATO-B.ST,2013-09-23,32.37,2013-10-14,30.26,21,-0.06525674845197904,0.25663269239531267,rotate
A,KINV-B.ST,2013-09-23,89.42,2013-11-04,96.17,42,0.07552200121912334,0.25663269239531267,6wk-exit
A,HUSQ-B.ST,2013-09-23,29.22,2013-11-04,26.74,42,-0.0850259870663479,0.25663269239531267,6wk-exit
A,ADDT-B.ST,2013-10-14,18.33,2013-11-25,18.54,42,0.011945315938811207,0.2487751179515522,6wk-exit
A,HM-B.ST,2013-10-14,163.01,2013-11-25,167.1,42,0.025083015334879777,0.2487751179515522,6wk-exit
A,ATCO-B.ST,2013-10-14,22.69,2013-11-25,22.17,42,-0.023202126051851124,0.24877511795155222,6wk-exit
A,HOLM-B.ST,2013-10-14,70.54,2013-11-25,78.78,42,0.11685824107020504,0.24066169579757415,6wk-exit
A,NIBE-B.ST,2013-11-04,6.6,2013-11-25,7.8,21,0.18291681580497965,0.25031272443770236,rotate
A,TELIA.ST,2013-11-04,25.0,2013-11-25,25.37,21,0.01485642084252592,0.25031272443770236,rotate
A,ASSA-B.ST,2013-11-25,89.19,2013-12-16,88.46,21,-0.008154512201913322,0.2622008642878189,rotate
A,ABB.ST,2013-11-25,153.74,2013-12-16,150.8,21,-0.019138547509764625,0.2622008642878189,rotate
A,KINV-B.ST,2013-11-25,98.99,2014-01-14,118.97,50,0.2018461978134929,0.2622008642878189,6wk-exit
A,SEB-A.ST,2013-11-25,37.99,2014-01-14,40.84,50,0.07517342839927688,0.2622008642878189,6wk-exit
A,BALD-B.ST,2013-11-25,9.62,2014-01-14,11.12,50,0.1558441558441559,0.2622008642878189,6wk-exit
A,SCA-B.ST,2013-11-25,20.83,2014-01-14,21.2,50,0.017653113185626124,0.2587474104776021,6wk-exit
A,NIBE-B.ST,2013-12-16,7.45,2014-02-04,7.64,50,0.025677374428563438,0.26811973167061737,6wk-exit
A,AZN.ST,2013-12-16,352.48,2014-02-04,380.42,50,0.07925218219297281,0.24685484895976623,6wk-exit
A,ASSA-B.ST,2014-01-14,91.66,2014-02-04,88.08,21,-0.03908315704875309,0.28655920267760043,rotate
A,ABB.ST,2014-01-14,155.49,2014-02-04,146.75,21,-0.05617984143875665,0.28655920267760043,rotate
A,SWED-A.ST,2014-01-14,76.16,2014-02-04,70.66,21,-0.07224936528900183,0.28655920267760043,rotate
A,SAAB-B.ST,2014-01-14,35.41,2014-02-25,33.52,42,-0.05333343819536185,0.28655920267760043,6wk-exit
A,LATO-B.ST,2014-02-04,32.66,2014-02-25,38.26,21,0.17125767831954852,0.2694365579116314,rotate
A,SSAB-A.ST,2014-02-04,23.99,2014-02-25,24.01,21,0.0009785878053931718,0.2694365579116314,rotate
A,BALD-B.ST,2014-02-04,11.25,2014-03-18,13.33,42,0.1851851569281684,0.2694365579116314,6wk-exit
A,KINV-B.ST,2014-02-04,105.62,2014-03-18,95.65,42,-0.09439641656817144,0.2694365579116314,6wk-exit
A,HEXA-B.ST,2014-02-04,28.54,2014-03-18,30.14,42,0.05593071264938665,0.2694365579116314,6wk-exit
A,AZN.ST,2014-02-25,413.16,2014-04-08,385.24,42,-0.0675673160304261,0.2899063300481432,6wk-exit
A,HPOL-B.ST,2014-02-25,36.61,2014-04-08,36.8,42,0.00521755203928298,0.2899063300481432,6wk-exit
A,FABG.ST,2014-02-25,31.27,2014-04-08,31.71,42,0.014059938775838887,0.28502802631324703,6wk-exit
A,SAAB-B.ST,2014-03-18,35.33,2014-04-08,38.85,21,0.09966591483738285,0.2803569885304773,rotate
A,NIBE-B.ST,2014-03-18,8.63,2014-04-08,9.29,21,0.07640172179495197,0.2803569885304773,rotate
A,ALFA.ST,2014-03-18,134.4,2014-04-08,140.75,21,0.047234882303628156,0.2803569885304773,rotate
A,BALD-B.ST,2014-04-08,13.21,2014-05-02,13.71,24,0.03785489050097768,0.29227380987020973,rotate
A,SKA-B.ST,2014-04-08,90.8,2014-05-02,92.28,24,0.01632650111847167,0.29227380987020973,rotate
A,LUND-B.ST,2014-04-08,134.61,2014-05-02,137.69,24,0.022874863494641406,0.29227380987020973,rotate
A,ERIC-B.ST,2014-04-08,59.85,2014-05-02,56.12,24,-0.06233364413303999,0.2884242645795626,rotate
A,VOLV-B.ST,2014-04-08,54.79,2014-05-23,53.11,45,-0.030692901527233918,0.29227380987020973,6wk-exit
A,HUSQ-B.ST,2014-04-08,31.85,2014-05-23,37.06,45,0.16357456152431382,0.29227380987020973,6wk-exit
A,HPOL-B.ST,2014-05-02,38.97,2014-05-23,39.92,21,0.02458163081698661,0.30212980909854475,rotate
A,NIBE-B.ST,2014-05-02,9.99,2014-05-23,10.49,21,0.049262204404396215,0.30212980909854475,rotate
A,SCA-B.ST,2014-05-02,22.37,2014-05-23,23.33,21,0.04265926235146278,0.2582634851712662,rotate
A,SAAB-B.ST,2014-05-02,39.41,2014-06-17,39.39,46,-0.0005107327926746619,0.30212980909854475,6wk-exit
A,AZN.ST,2014-05-23,450.57,2014-06-17,457.45,25,0.015283100260895521,0.3017695245138445,rotate
A,SKA-B.ST,2014-05-23,95.31,2014-06-17,94.75,25,-0.005833083050551191,0.3017695245138445,rotate
A,TREL-B.ST,2014-05-23,111.02,2014-06-17,109.0,25,-0.018143722134284057,0.3017695245138445,rotate
A,ELUX-B.ST,2014-05-23,111.6,2014-07-09,108.97,47,-0.023529452784058713,0.3017695245138445,6wk-exit
A,INVE-B.ST,2014-05-23,49.07,2014-07-09,47.78,47,-0.026336072230326968,0.3017695245138445,6wk-exit
A,SSAB-A.ST,2014-06-17,28.47,2014-07-30,32.29,43,0.1343776399980785,0.2980327400191051,6wk-exit
A,HUSQ-B.ST,2014-06-17,35.64,2014-07-30,39.24,43,0.10100007310585468,0.29803274001910507,6wk-exit
A,ADDT-B.ST,2014-06-17,22.19,2014-07-30,20.92,43,-0.05708267125334365,0.2980327400191051,6wk-exit
A,NIBE-B.ST,2014-06-17,10.29,2014-07-30,10.15,43,-0.013584171057392402,0.2980327400191051,6wk-exit
A,AZN.ST,2014-07-09,472.71,2014-07-30,472.25,21,-0.0009843213560355446,0.28516915854883185,rotate
A,KINV-B.ST,2014-07-09,119.94,2014-08-20,112.18,42,-0.06471813468720988,0.3116977838035802,6wk-exit
A,BALD-B.ST,2014-07-30,14.62,2014-08-20,14.62,21,0.0,0.30619339872793117,rotate
A,ATCO-A.ST,2014-07-30,29.86,2014-08-20,29.31,21,-0.018260474237023483,0.30619339872793117,rotate
A,WALL-B.ST,2014-07-30,24.31,2014-08-20,23.48,21,-0.03376638419260647,0.2946349199854762,rotate
A,BOL.ST,2014-07-30,75.88,2014-09-10,76.54,42,0.00870349391558789,0.30619339872793117,6wk-exit
A,SECU-B.ST,2014-07-30,47.0,2014-09-10,45.78,42,-0.025925708598512176,0.30619339872793117,6wk-exit
A,HUSQ-B.ST,2014-08-20,36.14,2014-09-10,37.06,21,0.02564113390625611,0.29275011821661107,rotate
A,ERIC-B.ST,2014-08-20,61.46,2014-09-10,64.47,21,0.04897977550685373,0.29275011821661107,rotate
A,SSAB-A.ST,2014-08-20,30.2,2014-10-01,27.39,42,-0.09324004952268805,0.29275011821661107,6wk-exit
A,HEXA-B.ST,2014-08-20,31.69,2014-10-01,31.35,42,-0.010439472261995264,0.29275011821661107,6wk-exit
A,BALD-B.ST,2014-09-10,15.62,2014-10-01,15.0,21,-0.040000000000000036,0.2993344676385509,rotate
A,ELUX-B.ST,2014-09-10,126.04,2014-10-22,129.98,42,0.03125021375378889,0.2993344676385509,6wk-exit
A,TEL2-B.ST,2014-09-10,34.1,2014-10-22,34.67,42,0.01685057115820565,0.2993344676385509,6wk-exit
A,ATCO-A.ST,2014-09-10,29.34,2014-10-22,28.42,42,-0.03129572597391972,0.2993344676385509,6wk-exit
A,ERIC-B.ST,2014-10-01,64.79,2014-10-22,60.39,21,-0.06803091841866449,0.29105996099237563,rotate
A,BOL.ST,2014-10-01,75.09,2014-10-22,77.0,21,0.02550562448497673,0.29105996099237563,rotate
A,ATCO-B.ST,2014-10-01,25.1,2014-10-22,24.85,21,-0.009841269214087456,0.27529226626122294,rotate
A,GETI-B.ST,2014-10-22,91.31,2014-11-12,97.4,21,0.06670813680969556,0.2902532497331156,rotate
A,ASSA-B.ST,2014-10-22,99.73,2014-12-03,111.59,42,0.11895584381049162,0.2902532497331156,6wk-exit
A,BOL.ST,2014-11-12,82.42,2014-12-03,82.95,21,0.0064103098162127115,0.2968485286240419,rotate
A,AZN.ST,2014-11-12,510.5,2014-12-03,515.16,21,0.009124373616181014,0.2968485286240419,rotate
A,SWED-A.ST,2014-11-12,83.06,2014-12-03,86.23,21,0.03823690320342932,0.2968485286240419,rotate
A,ELUX-B.ST,2014-11-12,139.63,2014-12-29,151.71,47,0.08650683067723208,0.2968485286240419,6wk-exit
A,TEL2-B.ST,2014-11-12,37.94,2014-12-29,37.92,47,-0.0005221347216171068,0.27805213750174773,6wk-exit
A,SECU-B.ST,2014-12-03,53.44,2015-01-22,56.03,50,0.04831723137258481,0.3018619165532807,6wk-exit
A,HOLM-B.ST,2014-12-03,90.81,2015-01-22,98.99,50,0.09010081950238402,0.3018619165532807,6wk-exit
A,LUND-B.ST,2014-12-03,150.93,2015-01-22,157.82,50,0.045644270222847005,0.3018619165532807,6wk-exit
A,HPOL-B.ST,2014-12-03,45.45,2015-01-22,51.23,50,0.12722119050766656,0.3018619165532807,6wk-exit
A,SAAB-B.ST,2014-12-29,41.0,2015-01-22,40.22,24,-0.01914571551133315,0.3045873802264571,rotate
A,WALL-B.ST,2014-12-29,27.53,2015-02-12,30.49,45,0.10779805738051951,0.3116461472250473,6wk-exit
A,SKA-B.ST,2015-01-22,111.25,2015-02-12,121.19,21,0.08939482366883222,0.32031248153916625,rotate
A,HUSQ-B.ST,2015-01-22,39.56,2015-02-12,47.65,21,0.20450494112900475,0.32031248153916625,rotate
A,LATO-B.ST,2015-01-22,44.31,2015-02-12,48.47,21,0.09400521006070717,0.31189293016438613,rotate
A,BALD-B.ST,2015-01-22,19.58,2015-03-05,23.82,42,0.2161702397883145,0.32031248153916625,6wk-exit
A,ELUX-B.ST,2015-01-22,144.42,2015-03-05,176.26,42,0.22045454017174992,0.32031248153916625,6wk-exit
A,HOLM-B.ST,2015-02-12,102.79,2015-03-05,100.57,21,-0.02152380173370594,0.3641519274065433,rotate
A,GETI-B.ST,2015-02-12,125.01,2015-03-05,128.66,21,0.029143895328435088,0.3225227979665459,rotate
A,HPOL-B.ST,2015-02-12,57.21,2015-03-26,54.72,42,-0.04347830146007514,0.3641519274065433,6wk-exit
A,SKF-B.ST,2015-02-12,140.86,2015-03-26,152.94,42,0.08579745029527364,0.3641519274065433,6wk-exit
A,FABG.ST,2015-03-05,45.19,2015-03-26,46.15,21,0.021138235127033278,0.3636191870663668,rotate
A,TREL-B.ST,2015-03-05,125.97,2015-04-20,134.03,46,0.06396051326074614,0.3636191870663668,6wk-exit
A,SECU-B.ST,2015-03-05,69.05,2015-04-20,75.03,46,0.08655430886650373,0.3636191870663668,6wk-exit
A,BOL.ST,2015-03-05,105.47,2015-04-20,126.33,46,0.19787090377427807,0.3636191870663668,6wk-exit
A,NDA-SE.ST,2015-03-26,98.74,2015-04-20,101.26,25,0.025495685482232133,0.3751687165671145,rotate
A,BALD-B.ST,2015-03-26,22.87,2015-04-20,25.78,25,0.127550991894964,0.3675799301991313,rotate
A,GETI-B.ST,2015-03-26,122.04,2015-05-12,118.8,47,-0.026590623440055805,0.3751687165671145,6wk-exit
A,SKF-B.ST,2015-04-20,146.78,2015-05-12,140.76,22,-0.04101085710537411,0.4010288722252331,rotate
A,SAND.ST,2015-04-20,68.31,2015-05-12,74.53,22,0.09093874733919582,0.4010288722252331,rotate
A,ATCO-A.ST,2015-04-20,41.51,2015-05-12,36.86,22,-0.11207184687737648,0.4010288722252331,rotate
A,ATCO-B.ST,2015-04-20,35.71,2015-05-12,31.56,22,-0.11621666487559001,0.4010288722252331,rotate
A,HEXA-B.ST,2015-04-20,44.06,2015-05-12,40.86,22,-0.07273358173039257,0.4010288722252331,rotate
A,BALD-B.ST,2015-05-12,23.18,2015-06-03,23.05,22,-0.0057512528236919325,0.3778986140314346,rotate
A,INDU-C.ST,2015-05-12,123.85,2015-06-03,129.34,22,0.04429206265036312,0.3778986140314346,rotate
A,LIFCO-B.ST,2015-05-12,29.95,2015-06-03,27.55,22,-0.08007230127117615,0.3778986140314346,rotate
A,BOL.ST,2015-05-12,117.05,2015-06-25,107.02,44,-0.08571429316342738,0.3778986140314346,6wk-exit
A,VOLV-B.ST,2015-05-12,60.45,2015-06-25,61.46,44,0.016635720246380048,0.3778986140314346,6wk-exit
A,SCA-B.ST,2015-05-12,30.51,2015-06-25,31.03,44,0.017113770635507564,0.3729213024117831,6wk-exit
A,NIBE-B.ST,2015-06-03,13.87,2015-07-16,13.57,43,-0.021960902139842253,0.3795290044138981,6wk-exit
A,SAND.ST,2015-06-03,77.55,2015-07-16,70.12,43,-0.09576507192995731,0.3795290044138981,6wk-exit
A,TEL2-B.ST,2015-06-03,46.58,2015-07-16,44.69,43,-0.04068625227027456,0.35403473364963534,6wk-exit
A,SSAB-A.ST,2015-06-25,21.73,2015-07-16,20.23,21,-0.06911437625295924,0.3611631166390265,rotate
A,LIFCO-B.ST,2015-06-25,29.3,2015-07-16,29.5,21,0.006769324391675546,0.3611631166390265,rotate
A,EVO.ST,2015-06-25,21.64,2015-08-06,24.8,42,0.146396397587649,0.36116311663902645,6wk-exit
A,HUSQ-B.ST,2015-07-16,46.95,2015-08-06,44.94,21,-0.04287898830449699,0.3601814653908793,rotate
A,SEB-A.ST,2015-07-16,57.36,2015-08-06,54.21,21,-0.05489471994951911,0.3601814653908793,rotate
A,VOLV-B.ST,2015-07-16,60.9,2015-08-06,57.1,21,-0.06238546431385139,0.32602945821645757,rotate
A,SCA-B.ST,2015-07-16,33.31,2015-08-27,33.0,42,-0.009318099137090474,0.3601814653908793,6wk-exit
A,ADDT-B.ST,2015-07-16,28.03,2015-08-27,23.96,42,-0.14507761725469948,0.3601814653908793,6wk-exit
A,HPOL-B.ST,2015-08-06,61.49,2015-08-27,55.64,21,-0.09526340805491351,0.3522385431690869,rotate
A,NIBE-B.ST,2015-08-06,13.31,2015-08-27,13.81,21,0.03718838765655619,0.3522385431690869,rotate
A,KINV-B.ST,2015-08-06,119.82,2015-08-27,105.14,21,-0.12248639245261872,0.3522385431690869,rotate
A,LATO-B.ST,2015-08-06,52.8,2015-09-17,55.58,42,0.05273420523928207,0.34198920810020966,6wk-exit
A,LIFCO-B.ST,2015-08-27,30.11,2015-09-17,31.26,21,0.038323203010553586,0.33196680042775184,rotate
A,FABG.ST,2015-08-27,45.52,2015-09-17,45.98,21,0.009941966927089485,0.33196680042775184,rotate
A,HM-B.ST,2015-08-27,209.53,2015-09-17,203.44,21,-0.029060803286295678,0.32272159056878086,rotate
A,EVO.ST,2015-08-27,37.04,2015-10-08,47.56,42,0.28421031706426003,0.33196680042775184,6wk-exit
A,BALD-B.ST,2015-08-27,24.8,2015-10-08,26.9,42,0.08467743734167277,0.33196680042775184,6wk-exit
A,SAAB-B.ST,2015-09-17,46.66,2015-10-08,46.6,21,-0.001320441101884895,0.3436248626468055,rotate
A,NIBE-B.ST,2015-09-17,13.47,2015-10-08,14.09,21,0.04561967667688882,0.31650667707637886,rotate
A,SCA-B.ST,2015-09-17,33.76,2015-10-29,35.88,42,0.06268270701767809,0.3436248626468055,6wk-exit
A,WALL-B.ST,2015-09-17,28.84,2015-10-29,31.87,42,0.10526298731771311,0.3436248626468055,6wk-exit
A,LUND-B.ST,2015-10-08,188.41,2015-10-29,197.72,21,0.049370739204987135,0.3537036355948846,rotate
A,LIFCO-B.ST,2015-10-08,33.03,2015-11-19,38.4,42,0.16266354667446437,0.3537036355948846,6wk-exit
A,LATO-B.ST,2015-10-08,56.92,2015-11-19,60.08,42,0.05543506246943286,0.3537036355948846,6wk-exit
A,NIBE-B.ST,2015-10-29,14.97,2015-11-19,15.87,21,0.05957131366626345,0.3741267113297046,rotate
A,EVO.ST,2015-10-29,45.42,2015-12-10,57.7,42,0.27038635260873023,0.3741267113297046,6wk-exit
A,BALD-B.ST,2015-10-29,28.67,2015-12-10,30.8,42,0.07441860186595917,0.3741267113297046,6wk-exit
A,SAAB-B.ST,2015-10-29,49.29,2015-12-10,54.73,42,0.11041675147418029,0.3741267113297046,6wk-exit
A,BOL.ST,2015-11-19,101.93,2015-12-10,96.52,21,-0.053149559004931346,0.3988377211405598,rotate
A,HEXA-B.ST,2015-11-19,43.64,2016-01-07,40.77,49,-0.06576019570067548,0.3988377211405599,6wk-exit
A,FABG.ST,2015-11-19,52.01,2016-01-07,50.84,49,-0.02248002392134818,0.3858082497099273,6wk-exit
A,NIBE-B.ST,2015-12-10,15.58,2016-01-07,14.77,28,-0.052006813451027645,0.40555618469693294,rotate
A,LIFCO-B.ST,2015-12-10,39.31,2016-01-28,34.65,49,-0.11834873408212943,0.40555618469693294,6wk-exit
A,TREL-B.ST,2015-12-10,130.9,2016-01-28,115.3,49,-0.11917722167481248,0.40555618469693294,6wk-exit
A,SECU-B.ST,2015-12-10,75.72,2016-01-28,72.63,49,-0.04088050853084446,0.40555618469693294,6wk-exit
A,ASSA-B.ST,2016-01-07,142.31,2016-01-28,145.64,21,0.02341912841642424,0.38551850716037955,rotate
A,EVO.ST,2016-01-07,54.58,2016-02-18,57.89,42,0.06071434736944581,0.38551850716037955,6wk-exit
A,BALD-B.ST,2016-01-07,33.28,2016-02-18,31.58,42,-0.0510766386254895,0.38551850716037955,6wk-exit
A,ADDT-B.ST,2016-01-28,24.12,2016-02-18,24.62,21,0.020661115196950686,0.38114449691192115,rotate
A,SINCH.ST,2016-01-28,6.7,2016-02-18,6.28,21,-0.062499893280787644,0.38114449691192115,rotate
A,SAAB-B.ST,2016-01-28,51.96,2016-02-18,55.82,21,0.07430839888066698,0.38114449691192115,rotate
A,LUND-B.ST,2016-01-28,196.71,2016-02-18,194.34,21,-0.01205380202257511,0.3617416417102108,rotate
A,FABG.ST,2016-02-18,50.05,2016-03-10,49.52,21,-0.010550020681308725,0.38048490709796184,rotate
A,CAST.ST,2016-02-18,68.94,2016-04-04,72.58,46,0.05284382433488566,0.38048490709796184,6wk-exit
A,SCA-B.ST,2016-02-18,35.88,2016-04-04,35.68,46,-0.005505267761858779,0.3804849070979618,6wk-exit
A,BALD-B.ST,2016-03-10,32.18,2016-04-04,33.87,25,0.052304416862202,0.3790883559444825,rotate
A,SAAB-B.ST,2016-03-10,55.21,2016-04-04,56.29,25,0.019717332546157484,0.3790883559444825,rotate
A,SKA-B.ST,2016-03-10,115.87,2016-04-25,117.97,46,0.01810936346514813,0.3790883559444825,6wk-exit
A,VOLV-B.ST,2016-03-10,48.27,2016-04-25,56.95,46,0.1797077468701107,0.37399622596278215,6wk-exit
A,ABB.ST,2016-04-04,146.78,2016-04-25,155.87,21,0.061868567821092846,0.38932714546920444,rotate
A,SSAB-A.ST,2016-04-04,14.18,2016-05-17,14.38,43,0.014569718561958656,0.38932714546920444,6wk-exit
A,SAND.ST,2016-04-04,62.73,2016-05-17,63.24,43,0.008004936143177765,0.38932714546920444,6wk-exit
A,HUSQ-B.ST,2016-04-04,43.84,2016-05-17,48.99,43,0.11748912725097527,0.38932714546920444,6wk-exit
A,ELUX-B.ST,2016-04-25,149.04,2016-06-08,153.75,44,0.03156464543484949,0.41892541688434326,6wk-exit
A,WALL-B.ST,2016-04-25,29.26,2016-06-08,30.89,44,0.055521475831363576,0.4189254168843432,6wk-exit
A,LATO-B.ST,2016-04-25,70.78,2016-06-08,68.28,44,-0.03539287415002279,0.3975601722070592,6wk-exit
A,BOL.ST,2016-05-17,96.0,2016-06-08,106.34,22,0.10770323091731915,0.3904874159855343,rotate
A,NIBE-B.ST,2016-05-17,16.02,2016-06-30,15.36,44,-0.04087922966698487,0.4133287038356119,6wk-exit
A,HOLM-B.ST,2016-05-17,103.99,2016-06-30,101.95,44,-0.019622208887173365,0.4133287038356118,6wk-exit
A,LIFCO-B.ST,2016-06-08,42.77,2016-06-30,44.32,22,0.03632499674421674,0.4225619788632824,rotate
A,BALD-B.ST,2016-06-08,36.35,2016-06-30,35.48,22,-0.023842226213341422,0.4152597463816142,rotate
A,HUSQ-B.ST,2016-06-08,49.91,2016-07-21,53.47,43,0.07126928877066985,0.42256197886328245,6wk-exit
A,SCA-B.ST,2016-06-08,41.59,2016-07-21,40.79,43,-0.019421080160128223,0.4225619788632824,6wk-exit
A,ABB.ST,2016-06-30,153.74,2016-07-21,166.36,21,0.08210664686089375,0.41110148248336315,rotate
A,ATCO-A.ST,2016-06-30,32.82,2016-07-21,36.14,21,0.10124268050039165,0.4111014824833632,rotate
A,SWED-A.ST,2016-06-30,87.19,2016-07-21,87.88,21,0.007968115287883215,0.4043947854773682,rotate
A,BOL.ST,2016-06-30,111.48,2016-08-11,131.74,42,0.18181825648033922,0.4111014824833632,6wk-exit
A,FABG.ST,2016-07-21,57.33,2016-08-11,59.69,21,0.041188329881147956,0.4395225548398525,rotate
A,SAAB-B.ST,2016-07-21,58.37,2016-08-11,61.39,21,0.05166839163017256,0.4395225548398525,rotate
A,CAST.ST,2016-07-21,81.63,2016-08-11,85.22,21,0.043929598469923725,0.40460119178517,rotate
A,SINCH.ST,2016-07-21,6.8,2016-09-01,7.12,42,0.047794088257226086,0.4395225548398525,6wk-exit
A,LIFCO-B.ST,2016-07-21,48.34,2016-09-01,44.32,42,-0.0831758083254327,0.43952255483985253,6wk-exit
A,ATCO-A.ST,2016-08-11,37.04,2016-09-01,36.64,21,-0.010603496491251585,0.45097471914693027,rotate
A,ATCO-B.ST,2016-08-11,32.12,2016-09-01,31.98,21,-0.00452298202836654,0.45097471914693027,rotate
A,SSAB-A.ST,2016-08-11,17.28,2016-09-22,16.24,42,-0.06026870506968551,0.45097471914693027,6wk-exit
A,AZN.ST,2016-08-11,541.36,2016-09-22,554.18,42,0.023684499209272847,0.45097471914693027,6wk-exit
A,SAND.ST,2016-09-01,71.55,2016-09-22,71.78,21,0.0032276301949820674,0.4430095799207334,rotate
A,FABG.ST,2016-09-01,61.74,2016-09-22,61.27,21,-0.0075231555855651555,0.43802749278033853,rotate
A,BOL.ST,2016-09-01,124.49,2016-10-13,140.71,42,0.1303633372802533,0.4430095799207334,6wk-exit
A,ADDT-B.ST,2016-09-01,30.1,2016-10-13,28.82,42,-0.0423572016932412,0.4430095799207334,6wk-exit
A,ATCO-A.ST,2016-09-22,38.88,2016-10-13,38.61,21,-0.0069929843500209365,0.44524960802368635,rotate
A,HOLM-B.ST,2016-09-22,118.16,2016-10-13,114.68,21,-0.029421094999369513,0.44524960802368635,rotate
A,VOLV-B.ST,2016-09-22,57.26,2016-10-13,55.27,21,-0.03484838028129611,0.42112636221028904,rotate
A,NDA-SE.ST,2016-09-22,80.73,2016-11-03,86.84,42,0.07562548640016864,0.44524960802368635,6wk-exit
A,SWED-A.ST,2016-10-13,98.95,2016-11-03,103.21,21,0.043129466276016215,0.4428365118982884,rotate
A,SEB-A.ST,2016-10-13,49.29,2016-11-24,51.74,42,0.04980198237421796,0.4428365118982884,6wk-exit
A,HEXA-B.ST,2016-10-13,52.84,2016-11-24,43.47,42,-0.17724878115556686,0.4428365118982884,6wk-exit
A,SHB-A.ST,2016-10-13,54.97,2016-11-24,59.25,42,0.07783427000013177,0.4428365118982883,6wk-exit
A,LUND-B.ST,2016-10-13,256.98,2016-11-24,261.14,42,0.016157925693943698,0.42471335937307536,6wk-exit
A,SKA-B.ST,2016-11-03,128.84,2016-11-24,138.84,21,0.07763976626471214,0.4395619870027205,rotate
A,ATCO-A.ST,2016-11-03,39.36,2016-12-15,43.98,42,0.11730315662100188,0.4395619870027205,6wk-exit
A,ATCO-B.ST,2016-11-24,37.09,2016-12-15,38.08,21,0.026714247348298192,0.4269559330330882,rotate
A,BOL.ST,2016-11-24,167.14,2017-01-09,163.99,46,-0.018844767590633138,0.4581852725024753,6wk-exit
A,SSAB-A.ST,2016-11-24,24.71,2017-01-09,22.5,46,-0.08939600679199566,0.4581852725024753,6wk-exit
A,NDA-SE.ST,2016-11-24,91.34,2017-01-09,93.55,46,0.02416438537397947,0.4581852725024753,6wk-exit
A,SAND.ST,2016-11-24,85.91,2017-01-09,87.75,46,0.021505431732115055,0.45818527250247537,6wk-exit
A,SKF-B.ST,2016-12-15,124.65,2017-01-30,128.14,46,0.02800490969733782,0.46944807968282726,6wk-exit
A,SAAB-B.ST,2016-12-15,71.9,2017-01-30,74.0,46,0.029129309291057393,0.4559568957977165,6wk-exit
A,HPOL-B.ST,2017-01-09,55.46,2017-01-30,56.93,21,0.02650607779433689,0.452643903848468,rotate
A,SKA-B.ST,2017-01-09,141.85,2017-01-30,145.25,21,0.023977568798555948,0.4382197956406197,rotate
A,SINCH.ST,2017-01-09,10.05,2017-02-20,10.98,42,0.09203981822683205,0.452643903848468,6wk-exit
A,ALFA.ST,2017-01-09,128.48,2017-02-20,137.79,42,0.07240691160878177,0.452643903848468,6wk-exit
A,ERIC-B.ST,2017-01-30,39.89,2017-02-20,41.43,21,0.03875987526146596,0.46259663811005725,rotate
A,BOL.ST,2017-01-30,174.81,2017-02-20,193.03,21,0.10419123772494521,0.46259663811005725,rotate
A,SSAB-A.ST,2017-01-30,23.82,2017-02-20,24.75,21,0.03898633916497385,0.46259663811005725,rotate
A,SAND.ST,2017-01-30,90.22,2017-02-20,93.6,21,0.03754273658231155,0.46259663811005725,rotate
A,VOLV-B.ST,2017-02-20,68.77,2017-03-13,72.82,21,0.05887299272664137,0.48863883403146796,rotate
A,ADDT-B.ST,2017-02-20,33.04,2017-03-13,32.43,21,-0.01845633437728278,0.48863883403146796,rotate
A,HPOL-B.ST,2017-02-20,59.0,2017-03-13,61.38,21,0.04020374767505386,0.4886388340314679,rotate
A,INVE-B.ST,2017-02-20,72.72,2017-03-13,74.44,21,0.023670066940196577,0.48863883403146796,rotate
A,HEXA-B.ST,2017-02-20,50.99,2017-03-13,49.89,21,-0.021655751895992115,0.48863883403146796,rotate
A,EVO.ST,2017-02-20,64.1,2017-04-03,63.42,42,-0.010654428785340286,0.48220296034436394,6wk-exit
A,HUSQ-B.ST,2017-03-13,57.91,2017-04-03,59.45,21,0.02662370618773835,0.49644340447877966,rotate
A,ERIC-B.ST,2017-03-13,46.03,2017-04-03,46.41,21,0.0081916202042287,0.49644340447877977,rotate
A,HOLM-B.ST,2017-03-13,133.42,2017-04-03,136.72,21,0.024677134589639715,0.4868953543082108,rotate
A,SINCH.ST,2017-03-13,12.2,2017-04-26,11.35,44,-0.0696720853347792,0.4964434044787797,6wk-exit
A,TEL2-B.ST,2017-03-13,42.1,2017-04-26,45.6,44,0.08333325026427296,0.4964434044787797,6wk-exit
A,VOLV-B.ST,2017-04-03,74.33,2017-04-26,87.72,23,0.18013545153419708,0.48903950123712353,rotate
A,SAND.ST,2017-04-03,101.53,2017-04-26,109.38,23,0.07733140565701357,0.4890395012371235,rotate
A,BOL.ST,2017-04-03,182.76,2017-04-26,177.65,23,-0.027955477762760306,0.48903950123712353,rotate
A,SCA-B.ST,2017-04-03,45.16,2017-05-18,53.04,45,0.1744685326470541,0.4890395012371235,6wk-exit
A,AZN.ST,2017-04-26,527.04,2017-05-18,582.43,22,0.10511602623016425,0.5256828632157997,rotate
A,ERIC-B.ST,2017-04-26,44.17,2017-05-18,45.43,22,0.02849521661062937,0.5256828632157997,rotate
A,INDU-C.ST,2017-04-26,164.31,2017-05-18,164.83,22,0.0031198367982503417,0.5256828632157997,rotate
A,EVO.ST,2017-04-26,75.99,2017-06-09,84.67,44,0.11428559380182679,0.5256828632157997,6wk-exit
A,HUSQ-B.ST,2017-04-26,67.04,2017-06-09,65.67,44,-0.02036184031949617,0.4862418568064054,6wk-exit
A,SINCH.ST,2017-05-18,12.7,2017-06-09,13.4,22,0.055118096045517984,0.5351420336438478,rotate
A,VOLV-B.ST,2017-05-18,83.03,2017-06-30,85.22,43,0.026447489074552966,0.5351420336438478,6wk-exit
A,GETI-B.ST,2017-05-18,106.39,2017-06-30,99.23,43,-0.06730777642820884,0.5351420336438478,6wk-exit
A,SAAB-B.ST,2017-05-18,89.11,2017-06-30,88.35,43,-0.008579612922536839,0.5351420336438478,6wk-exit
A,TEL2-B.ST,2017-06-09,48.43,2017-06-30,47.49,21,-0.01945529735846685,0.562944332605226,rotate
A,LUND-B.ST,2017-06-09,326.96,2017-06-30,309.73,21,-0.052706464023903,0.562944332605226,rotate
A,SCA-B.ST,2017-06-09,53.41,2017-07-21,55.64,42,0.04186271787889195,0.562944332605226,6wk-exit
A,LATO-B.ST,2017-06-30,90.67,2017-07-21,88.26,21,-0.026515005215792087,0.5407506796189296,rotate
A,LIFCO-B.ST,2017-06-30,50.14,2017-07-21,51.47,21,0.02658770748941852,0.5407506796189296,rotate
A,WALL-B.ST,2017-06-30,35.86,2017-07-21,36.39,21,0.01478772507217152,0.493257903858077,rotate
A,EVO.ST,2017-06-30,86.92,2017-08-11,97.07,42,0.11671198681297845,0.5407506796189296,6wk-exit
A,SINCH.ST,2017-06-30,13.48,2017-08-11,10.75,42,-0.20222636766801405,0.5407506796189296,6wk-exit
A,VOLV-B.ST,2017-07-21,82.73,2017-08-11,81.9,21,-0.010042949255362088,0.5471186347508376,rotate
A,HEXA-B.ST,2017-07-21,56.86,2017-08-11,54.5,21,-0.04155260576769548,0.5471186347508376,rotate
A,KINV-B.ST,2017-07-21,123.13,2017-08-11,120.37,21,-0.022480995999532793,0.5177266381151965,rotate
A,TEL2-B.ST,2017-07-21,52.52,2017-09-01,49.86,42,-0.050743384061610386,0.5471186347508376,6wk-exit
A,LIFCO-B.ST,2017-08-11,50.55,2017-09-01,49.81,21,-0.014651959089674538,0.5225461853544747,rotate
A,WALL-B.ST,2017-08-11,35.48,2017-09-01,35.81,21,0.009340253855701253,0.5057234857729036,rotate
A,SSAB-A.ST,2017-08-11,26.14,2017-09-22,25.57,42,-0.021816141788434273,0.5225461853544747,6wk-exit
A,SCA-B.ST,2017-08-11,59.5,2017-09-22,57.98,42,-0.02549153615989197,0.5225461853544747,6wk-exit
A,BOL.ST,2017-08-11,174.99,2017-09-22,188.41,42,0.07667743552852446,0.5225461853544747,6wk-exit
A,EVO.ST,2017-09-01,95.63,2017-10-13,107.86,42,0.12796698993200262,0.5288982582859937,6wk-exit
A,ALFA.ST,2017-09-01,157.03,2017-10-13,174.12,42,0.10880263819799829,0.5288982582859937,6wk-exit
A,SWED-A.ST,2017-09-01,113.2,2017-10-13,112.89,42,-0.0027972957362839557,0.480114669680072,6wk-exit
A,TEL2-B.ST,2017-09-22,49.37,2017-10-13,51.58,21,0.04471082392550829,0.5317568393323825,rotate
A,CAST.ST,2017-09-22,85.92,2017-10-13,89.04,21,0.036363604074143074,0.5317568393323825,rotate
A,HM-B.ST,2017-09-22,148.77,2017-10-13,150.27,21,0.010045631190441773,0.5125220851626834,rotate
A,SCA-B.ST,2017-10-13,61.75,2017-11-03,69.51,21,0.12561411788543064,0.5392793482428908,rotate
A,BOL.ST,2017-10-13,205.81,2017-11-24,196.8,42,-0.0438030966593389,0.5464770099181251,6wk-exit
A,ATCO-B.ST,2017-10-13,47.05,2017-11-24,50.13,42,0.06561393437106489,0.5464770099181251,6wk-exit
A,ATCO-A.ST,2017-10-13,53.17,2017-11-24,57.97,42,0.0902553663785357,0.5464770099181251,6wk-exit
A,GETI-B.ST,2017-10-13,99.95,2017-11-24,96.51,42,-0.03448277441303804,0.5464770099181251,6wk-exit
A,VOLV-B.ST,2017-10-13,92.29,2017-11-24,95.49,42,0.03472658140133,0.5464770099181251,6wk-exit
A,SAND.ST,2017-11-03,120.84,2017-11-24,115.65,21,-0.04291283839340665,0.5873207904684866,rotate
A,SKF-B.ST,2017-11-24,140.7,2017-12-15,137.25,21,-0.024520265459709534,0.5609277090058185,rotate
A,HOLM-B.ST,2017-11-24,158.04,2017-12-15,166.37,21,0.05272273525723148,0.5609277090058185,rotate
A,SAAB-B.ST,2017-11-24,87.58,2017-12-15,85.12,21,-0.028128036698894077,0.5535397168297285,rotate
A,EVO.ST,2017-11-24,112.6,2018-01-10,120.1,47,0.06660825127364145,0.5609277090058185,6wk-exit
A,ADDT-B.ST,2017-11-24,40.71,2018-01-10,43.19,47,0.0607242320519803,0.5609277090058185,6wk-exit
A,SCA-B.ST,2017-11-24,68.69,2018-01-10,76.31,47,0.11091494071272678,0.5609277090058185,6wk-exit
A,ERIC-B.ST,2017-12-15,43.34,2018-01-31,39.8,47,-0.08166955521923247,0.5664392524709244,6wk-exit
A,SECU-B.ST,2017-12-15,90.02,2018-01-31,91.75,47,0.019217341969149926,0.5664392524709244,6wk-exit
A,TEL2-B.ST,2017-12-15,56.53,2018-01-31,53.07,47,-0.06133327575335035,0.5354095391734939,6wk-exit
A,ABB.ST,2018-01-10,210.37,2018-01-31,205.04,21,-0.025322258396416553,0.5769815546176232,rotate
A,SSAB-A.ST,2018-01-10,31.82,2018-02-21,32.31,42,0.015423379326639619,0.5769815546176232,6wk-exit
A,HOLM-B.ST,2018-01-10,172.43,2018-02-21,166.41,42,-0.034936456242884106,0.5769815546176232,6wk-exit
A,SCA-B.ST,2018-01-31,70.67,2018-02-21,69.82,21,-0.012018771699690345,0.5632875782749368,rotate
A,ADDT-B.ST,2018-01-31,44.09,2018-02-21,39.65,21,-0.10082293899516881,0.540592038485445,rotate
A,HEXA-B.ST,2018-01-31,66.4,2018-03-14,69.67,42,0.04922217249345473,0.5632875782749368,6wk-exit
A,KINV-B.ST,2018-01-31,142.07,2018-03-14,149.28,42,0.05080026430590068,0.5632875782749368,6wk-exit
A,EVO.ST,2018-02-21,113.78,2018-03-14,114.47,21,0.006071120158011034,0.5585078068936642,rotate
A,ASSA-B.ST,2018-02-21,156.73,2018-03-14,158.49,21,0.011242226283245671,0.5001922605765494,rotate
A,HUSQ-B.ST,2018-02-21,67.61,2018-04-06,60.57,44,-0.1041241588861983,0.5585078068936642,6wk-exit
A,LIFCO-B.ST,2018-02-21,62.68,2018-04-06,62.95,44,0.004431228858208236,0.5585078068936642,6wk-exit
A,BOL.ST,2018-03-14,207.0,2018-04-06,201.13,23,-0.028359169112324945,0.5596403198267702,rotate
A,SAND.ST,2018-03-14,118.01,2018-04-06,118.79,23,0.006657753027102142,0.5596403198267702,rotate
A,SSAB-A.ST,2018-03-14,31.97,2018-04-27,33.13,44,0.03625679812355065,0.5596403198267702,6wk-exit
A,TREL-B.ST,2018-03-14,174.86,2018-04-27,174.91,44,0.0002873638697660219,0.5596403198267702,6wk-exit
A,HOLM-B.ST,2018-04-06,176.97,2018-04-27,173.7,21,-0.018461117691392914,0.5442585469488119,rotate
A,TELIA.ST,2018-04-06,23.77,2018-04-27,26.51,21,0.11524185610015958,0.5283643602923297,rotate
A,HEXA-B.ST,2018-04-06,68.83,2018-05-22,69.23,46,0.005802548847365641,0.5442585469488119,6wk-exit
A,KINV-B.ST,2018-04-06,150.57,2018-05-22,160.95,46,0.06894283770844933,0.5442585469488119,6wk-exit
A,LIFCO-B.ST,2018-04-27,60.1,2018-05-22,60.85,25,0.012480624283199182,0.5671153929727185,rotate
A,AZN.ST,2018-04-27,606.14,2018-05-22,634.1,25,0.0461190508101017,0.5671153929727185,rotate
A,TEL2-B.ST,2018-04-27,62.03,2018-05-22,61.05,25,-0.01567232391314477,0.5519148149391209,rotate
A,SCA-B.ST,2018-04-27,86.04,2018-06-12,88.56,46,0.02932132893492856,0.5671153929727185,6wk-exit
A,TELIA.ST,2018-05-22,26.57,2018-06-12,25.98,21,-0.022145483630096163,0.5484012978419918,rotate
A,ERIC-B.ST,2018-05-22,53.25,2018-07-03,53.86,42,0.011438912590512107,0.5697642389938998,6wk-exit
A,HPOL-B.ST,2018-05-22,68.62,2018-07-03,66.39,42,-0.032460772919916225,0.5697642389938998,6wk-exit
A,FABG.ST,2018-05-22,83.22,2018-07-03,86.72,42,0.04198566390585645,0.5697642389938998,6wk-exit
A,NIBE-B.ST,2018-05-22,21.8,2018-07-03,21.98,42,0.008217891380062126,0.5697642389938998,6wk-exit
A,AZN.ST,2018-06-12,614.31,2018-07-03,603.98,21,-0.01682441961137393,0.5642723854457953,rotate
A,ALFA.ST,2018-06-12,193.79,2018-07-24,210.16,42,0.08446263185254099,0.5508110853077576,6wk-exit
A,ADDT-B.ST,2018-07-03,43.87,2018-07-24,44.41,21,0.012409610003935034,0.5616458685444837,rotate
A,EVO.ST,2018-07-03,111.1,2018-07-24,143.12,21,0.28825623899986197,0.5616458685444837,rotate
A,TEL2-B.ST,2018-07-03,58.04,2018-07-24,66.47,21,0.14519231382247533,0.5616458685444837,rotate
A,HM-B.ST,2018-07-03,99.6,2018-07-24,99.43,21,-0.0017334894911364973,0.5616458685444837,rotate
A,SINCH.ST,2018-07-03,7.89,2018-08-14,10.38,42,0.31558939037909406,0.5616458685444837,6wk-exit
A,HPOL-B.ST,2018-07-24,66.42,2018-08-14,67.82,21,0.021092415209437387,0.6458606522527754,rotate
A,BALD-B.ST,2018-07-24,41.63,2018-08-14,41.2,21,-0.010408259977525924,0.6458606522527754,rotate
A,CAST.ST,2018-07-24,108.24,2018-08-14,109.66,21,0.01312003904272574,0.5260534203008655,rotate
A,FABG.ST,2018-07-24,103.05,2018-09-04,98.65,42,-0.04262395071017089,0.6458606522527754,6wk-exit
A,WALL-B.ST,2018-07-24,40.06,2018-09-04,40.3,42,0.006207773511836212,0.6458606522527754,6wk-exit
A,SAAB-B.ST,2018-08-14,85.78,2018-09-04,89.01,21,0.03767887030098138,0.6360897252993721,rotate
A,SECU-B.ST,2018-08-14,103.33,2018-09-04,103.39,21,0.0006259220480802075,0.6360897252993721,rotate
A,EVO.ST,2018-08-14,133.44,2018-09-25,127.31,42,-0.04592586857981429,0.6360897252993722,6wk-exit
A,LIFCO-B.ST,2018-08-14,72.1,2018-09-25,76.7,42,0.06371927617675444,0.6360897252993721,6wk-exit
A,SINCH.ST,2018-09-04,10.92,2018-10-16,10.22,42,-0.06410254618814104,0.6407867058486475,6wk-exit
A,SEB-A.ST,2018-09-04,61.06,2018-10-16,58.86,42,-0.035993477710826394,0.6407867058486475,6wk-exit
A,GETI-B.ST,2018-09-04,94.27,2018-10-16,68.81,42,-0.2700608480430451,0.6407867058486475,6wk-exit
A,ERIC-B.ST,2018-09-04,62.23,2018-10-16,61.63,42,-0.00953112913673071,0.6407867058486475,6wk-exit
A,FABG.ST,2018-09-25,100.66,2018-10-16,99.6,21,-0.01054332838964811,0.6368011890637448,rotate
A,CAST.ST,2018-09-25,112.9,2018-10-16,106.6,21,-0.05581533673479322,0.6368011890637448,rotate
A,SAAB-B.ST,2018-10-16,94.16,2018-11-06,77.33,21,-0.17871854327522096,0.5921381443726295,rotate
A,SWED-A.ST,2018-10-16,111.75,2018-11-06,116.33,21,0.040929781721302794,0.5921381443726295,rotate
A,SHB-A.ST,2018-10-16,55.03,2018-11-06,51.88,21,-0.05737336072101862,0.5843390788111457,rotate
A,HM-B.ST,2018-10-16,118.45,2018-11-27,123.97,42,0.04661395603961016,0.5921381443726295,6wk-exit
A,LATO-B.ST,2018-10-16,91.45,2018-11-27,97.52,42,0.06634620157515658,0.5921381443726295,6wk-exit
A,HOLM-B.ST,2018-10-16,177.32,2018-11-27,148.54,42,-0.1623070050998342,0.5921381443726295,6wk-exit
A,ERIC-B.ST,2018-11-06,64.86,2018-12-18,64.65,42,-0.0032133680628669836,0.5669907559018855,6wk-exit
A,BALD-B.ST,2018-11-27,41.13,2018-12-18,43.13,21,0.04862236869341485,0.5588579186316259,rotate
A,AZN.ST,2018-11-27,708.22,2019-01-15,636.89,49,-0.10072323068318234,0.5588579186316259,6wk-exit
A,TELIA.ST,2018-11-27,26.34,2019-01-15,26.45,49,0.004067146219069562,0.5588579186316259,6wk-exit
A,HM-B.ST,2018-12-18,102.85,2019-01-15,97.33,28,-0.053672117742283865,0.5683468096359214,rotate
A,ELUX-B.ST,2018-12-18,136.28,2019-01-15,142.55,28,0.04602499170059682,0.5683468096359214,rotate
A,LATO-B.ST,2018-12-18,98.75,2019-02-05,100.16,49,0.014247513845107473,0.5683468096359214,6wk-exit
A,TEL2-B.ST,2018-12-18,62.0,2019-02-05,63.84,49,0.02970315548191116,0.5683468096359214,6wk-exit
A,ERIC-B.ST,2019-01-15,60.53,2019-02-05,63.64,21,0.05137739073636283,0.5532271591109946,rotate
A,SWED-A.ST,2019-01-15,118.36,2019-02-05,118.08,21,-0.002385700724412243,0.5416811231245663,rotate
A,BALD-B.ST,2019-01-15,44.63,2019-02-26,47.9,42,0.07318903008112576,0.5532271591109946,6wk-exit
A,CAST.ST,2019-01-15,116.67,2019-02-26,119.91,42,0.027760944461828085,0.5532271591109946,6wk-exit
A,FABG.ST,2019-02-05,104.09,2019-02-26,100.71,21,-0.032470655149957506,0.5743797038818396,rotate
A,EPI-A.ST,2019-02-05,74.21,2019-02-26,80.33,21,0.08241062014879108,0.5743797038818396,rotate
A,SKA-B.ST,2019-02-05,119.43,2019-02-26,121.51,21,0.017425866950871338,0.5743797038818396,rotate
A,NIBE-B.ST,2019-02-05,25.45,2019-03-19,27.56,42,0.08290882145891598,0.5505468155404649,6wk-exit
A,ATCO-B.ST,2019-02-26,51.21,2019-03-19,51.2,21,-0.00021163702692961195,0.5857340175689528,rotate
A,ATCO-A.ST,2019-02-26,55.6,2019-03-19,55.98,21,0.006888363717899582,0.5857340175689528,rotate
A,ESSITY-B.ST,2019-02-26,208.93,2019-03-19,213.73,21,0.022962110418095927,0.5683612421590634,rotate
A,ELUX-B.ST,2019-02-26,172.56,2019-04-09,170.0,42,-0.014869909513765656,0.5857340175689528,6wk-exit
A,GETI-B.ST,2019-02-26,96.61,2019-04-09,96.69,42,0.0009116755117513087,0.5857340175689528,6wk-exit
A,EPI-A.ST,2019-03-19,79.82,2019-04-09,84.07,21,0.05321347220890704,0.5848131818549742,rotate
A,SINCH.ST,2019-03-19,13.0,2019-05-03,12.4,45,-0.04615387549767125,0.5848131818549742,6wk-exit
A,EVO.ST,2019-03-19,141.05,2019-05-03,188.86,45,0.33902480213068475,0.5848131818549742,6wk-exit
A,BOL.ST,2019-03-19,184.77,2019-05-03,197.67,45,0.06980412993743412,0.5848131818549742,6wk-exit
A,ESSITY-B.ST,2019-04-09,213.96,2019-05-03,229.49,24,0.07257459303021752,0.5913229596759727,rotate
A,ASSA-B.ST,2019-04-09,178.0,2019-05-24,172.65,45,-0.030044200624648187,0.5913229596759727,6wk-exit
A,NIBE-B.ST,2019-04-09,29.14,2019-05-24,29.93,45,0.026860640034096717,0.5913229596759727,6wk-exit
A,VOLV-B.ST,2019-05-03,97.29,2019-05-24,89.67,21,-0.07824037941535555,0.6362485170328805,rotate
A,HUSQ-B.ST,2019-05-03,70.35,2019-05-24,65.97,21,-0.062215137492642736,0.6362485170328805,rotate
A,SKF-B.ST,2019-05-03,138.67,2019-05-24,122.53,21,-0.11636685509701672,0.6362485170328805,rotate
A,ADDT-B.ST,2019-05-03,53.56,2019-06-20,64.78,48,0.20950340957118652,0.6362485170328805,6wk-exit
A,KINV-B.ST,2019-05-24,142.96,2019-06-20,137.25,27,-0.039984272052506764,0.612571647883922,rotate
A,EVO.ST,2019-05-24,183.66,2019-07-12,188.82,49,0.02812808728557803,0.612571647883922,6wk-exit
A,LIFCO-B.ST,2019-05-24,88.89,2019-07-12,97.99,49,0.10234550306850343,0.612571647883922,6wk-exit
A,GETI-B.ST,2019-05-24,118.74,2019-07-12,133.3,49,0.12261677580886143,0.612571647883922,6wk-exit
A,SINCH.ST,2019-05-24,14.58,2019-07-12,14.3,49,-0.019204371360519112,0.5081800085290675,6wk-exit
A,FABG.ST,2019-06-20,124.43,2019-07-12,125.06,22,0.00501670210727001,0.6348630373191496,rotate
A,SECU-B.ST,2019-06-20,112.02,2019-07-12,110.79,22,-0.010976011908029326,0.6348630373191496,rotate
A,LUND-B.ST,2019-07-12,337.62,2019-08-02,341.8,21,0.012394332485381021,0.6384942764816376,rotate
A,ATCO-A.ST,2019-07-12,62.08,2019-08-02,63.28,21,0.019237701973166432,0.6384942764816376,rotate
A,NIBE-B.ST,2019-07-12,33.0,2019-08-02,32.61,21,-0.011913360489005598,0.6384942764816376,rotate
A,TEL2-B.ST,2019-07-12,73.98,2019-08-02,78.35,21,0.05911711028623712,0.6384942764816376,rotate
A,ATCO-B.ST,2019-07-12,54.61,2019-08-02,55.9,21,0.023685298679676725,0.6300846532032921,rotate
A,ADDT-B.ST,2019-07-12,62.0,2019-08-26,58.88,45,-0.050373255883847445,0.6384942764816376,6wk-exit
A,SINCH.ST,2019-08-02,13.66,2019-08-26,12.68,24,-0.0717422806137139,0.6388364327263225,rotate
A,EVO.ST,2019-08-02,202.88,2019-08-26,179.13,24,-0.11707318870915118,0.6388364327263225,rotate
A,FABG.ST,2019-08-02,128.6,2019-08-26,133.26,24,0.03624594225092448,0.6388364327263225,rotate
A,WALL-B.ST,2019-08-02,47.67,2019-08-26,49.33,24,0.03488375815165412,0.6388364327263225,rotate
A,CAST.ST,2019-08-02,140.78,2019-09-16,137.99,45,-0.019847257751839265,0.6388364327263225,6wk-exit
A,LUND-B.ST,2019-08-26,334.77,2019-09-16,349.98,21,0.04545449987415262,0.6305396423420028,rotate
A,ASSA-B.ST,2019-08-26,183.02,2019-09-16,191.66,21,0.04717905288235791,0.6305396423420028,rotate
A,SKA-B.ST,2019-08-26,134.45,2019-09-16,141.6,21,0.053149461759717465,0.6305396423420028,rotate
A,AZN.ST,2019-08-26,855.99,2019-10-07,853.71,42,-0.0026546446369903887,0.6305396423420028,6wk-exit
A,HM-B.ST,2019-08-26,137.59,2019-10-07,153.09,42,0.1126236973203063,0.5916595839128851,6wk-exit
A,BALD-B.ST,2019-09-16,54.07,2019-10-07,62.17,21,0.1498150177531592,0.6353667100879222,rotate
A,SCA-B.ST,2019-09-16,80.11,2019-10-07,79.95,21,-0.0020240520583180155,0.6353667100879222,rotate
A,HOLM-B.ST,2019-09-16,193.4,2019-10-28,245.78,42,0.2708512036972166,0.6353667100879222,6wk-exit
A,EPI-A.ST,2019-09-16,96.07,2019-10-28,92.57,42,-0.03642978324014112,0.6353667100879222,6wk-exit
A,TEL2-B.ST,2019-10-07,85.57,2019-10-28,84.73,21,-0.009848532131196075,0.6600204200436531,rotate
A,ABB.ST,2019-10-07,169.79,2019-10-28,193.02,21,0.13683038063324227,0.6600204200436531,rotate
A,ATCO-A.ST,2019-10-07,65.18,2019-10-28,76.33,21,0.1711258408687526,0.6600204200436531,rotate
A,SKA-B.ST,2019-10-07,149.24,2019-11-18,162.06,42,0.08588794969236635,0.6600204200436531,6wk-exit
A,HM-B.ST,2019-10-28,158.25,2019-11-18,145.19,21,-0.08252512044730309,0.7238106282295593,rotate
A,BALD-B.ST,2019-10-28,62.17,2019-11-18,64.7,21,0.04075066372667013,0.7238106282295593,rotate
A,NDA-SE.ST,2019-10-28,69.35,2019-11-18,66.93,21,-0.03487891639480023,0.7238106282295593,rotate
A,SINCH.ST,2019-10-28,17.22,2019-12-09,25.95,42,0.506968745510614,0.7238106282295593,6wk-exit
A,SCA-B.ST,2019-10-28,87.16,2019-12-09,86.2,42,-0.010957084765923053,0.7238106282295593,6wk-exit
A,BOL.ST,2019-11-18,200.6,2019-12-09,191.09,21,-0.04736344263348802,0.7521369664346563,rotate
A,ALFA.ST,2019-11-18,207.96,2020-01-07,211.81,50,0.018510488114839463,0.7521369664346563,6wk-exit
A,EVO.ST,2019-11-18,245.43,2020-01-07,284.03,50,0.1572580795575016,0.7521369664346563,6wk-exit
A,HOLM-B.ST,2019-11-18,243.29,2020-01-07,236.8,50,-0.026657607504328107,0.5823078164341079,6wk-exit
A,GETI-B.ST,2019-12-09,152.48,2020-01-07,156.7,29,0.027656461415158873,0.7737990831640916,rotate
A,BALD-B.ST,2019-12-09,67.33,2020-01-07,73.97,29,0.09851481754889102,0.7737990831640916,rotate
A,NIBE-B.ST,2019-12-09,36.26,2020-01-28,40.1,50,0.10578191400224646,0.7737990831640916,6wk-exit
A,ATCO-A.ST,2020-01-07,84.66,2020-01-28,79.64,21,-0.059335246118661256,0.8135302987701202,rotate
A,ATCO-B.ST,2020-01-07,73.34,2020-01-28,69.53,21,-0.05196375954982091,0.8135302987701204,rotate
A,TREL-B.ST,2020-01-07,146.83,2020-01-28,140.39,21,-0.043880733478734335,0.8135302987701203,rotate
A,SAND.ST,2020-01-07,151.11,2020-01-28,149.51,21,-0.010574784931138503,0.7681510458424864,rotate
A,SINCH.ST,2020-01-07,29.65,2020-02-18,39.25,42,0.3237774200668131,0.8135302987701203,6wk-exit
A,EQT.ST,2020-01-28,114.18,2020-02-18,146.84,21,0.2861198361692241,0.7930391475018724,rotate
A,LIFCO-B.ST,2020-01-28,114.86,2020-02-18,107.28,21,-0.06600656076224187,0.7930391475018724,rotate
A,ADDT-B.ST,2020-01-28,71.78,2020-02-18,76.73,21,0.0689655575564323,0.7406177653941199,rotate
A,EVO.ST,2020-01-28,301.84,2020-03-10,348.36,42,0.15409833910891724,0.7930391475018724,6wk-exit
A,BALD-B.ST,2020-01-28,74.7,2020-03-10,69.5,42,-0.06961174244552026,0.7930391475018725,6wk-exit
A,NIBE-B.ST,2020-02-18,42.58,2020-03-10,34.92,21,-0.1799104466164999,0.9307110386877332,rotate
A,LATO-B.ST,2020-02-18,153.56,2020-03-10,127.12,21,-0.1722124331887286,0.9307110386877333,rotate
A,WALL-B.ST,2020-02-18,61.24,2020-03-10,52.81,21,-0.13774728423360572,0.9307110386877332,rotate
A,CAST.ST,2020-02-18,180.4,2020-03-10,152.03,21,-0.15725794207788335,0.8211978354465499,rotate
A,EQT.ST,2020-03-10,120.38,2020-03-31,109.82,21,-0.08775971381295367,0.7785073366212538,rotate
A,SWED-A.ST,2020-03-10,82.78,2020-03-31,69.54,21,-0.15990896792901022,0.7785073366212538,rotate
A,NDA-SE.ST,2020-03-10,62.0,2020-03-31,53.83,21,-0.13175415245312194,0.7785073366212538,rotate
A,SEB-A.ST,2020-03-10,53.77,2020-03-31,45.28,21,-0.1579342926305266,0.7785073366212538,rotate
A,FABG.ST,2020-03-10,123.69,2020-03-31,105.96,21,-0.1433379585837049,0.7682535980028137,rotate
A,SINCH.ST,2020-03-10,41.05,2020-04-23,44.5,44,0.084043869112298,0.7785073366212538,6wk-exit
A,EVO.ST,2020-03-31,334.5,2020-05-15,486.91,45,0.45562130123530653,0.6816450898988834,6wk-exit
A,HOLM-B.ST,2020-04-23,235.47,2020-05-15,229.32,22,-0.02612989929536691,0.7458354834056281,rotate
A,EQT.ST,2020-04-23,117.79,2020-05-15,131.83,22,0.11919760781411459,0.7458354834056281,rotate
A,SCA-B.ST,2020-04-23,92.93,2020-06-08,101.04,46,0.08725149916756925,0.7458354834056281,6wk-exit
A,GETI-B.ST,2020-04-23,170.28,2020-06-08,145.38,46,-0.14624619729724375,0.745835483405628,6wk-exit
A,ESSITY-B.ST,2020-05-15,248.04,2020-06-08,237.33,24,-0.04316303258023557,0.7436697979662452,rotate
A,SINCH.ST,2020-05-15,55.2,2020-06-30,79.7,46,0.44384050446882806,0.7436697979662452,6wk-exit
A,AZN.ST,2020-05-15,1030.3,2020-06-30,967.77,46,-0.06069916428995925,0.7436697979662452,6wk-exit
A,NIBE-B.ST,2020-05-15,44.7,2020-06-30,49.06,46,0.09754786149878503,0.7436697979662452,6wk-exit
A,ERIC-B.ST,2020-06-08,70.9,2020-06-30,70.53,22,-0.00531048068065576,0.7161458265662264,rotate
A,EVO.ST,2020-06-08,571.03,2020-07-21,624.94,43,0.09441336237944387,0.7576870097609417,6wk-exit
A,LIFCO-B.ST,2020-06-08,112.87,2020-07-21,137.51,43,0.21829453138899124,0.7576870097609417,6wk-exit
A,HUSQ-B.ST,2020-06-30,62.44,2020-08-11,72.31,42,0.15806021768119494,0.7968617450600904,6wk-exit
A,KINV-B.ST,2020-06-30,140.92,2020-08-11,184.21,42,0.30722157986799536,0.7968617450600904,6wk-exit
A,ADDT-B.ST,2020-06-30,88.26,2020-08-11,102.31,42,0.15918810705407838,0.7968617450600904,6wk-exit
A,EQT.ST,2020-06-30,155.87,2020-08-11,200.77,42,0.2880645166027169,0.7968617450600904,6wk-exit
A,SINCH.ST,2020-07-21,73.2,2020-08-11,74.9,21,0.02322410722009649,0.9154943499532868,rotate
A,SKF-B.ST,2020-07-21,143.33,2020-08-11,144.85,21,0.010616833931455405,0.9154943499532869,rotate
A,LIFCO-B.ST,2020-08-11,131.68,2020-09-01,130.53,21,-0.008714403814076954,0.9627356568134916,rotate
A,SAAB-B.ST,2020-08-11,68.64,2020-09-01,61.54,21,-0.10337689996126298,0.9627356568134916,rotate
A,SWED-A.ST,2020-08-11,92.99,2020-09-01,92.21,21,-0.00836609404645916,0.9627356568134916,rotate
A,ABB.ST,2020-08-11,217.78,2020-09-01,210.01,21,-0.03565214186530363,0.9627356568134917,rotate
A,SSAB-A.ST,2020-08-11,19.99,2020-09-01,19.95,21,-0.0017637238028755942,0.9627356568134916,rotate
A,VOLV-B.ST,2020-08-11,107.28,2020-09-01,107.9,21,0.005785660329483022,0.9500554426147904,rotate
A,EQT.ST,2020-09-01,151.35,2020-09-22,147.85,21,-0.023105268289112413,0.9341470460496057,rotate
A,SINCH.ST,2020-09-01,87.0,2020-09-22,73.8,21,-0.15172410285335847,0.9341470460496057,rotate
A,GETI-B.ST,2020-09-01,169.9,2020-09-22,168.11,21,-0.01054026444061762,0.9218433731221919,rotate
A,KINV-B.ST,2020-09-01,201.65,2020-10-13,212.49,42,0.053750746558114626,0.9341470460496059,6wk-exit
A,ADDT-B.ST,2020-09-01,107.27,2020-10-13,119.3,42,0.11219513235972944,0.9341470460496057,6wk-exit
A,HUSQ-B.ST,2020-09-01,77.43,2020-10-13,81.43,42,0.051574448479693835,0.9341470460496057,6wk-exit
A,BOL.ST,2020-09-22,213.96,2020-10-13,203.36,21,-0.04953439949473293,0.8880195471776478,rotate
A,TREL-B.ST,2020-09-22,138.98,2020-10-13,148.85,21,0.07095577498622152,0.8880195471776476,rotate
A,SWED-A.ST,2020-09-22,86.86,2020-10-13,88.41,21,0.01776671347156289,0.8295755748192392,rotate
A,LATO-B.ST,2020-10-13,194.34,2020-11-03,193.98,21,-0.0018605039723361694,0.9387656968765817,rotate
A,HEXA-B.ST,2020-10-13,95.94,2020-11-03,94.01,21,-0.020100524491512672,0.9387656968765817,rotate
A,FABG.ST,2020-10-13,103.46,2020-11-03,97.86,21,-0.05410991523845077,0.9264011915894429,rotate
A,BALD-B.ST,2020-10-13,78.15,2020-11-24,75.43,42,-0.034762215255918605,0.9387656968765817,6wk-exit
A,WALL-B.ST,2020-10-13,62.36,2020-11-24,58.94,42,-0.054763516894726694,0.9387656968765817,6wk-exit
A,ELUX-B.ST,2020-10-13,183.35,2020-11-24,184.17,42,0.00445330467213334,0.9387656968765816,6wk-exit
A,KINV-B.ST,2020-11-03,228.72,2020-11-24,235.78,21,0.03085537782091885,0.9055882481443799,rotate
A,TREL-B.ST,2020-11-03,138.33,2020-11-24,158.66,21,0.14702137317595,0.90558824814438,rotate
A,HPOL-B.ST,2020-11-03,59.71,2020-12-15,65.26,42,0.09292141458249015,0.90558824814438,6wk-exit
A,FABG.ST,2020-11-24,112.09,2020-12-15,108.8,21,-0.029355545983927644,0.9548888168919176,rotate
A,SKA-B.ST,2020-11-24,160.87,2020-12-15,158.26,21,-0.016267887035628537,0.9548888168919176,rotate
A,SKF-B.ST,2020-11-24,176.52,2020-12-15,180.39,21,0.021901057160963022,0.9548888168919176,rotate
A,CAST.ST,2020-11-24,157.57,2020-12-15,150.97,21,-0.04192618595136355,0.8728900253188255,rotate
A,HM-B.ST,2020-11-24,147.46,2021-01-12,139.11,49,-0.05663391339692758,0.9548888168919176,6wk-exit
A,EVO.ST,2020-12-15,802.22,2021-01-12,812.12,28,0.012345811452857403,0.9266845975276364,rotate
A,EQT.ST,2020-12-15,181.02,2021-01-12,199.12,28,0.09999998314103142,0.9266845975276364,rotate
A,VOLV-B.ST,2020-12-15,128.68,2021-01-12,141.13,28,0.09672513596352683,0.9266845975276364,rotate
A,SINCH.ST,2020-12-15,121.0,2021-02-02,129.4,49,0.069421437161028,0.9266845975276364,6wk-exit
A,KINV-B.ST,2020-12-15,239.23,2021-02-02,262.19,49,0.09596707839928165,0.9266845975276364,6wk-exit
A,EPI-A.ST,2021-01-12,149.13,2021-02-02,151.39,21,0.015114809380218475,0.968108563577762,rotate
A,LIFCO-B.ST,2021-01-12,157.49,2021-02-02,152.24,21,-0.03339396366791625,0.9681085635777619,rotate
A,HOLM-B.ST,2021-01-12,340.44,2021-02-02,331.54,21,-0.026160026418999283,0.9681085635777619,rotate
A,NIBE-B.ST,2021-01-12,67.05,2021-02-23,64.25,42,-0.04180057137733617,0.967396585442002,6wk-exit
A,SKA-B.ST,2021-02-02,172.65,2021-02-23,157.18,21,-0.08961221148873966,0.9748603511762942,rotate
A,TREL-B.ST,2021-02-02,171.72,2021-02-23,183.91,21,0.07095468749555711,0.9748603511762941,rotate
A,SAND.ST,2021-02-02,172.99,2021-02-23,183.56,21,0.06110840852668087,0.9748603511762942,rotate
A,SSAB-A.ST,2021-02-02,25.76,2021-03-16,28.68,42,0.11330045613795292,0.9748603511762941,6wk-exit
A,EQT.ST,2021-02-02,269.27,2021-03-16,243.29,42,-0.09648214256773979,0.9471226197730905,6wk-exit
A,LIFCO-B.ST,2021-02-23,151.85,2021-03-16,167.92,21,0.105793513146339,0.9437520053685201,rotate
A,EVO.ST,2021-02-23,1084.98,2021-04-08,1331.09,44,0.22683701361421726,0.9437520053685201,6wk-exit
A,SINCH.ST,2021-02-23,163.6,2021-04-08,169.0,44,0.033007296424351074,0.9437520053685201,6wk-exit
A,ALFA.ST,2021-02-23,232.58,2021-04-08,240.81,44,0.03541180214077411,0.9437520053685201,6wk-exit
A,ADDT-B.ST,2021-03-16,124.63,2021-04-08,132.24,23,0.06106861583970602,0.9898705756634651,rotate
A,EPI-A.ST,2021-03-16,167.93,2021-04-08,184.48,23,0.0985235089593961,0.989870575663465,rotate
A,TREL-B.ST,2021-03-16,192.67,2021-04-08,197.5,23,0.02502279616121683,0.989870575663465,rotate
A,ELUX-B.ST,2021-04-08,223.44,2021-04-29,216.99,21,-0.0288734746970154,1.058578122384603,rotate
A,EQT.ST,2021-04-08,273.96,2021-04-29,265.52,21,-0.03081144689330184,1.058578122384603,rotate
A,GETI-B.ST,2021-04-08,225.2,2021-04-29,256.61,21,0.13948109176266899,1.058578122384603,rotate
A,SEB-A.ST,2021-04-08,75.57,2021-04-29,76.13,21,0.007407439563302809,1.058578122384603,rotate
A,SSAB-A.ST,2021-04-08,32.67,2021-05-21,30.63,43,-0.062365013604748776,1.058578122384603,6wk-exit
A,NDA-SE.ST,2021-04-08,83.42,2021-05-21,85.05,43,0.019580709570810706,1.0446355647958216,6wk-exit
A,SINCH.ST,2021-04-29,133.55,2021-05-21,134.7,22,0.008610961214569945,1.0742299455462383,rotate
A,EVO.ST,2021-04-29,1650.99,2021-06-11,1555.67,43,-0.05773613417654677,1.0742299455462383,6wk-exit
A,ADDT-B.ST,2021-04-29,142.71,2021-06-11,130.34,43,-0.08666664528180434,1.0742299455462383,6wk-exit
A,LATO-B.ST,2021-04-29,236.73,2021-06-11,252.96,43,0.06855355235671112,1.0742299455462383,6wk-exit
A,SKA-B.ST,2021-05-21,190.83,2021-06-11,194.12,21,0.01724864188014652,1.0261359401665093,rotate
A,GETI-B.ST,2021-05-21,260.5,2021-07-05,290.47,45,0.11505034063780828,1.0261359401665093,6wk-exit
A,BALD-B.ST,2021-05-21,85.67,2021-07-05,92.8,45,0.08326855027220459,1.0261359401665093,6wk-exit
A,EQT.ST,2021-06-11,304.21,2021-07-05,310.05,24,0.01918913360786889,1.079702694868203,rotate
A,NIBE-B.ST,2021-06-11,85.15,2021-07-26,96.73,45,0.13605534336798786,1.079702694868203,6wk-exit
A,KINV-B.ST,2021-06-11,321.4,2021-07-26,374.6,45,0.1655258656419445,1.079702694868203,6wk-exit
A,WALL-B.ST,2021-06-11,68.64,2021-07-26,68.41,45,-0.0034222352038425496,0.9872048346972504,6wk-exit
A,LATO-B.ST,2021-07-05,258.63,2021-07-26,300.7,21,0.16265914925782066,1.0961801752520042,rotate
A,LIFCO-B.ST,2021-07-05,198.84,2021-08-16,240.13,42,0.2076476276728958,1.0961801752520042,6wk-exit
A,LUND-B.ST,2021-07-05,532.79,2021-08-16,586.24,42,0.10032365944469146,1.0961801752520042,6wk-exit
A,BALD-B.ST,2021-07-26,97.53,2021-08-16,107.93,21,0.10663022809412692,1.2108629345098219,rotate
A,FABG.ST,2021-07-26,129.03,2021-08-16,137.01,21,0.06186945987077097,1.2108629345098219,rotate
A,EQT.ST,2021-07-26,411.54,2021-09-06,378.97,42,-0.07915812106957532,1.2108629345098219,6wk-exit
A,GETI-B.ST,2021-07-26,328.05,2021-09-06,335.02,42,0.021253043767457402,1.1428399818366426,6wk-exit
A,KINV-B.ST,2021-08-16,355.3,2021-09-06,353.0,21,-0.0064733686236683186,1.2534208954292834,rotate
A,LATO-B.ST,2021-08-16,285.8,2021-09-06,279.76,21,-0.021120129606644,1.2534208954292834,rotate
A,SINCH.ST,2021-08-16,168.3,2021-09-27,173.15,42,0.028817532720038175,1.2534208954292834,6wk-exit
A,ADDT-B.ST,2021-08-16,170.3,2021-09-27,154.21,42,-0.09448824259610333,1.2534208954292834,6wk-exit
A,TEL2-B.ST,2021-09-06,90.28,2021-09-27,88.61,21,-0.018476792985077428,1.0320444025802014,rotate
A,NIBE-B.ST,2021-09-06,120.76,2021-10-18,111.32,42,-0.0781499155194103,1.2736230559872228,6wk-exit
A,LIFCO-B.ST,2021-09-06,254.76,2021-10-18,238.5,42,-0.06384583244590436,1.2736230559872228,6wk-exit
A,HEXA-B.ST,2021-09-06,150.57,2021-10-18,135.61,42,-0.09937263733204615,1.2736230559872228,6wk-exit
A,EQT.ST,2021-09-27,343.66,2021-10-18,374.73,21,0.09041105111180947,1.1600070938644567,rotate
A,ALFA.ST,2021-09-27,303.66,2021-10-18,302.11,21,-0.005105109149257658,1.1600070938644567,rotate
A,ATCO-A.ST,2021-09-27,127.46,2021-10-18,126.73,21,-0.005743028605543876,1.102398278108889,rotate
A,NDA-SE.ST,2021-10-18,105.98,2021-11-08,105.18,21,-0.0074817114679548435,1.1688385000280002,rotate
A,SHB-A.ST,2021-10-18,61.23,2021-11-08,60.84,21,-0.0062700155180329675,1.1688385000280002,rotate
A,TEL2-B.ST,2021-10-18,90.09,2021-11-08,85.14,21,-0.05493223405859826,1.1534437003868419,rotate
A,SEB-A.ST,2021-10-18,90.27,2021-11-29,94.77,42,0.04984234466854853,1.1688385000280002,6wk-exit
A,SWED-A.ST,2021-10-18,121.76,2021-11-29,125.47,42,0.030462839585349677,1.1688385000280002,6wk-exit
A,AZN.ST,2021-10-18,1026.26,2021-11-29,1010.38,42,-0.015473872859720794,1.1688385000280002,6wk-exit
A,NIBE-B.ST,2021-11-08,130.05,2021-11-29,122.4,21,-0.058867102140902405,1.192495466142282,rotate
A,EVO.ST,2021-11-08,1339.26,2021-11-29,994.24,21,-0.257620578590565,1.192495466142282,rotate
A,GETI-B.ST,2021-11-08,362.18,2021-12-20,339.82,42,-0.06175000939502606,1.0117165154980057,6wk-exit
A,LATO-B.ST,2021-11-29,312.68,2021-12-20,307.01,21,-0.01813379946623095,1.0909226047665026,rotate
A,EQT.ST,2021-11-29,500.33,2022-01-13,411.72,45,-0.17710296346465582,1.0909226047665026,6wk-exit
A,HUSQ-B.ST,2021-11-29,112.5,2022-01-13,120.5,45,0.07112970853177392,1.0909226047665026,6wk-exit
A,EPI-A.ST,2021-11-29,202.15,2022-01-13,206.78,45,0.02291476021704142,1.0909226047665026,6wk-exit
A,ADDT-B.ST,2021-11-29,206.88,2022-01-13,176.23,45,-0.14814810990470528,1.0909226047665026,6wk-exit
A,BALD-B.ST,2021-12-20,105.67,2022-01-13,97.8,24,-0.07444789837010857,1.065828822138179,rotate
A,WALL-B.ST,2021-12-20,73.2,2022-02-03,68.67,45,-0.0618557915186686,1.0564032151385876,6wk-exit
A,LATO-B.ST,2022-01-13,294.48,2022-02-03,265.95,21,-0.09689434170894373,1.0194305982649092,rotate
A,SAND.ST,2022-01-13,217.33,2022-02-03,207.19,21,-0.04665625241133031,1.0194305982649092,rotate
A,NIBE-B.ST,2022-01-13,104.05,2022-02-03,85.21,21,-0.1811197579558047,0.9978379158517594,rotate
A,TREL-B.ST,2022-01-13,222.57,2022-02-24,176.36,42,-0.20761171496301178,1.0194305982649092,6wk-exit
A,SSAB-A.ST,2022-01-13,43.23,2022-02-24,38.2,42,-0.11643832957168776,1.0194305982649092,6wk-exit
A,ABB.ST,2022-02-03,298.42,2022-02-24,294.43,21,-0.013367256663865623,0.9045780823483738,rotate
A,BOL.ST,2022-02-03,323.07,2022-03-17,369.04,42,0.14230545427065433,0.9266214226376778,6wk-exit
A,HOLM-B.ST,2022-02-03,394.18,2022-03-17,457.04,42,0.15948364295937223,0.9266214226376777,6wk-exit
A,SCA-B.ST,2022-02-03,145.54,2022-03-17,161.09,42,0.10677803529790553,0.9266214226376778,6wk-exit
A,ERIC-B.ST,2022-02-24,77.78,2022-03-17,70.91,21,-0.08828631682197152,0.8941491559076921,rotate
A,SKA-B.ST,2022-02-24,168.91,2022-03-17,185.13,21,0.09600767197050519,0.8941491559076921,rotate
A,HM-B.ST,2022-02-24,132.02,2022-03-17,113.43,21,-0.14077383305293223,0.801283426825197,rotate
A,TELIA.ST,2022-03-17,28.08,2022-04-07,28.98,21,0.03230994975417856,0.9382874442937763,rotate
A,SAAB-B.ST,2022-03-17,84.44,2022-05-02,102.04,46,0.20850362251532606,0.9382874442937762,6wk-exit
A,SSAB-A.ST,2022-03-17,45.43,2022-05-02,46.47,46,0.022901605593619312,0.9382874442937763,6wk-exit
A,AZN.ST,2022-03-17,1171.47,2022-05-02,1297.38,46,0.10748217432074747,0.9382874442937763,6wk-exit
A,BOL.ST,2022-04-07,409.28,2022-05-23,349.18,46,-0.14683329180082705,0.9612278643302484,6wk-exit
A,HOLM-B.ST,2022-04-07,494.43,2022-05-23,455.49,46,-0.0787597839520442,0.9612278643302484,6wk-exit
A,SCA-B.ST,2022-04-07,177.93,2022-05-23,163.58,46,-0.08067012053137712,0.9061119184456785,6wk-exit
A,NIBE-B.ST,2022-05-02,87.81,2022-06-15,70.69,44,-0.19491310487011893,0.9651108873687597,6wk-exit
A,TELIA.ST,2022-05-02,31.46,2022-06-15,30.01,44,-0.04618038939733726,0.9651108873687598,6wk-exit
A,TEL2-B.ST,2022-05-02,100.15,2022-06-15,88.86,44,-0.1128024705747026,0.9651108873687598,6wk-exit
A,SSAB-A.ST,2022-05-23,43.74,2022-06-15,39.11,23,-0.10589070564646419,0.9392122759853301,rotate
A,SAAB-B.ST,2022-05-23,101.7,2022-07-07,99.77,45,-0.019008641164374174,0.93921227598533,6wk-exit
A,AZN.ST,2022-05-23,1302.85,2022-07-07,1394.77,45,0.07055667333587068,0.8728044022077172,6wk-exit
A,TREL-B.ST,2022-06-15,205.84,2022-07-07,202.44,22,-0.016525191671734496,0.8534735272700271,rotate
A,SWED-A.ST,2022-06-15,111.25,2022-07-07,97.24,22,-0.12590876194957967,0.8182228484886277,rotate
A,ESSITY-B.ST,2022-06-15,224.37,2022-07-28,226.77,43,0.010655218296609537,0.8534735272700272,6wk-exit
A,SHB-A.ST,2022-06-15,60.71,2022-07-28,57.3,43,-0.05607859174088481,0.8534735272700272,6wk-exit
A,TELIA.ST,2022-07-07,31.19,2022-07-28,28.82,21,-0.07606522846668395,0.8584149719617051,rotate
A,SKF-B.ST,2022-07-07,144.69,2022-07-28,145.22,21,0.003663051562921238,0.8584149719617051,rotate
A,HPOL-B.ST,2022-07-07,74.28,2022-08-18,87.44,42,0.1771940011156674,0.8584149719617051,6wk-exit
A,VOLV-B.ST,2022-07-07,131.69,2022-08-18,144.56,42,0.09779331540565761,0.8200994698533521,6wk-exit
A,HM-B.ST,2022-07-28,106.88,2022-08-18,109.01,21,0.019912286606272867,0.8666747146261852,rotate
A,AZN.ST,2022-07-28,1355.02,2022-08-18,1381.65,21,0.019648400085618967,0.8666747146261851,rotate
A,TREL-B.ST,2022-07-28,224.23,2022-08-18,221.47,21,-0.012300142419908067,0.8666747146261852,rotate
A,ADDT-B.ST,2022-08-18,160.72,2022-09-08,149.27,21,-0.07123519665776779,0.872383126304032,rotate
A,LATO-B.ST,2022-08-18,225.17,2022-09-08,191.84,21,-0.14804121062234177,0.8608929474303404,rotate
A,NIBE-B.ST,2022-08-18,103.38,2022-09-29,94.92,42,-0.08177982869861333,0.872383126304032,6wk-exit
A,ALFA.ST,2022-08-18,289.55,2022-09-29,252.26,42,-0.12878293637502103,0.8723831263040321,6wk-exit
A,ATCO-B.ST,2022-08-18,97.51,2022-09-29,84.34,42,-0.13512749293879245,0.872383126304032,6wk-exit
A,ATCO-A.ST,2022-08-18,109.96,2022-09-29,95.0,42,-0.13607166462883158,0.872383126304032,6wk-exit
A,AZN.ST,2022-09-08,1292.65,2022-09-29,1218.57,21,-0.05730763633740088,0.8094890635863169,rotate
A,HPOL-B.ST,2022-09-08,78.51,2022-09-29,73.2,21,-0.06768905166374017,0.7274176926441008,rotate
A,EQT.ST,2022-09-29,199.85,2022-10-20,187.18,21,-0.06336030479855392,0.7501011673682706,rotate
A,BALD-B.ST,2022-09-29,43.11,2022-10-20,38.83,21,-0.09939688672570324,0.7501011673682706,rotate
A,NDA-SE.ST,2022-09-29,92.33,2022-10-20,101.11,21,0.09499202272982865,0.7501011673682706,rotate
A,ADDT-B.ST,2022-09-29,136.58,2022-10-20,126.89,21,-0.07092197551514534,0.7402215670796436,rotate
A,SWED-A.ST,2022-09-29,106.73,2022-11-10,120.74,42,0.1312435784701389,0.7501011673682706,6wk-exit
A,SSAB-A.ST,2022-09-29,36.87,2022-11-10,45.29,42,0.2283693838429488,0.7501011673682706,6wk-exit
A,BOL.ST,2022-10-20,292.24,2022-11-10,323.36,21,0.10646385926842927,0.7605265232058547,rotate
A,NIBE-B.ST,2022-10-20,79.1,2022-11-10,94.22,21,0.19123403411444184,0.7605265232058547,rotate
A,HOLM-B.ST,2022-10-20,379.45,2022-11-10,359.02,21,-0.05386581647970712,0.5929410142122131,rotate
A,SECU-B.ST,2022-10-20,76.97,2022-12-01,75.82,42,-0.01496680887117452,0.7605265232058548,6wk-exit
A,SEB-A.ST,2022-11-10,90.36,2022-12-01,92.19,21,0.020219059298832942,0.8122321681428658,rotate
A,HPOL-B.ST,2022-11-10,96.57,2022-12-01,95.25,21,-0.013757562839925908,0.811576104218859,rotate
A,SHB-A.ST,2022-11-10,65.99,2022-12-22,66.47,42,0.00721852754246477,0.8122321681428658,6wk-exit
A,SINCH.ST,2022-11-10,41.37,2022-12-22,36.7,42,-0.11288369082712357,0.8122321681428658,6wk-exit
A,EVO.ST,2022-11-10,1033.74,2022-12-22,996.03,42,-0.036475309462747685,0.8122321681428658,6wk-exit
A,ATCO-A.ST,2022-12-01,122.72,2022-12-22,116.31,21,-0.052253606744351755,0.7875607453371741,rotate
A,SWED-A.ST,2022-12-01,125.59,2022-12-22,130.81,21,0.04156894658654742,0.7875607453371741,rotate
A,ATCO-B.ST,2022-12-01,109.77,2023-01-16,106.94,46,-0.025749627409535902,0.7875607453371741,6wk-exit
A,EPI-A.ST,2022-12-22,178.82,2023-01-16,200.16,25,0.11930458300741242,0.771382635200625,rotate
A,GETI-B.ST,2022-12-22,191.69,2023-01-16,209.96,25,0.09530644303386149,0.771382635200625,rotate
A,HPOL-B.ST,2022-12-22,92.51,2023-01-16,93.83,25,0.014362782062011137,0.7713826352006251,rotate
A,ELUX-B.ST,2022-12-22,138.5,2023-01-16,161.26,25,0.16433209030206464,0.771382635200625,rotate
A,HUSQ-B.ST,2022-12-22,65.39,2023-02-06,80.58,46,0.23228470295975012,0.7713826352006251,6wk-exit
A,ESSITY-B.ST,2023-01-16,258.02,2023-02-06,243.15,21,-0.05765279474366969,0.8415655711959307,rotate
A,FABG.ST,2023-01-16,94.2,2023-02-06,87.84,21,-0.06750987459765168,0.8415655711959308,rotate
A,SWED-A.ST,2023-01-16,138.2,2023-02-06,149.12,21,0.07901052401922226,0.8415655711959307,rotate
A,SINCH.ST,2023-01-16,52.5,2023-02-27,35.24,42,-0.3288571312313988,0.8415655711959307,6wk-exit
A,WALL-B.ST,2023-01-16,50.66,2023-02-27,40.93,42,-0.1920754191311288,0.7907473182652676,6wk-exit
A,BALD-B.ST,2023-02-06,55.15,2023-02-27,51.0,21,-0.07524934562207641,0.8155571085922443,rotate
A,BOL.ST,2023-02-06,398.12,2023-02-27,378.87,21,-0.04834211168398461,0.8155571085922443,rotate
A,NIBE-B.ST,2023-02-06,111.37,2023-02-27,113.54,21,0.019565315834216612,0.8155571085922443,rotate
A,ADDT-B.ST,2023-02-06,184.92,2023-03-20,174.84,42,-0.0544788045012905,0.8155571085922442,6wk-exit
A,SWED-A.ST,2023-02-27,160.96,2023-03-20,130.88,21,-0.18684332619861954,0.7536656222079703,rotate
A,SAAB-B.ST,2023-02-27,145.7,2023-04-12,159.75,44,0.09640438306468924,0.7536656222079703,6wk-exit
A,SSAB-A.ST,2023-02-27,58.37,2023-04-12,60.18,44,0.03100365917168091,0.7536656222079703,6wk-exit
A,EVO.ST,2023-02-27,1259.58,2023-04-12,1318.62,44,0.04687832232296718,0.7536656222079703,6wk-exit
A,LIFCO-B.ST,2023-02-27,205.81,2023-04-12,220.35,44,0.07065480071007113,0.6942949018507413,6wk-exit
A,HUSQ-B.ST,2023-03-20,76.11,2023-04-12,80.64,23,0.05952108620516472,0.673165819359318,rotate
A,SKF-B.ST,2023-03-20,169.07,2023-05-04,166.91,45,-0.012803059839426978,0.7047328219782114,6wk-exit
A,ADDT-B.ST,2023-04-12,187.82,2023-05-04,203.8,22,0.0850953152313374,0.7660389500997186,rotate
A,GETI-B.ST,2023-04-12,236.31,2023-05-04,235.42,22,-0.003739766830871738,0.7660389500997186,rotate
A,TREL-B.ST,2023-04-12,261.01,2023-05-04,240.2,22,-0.07973043015958892,0.7660389500997186,rotate
A,ALFA.ST,2023-04-12,344.83,2023-05-04,359.99,22,0.043959504177870645,0.7660389500997186,rotate
A,TEL2-B.ST,2023-04-12,85.32,2023-05-26,85.5,44,0.0021406637586760535,0.7660389500997186,6wk-exit
A,SAAB-B.ST,2023-05-04,145.78,2023-05-26,145.29,22,-0.0033853484947430346,0.7586894301686087,rotate
A,EVO.ST,2023-05-04,1281.86,2023-05-26,1405.47,22,0.09643404710798431,0.7586894301686087,rotate
A,ESSITY-B.ST,2023-05-04,283.18,2023-05-26,269.75,22,-0.047435791602715605,0.7452085317279062,rotate
A,HM-B.ST,2023-05-04,126.15,2023-06-19,134.04,46,0.06251315372501387,0.7586894301686087,6wk-exit
A,LIFCO-B.ST,2023-05-04,230.46,2023-06-19,222.16,46,-0.03603222447888477,0.7586894301686087,6wk-exit
A,ALFA.ST,2023-05-26,373.54,2023-06-19,363.31,24,-0.02738338039740351,0.7580834678563105,rotate
A,ELUX-B.ST,2023-05-26,157.05,2023-07-11,150.0,46,-0.04489018092813657,0.7580834678563105,6wk-exit
A,ATCO-B.ST,2023-05-26,129.78,2023-07-11,121.43,46,-0.06432964783754413,0.7580834678563106,6wk-exit
A,ATCO-A.ST,2023-05-26,152.13,2023-07-11,140.7,46,-0.07515526012797946,0.7580834678563108,6wk-exit
A,EVO.ST,2023-06-19,1387.59,2023-07-11,1320.02,22,-0.0486967309539067,0.7430414046017864,rotate
A,ADDT-B.ST,2023-06-19,223.95,2023-08-01,188.02,43,-0.16046710182911716,0.7430414046017862,6wk-exit
A,ABB.ST,2023-06-19,420.74,2023-08-01,414.87,43,-0.013957932105768012,0.7430414046017862,6wk-exit
A,SSAB-A.ST,2023-07-11,65.06,2023-08-01,56.71,21,-0.12831387678758843,0.7164645927517289,rotate
A,VOLV-B.ST,2023-07-11,188.03,2023-08-01,195.76,21,0.04109275448713534,0.7164645927517289,rotate
A,HEXA-B.ST,2023-07-11,121.17,2023-08-01,100.4,21,-0.17139340358554767,0.7164645927517289,rotate
A,HUSQ-B.ST,2023-07-11,87.21,2023-08-22,83.89,42,-0.037966955814228154,0.7164645927517288,6wk-exit
A,ASSA-B.ST,2023-08-01,239.88,2023-08-22,229.84,21,-0.04184773053472779,0.6820064726386375,rotate
A,CAST.ST,2023-08-01,115.59,2023-08-22,108.74,21,-0.059221735379362594,0.6820064726386375,rotate
A,HM-B.ST,2023-08-01,152.65,2023-09-12,152.0,42,-0.004271561901462273,0.6820064726386375,6wk-exit
A,SWED-A.ST,2023-08-01,149.55,2023-09-12,149.9,42,0.002340125837244189,0.6820064726386375,6wk-exit
A,SEB-A.ST,2023-08-01,102.55,2023-09-12,103.03,42,0.004733721911452049,0.5963847081809065,6wk-exit
A,EQT.ST,2023-08-22,215.97,2023-09-12,207.61,21,-0.0387183303903903,0.6479192204484766,rotate
A,VOLV-B.ST,2023-08-22,189.94,2023-09-12,189.9,21,-0.00022348691645568408,0.6479192204484766,rotate
A,BALD-B.ST,2023-08-22,47.1,2023-10-03,45.99,42,-0.02356681171155839,0.6479192204484766,6wk-exit
A,NDA-SE.ST,2023-09-12,117.54,2023-10-03,115.76,21,-0.015179292147110113,0.6605526544315775,rotate
A,SECU-B.ST,2023-09-12,76.9,2023-10-03,78.26,21,0.01764290552080139,0.6605526544315775,rotate
A,CAST.ST,2023-09-12,110.36,2023-10-03,105.66,21,-0.04253428413487503,0.6079842798144212,rotate
A,FABG.ST,2023-09-12,84.39,2023-10-24,74.78,42,-0.11387920143166419,0.6605526544315776,6wk-exit
A,SKA-B.ST,2023-09-12,147.02,2023-10-24,147.63,42,0.00419537655429858,0.6605526544315775,6wk-exit
A,GETI-B.ST,2023-10-03,177.41,2023-10-24,180.77,21,0.018942388335216886,0.636776342175443,rotate
A,TREL-B.ST,2023-10-03,256.0,2023-10-24,251.39,21,-0.01800157549250836,0.636776342175443,rotate
A,SWED-A.ST,2023-10-03,152.0,2023-11-14,142.59,42,-0.06190839788148095,0.636776342175443,6wk-exit
A,HOLM-B.ST,2023-10-03,376.97,2023-11-14,393.39,42,0.043541672603303994,0.6160370427250634,6wk-exit
A,SHB-A.ST,2023-10-24,66.95,2023-11-14,67.44,21,0.007439575670672882,0.6279060339745618,rotate
A,SAAB-B.ST,2023-10-24,140.15,2023-11-14,138.08,21,-0.014788599294772053,0.6279060339745617,rotate
A,TEL2-B.ST,2023-10-24,70.23,2023-12-05,73.83,42,0.051205704668022545,0.6279060339745618,6wk-exit
A,SCA-B.ST,2023-10-24,138.23,2023-12-05,144.48,42,0.04527024811753444,0.6279060339745617,6wk-exit
A,TELIA.ST,2023-11-14,20.64,2023-12-05,21.7,21,0.05115498956712683,0.6327356034755472,rotate
A,SKA-B.ST,2023-11-14,144.11,2023-12-05,150.72,21,0.04585745671133301,0.6327356034755472,rotate
A,GETI-B.ST,2023-11-14,199.76,2023-12-28,209.38,44,0.048131012022593955,0.6327356034755472,6wk-exit
A,SSAB-A.ST,2023-11-14,63.3,2023-12-28,66.73,44,0.05422339984329194,0.5823725029693636,6wk-exit
A,EQT.ST,2023-12-05,236.06,2023-12-28,275.81,23,0.16837361731696876,0.6541339115394865,rotate
A,SINCH.ST,2023-12-05,31.34,2024-01-19,28.16,45,-0.10146778205785023,0.6591685601154524,6wk-exit
A,BALD-B.ST,2023-12-05,65.92,2024-01-19,63.88,45,-0.030946558821221437,0.6591685601154524,6wk-exit
A,WALL-B.ST,2023-12-05,47.63,2024-01-19,47.82,45,0.004080057288355032,0.6591685601154524,6wk-exit
A,HEXA-B.ST,2023-12-28,120.13,2024-01-19,112.31,22,-0.06509116032029738,0.6043922726651407,rotate
A,LATO-B.ST,2023-12-28,247.85,2024-02-09,254.74,43,0.027820187810278174,0.7140292795384436,6wk-exit
A,LIFCO-B.ST,2023-12-28,242.09,2024-02-09,262.31,43,0.08353522548144166,0.7140292795384436,6wk-exit
A,CAST.ST,2024-01-19,126.93,2024-02-09,123.36,21,-0.028120191151231433,0.6403556134878815,rotate
A,FABG.ST,2024-01-19,89.29,2024-02-09,83.54,21,-0.06440043248283045,0.6403556134878815,rotate
A,SSAB-A.ST,2024-01-19,62.25,2024-02-09,70.37,21,0.13050696175013066,0.5261052950510969,rotate
A,ADDT-B.ST,2024-01-19,203.08,2024-03-01,227.63,42,0.12088968140522649,0.6403556134878815,6wk-exit
A,SINCH.ST,2024-02-09,27.22,2024-03-01,26.64,21,-0.021128082297099504,0.6781561371007595,rotate
A,BALD-B.ST,2024-02-09,63.88,2024-03-01,67.36,21,0.05447713656932485,0.6781561371007595,rotate
A,EQT.ST,2024-02-09,269.23,2024-03-01,297.27,21,0.10416649900074892,0.6781561371007595,rotate
A,WALL-B.ST,2024-02-09,45.45,2024-03-01,46.31,21,0.018811555450366724,0.5965832430941252,rotate
A,SEB-A.ST,2024-02-09,119.37,2024-03-22,129.21,42,0.08242876810464628,0.6781561371007595,6wk-exit
A,EVO.ST,2024-03-01,1332.34,2024-03-22,1237.94,21,-0.07085322314603859,0.6916759975355187,rotate
A,LIFCO-B.ST,2024-03-01,272.18,2024-03-22,284.78,21,0.046302794338285436,0.6916759975355187,rotate
A,INVE-B.ST,2024-03-01,248.48,2024-03-22,257.46,21,0.03614696660354033,0.6714341765091626,rotate
A,SAAB-B.ST,2024-03-01,202.68,2024-04-16,227.77,46,0.12377431190381283,0.6916759975355187,6wk-exit
A,SHB-A.ST,2024-03-01,86.26,2024-04-16,83.28,46,-0.03450031704127121,0.6916759975355187,6wk-exit
A,SWED-A.ST,2024-03-22,174.2,2024-04-16,174.12,25,-0.00046599726568219424,0.7089369898741326,rotate
A,TREL-B.ST,2024-03-22,376.09,2024-04-16,350.8,25,-0.06726680306868016,0.6570443100761304,rotate
A,EQT.ST,2024-03-22,337.99,2024-05-08,301.72,47,-0.10729617957870785,0.7089369898741325,6wk-exit
A,VOLV-B.ST,2024-03-22,267.42,2024-05-08,249.32,47,-0.06771640352492847,0.7089369898741325,6wk-exit
A,SKF-B.ST,2024-04-16,205.03,2024-05-08,224.79,22,0.09640220029102231,0.6763773855090817,rotate
A,BALD-B.ST,2024-04-16,66.68,2024-05-08,70.34,22,0.0548889624469715,0.6763773855090817,rotate
A,INVE-B.ST,2024-04-16,248.96,2024-05-08,270.06,22,0.08475861722353728,0.6763773855090817,rotate
A,KINV-B.ST,2024-04-16,118.05,2024-05-30,124.8,44,0.057179159894138465,0.6763773855090817,6wk-exit
A,SAAB-B.ST,2024-05-08,229.55,2024-05-30,237.72,22,0.03559873475822051,0.7046359822687626,rotate
A,GETI-B.ST,2024-05-08,221.24,2024-05-30,179.75,22,-0.18752691538946453,0.6976569610405049,rotate
A,HM-B.ST,2024-05-08,153.6,2024-06-24,176.88,47,0.15155130209877754,0.7046359822687626,6wk-exit
A,BOL.ST,2024-05-08,348.63,2024-06-24,340.22,47,-0.024123471219589354,0.7046359822687626,6wk-exit
A,TEL2-B.ST,2024-05-08,89.34,2024-06-24,96.27,47,0.07757303235688151,0.7046359822687626,6wk-exit
A,ALFA.ST,2024-05-30,464.22,2024-07-15,443.34,46,-0.0449927424380675,0.7052066830023209,6wk-exit
A,AZN.ST,2024-05-30,1620.79,2024-07-15,1657.19,46,0.02245459779170078,0.7052066830023209,6wk-exit
A,ABB.ST,2024-05-30,576.12,2024-07-15,609.42,46,0.05780539476194768,0.5923547358301932,6wk-exit
A,ESSITY-B.ST,2024-06-24,260.07,2024-07-15,260.91,21,0.0032444315210093944,0.7110756940482457,rotate
A,SAAB-B.ST,2024-06-24,243.02,2024-08-05,228.71,42,-0.05889558425960906,0.7110756940482457,6wk-exit
A,ERIC-B.ST,2024-06-24,60.69,2024-08-05,64.52,42,0.06313523207929972,0.7110756940482457,6wk-exit
A,TEL2-B.ST,2024-07-15,94.02,2024-08-05,96.63,21,0.02783105035985467,0.7273493681378227,rotate
A,TREL-B.ST,2024-07-15,388.78,2024-08-05,350.3,21,-0.09896606067618352,0.7273493681378227,rotate
A,INVE-B.ST,2024-07-15,286.51,2024-08-05,264.25,21,-0.0777026285746909,0.7273493681378227,rotate
A,ADDT-B.ST,2024-07-15,320.72,2024-08-26,319.35,42,-0.0042919541227347535,0.6556614801806719,6wk-exit
A,LIFCO-B.ST,2024-08-05,290.06,2024-08-26,315.07,21,0.08621852599590363,0.6856662363568916,rotate
A,LATO-B.ST,2024-08-05,272.94,2024-08-26,286.92,21,0.0512461795028476,0.6856662363568916,rotate
A,SHB-A.ST,2024-08-05,77.52,2024-08-26,81.23,21,0.04792803943846957,0.6856662363568916,rotate
A,TELIA.ST,2024-08-05,27.31,2024-09-16,29.82,42,0.09213557566948483,0.6856662363568916,6wk-exit
A,BALD-B.ST,2024-08-05,78.38,2024-09-16,85.92,42,0.0961980247479346,0.6856662363568916,6wk-exit
A,ESSITY-B.ST,2024-08-26,284.63,2024-09-16,304.04,21,0.06818178650405415,0.7200229619504744,rotate
A,TEL2-B.ST,2024-08-26,102.77,2024-09-16,106.69,21,0.03819130037636875,0.7197039838076729,rotate
A,ERIC-B.ST,2024-08-26,71.02,2024-10-07,73.28,42,0.03184092385643722,0.7200229619504744,6wk-exit
A,SINCH.ST,2024-08-26,29.2,2024-10-07,28.04,42,-0.03972602113368362,0.7200229619504744,6wk-exit
A,ADDT-B.ST,2024-09-16,308.45,2024-10-07,294.19,21,-0.04624275226242602,0.742687540536265,rotate
A,GETI-B.ST,2024-09-16,212.2,2024-10-28,188.79,42,-0.11031386955108913,0.7426875405362648,6wk-exit
A,LIFCO-B.ST,2024-09-16,325.9,2024-10-28,322.95,42,-0.009063416950047642,0.7426875405362648,6wk-exit
A,SECU-B.ST,2024-09-16,113.51,2024-10-28,121.39,42,0.0694503154834405,0.7426875405362648,6wk-exit
A,TELIA.ST,2024-10-07,29.17,2024-10-28,29.03,21,-0.004927753780333055,0.732651162824447,rotate
A,TEL2-B.ST,2024-10-07,101.19,2024-10-28,105.76,21,0.04515801126933394,0.732651162824447,rotate
A,ASSA-B.ST,2024-10-07,324.01,2024-10-28,329.61,21,0.017272231936529492,0.700780004806944,rotate
A,WALL-B.ST,2024-10-28,52.02,2024-11-18,47.57,21,-0.08566036238908925,0.7314944294265345,rotate
A,CAST.ST,2024-10-28,136.03,2024-11-18,121.55,21,-0.10639828579165422,0.7314944294265346,rotate
A,FABG.ST,2024-10-28,84.18,2024-11-18,78.44,21,-0.06818172343560447,0.7314944294265345,rotate
A,BALD-B.ST,2024-10-28,84.48,2024-11-18,81.6,21,-0.03409096553469926,0.7314944294265345,rotate
A,EPI-A.ST,2024-10-28,211.72,2024-11-18,193.48,21,-0.08613547823261736,0.7218598989252076,rotate
A,ERIC-B.ST,2024-10-28,86.58,2024-12-09,87.44,42,0.009887889551426055,0.7314944294265345,6wk-exit
A,NIBE-B.ST,2024-11-18,47.13,2024-12-09,46.66,21,-0.009818227294195903,0.6785219248725699,rotate
A,SINCH.ST,2024-11-18,20.67,2024-12-09,21.89,21,0.05902270483074101,0.6785219248725699,rotate
A,SHB-A.ST,2024-11-18,86.77,2024-12-09,90.33,21,0.0410348241732732,0.67852192487257,rotate
A,SECU-B.ST,2024-11-18,127.65,2025-01-07,127.8,50,0.0011182371084623721,0.6785219248725699,6wk-exit
A,BOL.ST,2024-11-18,312.44,2025-01-07,317.63,50,0.016588412129471264,0.641473413651553,6wk-exit
A,SSAB-A.ST,2024-12-09,49.23,2025-01-07,42.32,29,-0.14038749790870586,0.7018729514837801,rotate
A,SKF-B.ST,2024-12-09,211.74,2025-01-28,210.61,50,-0.005359517451022033,0.7018729514837801,6wk-exit
A,SKA-B.ST,2024-12-09,211.01,2025-01-28,210.11,50,-0.004295561657901792,0.7018729514837801,6wk-exit
A,ABB.ST,2024-12-09,644.92,2025-01-28,606.83,50,-0.05906008001836016,0.7018729514837801,6wk-exit
A,ERIC-B.ST,2025-01-07,87.38,2025-01-28,80.97,21,-0.07337250435767173,0.661051748496191,rotate
A,VOLV-B.ST,2025-01-07,256.61,2025-01-28,258.86,21,0.008768791797209907,0.6197180049163312,rotate
A,SHB-A.ST,2025-01-07,91.14,2025-02-18,102.21,42,0.12144373641044348,0.661051748496191,6wk-exit
A,SWED-A.ST,2025-01-28,201.74,2025-02-18,216.13,21,0.07134008207926068,0.6633885946807595,rotate
A,SECU-B.ST,2025-01-28,131.74,2025-02-18,149.54,21,0.13506689770666047,0.6633885946807595,rotate
A,HEXA-B.ST,2025-01-28,119.11,2025-03-11,111.28,42,-0.06571789415213003,0.6633885946807595,6wk-exit
A,TREL-B.ST,2025-01-28,386.48,2025-03-11,383.42,42,-0.007924586495678398,0.6633885946807595,6wk-exit
A,KINV-B.ST,2025-01-28,86.46,2025-03-11,73.25,42,-0.15278740717503703,0.6270695019211847,6wk-exit
A,EQT.ST,2025-02-18,359.81,2025-03-11,290.2,21,-0.19347829442676245,0.7167284070573597,rotate
A,LIFCO-B.ST,2025-02-18,400.14,2025-03-11,347.95,21,-0.13041344756901896,0.7167284070573597,rotate
A,GETI-B.ST,2025-02-18,201.83,2025-04-01,211.82,42,0.04950495798051224,0.7167284070573597,6wk-exit
A,SINCH.ST,2025-03-11,22.14,2025-04-01,21.15,21,-0.044715438049245826,0.6280401294267244,rotate
A,SSAB-A.ST,2025-03-11,62.92,2025-04-24,56.0,44,-0.10998810878079812,0.6280401294267244,6wk-exit
A,SAAB-B.ST,2025-03-11,381.1,2025-04-24,423.93,44,0.11238847296152721,0.6280401294267244,6wk-exit
A,SWED-A.ST,2025-03-11,216.88,2025-04-24,203.18,44,-0.06315636615588305,0.6280401294267244,6wk-exit
A,VOLV-B.ST,2025-03-11,282.35,2025-04-24,248.68,44,-0.11922462666272948,0.5302930314053681,6wk-exit
A,NDA-SE.ST,2025-04-01,126.85,2025-04-24,126.7,23,-0.0011755333174230387,0.6171344256355281,rotate
A,BOL.ST,2025-04-01,320.66,2025-04-24,292.59,23,-0.08752659925539696,0.6171344256355281,rotate
A,ESSITY-B.ST,2025-04-24,261.23,2025-05-16,266.92,22,0.02179539166458433,0.5995140583027495,rotate
A,TEL2-B.ST,2025-04-24,128.23,2025-06-10,134.39,47,0.04799231395687009,0.5995140583027495,6wk-exit
A,TELIA.ST,2025-04-24,33.33,2025-06-10,33.38,47,0.0014107818663657845,0.5995140583027495,6wk-exit
A,SSAB-A.ST,2025-05-16,57.54,2025-06-10,58.64,25,0.018983060016081188,0.6073417461200662,rotate
A,SAAB-B.ST,2025-05-16,447.3,2025-07-02,486.41,47,0.08743600009060493,0.6073417461200662,6wk-exit
A,SHB-A.ST,2025-05-16,112.47,2025-07-02,109.72,47,-0.024456575010444626,0.6073417461200662,6wk-exit
A,SWED-A.ST,2025-05-16,231.18,2025-07-02,228.09,47,-0.01337004795346175,0.5785119863363751,6wk-exit
A,WALL-B.ST,2025-06-10,46.89,2025-07-23,45.12,43,-0.03787867325072514,0.5998524511695803,6wk-exit
A,ADDT-B.ST,2025-06-10,325.88,2025-07-23,332.42,43,0.020060783556113293,0.5998524511695803,6wk-exit
A,CAST.ST,2025-06-10,120.31,2025-07-23,114.09,43,-0.0516844349409753,0.5998524511695803,6wk-exit
A,BALD-B.ST,2025-07-02,71.5,2025-07-23,69.16,21,-0.03272722150895979,0.6130324701885989,rotate
A,TEL2-B.ST,2025-07-02,131.1,2025-07-23,143.63,21,0.09556682870280109,0.6130324701885989,rotate
A,SINCH.ST,2025-07-02,28.25,2025-08-13,30.5,42,0.07964601769911495,0.6130324701885989,6wk-exit
A,SKF-B.ST,2025-07-23,232.65,2025-08-13,231.18,21,-0.006339863789831757,0.637790393561751,rotate
A,KINV-B.ST,2025-07-23,91.62,2025-08-13,87.48,21,-0.04518663245513688,0.637790393561751,rotate
A,HPOL-B.ST,2025-07-23,83.09,2025-08-13,79.03,21,-0.048863699283021145,0.47447768666913454,rotate
A,EQT.ST,2025-07-23,327.82,2025-09-03,329.4,42,0.004808985759972906,0.637790393561751,6wk-exit
A,SAND.ST,2025-07-23,237.43,2025-09-03,234.38,42,-0.012852339258518364,0.637790393561751,6wk-exit
A,SAAB-B.ST,2025-08-13,497.77,2025-09-03,530.1,21,0.06495850884814125,0.6048040835785266,rotate
A,AZN.ST,2025-08-13,1476.26,2025-09-03,1545.2,21,0.04670053002839625,0.5311133813697595,rotate
A,EVO.ST,2025-08-13,810.0,2025-09-24,820.6,42,0.0130863896122686,0.6048040835785266,6wk-exit
A,ABB.ST,2025-08-13,637.81,2025-09-24,669.37,42,0.0494833510511401,0.6048040835785266,6wk-exit
A,HUSQ-B.ST,2025-09-03,51.33,2025-09-24,47.62,21,-0.07235333552860834,0.607823718335157,rotate
A,VOLV-B.ST,2025-09-03,266.08,2025-09-24,261.85,21,-0.01589023461218464,0.607823718335157,rotate
A,NIBE-B.ST,2025-09-03,37.02,2025-09-24,34.65,21,-0.06398926037078678,0.607823718335157,rotate
A,TEL2-B.ST,2025-09-03,158.11,2025-10-15,154.97,42,-0.019835126285120297,0.607823718335157,6wk-exit
A,ASSA-B.ST,2025-09-24,315.71,2025-10-15,331.83,21,0.05105850342555929,0.5957547791376978,rotate
A,SAND.ST,2025-09-24,255.84,2025-10-15,266.96,21,0.043478406084618504,0.5957547791376978,rotate
A,HEXA-B.ST,2025-09-24,115.84,2025-10-15,113.24,21,-0.0224137837920787,0.5957547791376978,rotate
A,GETI-B.ST,2025-09-24,204.67,2025-10-15,203.21,21,-0.007153070169912623,0.5957547791376978,rotate
A,AZN.ST,2025-09-24,1419.31,2025-11-05,1559.69,42,0.09890881118284489,0.5957547791376978,6wk-exit
A,SWED-A.ST,2025-10-15,262.09,2025-11-05,265.09,21,0.011446527640153414,0.6165497934549071,rotate
A,NDA-SE.ST,2025-10-15,154.83,2025-11-05,155.93,21,0.007062606648405634,0.6165497934549071,rotate
A,SEB-A.ST,2025-10-15,169.84,2025-11-05,169.98,21,0.0008287054810010019,0.5529044780123737,rotate
A,BOL.ST,2025-10-15,408.57,2025-11-26,435.07,42,0.06486357206991777,0.6165497934549071,6wk-exit
A,HM-B.ST,2025-10-15,166.14,2025-11-26,170.46,42,0.026026066018373095,0.6165497934549071,6wk-exit
A,ATCO-A.ST,2025-11-05,156.39,2025-11-26,154.02,21,-0.015127610398977143,0.6114108215783914,rotate
A,GETI-B.ST,2025-11-05,213.85,2025-11-26,208.58,21,-0.02464634569586932,0.6075542241386237,rotate
A,ERIC-B.ST,2025-11-05,92.56,2025-12-17,88.34,42,-0.04559011022880044,0.6114108215783914,6wk-exit
A,SAND.ST,2025-11-05,283.3,2025-12-17,279.86,42,-0.012161280749387493,0.6114108215783914,6wk-exit
A,NDA-SE.ST,2025-11-26,166.76,2025-12-17,168.26,21,0.008941852703641784,0.6134840927965455,rotate
A,SWED-A.ST,2025-11-26,271.36,2025-12-17,282.09,21,0.03953096043282733,0.6134840927965455,rotate
A,SSAB-A.ST,2025-11-26,66.18,2026-01-15,76.05,50,0.1491305749165872,0.6134840927965455,6wk-exit
A,INVE-B.ST,2025-11-26,318.17,2026-01-15,344.09,50,0.08146761116808054,0.6134840927965455,6wk-exit
A,AZN.ST,2025-12-17,1687.58,2026-01-15,1731.54,29,0.026050921343064193,0.6171945277379147,rotate
A,BOL.ST,2025-12-17,481.04,2026-02-05,600.05,50,0.24740796531438902,0.6171945277379147,6wk-exit
A,HM-B.ST,2025-12-17,177.26,2026-02-05,181.18,50,0.02208118609225629,0.6171945277379147,6wk-exit
A,ELUX-B.ST,2025-12-17,61.26,2026-02-05,82.0,50,0.33855700696577684,0.6009407663850972,6wk-exit
A,ERIC-B.ST,2026-01-15,87.07,2026-02-05,98.04,21,0.12590583694312918,0.670740845636636,rotate
A,SAND.ST,2026-01-15,323.37,2026-02-05,361.07,21,0.11659047539953238,0.6707408456366359,rotate
A,NDA-SE.ST,2026-01-15,179.54,2026-02-05,174.77,21,-0.026578067442598274,0.6514396392761583,rotate
A,SSAB-A.ST,2026-02-05,72.33,2026-02-26,78.47,21,0.0849513828317332,0.7223023086217175,rotate
A,SWED-A.ST,2026-02-05,319.09,2026-02-26,318.18,21,-0.0028490897688985273,0.7223023086217175,rotate
A,ATCO-A.ST,2026-02-05,184.68,2026-02-26,191.92,21,0.039231375053003115,0.7223023086217175,rotate
A,ATCO-B.ST,2026-02-05,160.05,2026-02-26,166.54,21,0.040578025544960594,0.7127888477618035,rotate
A,SAAB-B.ST,2026-02-05,638.04,2026-03-19,671.48,42,0.05240917477671081,0.7223023086217175,6wk-exit
A,VOLV-B.ST,2026-02-05,332.76,2026-03-19,283.28,42,-0.1487150436517588,0.7223023086217175,6wk-exit
A,ELUX-B.ST,2026-02-26,75.52,2026-03-19,60.5,21,-0.19888767625422576,0.7427305816793582,rotate
A,BOL.ST,2026-02-26,684.15,2026-04-13,531.99,46,-0.2224127616152356,0.7427305816793581,6wk-exit
A,SAND.ST,2026-02-26,391.78,2026-04-13,391.0,46,-0.0020100575318113822,0.7427305816793582,6wk-exit
A,EPI-A.ST,2026-02-26,266.48,2026-04-13,252.38,46,-0.052906055924627604,0.7427305816793582,6wk-exit
A,TEL2-B.ST,2026-03-19,186.03,2026-05-05,179.61,47,-0.03448266528208754,0.6348446973998368,6wk-exit
A,TELIA.ST,2026-03-19,45.95,2026-05-05,48.32,47,0.051702930213227694,0.6348446973998368,6wk-exit
A,INDU-C.ST,2026-03-19,447.09,2026-05-05,477.8,47,0.06868941479023483,0.6348446973998368,6wk-exit
A,ERIC-B.ST,2026-04-13,110.7,2026-05-05,110.4,22,-0.0027099858232475516,0.6793918656753059,rotate
A,ABB.ST,2026-04-13,840.2,2026-05-27,986.8,44,0.17448223453466727,0.6793918656753059,6wk-exit
A,SECU-B.ST,2026-04-13,163.68,2026-05-27,155.4,44,-0.050579955472515814,0.6793918656753059,6wk-exit
A,NIBE-B.ST,2026-05-05,45.34,2026-05-27,37.3,22,-0.1773192002556393,0.6819705174041281,rotate
A,ADDT-B.ST,2026-05-05,334.0,2026-05-27,341.8,22,0.023353256865175975,0.681970517404128,rotate
A,SAND.ST,2026-05-05,381.8,2026-05-27,387.3,22,0.01440544833904589,0.6233461928333631,rotate
A,CAST.ST,2026-05-05,119.35,2026-06-17,121.95,43,0.02178465443956301,0.6819705174041281,6wk-exit
A,ERIC-B.ST,2026-05-27,121.25,2026-06-17,109.65,21,-0.09567009050821518,0.6751436496151112,rotate
A,EQT.ST,2026-05-27,318.4,2026-06-17,285.6,21,-0.10301503901294806,0.6751436496151111,rotate
A,TELIA.ST,2026-05-27,48.86,2026-06-17,48.17,21,-0.014164209955609741,0.6190155074188813,rotate
A,SINCH.ST,2026-05-27,37.33,2026-07-09,38.59,43,0.03375296704338804,0.6751436496151112,6wk-exit
A,EVO.ST,2026-05-27,688.0,2026-07-09,682.0,43,-0.008720930232558155,0.6751436496151111,6wk-exit
A,EPI-A.ST,2026-06-17,274.1,2026-07-09,255.6,22,-0.06749361396589448,0.6379634048658075,rotate
B,ABB.ST,2010-02-22,130.44,2010-04-07,143.99,44,0.1038782336452817,0.125,time
B,HPOL-B.ST,2010-02-24,3.97,2010-04-09,4.53,44,0.1428571772059435,0.12490070051908295,time
B,BALD-B.ST,2010-02-26,2.64,2010-04-13,2.96,46,0.12105293876258116,0.1251004164349201,time
B,TREL-B.ST,2010-04-20,37.52,2010-05-05,34.22,15,-0.0880732180358823,0.13055811787416038,stop
B,HM-B.ST,2010-04-12,125.64,2010-05-06,118.85,24,-0.054022693111519415,0.12998999381812465,stop
B,ERIC-B.ST,2010-04-27,52.52,2010-05-06,49.49,9,-0.057669614205358544,0.13019117659936172,stop
B,VOLV-B.ST,2010-04-27,43.43,2010-05-07,38.84,10,-0.10555560338004766,0.13019117659936172,stop
B,SKF-B.ST,2010-04-20,82.92,2010-06-02,82.71,43,-0.0025494729785766612,0.13055811787416038,time
B,HPOL-B.ST,2010-05-12,4.7,2010-06-24,5.07,43,0.07848835469102289,0.1262299935283457,time
B,BALD-B.ST,2010-05-12,2.64,2010-06-24,2.83,43,0.07368449964032409,0.1262299935283457,time
B,TEL2-B.ST,2010-05-12,29.29,2010-06-24,30.58,43,0.04382911626267405,0.1262299935283457,time
B,AZN.ST,2010-07-02,325.72,2010-08-13,348.75,42,0.07068759702363869,0.12804478643455433,time
B,HEXA-B.ST,2010-07-09,13.32,2010-08-20,15.33,42,0.15040290538596013,0.12834544976697165,time
B,TREL-B.ST,2010-07-23,37.39,2010-08-24,33.48,32,-0.10460405250492189,0.1290647231603852,stop
B,HUSQ-B.ST,2010-07-22,32.32,2010-09-02,29.53,42,-0.08623283380391822,0.12954583271930992,time
B,ALFA.ST,2010-07-22,83.93,2010-09-02,80.84,42,-0.03691008455943978,0.12954583271930992,time
B,HPOL-B.ST,2010-07-23,4.86,2010-09-03,4.86,42,0.0,0.1290647231603852,time
B,SCA-B.ST,2010-07-23,6.48,2010-09-03,6.43,42,-0.0077072395578586805,0.1290647231603852,time
B,SHB-A.ST,2010-09-03,23.78,2010-10-15,26.24,42,0.10343138556285325,0.12728721890765873,time
B,HOLM-B.ST,2010-09-06,63.47,2010-10-18,63.23,42,-0.0037664730229006738,0.12727561316002897,time
B,TREL-B.ST,2010-09-16,39.97,2010-10-28,41.86,42,0.047372917931685965,0.12781299582693706,time
B,SWED-A.ST,2010-10-25,35.6,2010-10-28,34.03,3,-0.044102560476208974,0.1316244330272319,stop
B,HPOL-B.ST,2010-10-20,6.67,2010-12-01,7.27,42,0.09016408392050534,0.13056584481965572,time
B,SKF-B.ST,2010-10-21,105.56,2010-12-02,117.44,42,0.11249999909659159,0.13120440471209802,time
B,BOL.ST,2010-10-25,66.94,2010-12-06,75.69,42,0.1308089322343431,0.1316244330272319,time
B,SECU-B.ST,2010-11-17,36.14,2010-12-30,37.9,43,0.04866680691814884,0.12993658568000055,time
B,VOLV-B.ST,2010-12-03,55.3,2011-01-19,54.14,47,-0.020942469054877066,0.13391939406301256,time
B,HPOL-B.ST,2011-01-14,9.34,2011-01-26,8.66,12,-0.07309954650460737,0.13782333133700342,stop
B,LUND-B.ST,2010-12-15,100.67,2011-01-31,101.75,47,0.010685299248174518,0.1337716314093324,time
B,BALD-B.ST,2010-12-17,4.71,2011-02-02,4.89,47,0.037735644716007766,0.13382033003877736,time
B,LATO-B.ST,2011-01-04,21.66,2011-02-03,20.64,30,-0.04707777082461129,0.13762850114536873,stop
B,TEL2-B.ST,2011-01-25,37.21,2011-03-07,35.08,41,-0.057342579064501686,0.13376192667877645,stop
B,SWED-A.ST,2011-02-10,38.01,2011-03-24,40.1,42,0.05475497324332523,0.13293428052016898,time
B,SAAB-B.ST,2011-02-18,22.63,2011-04-01,24.52,42,0.08353018529214773,0.13250201957312804,time
B,NIBE-B.ST,2011-02-18,5.17,2011-04-01,5.5,42,0.06326021528525505,0.13250201957312804,time
B,BALD-B.ST,2011-03-01,5.11,2011-04-12,5.27,42,0.030434628876036873,0.13362445069460846,time
B,ATCO-B.ST,2011-04-26,18.89,2011-05-23,16.93,27,-0.10336098751598011,0.1351917778667936,stop
B,SKF-B.ST,2011-04-21,115.88,2011-06-08,108.3,48,-0.06545844309153714,0.13511528538671344,time
B,SSAB-A.ST,2011-05-03,48.27,2011-06-08,42.9,36,-0.11126512352706364,0.13481662642502418,stop
B,TREL-B.ST,2011-04-26,50.74,2011-06-09,48.15,44,-0.05087110125505556,0.1351917778667936,time
B,ERIC-B.ST,2011-04-29,58.95,2011-06-14,56.99,46,-0.033242619897547176,0.13578962163098096,time
B,NIBE-B.ST,2011-06-01,5.89,2011-06-20,5.31,19,-0.09782625766497677,0.13336739872586634,stop
B,HPOL-B.ST,2011-05-10,11.19,2011-06-23,10.54,44,-0.057692204424462656,0.13545364569242502,time
B,SSAB-A.ST,2011-07-26,39.09,2011-07-28,37.95,2,-0.02907622281878064,0.12540795019555362,stop
B,ALFA.ST,2011-07-21,102.14,2011-08-01,94.92,11,-0.07070687906820272,0.12585594674019115,stop
B,TREL-B.ST,2011-07-22,51.09,2011-08-02,45.82,11,-0.10311418173553089,0.12568512651936295,stop
B,SWED-A.ST,2011-07-25,41.17,2011-08-02,38.49,8,-0.06509943086125847,0.12579094881218397,stop
B,ASSA-B.ST,2011-08-09,37.45,2011-08-10,36.04,1,-0.03778861001629319,0.1213769420276503,stop
B,SAND.ST,2011-08-11,55.22,2011-08-18,48.96,7,-0.11343833351870358,0.12073811280175843,stop
B,ELUX-B.ST,2011-08-11,68.25,2011-08-18,61.8,7,-0.09452313883299801,0.12073811280175843,stop
B,SKF-B.ST,2011-08-11,90.38,2011-08-18,81.88,7,-0.09400554861240373,0.12073811280175845,stop
B,BOL.ST,2011-08-11,51.66,2011-08-18,46.65,7,-0.096924041221912,0.12073811280175845,stop
B,ABB.ST,2011-08-11,126.07,2011-08-18,117.24,7,-0.07003607311932325,0.11861778673379687,stop
B,NIBE-B.ST,2011-08-18,5.21,2011-08-23,4.9,5,-0.05896822847267502,0.1135456325819617,stop
B,BALD-B.ST,2011-09-19,4.33,2011-09-21,4.25,2,-0.019230697281962028,0.11254273498492001,stop
B,SECU-B.ST,2011-08-11,25.73,2011-09-22,25.33,42,-0.015640456608222664,0.12073811280175845,time
B,HPOL-B.ST,2011-08-11,8.59,2011-09-22,8.3,42,-0.03398933962487216,0.12073811280175845,time
B,ATCO-B.ST,2011-08-11,14.4,2011-09-22,13.37,42,-0.07154719621013961,0.12073811280175845,time
B,NIBE-B.ST,2011-09-20,5.22,2011-09-22,5.02,2,-0.039215858081122934,0.11332480022141792,stop
B,SSAB-A.ST,2011-10-31,28.21,2011-11-01,25.4,1,-0.09952628839463018,0.11109041530743226,stop
B,SSAB-A.ST,2011-11-01,25.4,2011-11-02,27.23,1,0.07192987764340097,0.10762711606349348,stop
B,BALD-B.ST,2011-11-01,4.2,2011-11-02,4.17,1,-0.007936614260746877,0.10762711606349348,stop
B,ELUX-B.ST,2011-09-27,64.7,2011-11-08,71.57,42,0.10624402914572895,0.10949412142041762,time
B,HPOL-B.ST,2011-10-25,10.33,2011-12-06,10.7,42,0.035714447309345365,0.11025485931193964,time
B,SCA-B.ST,2011-10-27,7.48,2011-12-08,7.46,42,-0.002062064566511812,0.11147758519355283,time
B,LUND-B.ST,2011-12-02,87.31,2011-12-12,81.79,10,-0.06326635059676633,0.1107901235568285,stop
B,SSAB-A.ST,2011-12-02,27.5,2011-12-14,25.11,12,-0.08670959842991988,0.11079012355682849,stop
B,SAAB-B.ST,2011-12-02,21.56,2012-01-17,26.32,46,0.22052630247326732,0.1107901235568285,time
B,BOL.ST,2011-12-02,59.72,2012-01-17,69.86,46,0.16967886312631064,0.11079012355682849,time
B,SWED-A.ST,2011-12-02,33.31,2012-01-17,35.99,46,0.08044666188773797,0.11079012355682849,time
B,ATCO-A.ST,2011-12-02,18.6,2012-01-17,19.8,46,0.064251642629918,0.10386488231502901,time
B,SCA-B.ST,2012-01-19,8.7,2012-03-01,9.23,42,0.06117036558764344,0.1154276207686441,time
B,FABG.ST,2012-01-23,19.36,2012-03-05,19.32,42,-0.0024935590117839412,0.1154342512626096,time
B,ADDT-B.ST,2012-02-22,10.9,2012-03-08,10.2,15,-0.06349207599593598,0.11637306870809491,stop
B,HPOL-B.ST,2012-02-09,14.14,2012-03-22,13.34,42,-0.05652160364717651,0.11641079105455489,time
B,ASSA-B.ST,2012-02-14,51.21,2012-03-27,54.57,42,0.06550672087261855,0.11659491877899945,time
B,SKF-B.ST,2012-03-12,102.08,2012-03-29,96.72,17,-0.05247300091117468,0.11563215304888425,stop
B,TREL-B.ST,2012-02-17,50.24,2012-03-30,48.86,42,-0.02744550454494199,0.1170195882070725,time
B,LATO-B.ST,2012-03-28,26.06,2012-04-10,24.01,13,-0.07894742619358597,0.11408081527174539,stop
B,HUSQ-B.ST,2012-04-16,26.53,2012-05-08,23.59,22,-0.11091682022133442,0.11269226141213655,stop
B,ELUX-B.ST,2012-04-27,92.53,2012-05-09,85.45,12,-0.0765101381678005,0.11277914058572487,stop
B,INDU-C.ST,2012-05-02,67.16,2012-05-14,62.5,12,-0.06935731393237576,0.11232522336613979,stop
B,SSAB-A.ST,2012-05-02,30.93,2012-05-16,27.28,14,-0.11812780678497792,0.11232522336613979,stop
B,TREL-B.ST,2012-04-23,54.28,2012-05-18,48.36,25,-0.10909068163086277,0.1121052663662668,stop
B,HEXA-B.ST,2012-05-14,18.32,2012-05-18,16.9,4,-0.07726952853036351,0.10695203556162516,stop
B,SAND.ST,2012-05-02,66.17,2012-06-01,57.94,30,-0.12436797625694829,0.11232522336613979,stop
B,TELIA.ST,2012-04-26,19.35,2012-06-12,19.28,47,-0.003602655827482648,0.1117956191888209,time
B,INDU-C.ST,2012-07-03,63.74,2012-08-14,64.15,42,0.006451671597208941,0.10259042142240715,time
B,SAAB-B.ST,2012-07-03,21.83,2012-08-14,21.13,42,-0.032229699078103025,0.10259042142240717,time
B,SEB-A.ST,2012-07-18,22.77,2012-08-29,22.99,42,0.009512492706845954,0.10251706092618529,time
B,TREL-B.ST,2012-07-23,49.34,2012-09-03,50.48,42,0.022962865207702965,0.1016578258926614,time
B,ELUX-B.ST,2012-07-23,91.23,2012-09-03,100.48,42,0.10142946306506051,0.10165782589266138,time
B,SAND.ST,2012-07-23,60.0,2012-09-03,59.14,42,-0.01439664317788858,0.1016578258926614,time
B,SCA-B.ST,2012-07-23,10.7,2012-09-03,11.13,42,0.040245139206952496,0.1016578258926614,time
B,ABB.ST,2012-07-30,108.81,2012-09-10,113.3,42,0.041211171882312936,0.1040801544142562,time
B,SSAB-A.ST,2012-09-18,23.65,2012-09-19,23.46,1,-0.007774537602943665,0.10574971563432026,stop
B,HUSQ-B.ST,2012-09-18,23.45,2012-09-20,22.83,2,-0.026843616029337936,0.10574971563432027,stop
B,SAND.ST,2012-09-18,63.66,2012-09-21,61.96,3,-0.026618111137917233,0.10574971563432027,stop
B,TREL-B.ST,2012-09-18,56.65,2012-09-26,54.09,8,-0.04516115347995364,0.10574971563432027,stop
B,NIBE-B.ST,2012-08-17,5.55,2012-09-28,5.65,42,0.018823584613233635,0.10585747430256014,time
B,SAAB-B.ST,2012-08-29,22.42,2012-10-10,24.34,42,0.08566578493598342,0.1025876748736983,time
B,BOL.ST,2012-09-18,70.99,2012-10-30,72.61,42,0.022806938168470348,0.10574971563432027,time
B,ASSA-B.ST,2012-09-18,56.94,2012-10-30,59.03,42,0.03664221690684344,0.09594939807085937,time
B,SCA-B.ST,2012-10-22,12.1,2012-12-03,12.64,42,0.04489165050907551,0.1043005642834592,time
B,HPOL-B.ST,2012-10-25,18.25,2012-12-06,20.92,42,0.146047943167817,0.1044719961826244,time
B,HUSQ-B.ST,2012-10-30,25.51,2012-12-11,26.95,42,0.056638165441692756,0.1049003851375689,time
B,SECU-B.ST,2012-11-09,27.79,2012-12-21,30.47,42,0.09646599901212771,0.10546273043892508,time
B,LATO-B.ST,2013-03-01,27.84,2013-03-08,27.31,7,-0.01904743765389083,0.10957577627406581,stop
B,SWED-A.ST,2013-02-01,59.52,2013-03-15,62.49,42,0.04993431458085551,0.10886084557900018,time
B,ERIC-B.ST,2013-02-04,51.56,2013-03-18,55.77,42,0.08160615858461928,0.10858057085611213,time
B,ABB.ST,2013-02-18,131.78,2013-04-03,134.34,44,0.0194446782738964,0.10908354647845635,time
B,KINV-B.ST,2013-02-19,55.24,2013-04-04,58.87,44,0.06586009103983081,0.10955808386405613,time
B,HPOL-B.ST,2013-04-24,22.33,2013-06-11,26.87,48,0.20326377344047164,0.11124808265586508,time
B,SWED-A.ST,2013-04-25,65.11,2013-06-12,64.2,48,-0.014084483938204717,0.11141279816329241,time
B,TREL-B.ST,2013-04-26,70.47,2013-06-13,78.0,48,0.10681694096890992,0.11100937717271823,time
B,HEXA-B.ST,2013-05-15,27.92,2013-06-20,25.05,36,-0.10300641372907005,0.1154069957246574,stop
B,SKA-B.ST,2013-05-13,70.68,2013-06-24,64.04,42,-0.09388125736336606,0.115366863897409,stop
B,GETI-B.ST,2013-07-15,127.88,2013-08-26,129.59,42,0.013362065236812937,0.11220768168552467,time
B,ELUX-B.ST,2013-07-23,114.94,2013-08-30,111.69,38,-0.028270576500164957,0.11223123609629054,stop
B,SECU-B.ST,2013-08-09,39.16,2013-09-20,40.69,42,0.03911794238769706,0.11325256525915556,time
B,NIBE-B.ST,2013-08-20,6.4,2013-10-01,6.64,42,0.039069018477870365,0.11268824148024145,time
B,SAAB-B.ST,2013-08-29,24.12,2013-10-10,24.65,42,0.022023144528423133,0.11183458683266444,time
B,HM-B.ST,2013-09-30,167.82,2013-11-11,162.47,42,-0.03188835062992479,0.1132226693681082,time
B,ADDT-B.ST,2013-10-16,18.2,2013-11-27,19.23,42,0.056701149231349834,0.11269728679457726,time
B,TELIA.ST,2013-10-21,24.74,2013-12-02,24.72,42,-0.0009380736489184027,0.1132001552015356,time
B,SCA-B.ST,2013-10-22,19.13,2013-12-03,20.55,42,0.07405318216198253,0.11283448940356858,time
B,HPOL-B.ST,2013-10-28,31.84,2013-12-09,29.16,42,-0.08400006710275465,0.11399633542810093,time
B,NIBE-B.ST,2013-11-13,7.08,2013-12-30,7.71,47,0.0885884902042322,0.11353957676292634,time
B,KINV-B.ST,2013-12-18,116.78,2014-01-20,107.09,33,-0.0829932644742074,0.11364061379292378,stop
B,SKF-B.ST,2014-01-30,115.57,2014-02-04,110.94,5,-0.04000011090988154,0.11238541800270435,stop
B,SAAB-B.ST,2013-12-23,34.19,2014-02-11,32.6,50,-0.0466052160806969,0.11438219165006414,time
B,SSAB-A.ST,2014-01-24,25.02,2014-03-07,22.97,42,-0.08198889245263297,0.11241325055509536,time
B,HPOL-B.ST,2014-02-10,34.35,2014-03-24,33.9,42,-0.01297500482525904,0.11119480422966799,time
B,HUSQ-B.ST,2014-02-10,27.4,2014-03-24,28.9,42,0.054659968294682004,0.111194804229668,time
B,HEXA-B.ST,2014-02-13,30.46,2014-03-24,28.74,39,-0.05648438938946054,0.11170716694792279,stop
B,NIBE-B.ST,2014-02-17,9.23,2014-03-31,8.85,42,-0.040898779844697364,0.1126948786756954,time
B,BALD-B.ST,2014-04-22,13.96,2014-06-05,14.67,44,0.050746247038115255,0.10933071367710494,time
B,AZN.ST,2014-04-24,428.33,2014-06-10,453.08,47,0.05778831906215398,0.10901508211618088,time
B,HUSQ-B.ST,2014-04-28,37.64,2014-06-12,37.28,45,-0.00946968218799471,0.1105564430939385,time
B,ELUX-B.ST,2014-04-29,116.45,2014-06-13,107.0,45,-0.08117246399475575,0.11091881947110108,time
B,KINV-B.ST,2014-05-13,106.3,2014-06-27,115.27,45,0.08441300008462149,0.111218199056686,time
B,HEXA-B.ST,2014-05-13,29.8,2014-06-27,29.66,45,-0.00462528608787971,0.11121819905668599,time
B,ADDT-B.ST,2014-05-16,19.56,2014-07-02,23.74,47,0.2134293849717177,0.10924338793555922,time
B,SSAB-A.ST,2014-05-26,29.74,2014-07-10,29.88,45,0.004735441939729412,0.10122486844131601,time
B,NIBE-B.ST,2014-06-26,11.26,2014-07-10,10.64,14,-0.05494519647469265,0.11172701817863798,stop
B,SAAB-B.ST,2014-06-11,41.21,2014-07-24,39.37,43,-0.04445531088676491,0.11114081934052275,time
B,ELUX-B.ST,2014-07-22,118.75,2014-08-04,110.87,13,-0.06633479609259274,0.11292691149888287,stop
B,HUSQ-B.ST,2014-07-18,39.17,2014-08-08,36.49,21,-0.06824402660969486,0.11209601466081452,stop
B,BOL.ST,2014-07-07,70.33,2014-08-18,71.65,42,0.018779499581442316,0.11328738765621206,time
B,ATCO-B.ST,2014-07-18,25.84,2014-08-29,25.57,42,-0.010621411899606747,0.1120960146608145,time
B,ERIC-B.ST,2014-07-22,62.25,2014-09-02,61.93,42,-0.005181306824992404,0.11292691149888287,time
B,ADDT-B.ST,2014-07-25,20.83,2014-09-05,19.36,42,-0.07023351522176591,0.1126299305041074,time
B,BALD-B.ST,2014-08-28,16.12,2014-09-11,15.58,14,-0.03359175098034761,0.10908160104978747,stop
B,ELUX-B.ST,2014-09-10,126.04,2014-10-01,122.69,21,-0.02656218835454227,0.10798927426063094,stop
B,KINV-B.ST,2014-10-02,90.23,2014-10-03,93.57,1,0.037002726399194774,0.10750789193021085,stop
B,GETI-B.ST,2014-10-21,90.8,2014-12-02,98.54,42,0.08526626007789395,0.10794492925509973,time
B,ELUX-B.ST,2014-10-22,129.98,2014-12-03,144.75,42,0.11363622222819636,0.10799138037015807,time
B,HEXA-B.ST,2014-10-24,32.75,2014-12-05,32.73,42,-0.000420648665637402,0.10825105613372507,time
B,HUSQ-B.ST,2014-10-24,37.53,2014-12-05,40.02,42,0.0664768269732563,0.10825105613372508,time
B,HOLM-B.ST,2014-10-27,83.44,2014-12-08,92.71,42,0.11111110095132193,0.10804917656243779,time
B,VOLV-B.ST,2014-10-28,45.62,2014-12-09,45.52,42,-0.0023779087262645326,0.10927065203304018,time
B,BALD-B.ST,2014-10-30,15.5,2014-12-11,17.17,42,0.10752684070217988,0.10984376495763477,time
B,SECU-B.ST,2014-11-06,50.89,2014-12-18,53.24,42,0.04618015454951396,0.10206175829275212,time
B,TEL2-B.ST,2015-02-09,38.73,2015-03-10,36.35,29,-0.06138119331238279,0.11641379788735678,stop
B,ELUX-B.ST,2015-01-30,168.25,2015-03-13,170.61,42,0.014045885129282398,0.11456742416676927,time
B,GETI-B.ST,2015-01-30,116.3,2015-03-13,128.88,42,0.10817429586865801,0.11456742416676925,time
B,NDA-SE.ST,2015-01-30,97.66,2015-03-13,103.04,42,0.0550805379734598,0.11456742416676927,time
B,SAND.ST,2015-02-02,62.95,2015-03-16,68.06,42,0.08114291420605424,0.11482384856325464,time
B,SCA-B.ST,2015-02-03,25.29,2015-03-17,25.51,42,0.008823590417778693,0.11602464569230977,time
B,SECU-B.ST,2015-02-09,65.4,2015-03-23,69.52,42,0.06299887035784213,0.11641379788735678,time
B,HEXA-B.ST,2015-02-10,40.01,2015-03-24,40.93,42,0.02307962349974524,0.10714907045100878,time
B,SKF-B.ST,2015-03-13,149.39,2015-04-28,150.42,46,0.006898556462173522,0.11803006494648963,time
B,TEL2-B.ST,2015-04-23,44.38,2015-06-08,46.22,46,0.04140421971800534,0.11821293686535655,time
B,HUSQ-B.ST,2015-04-23,45.15,2015-06-08,45.08,46,-0.0015921687533291262,0.11821293686535655,time
B,VOLV-B.ST,2015-04-24,66.99,2015-06-09,60.9,46,-0.09090908573212464,0.11866523858367078,time
B,ELUX-B.ST,2015-04-28,174.34,2015-06-11,174.88,44,0.003065162401444832,0.11806981587386967,time
B,SAND.ST,2015-04-29,70.98,2015-06-12,75.09,44,0.05790832614925545,0.11694965656477531,time
B,SSAB-A.ST,2015-04-29,23.46,2015-06-12,22.26,44,-0.05141039706788342,0.11694965656477532,time
B,NIBE-B.ST,2015-05-13,13.06,2015-06-26,12.86,44,-0.014993641322698315,0.11705213069890881,time
B,SEB-A.ST,2015-06-24,57.41,2015-07-07,53.58,13,-0.06672750854820686,0.11711913091573531,stop
B,SECU-B.ST,2015-07-03,68.64,2015-08-14,67.45,42,-0.017346285813623963,0.11634453268322786,time
B,ALFA.ST,2015-07-20,132.31,2015-08-19,118.92,30,-0.10116504831975048,0.1177947693847958,stop
B,ATCO-A.ST,2015-07-20,36.6,2015-08-19,32.24,30,-0.11893436272024915,0.1177947693847958,stop
B,ATCO-B.ST,2015-07-20,31.36,2015-08-19,27.82,30,-0.11298941181492927,0.1177947693847958,stop
B,LATO-B.ST,2015-08-13,56.53,2015-08-24,50.06,11,-0.11455673161240132,0.11222423889270086,stop
B,NIBE-B.ST,2015-07-14,13.48,2015-08-25,13.51,42,0.002017636793114397,0.11675209927460048,time
B,TELIA.ST,2015-08-27,25.13,2015-09-24,23.22,28,-0.07594673803606466,0.10882258224207182,stop
B,NDA-SE.ST,2015-08-27,93.62,2015-09-24,85.13,28,-0.09063747641784103,0.10882258224207184,stop
B,GETI-B.ST,2015-09-04,115.38,2015-09-24,107.21,20,-0.07081871649362748,0.10774920495428908,stop
B,SCA-B.ST,2015-08-27,33.0,2015-10-07,30.36,41,-0.07994864025675019,0.10882258224207184,stop
B,BALD-B.ST,2015-08-27,24.8,2015-10-08,26.9,42,0.08467743734167277,0.10882258224207185,time
B,SHB-A.ST,2015-08-27,55.51,2015-10-08,54.28,42,-0.02216956118733604,0.10882258224207182,time
B,EVO.ST,2015-08-31,40.74,2015-10-12,45.52,42,0.11722490972799049,0.10898775248423645,time
B,BOL.ST,2015-10-13,103.34,2015-11-24,102.4,42,-0.009061630070150262,0.10654812520485275,time
B,SINCH.ST,2015-11-23,7.46,2015-11-24,7.29,1,-0.022471883525745584,0.09849289822818007,stop
B,GETI-B.ST,2015-10-19,121.46,2015-11-30,127.6,42,0.05057237613592225,0.10637227660352093,time
B,TEL2-B.ST,2015-10-23,38.93,2015-12-04,38.98,42,0.001173055238634202,0.10762162479897157,time
B,TREL-B.ST,2015-10-26,114.19,2015-12-07,133.67,42,0.1705967022870407,0.1075211121417108,time
B,KINV-B.ST,2015-10-27,118.98,2015-12-08,110.66,42,-0.06995592295686814,0.10699839045676975,time
B,LIFCO-B.ST,2015-11-05,38.22,2015-12-17,38.66,42,0.011320591650735512,0.10826157067583303,time
B,SECU-B.ST,2015-11-06,73.82,2015-12-18,75.07,42,0.016935303168984728,0.108697873012514,time
B,EVO.ST,2015-12-02,60.04,2016-01-12,50.97,41,-0.15097406620140297,0.11191087124013246,stop
B,SEB-A.ST,2016-02-08,43.24,2016-02-11,40.43,3,-0.06492719752736598,0.10593837857558669,stop
B,SSAB-A.ST,2016-02-16,9.44,2016-03-31,13.73,44,0.4549979338822101,0.10502221874099053,time
B,NIBE-B.ST,2016-02-19,14.1,2016-04-05,15.03,46,0.06556117429659247,0.10563960988388735,time
B,WALL-B.ST,2016-02-29,28.24,2016-04-13,30.08,44,0.06510201281999928,0.10751523088364069,time
B,KINV-B.ST,2016-04-21,111.36,2016-04-29,101.2,8,-0.09126668462098719,0.11254402697054208,stop
B,SSAB-A.ST,2016-04-26,16.07,2016-05-03,14.68,7,-0.08674069559037878,0.11255429718054587,stop
B,SAAB-B.ST,2016-04-25,55.4,2016-06-08,58.02,44,0.047259104430458,0.11252414763954131,time
B,HOLM-B.ST,2016-04-28,107.35,2016-06-13,101.23,46,-0.0570222275982456,0.11264667803523899,time
B,ELUX-B.ST,2016-05-02,156.27,2016-06-15,149.18,44,-0.0453752665465893,0.1108042612306203,time
B,SINCH.ST,2016-05-17,6.2,2016-06-30,6.05,44,-0.024123462310892574,0.10996319449109836,time
B,ERIC-B.ST,2016-06-17,49.32,2016-08-01,48.7,45,-0.012539089420505856,0.10883153381128677,time
B,HUSQ-B.ST,2016-07-19,53.25,2016-08-30,54.55,42,0.024356391666905397,0.10791069541608908,time
B,AZN.ST,2016-08-01,543.38,2016-09-12,529.02,42,-0.02643151419354972,0.10835811988147938,time
B,EVO.ST,2016-08-10,53.08,2016-09-21,54.15,42,0.020220478711266532,0.10860579858574448,time
B,SCA-B.ST,2016-08-26,42.23,2016-10-07,39.46,42,-0.06564139625641396,0.10720272977784837,time
B,HOLM-B.ST,2016-08-26,117.4,2016-10-07,116.34,42,-0.009011750679793429,0.10720272977784837,time
B,GETI-B.ST,2016-10-20,91.59,2016-10-21,91.29,1,-0.003227997593538201,0.10729996308833205,stop
B,SSAB-A.ST,2016-11-11,20.92,2016-12-23,23.53,42,0.12492082189674947,0.1071977478559102,time
B,ATCO-A.ST,2016-11-11,42.45,2016-12-23,42.86,42,0.009757996720372697,0.10719774785591019,time
B,SAND.ST,2016-11-11,81.98,2016-12-23,87.83,42,0.07136143846913612,0.1071977478559102,time
B,BOL.ST,2016-11-14,159.75,2016-12-27,162.83,43,0.01928845610683938,0.10832209145692029,time
B,EVO.ST,2017-01-11,56.59,2017-01-23,51.91,12,-0.08275858954155835,0.11156034355526238,stop
B,ADDT-B.ST,2016-12-13,29.38,2017-01-26,32.09,44,0.09245282112352537,0.11222152391555484,time
B,SKA-B.ST,2017-02-07,145.98,2017-02-24,143.05,17,-0.020100554513193813,0.11018164771448549,stop
B,TEL2-B.ST,2017-01-30,38.77,2017-03-13,42.1,42,0.08590180963379845,0.10999613131294174,time
B,EVO.ST,2017-01-30,55.32,2017-03-13,66.54,42,0.2028216362312667,0.10999613131294174,time
B,HM-B.ST,2017-02-02,163.4,2017-03-15,155.37,41,-0.049167113501201176,0.11025367606497882,stop
B,ALFA.ST,2017-02-02,140.22,2017-03-16,138.04,42,-0.015541219424315189,0.11025367606497882,time
B,HEXA-B.ST,2017-02-06,50.14,2017-03-20,49.86,42,-0.005575794944898682,0.10975642157629463,time
B,HPOL-B.ST,2017-02-07,60.54,2017-03-21,60.24,42,-0.004966777253729182,0.11018164771448549,time
B,BOL.ST,2017-02-14,195.01,2017-03-28,183.78,42,-0.05758429504857332,0.10741803653218186,time
B,NIBE-B.ST,2017-05-15,19.97,2017-05-22,18.85,7,-0.05604209744348332,0.11177162848947593,stop
B,SCA-B.ST,2017-04-19,51.67,2017-06-02,53.62,44,0.03763250750357261,0.11139214291552348,time
B,SSAB-A.ST,2017-04-25,26.6,2017-06-05,23.46,41,-0.11795519223357676,0.11107840438470074,stop
B,EVO.ST,2017-04-24,75.99,2017-06-07,86.94,44,0.14415565795347263,0.11149012892362511,time
B,TEL2-B.ST,2017-04-26,45.6,2017-06-09,48.43,44,0.062000855404586774,0.11117781277168577,time
B,VOLV-B.ST,2017-04-27,86.29,2017-06-12,86.11,46,-0.0020630466125285407,0.1105958440989581,time
B,GETI-B.ST,2017-04-27,103.14,2017-06-12,108.98,46,0.056592795540290064,0.11059584409895809,time
B,SAAB-B.ST,2017-04-28,93.27,2017-06-13,92.36,46,-0.009790471541278656,0.11097814338677721,time
B,LIFCO-B.ST,2017-06-05,50.9,2017-07-17,52.59,42,0.033102846555671084,0.11279578103948605,time
B,HEXA-B.ST,2017-06-16,59.12,2017-07-28,56.59,42,-0.04283326235114304,0.11297853400547041,time
B,TEL2-B.ST,2017-07-21,52.52,2017-08-23,50.4,33,-0.040492197563197885,0.11232343172636997,stop
B,VOLV-B.ST,2017-09-05,86.65,2017-10-17,90.86,42,0.04863032750084506,0.1116004305200116,time
B,ELUX-B.ST,2017-10-31,205.77,2017-11-27,192.98,27,-0.06216221787809828,0.10992293391924803,stop
B,TEL2-B.ST,2017-10-23,56.1,2017-12-04,58.26,42,0.0383876309703064,0.11221595349839505,time
B,HEXA-B.ST,2017-10-31,60.74,2017-12-04,57.4,34,-0.05497324801992509,0.11309805123013696,stop
B,ERIC-B.ST,2017-10-24,42.08,2017-12-05,41.89,42,-0.004672793845048262,0.11203701435690681,time
B,VOLV-B.ST,2017-10-24,97.81,2017-12-05,95.13,42,-0.027305781885113678,0.11203701435690683,time
B,EVO.ST,2017-10-27,117.83,2017-12-08,110.33,42,-0.06365160029175976,0.11229996480623233,time
B,ESSITY-B.ST,2017-10-30,189.54,2017-12-11,194.29,42,0.025071877002313725,0.1120730152507309,time
B,ADDT-B.ST,2017-10-30,40.94,2017-12-11,41.51,42,0.01385042686902116,0.1120730152507309,time
B,HEXA-B.ST,2018-01-15,64.94,2018-02-26,69.33,42,0.06753856635273636,0.1098385137325901,time
B,SAAB-B.ST,2018-02-21,82.72,2018-03-01,79.11,8,-0.043645730635990976,0.11035196293091004,stop
B,ELUX-B.ST,2018-02-02,193.4,2018-03-02,177.89,28,-0.08015820491748438,0.10996385688799837,stop
B,GETI-B.ST,2018-03-12,92.7,2018-03-21,83.72,9,-0.09687067148511219,0.10888206709417672,stop
B,LATO-B.ST,2018-04-30,82.6,2018-05-03,79.12,3,-0.04209967342296994,0.10176790221090909,stop
B,ADDT-B.ST,2018-04-12,39.69,2018-05-28,42.87,46,0.08000013454526589,0.10750664764497428,time
B,EVO.ST,2018-04-23,111.0,2018-06-06,111.69,44,0.006233231427979602,0.10844464412719702,time
B,NIBE-B.ST,2018-04-23,20.51,2018-06-06,21.57,44,0.05171113161889318,0.10844464412719704,time
B,ERIC-B.ST,2018-04-24,52.71,2018-06-07,50.89,44,-0.034367390342033066,0.10790274496659137,time
B,TELIA.ST,2018-04-24,25.98,2018-06-07,25.71,44,-0.010380021527399919,0.10790274496659137,time
B,ALFA.ST,2018-04-25,188.54,2018-06-08,196.16,44,0.04038999761900475,0.10763347633596508,time
B,HPOL-B.ST,2018-04-26,63.59,2018-06-11,68.97,46,0.08474579118307135,0.10856241330147104,time
B,TEL2-B.ST,2018-06-18,63.31,2018-06-28,58.74,10,-0.07227849078244042,0.11011079219473549,stop
B,LATO-B.ST,2018-05-23,85.25,2018-07-04,82.97,42,-0.02681807044130835,0.09705552090202625,time
B,SINCH.ST,2018-06-04,7.01,2018-07-16,8.5,42,0.2125534554163393,0.10927682618055988,time
B,FABG.ST,2018-07-10,101.58,2018-08-21,102.28,42,0.006911858648761315,0.11154886921449597,time
B,ALFA.ST,2018-07-18,210.07,2018-08-29,215.85,42,0.027499958234457944,0.11107475092730495,time
B,GETI-B.ST,2018-07-19,80.58,2018-08-30,96.03,42,0.19180324609292887,0.1108374848851419,time
B,TEL2-B.ST,2018-07-20,67.28,2018-08-31,62.95,42,-0.06428864336069107,0.11085150443603324,time
B,EVO.ST,2018-07-20,136.8,2018-08-31,138.48,42,0.012283127545576367,0.11085150443603324,time
B,ERIC-B.ST,2018-07-20,58.59,2018-08-31,61.83,42,0.05526655838333938,0.11085150443603324,time
B,LIFCO-B.ST,2018-07-23,71.16,2018-09-03,71.26,42,0.0013174890153857532,0.11103353004568425,time
B,SINCH.ST,2018-07-24,10.66,2018-09-04,10.92,42,0.024390265722654236,0.10780345870870907,time
B,LATO-B.ST,2018-08-24,94.44,2018-09-05,90.92,12,-0.03724412943540889,0.1118267566320372,stop
B,SAAB-B.ST,2018-10-02,98.42,2018-10-23,77.57,21,-0.21190910573572608,0.11540449322303828,stop
B,HM-B.ST,2018-09-19,101.72,2018-10-31,116.35,42,0.14384746061335063,0.11330222010447283,time
B,EVO.ST,2018-10-30,133.73,2018-11-13,117.52,14,-0.12121212812726234,0.1112733299866189,stop
B,ERIC-B.ST,2018-10-22,67.05,2018-11-14,62.23,23,-0.07195805737856564,0.11442445032374585,stop
B,NIBE-B.ST,2018-11-20,21.91,2018-11-22,21.4,2,-0.023030459420826266,0.10782472472473306,stop
B,SECU-B.ST,2018-10-30,100.93,2018-12-11,94.72,42,-0.06151868295969731,0.1112733299866189,time
B,BALD-B.ST,2018-11-08,43.13,2018-12-20,42.37,42,-0.01777433806450157,0.11077926505385483,time
B,GETI-B.ST,2018-11-23,80.63,2018-12-27,69.31,34,-0.1404545147459263,0.10755464895853029,stop
B,SINCH.ST,2019-01-23,10.5,2019-03-06,12.68,42,0.20761907668340784,0.10579185398469837,time
B,GETI-B.ST,2019-02-01,90.88,2019-03-15,94.18,42,0.0363371057093862,0.10583832736331816,time
B,ESSITY-B.ST,2019-02-04,196.7,2019-03-18,215.25,42,0.09430889528251885,0.10524045217307618,time
B,ELUX-B.ST,2019-02-05,167.79,2019-03-19,173.27,42,0.03271003942054418,0.10590909324980449,time
B,ASSA-B.ST,2019-02-07,165.49,2019-03-21,172.92,42,0.04494975661827616,0.10557569817426483,time
B,HEXA-B.ST,2019-02-08,65.22,2019-03-22,67.4,42,0.03344199296432104,0.10555356434101372,time
B,SKA-B.ST,2019-02-13,118.59,2019-03-27,126.95,42,0.07050504907536559,0.10644559362784824,time
B,AZN.ST,2019-02-18,734.73,2019-04-01,755.35,42,0.02807737502113139,0.10412239960202757,time
B,ABB.ST,2019-04-23,181.78,2019-05-07,173.04,14,-0.04807581973422703,0.11347459223635789,stop
B,ATCO-A.ST,2019-04-29,65.69,2019-05-07,62.28,8,-0.05185193573583513,0.11402979197438798,stop
B,HM-B.ST,2019-04-02,114.64,2019-05-17,122.32,45,0.06701146982740513,0.11254942138359551,time
B,GETI-B.ST,2019-04-25,113.73,2019-06-12,126.87,48,0.11553470496928786,0.11385413038274379,time
B,EVO.ST,2019-04-29,187.04,2019-06-14,182.1,46,-0.026455055374527414,0.11402979197438796,time
B,ADDT-B.ST,2019-05-17,60.38,2019-07-05,63.28,49,0.04789283431000202,0.11170262445692387,time
B,SINCH.ST,2019-05-21,14.16,2019-07-08,13.6,48,-0.03954798530910497,0.11250142928260967,stop
B,SCA-B.ST,2019-06-27,71.88,2019-07-18,67.64,21,-0.05891209953341059,0.1144411843035388,stop
B,EVO.ST,2019-07-23,224.16,2019-08-06,188.43,14,-0.15938197295876422,0.11350072001186126,stop
B,HOLM-B.ST,2019-06-27,160.97,2019-08-09,162.55,43,0.009813860738177471,0.1144411843035388,time
B,HM-B.ST,2019-07-01,126.91,2019-08-13,131.2,43,0.03385532769953592,0.11587434190719509,time
B,EPI-A.ST,2019-07-22,91.47,2019-08-14,83.41,23,-0.08809186450392692,0.11255496318865409,stop
B,SKA-B.ST,2019-07-29,137.93,2019-08-14,130.29,16,-0.05537263113365298,0.11267775958809623,stop
B,AZN.ST,2019-07-29,834.03,2019-09-10,819.13,43,-0.017858171313363425,0.11267775958809623,time
B,HOLM-B.ST,2019-08-20,182.76,2019-10-01,193.73,42,0.06005444876573529,0.10843945615248674,time
B,BOL.ST,2019-09-09,182.63,2019-10-03,167.21,24,-0.08445649374102837,0.1088365857553348,stop
B,NDA-SE.ST,2019-09-09,64.66,2019-10-21,68.41,42,0.058046351134035,0.1088365857553348,time
B,ADDT-B.ST,2019-10-28,67.54,2019-11-21,59.52,24,-0.11867359128379351,0.10938495231301151,stop
B,SINCH.ST,2019-10-14,16.66,2019-11-25,21.95,42,0.3175270686661542,0.10779030150464097,time
B,ERIC-B.ST,2019-10-21,71.16,2019-12-02,69.27,42,-0.02644164942024796,0.10766592412011541,time
B,GETI-B.ST,2019-10-22,141.92,2019-12-03,146.53,42,0.03253033072986744,0.10742185631232533,time
B,HOLM-B.ST,2019-10-22,231.81,2019-12-03,240.29,42,0.0365853257172708,0.10742185631232533,time
B,SCA-B.ST,2019-10-22,86.51,2019-12-03,84.54,42,-0.02270361067207638,0.10742185631232533,time
B,ATCO-A.ST,2019-10-23,73.61,2019-12-04,78.61,42,0.0679904937858018,0.10833204602480123,time
B,ALFA.ST,2019-10-28,203.39,2019-12-09,207.96,42,0.022447272780742544,0.10759147828883421,time
B,EQT.ST,2019-12-03,105.6,2019-12-13,97.68,10,-0.07503283762208579,0.11133961262301256,stop
B,HEXA-B.ST,2019-12-17,76.71,2019-12-18,75.15,1,-0.020332539970726038,0.11114850333778144,stop
B,SINCH.ST,2019-12-05,26.0,2020-01-24,29.2,50,0.12307695242074823,0.11140042805057002,time
B,TREL-B.ST,2019-12-06,149.68,2020-01-27,140.25,52,-0.06295737264519097,0.1115309330084737,time
B,ADDT-B.ST,2019-12-23,71.9,2020-02-11,74.49,50,0.03606550523328367,0.11170961870268581,time
B,HPOL-B.ST,2020-02-04,63.96,2020-02-18,60.6,14,-0.0525709276590689,0.11172065127440828,stop
B,ALFA.ST,2020-02-06,229.62,2020-02-24,208.5,18,-0.09200790455209484,0.11185592436548591,stop
B,HM-B.ST,2020-02-03,163.38,2020-02-25,146.88,22,-0.10093582956374869,0.1107022263468511,stop
B,SKF-B.ST,2020-02-06,159.07,2020-02-25,140.84,19,-0.11459656506043214,0.11185592436548591,stop
B,LIFCO-B.ST,2020-02-06,105.1,2020-02-25,100.64,19,-0.042380637675368815,0.10713548614346491,stop
B,VOLV-B.ST,2020-02-03,108.78,2020-02-27,99.8,24,-0.08258282299331543,0.11070222634685112,stop
B,ERIC-B.ST,2020-02-11,71.68,2020-02-28,62.19,17,-0.13238281282016373,0.11256840643142557,stop
B,SWED-A.ST,2020-01-30,90.25,2020-03-10,82.78,40,-0.08272518383129956,0.1107150936797283,stop
B,GETI-B.ST,2020-03-09,151.28,2020-03-10,150.13,1,-0.007629120529977662,0.10090367033122181,stop
B,SINCH.ST,2020-02-24,44.0,2020-03-11,38.6,16,-0.12272730740633875,0.1062987177353075,stop
B,EQT.ST,2020-03-17,90.21,2020-03-18,73.21,1,-0.18841170257383244,0.09944320821268186,stop
B,LIFCO-B.ST,2020-03-17,68.46,2020-03-18,60.08,1,-0.12236993489166592,0.09944320821268186,stop
B,ERIC-B.ST,2020-03-17,55.2,2020-04-30,69.66,44,0.2620444784168374,0.09944320821268186,time
B,LUND-B.ST,2020-03-17,366.34,2020-04-30,392.02,44,0.07009341512425671,0.09944320821268185,time
B,GETI-B.ST,2020-03-18,153.41,2020-05-04,163.18,47,0.06365742260309815,0.09580352428960918,time
B,HOLM-B.ST,2020-03-19,198.89,2020-05-05,230.32,47,0.1580267291031625,0.0965123212776428,time
B,EQT.ST,2020-03-24,96.85,2020-05-08,140.03,45,0.44593323267442875,0.09822113043479812,time
B,WALL-B.ST,2020-03-24,48.71,2020-05-08,49.82,45,0.022966584524921174,0.09822113043479813,time
B,LIFCO-B.ST,2020-03-26,69.03,2020-05-12,95.72,47,0.38660094961471647,0.10214462247843939,time
B,SEB-A.ST,2020-05-04,49.69,2020-05-13,48.35,9,-0.026858351099402933,0.1073153478609622,stop
B,SINCH.ST,2020-03-31,39.2,2020-05-15,55.2,45,0.40816325736214654,0.07236754360048461,time
B,HPOL-B.ST,2020-04-30,52.65,2020-06-15,52.58,46,-0.0014035989627828593,0.11237262303942759,time
B,ADDT-B.ST,2020-05-15,70.72,2020-06-30,88.26,46,0.24799988866844336,0.11426811107188801,time
B,LATO-B.ST,2020-05-15,146.98,2020-06-30,152.76,46,0.03936049231423455,0.11426811107188803,time
B,SINCH.ST,2020-06-02,62.4,2020-07-15,78.5,43,0.25801278975039765,0.11971611344962613,time
B,ALFA.ST,2020-07-23,200.35,2020-07-31,185.4,8,-0.0746200668785264,0.12195825375257388,stop
B,AZN.ST,2020-07-17,1038.62,2020-08-05,965.39,19,-0.07050304277848729,0.12400290857336593,stop
B,EVO.ST,2020-07-03,652.87,2020-08-14,601.37,42,-0.07888334901434024,0.12428542227672659,time
B,ERIC-B.ST,2020-07-21,85.25,2020-09-01,82.06,42,-0.03744606044237353,0.12250707331403718,time
B,SAAB-B.ST,2020-07-21,68.31,2020-09-01,61.54,42,-0.09903036502295337,0.12250707331403718,time
B,LIFCO-B.ST,2020-07-21,137.51,2020-09-01,130.53,42,-0.05076495363628175,0.12250707331403718,time
B,NIBE-B.ST,2020-08-21,58.92,2020-09-03,55.25,13,-0.062272587163604176,0.1165611456895281,stop
B,TREL-B.ST,2020-08-13,132.8,2020-09-24,138.41,42,0.04224436169271595,0.11869536259019789,time
B,HM-B.ST,2020-09-17,125.89,2020-10-28,111.82,41,-0.1118031717112119,0.11697434008828465,stop
B,LIFCO-B.ST,2020-10-26,122.4,2020-10-28,118.58,2,-0.0312499922085544,0.11519398569654146,stop
B,ERIC-B.ST,2020-10-23,89.46,2020-12-04,86.12,42,-0.03734437286036674,0.11606838395009862,time
B,EPI-A.ST,2020-10-27,122.01,2020-12-08,132.45,42,0.08559673941957846,0.11419828155669864,time
B,SINCH.ST,2020-11-05,96.4,2020-12-17,119.2,42,0.2365144715920211,0.11462890444292459,time
B,HM-B.ST,2020-11-11,134.79,2020-12-23,135.26,42,0.003490218456748906,0.11314246472945635,time
B,SKA-B.ST,2020-11-11,161.03,2020-12-23,161.03,42,0.0,0.11314246472945635,time
B,ASSA-B.ST,2020-11-11,197.77,2020-12-23,183.17,42,-0.07384098789084859,0.11314246472945635,time
B,SEB-A.ST,2020-11-11,61.0,2020-12-23,57.3,42,-0.06055250849448057,0.11314246472945635,time
B,SHB-A.ST,2020-11-11,46.04,2020-12-23,45.93,42,-0.002397660872015761,0.11314246472945635,time
B,SAND.ST,2021-01-11,177.17,2021-02-22,185.12,42,0.04486573893646195,0.11579849175918042,time
B,VOLV-B.ST,2021-01-11,137.4,2021-02-22,141.13,42,0.02710429235695333,0.1157984917591804,time
B,SSAB-A.ST,2021-01-20,25.56,2021-03-03,27.1,42,0.06041378523875007,0.11627630040575743,time
B,SINCH.ST,2021-02-19,173.0,2021-03-05,140.4,14,-0.1884393416388186,0.11203640944397672,stop
B,EQT.ST,2021-01-28,240.57,2021-03-11,237.39,42,-0.013255384659100145,0.11453600629983415,time
B,GETI-B.ST,2021-02-01,195.74,2021-03-15,210.51,42,0.07548036149961024,0.11616140796283644,time
B,ERIC-B.ST,2021-02-02,88.14,2021-03-16,96.63,42,0.09639681946788281,0.11714342996050044,time
B,ADDT-B.ST,2021-02-09,119.87,2021-03-23,122.73,42,0.023809563209073792,0.11660381690229146,time
B,ELUX-B.ST,2021-03-11,210.66,2021-04-26,220.08,46,0.04472664427031492,0.11727801354144675,time
B,HOLM-B.ST,2021-03-22,323.47,2021-05-05,349.94,44,0.08182119140006794,0.11871394673421337,time
B,EVO.ST,2021-04-29,1650.99,2021-05-11,1354.13,12,-0.1798103605291178,0.12049020124242195,stop
B,ADDT-B.ST,2021-04-08,132.24,2021-05-21,128.44,43,-0.028776911177968323,0.11843004998577242,time
B,SAAB-B.ST,2021-04-27,60.63,2021-06-09,58.7,43,-0.0318344292555095,0.12018879348364249,time
B,LIFCO-B.ST,2021-05-25,176.76,2021-07-07,206.54,43,0.16852709749310169,0.11517343770544815,time
B,TEL2-B.ST,2021-07-16,88.65,2021-08-27,89.12,42,0.005376419047402603,0.11752289985421081,time
B,SINCH.ST,2021-07-20,161.6,2021-08-31,193.6,42,0.19801979450113305,0.11710696020431435,time
B,SAAB-B.ST,2021-07-23,61.57,2021-09-03,61.69,42,0.0019591061756982775,0.11839807489706937,time
B,EQT.ST,2021-07-26,411.54,2021-09-06,378.97,42,-0.07915812106957532,0.11870039131451648,time
B,EVO.ST,2021-07-26,1565.58,2021-09-06,1464.51,42,-0.06455693320552269,0.1187003913145165,time
B,SKA-B.ST,2021-07-27,196.69,2021-09-07,198.7,42,0.010204075299798054,0.11793080906419923,time
B,SECU-B.ST,2021-08-02,105.38,2021-09-09,99.9,38,-0.052013381761738864,0.11752045913358058,stop
B,NIBE-B.ST,2021-08-23,117.44,2021-10-04,103.28,42,-0.12054117536695541,0.11223935051143269,time
B,BOL.ST,2021-10-18,272.1,2021-10-22,248.66,4,-0.0861594590563094,0.11584784536488117,stop
B,AZN.ST,2021-09-22,1005.62,2021-11-03,1082.44,42,0.07639146122646068,0.11711377954551687,time
B,SSAB-A.ST,2021-10-27,34.16,2021-11-26,30.79,30,-0.09884436241464611,0.11498135911591506,stop
B,HM-B.ST,2021-11-25,137.26,2021-11-26,130.01,1,-0.05278170088216483,0.11605038840657286,stop
B,HUSQ-B.ST,2021-10-22,97.48,2021-12-03,114.72,42,0.17690971589008408,0.1149726575105961,time
B,GETI-B.ST,2021-10-22,370.6,2021-12-03,339.36,42,-0.08429038352715335,0.11497265751059611,time
B,SSAB-A.ST,2022-01-14,42.58,2022-01-24,37.07,10,-0.12947028060577748,0.11421542437472926,stop
B,HM-B.ST,2022-02-01,147.52,2022-02-02,144.47,1,-0.020683615182810366,0.1134552970739281,stop
B,ADDT-B.ST,2022-01-28,158.99,2022-02-14,150.37,17,-0.05421697326882191,0.11215911080008278,stop
B,ERIC-B.ST,2022-01-27,95.8,2022-02-16,83.3,20,-0.13046150940024437,0.11230823457424705,stop
B,HPOL-B.ST,2022-02-02,88.45,2022-02-23,79.84,21,-0.09732572237721848,0.11325504597493921,stop
B,ASSA-B.ST,2022-02-08,246.34,2022-02-24,226.61,16,-0.0800598321612237,0.11131020073712108,stop
B,FABG.ST,2022-02-09,125.69,2022-02-24,118.22,15,-0.05944039071074392,0.11247737429183405,stop
B,SSAB-A.ST,2022-03-04,42.96,2022-03-08,43.25,4,0.006563773104503623,0.107339744771568,stop
B,AZN.ST,2022-02-14,1061.4,2022-03-28,1233.09,42,0.16175643199606937,0.10975543328200804,time
B,ELUX-B.ST,2022-03-31,140.13,2022-04-01,139.77,1,-0.002515768060624146,0.1120375750486109,stop
B,SAAB-B.ST,2022-02-28,69.02,2022-04-11,89.78,42,0.3007978027264302,0.10672237534980208,time
B,EQT.ST,2022-03-18,335.0,2022-04-26,265.55,39,-0.20732407874194503,0.1106449271555894,stop
B,ADDT-B.ST,2022-04-25,164.84,2022-04-26,159.66,1,-0.03137709724336912,0.11166121484013643,stop
B,SCA-B.ST,2022-03-14,159.01,2022-04-27,174.58,44,0.097921074987523,0.1101580417605075,time
B,HOLM-B.ST,2022-03-15,442.04,2022-04-28,484.91,44,0.09700044267692776,0.11037319074917676,time
B,SEB-A.ST,2022-04-29,84.92,2022-05-06,81.53,7,-0.03989244594288277,0.11092752432641445,stop
B,HPOL-B.ST,2022-05-02,68.47,2022-05-09,65.6,7,-0.041843501873080724,0.11003127461348426,stop
B,EVO.ST,2022-05-02,1013.3,2022-05-10,883.21,8,-0.12837845896192202,0.11003127461348425,stop
B,TREL-B.ST,2022-03-29,199.8,2022-05-12,198.58,44,-0.006119790264588643,0.11148477858217137,time
B,ESSITY-B.ST,2022-04-26,230.48,2022-06-09,225.79,44,-0.020361034749488693,0.10914242230771103,time
B,WALL-B.ST,2022-05-13,50.65,2022-06-09,45.06,27,-0.11048686092302273,0.10874925562576898,stop
B,EQT.ST,2022-05-13,257.53,2022-06-10,224.89,28,-0.1267411456250278,0.10874925562576898,stop
B,FABG.ST,2022-05-13,104.47,2022-06-13,97.12,31,-0.07033907867383304,0.10874925562576898,stop
B,SINCH.ST,2022-05-03,42.8,2022-06-14,37.53,42,-0.12324761227131087,0.11126203300836696,stop
B,ADDT-B.ST,2022-05-13,153.25,2022-06-16,132.46,34,-0.13562495264224184,0.10874925562576898,stop
B,WALL-B.ST,2022-06-21,43.34,2022-07-04,39.76,13,-0.0825125042084115,0.09933278023538798,stop
B,NIBE-B.ST,2022-08-22,96.98,2022-08-23,94.88,1,-0.021667477583109718,0.09820009916569991,stop
B,ALFA.ST,2022-07-22,278.65,2022-09-02,266.99,42,-0.04182008290527928,0.09825587660438079,time
B,SECU-B.ST,2022-08-01,74.61,2022-09-07,65.43,37,-0.12296294357108262,0.09820420123302141,stop
B,LUND-B.ST,2022-09-02,417.5,2022-09-20,396.16,18,-0.0510982422685341,0.09626511018278518,stop
B,SECU-B.ST,2022-09-26,71.28,2022-09-29,67.47,3,-0.053456099471567486,0.09503362457574395,stop
B,SAAB-B.ST,2022-09-23,83.59,2022-11-04,99.16,42,0.18618255105420567,0.09514334718027864,time
B,SINCH.ST,2022-10-04,16.46,2022-11-15,37.51,42,1.2788846818770248,0.09477944694220204,time
B,CAST.ST,2022-10-10,93.07,2022-11-21,105.7,42,0.13565226700539923,0.09427974394875939,time
B,SAND.ST,2022-10-19,151.07,2022-11-30,174.03,42,0.15199027586103098,0.09787956838845194,time
B,SHB-A.ST,2022-10-21,65.68,2022-12-02,66.5,42,0.01257254856677914,0.10455498321954917,time
B,KINV-B.ST,2022-10-24,137.25,2022-12-05,152.8,42,0.11329692569586758,0.10176431598356965,time
B,SKA-B.ST,2022-10-28,144.76,2022-12-09,141.56,42,-0.022041557043561477,0.1039656253449042,time
B,LATO-B.ST,2022-11-11,206.88,2022-12-19,180.79,38,-0.12612207351470606,0.1223404469816086,stop
B,ADDT-B.ST,2022-12-02,152.56,2023-01-17,159.44,46,0.045079452458695934,0.1153638597561388,time
B,ERIC-B.ST,2023-01-16,55.88,2023-01-17,54.75,1,-0.020217741389929933,0.1148342052001385,stop
B,KINV-B.ST,2023-02-06,174.15,2023-02-10,161.0,4,-0.07550958574423372,0.11426719090160228,stop
B,EQT.ST,2023-02-06,241.21,2023-03-02,218.69,24,-0.0933544046555459,0.11426719090160228,stop
B,HUSQ-B.ST,2023-01-31,79.22,2023-03-14,79.1,42,-0.001580761818563703,0.11441169614657731,time
B,SSAB-A.ST,2023-01-31,57.01,2023-03-14,58.82,42,0.031746084853403245,0.11441169614657731,time
B,SKF-B.ST,2023-02-06,181.62,2023-03-17,166.11,39,-0.08535996735440354,0.11426719090160228,stop
B,EVO.ST,2023-02-06,1326.26,2023-03-20,1249.06,42,-0.05820731359356446,0.11426719090160228,time
B,ADDT-B.ST,2023-02-06,184.92,2023-03-20,174.84,42,-0.0544788045012905,0.1142671909016023,time
B,ALFA.ST,2023-02-06,320.04,2023-03-20,322.74,42,0.008447338278389616,0.11312499681549598,time
B,SAAB-B.ST,2023-02-14,125.1,2023-03-28,154.02,42,0.2312208477594595,0.1051751317328174,time
B,SEB-A.ST,2023-04-28,94.25,2023-05-02,91.26,4,-0.03175960245655818,0.1124679302358331,stop
B,TELIA.ST,2023-04-28,23.34,2023-05-17,21.71,19,-0.07002817235657177,0.11246793023583311,stop
B,HM-B.ST,2023-04-03,126.36,2023-05-19,127.01,46,0.005127534778438747,0.11220514478964153,time
B,VOLV-B.ST,2023-04-14,178.78,2023-05-30,171.73,46,-0.03942054570843967,0.11295083230569435,time
B,SSAB-A.ST,2023-04-28,62.66,2023-06-14,70.11,47,0.11890997364520439,0.1124679302358331,time
B,ATCO-A.ST,2023-05-02,137.95,2023-06-15,151.14,44,0.09554794259181865,0.11068816188443567,time
B,ATCO-B.ST,2023-05-02,120.91,2023-06-15,129.96,44,0.07486440438191622,0.11068816188443567,time
B,ELUX-B.ST,2023-05-03,173.7,2023-06-16,144.75,44,-0.16666665202572506,0.11071104323665516,time
B,SCA-B.ST,2023-05-03,135.28,2023-06-16,135.19,44,-0.0006902831480566363,0.10944145091694465,time
B,HM-B.ST,2023-07-03,162.61,2023-08-14,147.79,42,-0.09114551271849358,0.11145130249364246,time
B,ALFA.ST,2023-07-24,363.97,2023-08-18,348.25,25,-0.0431953675325657,0.11082426318387595,stop
B,BALD-B.ST,2023-08-14,51.08,2023-08-18,47.62,4,-0.06773693764956701,0.11004567369339749,stop
B,WALL-B.ST,2023-09-18,36.46,2023-09-19,36.46,1,0.0,0.10847474345660886,stop
B,SHB-A.ST,2023-10-20,68.79,2023-10-23,67.66,3,-0.016291280283003307,0.10788820913651768,stop
B,SAAB-B.ST,2023-10-11,142.62,2023-11-22,140.4,42,-0.015570952581020259,0.1084150823477077,time
B,TELIA.ST,2023-10-23,20.74,2023-12-04,21.75,42,0.048518071429464626,0.10763778738480806,time
B,LIFCO-B.ST,2023-10-24,189.53,2023-12-05,230.46,42,0.21597941837838008,0.10779393298935003,time
B,WALL-B.ST,2023-10-24,36.67,2023-12-05,47.63,42,0.2988199051684062,0.10779393298935004,time
B,SSAB-A.ST,2023-10-30,56.5,2023-12-11,66.72,42,0.18070810099757395,0.10711468042914872,time
B,FABG.ST,2023-11-06,83.89,2023-12-18,101.84,42,0.21396662134094702,0.11146553641695342,time
B,CAST.ST,2023-11-06,112.36,2023-12-18,139.55,42,0.2419494483403768,0.11146553641695342,time
B,SINCH.ST,2023-11-09,23.22,2023-12-21,35.96,42,0.5489984427359142,0.10150666649240812,time
B,KINV-B.ST,2023-12-18,108.6,2024-01-05,101.75,18,-0.06307549328146089,0.09908555831458014,stop
B,ELUX-B.ST,2023-12-18,107.05,2024-01-12,97.9,25,-0.08547408935107603,0.13211788822246043,stop
B,FABG.ST,2023-12-18,101.84,2024-01-15,94.1,28,-0.0759749835198067,0.13211788822246043,stop
B,CAST.ST,2023-12-18,139.55,2024-01-16,129.48,29,-0.07217945748818033,0.13211788822246043,stop
B,WALL-B.ST,2023-12-18,52.03,2024-01-17,47.82,30,-0.08085900420553038,0.13211788822246043,stop
B,ERIC-B.ST,2023-12-07,52.84,2024-01-23,58.0,47,0.09761576086670098,0.12730210073101147,time
B,EQT.ST,2023-12-18,270.1,2024-02-01,269.52,45,-0.002148209629465714,0.13211788822246043,time
B,SINCH.ST,2024-02-19,27.4,2024-02-20,27.5,1,0.003832100134969263,0.12717714775438255,stop
B,KINV-B.ST,2024-01-22,102.85,2024-03-04,103.7,42,0.008264448096564347,0.12419870220121339,time
B,SEB-A.ST,2024-01-29,120.95,2024-03-11,123.62,42,0.022073645597820324,0.12740426477893074,time
B,SWED-A.ST,2024-01-29,165.65,2024-03-11,177.7,42,0.07276991456140758,0.12740426477893074,time
B,EVO.ST,2024-02-05,1276.09,2024-03-18,1356.98,42,0.06338587102350202,0.12463763175286148,time
B,SHB-A.ST,2024-02-09,83.08,2024-03-22,84.41,42,0.01598892978018074,0.1249313192827002,time
B,SKA-B.ST,2024-02-13,162.97,2024-03-26,172.08,42,0.05596113366449784,0.12558295496362804,time
B,TEL2-B.ST,2024-02-28,75.51,2024-04-12,81.55,44,0.08000003637573228,0.12927490569762445,time
B,EQT.ST,2024-03-08,321.16,2024-04-18,280.06,41,-0.12797337231297912,0.12918962780906648,stop
B,GETI-B.ST,2024-04-24,221.05,2024-05-15,182.08,21,-0.1762807016768797,0.12961194361401085,stop
B,HM-B.ST,2024-04-02,149.7,2024-05-16,160.71,44,0.07349041423396896,0.12922514769608806,time
B,NIBE-B.ST,2024-05-20,55.17,2024-05-21,53.89,1,-0.023197673843748046,0.12906055943408645,stop
B,TEL2-B.ST,2024-04-22,89.34,2024-06-05,93.84,44,0.050305495607571915,0.1289355968133978,time
B,ABB.ST,2024-04-22,527.06,2024-06-05,582.7,44,0.10556198389600358,0.1289355968133978,time
B,ATCO-A.ST,2024-04-26,186.03,2024-06-12,197.44,47,0.06137183789793754,0.1302493796960747,time
B,ATCO-B.ST,2024-04-26,159.47,2024-06-12,169.87,47,0.06524980015719506,0.1302493796960747,time
B,ALFA.ST,2024-04-29,458.35,2024-06-13,463.26,45,0.010709734197810628,0.13077465815023245,time
B,AZN.ST,2024-04-29,1650.71,2024-06-13,1649.21,45,-0.0009060389805300995,0.11536577876922463,time
B,SAAB-B.ST,2024-06-04,247.92,2024-06-18,236.83,14,-0.044746295140022596,0.12913848520215804,stop
B,VOLV-B.ST,2024-07-22,257.69,2024-07-24,243.55,2,-0.05483756396817707,0.13011603476667857,stop
B,WALL-B.ST,2024-07-11,55.98,2024-08-05,51.0,25,-0.08900513819859046,0.1294608761687522,stop
B,LIFCO-B.ST,2024-07-16,311.92,2024-08-05,290.06,20,-0.070075684752952,0.1293405501785003,stop
B,SHB-A.ST,2024-07-19,82.78,2024-08-05,77.52,17,-0.06358102770004159,0.12972977203315103,stop
B,ADDT-B.ST,2024-07-16,321.31,2024-08-27,316.97,42,-0.01351643344943776,0.1293405501785003,time
B,GETI-B.ST,2024-07-22,193.07,2024-09-02,201.92,42,0.04583542206268798,0.13011603476667857,time
B,TELIA.ST,2024-07-22,27.49,2024-09-02,29.08,42,0.05754463407371713,0.13011603476667857,time
B,SINCH.ST,2024-07-23,27.65,2024-09-03,28.7,42,0.03797472545733771,0.12519364679184644,time
B,SINCH.ST,2024-09-11,31.32,2024-10-03,28.52,22,-0.08939972108375405,0.12645879781629282,stop
B,NIBE-B.ST,2024-09-27,55.31,2024-10-04,49.48,7,-0.1053756355358807,0.12735441314062323,stop
B,KINV-B.ST,2024-09-19,80.28,2024-10-16,74.82,27,-0.06801194777647057,0.1269287263046539,stop
B,SKF-B.ST,2024-09-19,192.36,2024-10-31,190.37,42,-0.010324547306510334,0.1269287263046539,time
B,SAAB-B.ST,2024-10-24,235.58,2024-10-31,217.79,7,-0.07552731859027972,0.12187690178890191,stop
B,SINCH.ST,2024-10-30,31.45,2024-11-06,23.84,7,-0.24197139668496148,0.1164691055224294,stop
B,SCA-B.ST,2024-10-29,137.33,2024-11-12,128.54,14,-0.06399178138995043,0.12194990311002081,stop
B,ERIC-B.ST,2024-10-17,83.23,2024-11-28,84.97,42,0.020800025958441104,0.12139085587870704,time
B,EVO.ST,2024-10-28,1037.1,2024-11-29,947.98,32,-0.0859337923449518,0.12241442494260259,stop
B,NDA-SE.ST,2024-10-21,123.48,2024-12-02,123.09,42,-0.0031986917565725026,0.1218303969970611,time
B,SHB-A.ST,2024-10-25,86.53,2024-12-06,90.21,42,0.04248665550003583,0.12170604192410109,time
B,EQT.ST,2024-12-03,318.16,2024-12-19,290.69,16,-0.08635524610964096,0.11535943700382302,stop
B,SECU-B.ST,2024-11-08,133.03,2024-12-20,130.84,42,-0.01644064238841303,0.11541239800439727,time
B,EQT.ST,2025-01-27,349.94,2025-02-24,336.15,28,-0.03939639232824266,0.11374601404043298,stop
B,HEXA-B.ST,2025-02-04,128.98,2025-03-04,117.11,28,-0.09199852263090946,0.11197515234313567,stop
B,KINV-B.ST,2025-01-30,88.23,2025-03-07,78.41,36,-0.11130000364045678,0.11391097690266883,stop
B,SAND.ST,2025-01-27,218.64,2025-03-10,221.7,42,0.013998215170686334,0.11374601404043298,time
B,GETI-B.ST,2025-01-30,208.39,2025-03-13,206.78,42,-0.007762541430363701,0.11391097690266884,time
B,VOLV-B.ST,2025-01-31,276.05,2025-03-14,282.98,42,0.025105839861898183,0.11384613968147558,time
B,TEL2-B.ST,2025-01-31,114.79,2025-03-14,120.97,42,0.053911682355580304,0.11384613968147558,time
B,SSAB-A.ST,2025-02-03,51.45,2025-03-17,65.09,42,0.26499446254511194,0.11298916346165469,time
B,SAAB-B.ST,2025-03-05,366.49,2025-04-16,439.92,42,0.2003767645380683,0.1150371298425569,time
B,ELUX-B.ST,2025-05-14,64.52,2025-06-02,59.22,19,-0.08214500462056118,0.11895250602192524,stop
B,ERIC-B.ST,2025-04-17,76.07,2025-06-04,80.25,48,0.05496186498263134,0.11757805634852705,time
B,SSAB-A.ST,2025-06-04,59.22,2025-06-16,56.18,12,-0.05138343205343965,0.1183609561371479,stop
B,KINV-B.ST,2025-05-14,82.3,2025-06-23,76.0,40,-0.07654924444894362,0.11895250602192524,stop
B,SINCH.ST,2025-05-12,24.42,2025-06-26,25.89,45,0.06019653189033014,0.1183198520125802,time
B,EVO.ST,2025-06-18,711.4,2025-07-31,872.4,43,0.2263143020449092,0.1166201644765568,time
B,SSAB-A.ST,2025-07-04,55.96,2025-08-01,54.77,28,-0.021261763466894568,0.11674016084266405,stop
B,KINV-B.ST,2025-07-10,92.52,2025-08-21,85.64,42,-0.07436227305498466,0.11817085283774481,time
B,NIBE-B.ST,2025-08-26,40.95,2025-08-27,39.88,1,-0.026143789023031272,0.11977227936630663,stop
B,ABB.ST,2025-07-21,630.42,2025-09-01,627.63,42,-0.004435925907315674,0.11996567237958024,time
B,TEL2-B.ST,2025-07-21,142.58,2025-09-01,159.68,42,0.11994655880826666,0.11996567237958022,time
B,SAAB-B.ST,2025-07-22,519.54,2025-09-02,528.41,42,0.017069411675836088,0.11981516069793202,time
B,GETI-B.ST,2025-07-22,184.28,2025-09-02,199.5,42,0.08262712285445706,0.11981516069793201,time
B,SINCH.ST,2025-07-24,34.5,2025-09-02,28.21,40,-0.18231886711673462,0.09354279331089256,stop
B,HEXA-B.ST,2025-09-09,110.0,2025-10-21,114.94,42,0.04493863624351957,0.11784607744695917,time
B,SINCH.ST,2025-09-11,29.8,2025-10-23,33.73,42,0.13187920824804134,0.11763981510704438,time
B,SKA-B.ST,2025-10-09,251.26,2025-11-07,228.68,29,-0.08984963319244033,0.120168380186611,stop
B,HM-B.ST,2025-09-29,165.95,2025-11-10,173.84,42,0.04755596508338966,0.1182380158425689,time
B,AZN.ST,2025-10-03,1586.66,2025-11-14,1679.59,42,0.05856427601935632,0.11970149088608209,time
B,SSAB-A.ST,2025-10-03,62.77,2025-11-14,61.54,42,-0.019577446522960895,0.11970149088608209,time
B,KINV-B.ST,2025-10-20,88.34,2025-11-14,80.58,25,-0.08784236844605275,0.10912771556254179,stop
B,FABG.ST,2025-10-23,86.24,2025-11-18,79.24,26,-0.08125010892093654,0.11931694952712224,stop
B,ERIC-B.ST,2025-10-16,89.12,2025-11-27,90.15,42,0.011504481065227612,0.11827609567827241,time
B,ASSA-B.ST,2025-10-23,355.62,2025-12-04,356.12,42,0.001407042472412856,0.11931694952712225,time
B,AZN.ST,2026-01-09,1752.53,2026-01-20,1657.61,11,-0.05416193861438923,0.11751558589602024,stop
B,SAAB-B.ST,2026-01-13,702.83,2026-02-05,638.04,23,-0.09217435435433874,0.11722364993614652,stop
B,NIBE-B.ST,2026-02-06,36.47,2026-03-09,33.78,31,-0.07366121302347062,0.1173156933390168,stop
B,ERIC-B.ST,2026-01-27,97.6,2026-03-10,102.88,42,0.0540403979607007,0.11685169540973048,time
B,EPI-A.ST,2026-01-28,249.41,2026-03-11,242.26,42,-0.028662433826308176,0.11636703290103056,time
B,ELUX-B.ST,2026-02-03,78.26,2026-03-12,62.6,37,-0.2001022646900693,0.11674205343797989,stop
B,ABB.ST,2026-02-02,775.04,2026-03-16,789.03,42,0.018041271414530158,0.11602096378985112,time
B,SECU-B.ST,2026-02-06,156.45,2026-03-20,145.15,42,-0.0722588661439747,0.11731569333901681,time
B,CAST.ST,2026-02-24,116.3,2026-03-23,102.95,27,-0.11478938738784361,0.10158553935565723,stop
B,SINCH.ST,2026-02-20,22.26,2026-04-07,25.37,46,0.13971251475174773,0.11773719161139025,time
B,NIBE-B.ST,2026-03-24,37.39,2026-05-08,42.35,45,0.13255572509862779,0.10872237526359123,time
B,SINCH.ST,2026-04-20,26.9,2026-06-03,40.96,44,0.5226765674842999,0.11261966796533084,time
B,HUSQ-B.ST,2026-04-27,44.56,2026-06-10,40.38,44,-0.0938061080869097,0.11331716373069481,time
B,EVO.ST,2026-05-21,697.0,2026-06-26,658.2,36,-0.05566712739306856,0.11787409690219897,stop
B,ABB.ST,2010-02-22,130.44,2010-03-22,138.75,28,0.06371181641417789,0.125,time
B,HPOL-B.ST,2010-02-24,3.97,2010-03-24,4.53,28,0.1428571772059435,0.12490070051908295,time
B,BALD-B.ST,2010-02-26,2.64,2010-03-26,2.76,28,0.04736843912225708,0.1251004164349201,time
B,TREL-B.ST,2010-04-20,37.52,2010-05-05,34.22,15,-0.0880732180358823,0.12878189682098848,stop
B,HM-B.ST,2010-04-12,125.64,2010-05-06,118.85,24,-0.054022693111519415,0.12875161663180004,stop
B,ERIC-B.ST,2010-04-27,52.52,2010-05-06,49.49,9,-0.057669614205358544,0.12841925804669796,stop
B,VOLV-B.ST,2010-04-27,43.43,2010-05-07,38.84,10,-0.10555560338004766,0.12841925804669796,stop
B,SKF-B.ST,2010-04-20,82.92,2010-05-19,85.41,29,0.02999959609576419,0.12878189682098848,time
B,HPOL-B.ST,2010-05-12,4.7,2010-06-10,5.14,29,0.09302346817734874,0.12450868253310012,time
B,BALD-B.ST,2010-05-12,2.64,2010-06-10,2.74,29,0.040000187924105424,0.12450868253310012,time
B,TEL2-B.ST,2010-05-12,29.29,2010-06-10,31.25,29,0.06692663581684366,0.12450868253310013,time
B,AZN.ST,2010-07-02,325.72,2010-07-30,335.66,28,0.030497968716519885,0.12688282338856816,time
B,HEXA-B.ST,2010-07-09,13.32,2010-08-06,15.91,28,0.19427019573985538,0.12718075830313044,time
B,HUSQ-B.ST,2010-07-22,32.32,2010-08-19,30.8,28,-0.046844944733279936,0.12837024818695347,time
B,ALFA.ST,2010-07-22,83.93,2010-08-19,79.04,28,-0.05836926482335303,0.12837024818695347,time
B,HPOL-B.ST,2010-07-23,4.86,2010-08-20,4.97,28,0.022472308891743786,0.12789350453424103,time
B,SCA-B.ST,2010-07-23,6.48,2010-08-20,6.3,28,-0.026975154464929485,0.12789350453424103,time
B,TREL-B.ST,2010-07-23,37.39,2010-08-20,34.74,28,-0.07090235755853846,0.12789350453424103,time
B,HEXA-B.ST,2010-08-09,16.08,2010-08-30,14.67,21,-0.08753736958462843,0.1298876142571579,stop
B,SHB-A.ST,2010-09-03,23.78,2010-10-01,25.55,28,0.07450978630767913,0.12557816168782007,time
B,HOLM-B.ST,2010-09-06,63.47,2010-10-04,61.5,28,-0.03107317705278101,0.12556671176798628,time
B,TREL-B.ST,2010-09-16,39.97,2010-10-14,42.79,28,0.0706286897126227,0.12609687911716982,time
B,SWED-A.ST,2010-10-25,35.6,2010-10-28,34.03,3,-0.044102560476208974,0.12804551818477292,stop
B,HPOL-B.ST,2010-10-20,6.67,2010-11-17,7.05,28,0.05737712480684376,0.1271618672549776,time
B,SKF-B.ST,2010-10-21,105.56,2010-11-18,109.22,28,0.034659081505431066,0.12735490628141458,time
B,BOL.ST,2010-10-25,66.94,2010-11-22,70.05,28,0.046471457874744715,0.12804551818477292,time
B,SECU-B.ST,2010-11-17,36.14,2010-12-15,37.44,28,0.03599994468757406,0.12763390164046465,time
B,VOLV-B.ST,2010-12-03,55.3,2011-01-04,57.08,32,0.03228629496210078,0.12866340350893996,time
B,LUND-B.ST,2010-12-15,100.67,2011-01-17,103.56,33,0.028703327507620058,0.12827153203732758,time
B,BALD-B.ST,2010-12-17,4.71,2011-01-19,5.11,33,0.08490568138433563,0.12850544462950292,time
B,HPOL-B.ST,2011-01-14,9.34,2011-01-26,8.66,12,-0.07309954650460737,0.13197606349383967,stop
B,LATO-B.ST,2011-01-04,21.66,2011-02-02,20.87,29,-0.03652590526147259,0.1317760724500513,time
B,TEL2-B.ST,2011-01-25,37.21,2011-02-22,37.79,28,0.015384676888880566,0.12993924956603778,time
B,SWED-A.ST,2011-02-10,38.01,2011-03-10,40.1,28,0.05475497324332523,0.12938757486258684,time
B,SAAB-B.ST,2011-02-18,22.63,2011-03-18,23.7,28,0.04728113359083164,0.12896711302179223,time
B,NIBE-B.ST,2011-02-18,5.17,2011-03-18,5.2,28,0.0048661704065580125,0.12896711302179223,time
B,BALD-B.ST,2011-03-01,5.11,2011-03-29,5.2,28,0.017391256483832107,0.13011431140130075,time
B,SKF-B.ST,2011-04-21,115.88,2011-05-23,111.5,32,-0.03783124153564266,0.1309577872224144,time
B,ATCO-B.ST,2011-04-26,18.89,2011-05-23,16.93,27,-0.10336098751598011,0.13103192602841093,stop
B,TREL-B.ST,2011-04-26,50.74,2011-05-24,49.39,28,-0.026481048074912472,0.13103192602841093,time
B,ERIC-B.ST,2011-04-29,58.95,2011-05-27,58.92,28,-0.0005449535566534047,0.1316113741362887,time
B,SSAB-A.ST,2011-05-03,48.27,2011-05-31,45.95,28,-0.048014834928308936,0.13066831799881748,time
B,HPOL-B.ST,2011-05-10,11.19,2011-06-09,11.1,30,-0.00824173131250161,0.13128573617943332,time
B,NIBE-B.ST,2011-06-01,5.89,2011-06-20,5.31,19,-0.09782625766497677,0.12788646781541763,stop
B,SSAB-A.ST,2011-07-26,39.09,2011-07-28,37.95,2,-0.02907622281878064,0.12478231890424313,stop
B,ALFA.ST,2011-07-21,102.14,2011-08-01,94.92,11,-0.07070687906820272,0.12522808049761733,stop
B,TREL-B.ST,2011-07-22,51.09,2011-08-02,45.82,11,-0.10311418173553089,0.1250581124594073,stop
B,SWED-A.ST,2011-07-25,41.17,2011-08-02,38.49,8,-0.06509943086125847,0.12516340682925692,stop
B,ASSA-B.ST,2011-08-09,37.45,2011-08-10,36.04,1,-0.03778861001629319,0.12077142050483083,stop
B,SAND.ST,2011-08-11,55.22,2011-08-18,48.96,7,-0.11343833351870358,0.12013577825036224,stop
B,ELUX-B.ST,2011-08-11,68.25,2011-08-18,61.8,7,-0.09452313883299801,0.12013577825036224,stop
B,SKF-B.ST,2011-08-11,90.38,2011-08-18,81.88,7,-0.09400554861240373,0.12013577825036224,stop
B,BOL.ST,2011-08-11,51.66,2011-08-18,46.65,7,-0.096924041221912,0.12013577825036224,stop
B,ABB.ST,2011-08-11,126.07,2011-08-18,117.24,7,-0.07003607311932325,0.11802602999930817,stop
B,NIBE-B.ST,2011-08-18,5.21,2011-08-23,4.9,5,-0.05896822847267502,0.11297917965274833,stop
B,SECU-B.ST,2011-08-11,25.73,2011-09-08,28.22,28,0.0967738611482103,0.12013577825036224,time
B,HPOL-B.ST,2011-08-11,8.59,2011-09-08,8.48,28,-0.012522283119022815,0.12013577825036224,time
B,ATCO-B.ST,2011-08-11,14.4,2011-09-08,14.85,28,0.03161414546457886,0.12013577825036224,time
B,BALD-B.ST,2011-09-19,4.33,2011-09-21,4.25,2,-0.019230697281962028,0.11344344193061008,stop
B,NIBE-B.ST,2011-09-20,5.22,2011-09-22,5.02,2,-0.039215858081122934,0.11324862399897552,stop
B,ELUX-B.ST,2011-09-27,64.7,2011-10-25,68.43,28,0.057782007994827245,0.11249274024029728,time
B,SSAB-A.ST,2011-10-31,28.21,2011-11-01,25.4,1,-0.09952628839463018,0.11301399880934916,stop
B,SSAB-A.ST,2011-11-01,25.4,2011-11-02,27.23,1,0.07192987764340097,0.11059972483976764,stop
B,BALD-B.ST,2011-11-01,4.2,2011-11-02,4.17,1,-0.007936614260746877,0.11059972483976764,stop
B,ELUX-B.ST,2011-11-01,68.25,2011-11-07,70.85,6,0.03798591549295782,0.11059972483976764,stop
B,HPOL-B.ST,2011-10-25,10.33,2011-11-22,9.71,28,-0.05952358636872723,0.11324158876964134,time
B,SCA-B.ST,2011-10-27,7.48,2011-11-24,7.27,28,-0.027835225604821656,0.11384237902752443,time
B,LUND-B.ST,2011-12-02,87.31,2011-12-12,81.79,10,-0.06326635059676633,0.11163996582981393,stop
B,SSAB-A.ST,2011-12-02,27.5,2011-12-14,25.11,12,-0.08670959842991988,0.11163996582981395,stop
B,SKF-B.ST,2011-12-02,87.73,2011-12-14,82.38,12,-0.06105254717954944,0.11163996582981393,stop
B,SAAB-B.ST,2011-12-02,21.56,2012-01-02,25.79,31,0.195928890266573,0.11163996582981393,time
B,BOL.ST,2011-12-02,59.72,2012-01-02,62.36,31,0.04417688715881729,0.11163996582981393,time
B,SWED-A.ST,2011-12-02,33.31,2012-01-02,34.13,31,0.024580832220667315,0.11163996582981392,time
B,ATCO-A.ST,2011-12-02,18.6,2012-01-02,18.9,31,0.015721308018240343,0.11163996582981393,time
B,ATCO-B.ST,2011-12-02,15.55,2012-01-02,15.7,31,0.010015579790785711,0.10967941564162334,time
B,SCA-B.ST,2012-01-19,8.7,2012-02-16,8.74,28,0.004432608170245933,0.11225289857494633,time
B,FABG.ST,2012-01-23,19.36,2012-02-20,20.3,28,0.04821287878511793,0.11225934670375344,time
B,HPOL-B.ST,2012-02-09,14.14,2012-03-08,14.23,28,0.006521718309414615,0.11320902773754471,time
B,ADDT-B.ST,2012-02-22,10.9,2012-03-08,10.2,15,-0.06349207599593598,0.11363612205352375,stop
B,ASSA-B.ST,2012-02-14,51.21,2012-03-13,52.66,28,0.02814751805168436,0.1133880912116012,time
B,TREL-B.ST,2012-02-17,50.24,2012-03-16,50.59,28,0.00703736142416167,0.11389446742749335,time
B,SKF-B.ST,2012-03-12,102.08,2012-03-29,96.72,17,-0.05247300091117468,0.11211667813687626,stop
B,LATO-B.ST,2012-03-28,26.06,2012-04-10,24.01,13,-0.07894742619358597,0.11166757144300937,stop
B,HUSQ-B.ST,2012-04-16,26.53,2012-05-08,23.59,22,-0.11091682022133442,0.11035058866273137,stop
B,ELUX-B.ST,2012-04-27,92.53,2012-05-09,85.45,12,-0.0765101381678005,0.11043566254294167,stop
B,INDU-C.ST,2012-05-02,67.16,2012-05-14,62.5,12,-0.06935731393237576,0.10999117743138485,stop
B,SSAB-A.ST,2012-05-02,30.93,2012-05-16,27.28,14,-0.11812780678497792,0.10999117743138484,stop
B,TREL-B.ST,2012-04-23,54.28,2012-05-18,48.36,25,-0.10909068163086277,0.10977579099657275,stop
B,HEXA-B.ST,2012-05-14,18.32,2012-05-18,16.9,4,-0.07726952853036351,0.10472964101536486,stop
B,TELIA.ST,2012-04-26,19.35,2012-05-28,19.14,32,-0.010583010972889606,0.10947257808842156,time
B,SAND.ST,2012-05-02,66.17,2012-05-31,60.14,29,-0.09123047636791815,0.10999117743138484,time
B,INDU-C.ST,2012-07-03,63.74,2012-07-31,62.78,28,-0.015053720836236462,0.10081795062300883,time
B,SAAB-B.ST,2012-07-03,21.83,2012-07-31,21.62,28,-0.009581833127480954,0.10081795062300884,time
B,SEB-A.ST,2012-07-18,22.77,2012-08-15,23.41,28,0.02813211907118407,0.10074585758758475,time
B,TREL-B.ST,2012-07-23,49.34,2012-08-20,52.56,28,0.06518525184430812,0.09990146769248243,time
B,ELUX-B.ST,2012-07-23,91.23,2012-08-20,95.63,28,0.04833209794945237,0.09990146769248241,time
B,SAND.ST,2012-07-23,60.0,2012-08-20,63.72,28,0.062015282105329916,0.09990146769248243,time
B,SCA-B.ST,2012-07-23,10.7,2012-08-20,11.31,28,0.05686760448999428,0.09990146769248243,time
B,ABB.ST,2012-07-30,108.81,2012-08-27,106.43,28,-0.02186711522287632,0.10228194526433411,time
B,NIBE-B.ST,2012-08-17,5.55,2012-09-14,5.91,28,0.06588233130543597,0.1038742612643334,time
B,SSAB-A.ST,2012-09-18,23.65,2012-09-19,23.46,1,-0.007774537602943665,0.10477506210834048,stop
B,HUSQ-B.ST,2012-09-18,23.45,2012-09-20,22.83,2,-0.026843616029337936,0.10477506210834048,stop
B,SAND.ST,2012-09-18,63.66,2012-09-21,61.96,3,-0.026618111137917233,0.10477506210834048,stop
B,SAAB-B.ST,2012-08-29,22.42,2012-09-26,23.71,28,0.05767594032272494,0.10288533911700815,time
B,TREL-B.ST,2012-09-18,56.65,2012-09-26,54.09,8,-0.04516115347995364,0.10477506210834048,stop
B,BOL.ST,2012-09-18,70.99,2012-10-16,71.3,28,0.00438587111357247,0.10477506210834048,time
B,ASSA-B.ST,2012-09-18,56.94,2012-10-16,57.55,28,0.010668182232906664,0.10477506210834048,time
B,VOLV-B.ST,2012-09-18,46.87,2012-10-16,47.1,28,0.004893956409863565,0.0973011159781149,time
B,SCA-B.ST,2012-10-22,12.1,2012-11-19,12.3,28,0.017027660802626077,0.10298250359697164,time
B,HPOL-B.ST,2012-10-25,18.25,2012-11-22,18.75,28,0.027491410730163368,0.10309367135367499,time
B,HUSQ-B.ST,2012-10-30,25.51,2012-11-27,25.86,28,0.01377013378483083,0.10328452500116904,time
B,SECU-B.ST,2012-11-09,27.79,2012-12-07,28.14,28,0.012416348442618741,0.10383897404003399,time
B,SWED-A.ST,2013-02-01,59.52,2013-03-01,61.51,28,0.03350853718161351,0.10366564699980402,time
B,ERIC-B.ST,2013-02-04,51.56,2013-03-04,52.97,28,0.02720185557723709,0.10339874791105134,time
B,LATO-B.ST,2013-03-01,27.84,2013-03-08,27.31,7,-0.01904743765389083,0.10431699552814985,stop
B,ABB.ST,2013-02-18,131.78,2013-03-18,134.62,28,0.021527953953957013,0.10387771987786014,time
B,KINV-B.ST,2013-02-19,55.24,2013-03-19,54.79,28,-0.008064536179189008,0.10432961077437258,time
B,HPOL-B.ST,2013-04-24,22.33,2013-05-27,26.42,33,0.18330437863537052,0.10409008920493189,time
B,SWED-A.ST,2013-04-25,65.11,2013-05-28,69.12,33,0.061459811268735454,0.10424420648454906,time
B,TREL-B.ST,2013-04-26,70.47,2013-05-29,77.62,33,0.10144933655482702,0.10386674265871479,time
B,SKA-B.ST,2013-05-13,70.68,2013-06-11,67.42,29,-0.046102308715483487,0.1079438572574935,time
B,HEXA-B.ST,2013-05-15,27.92,2013-06-13,26.18,29,-0.06259220883933003,0.10798140689770766,time
B,GETI-B.ST,2013-07-15,127.88,2013-08-12,132.51,28,0.036207030785077254,0.10682905961482417,time
B,ELUX-B.ST,2013-07-23,114.94,2013-08-20,116.47,28,0.013303773375009875,0.1068514849560673,time
B,SECU-B.ST,2013-08-09,39.16,2013-09-06,40.27,28,0.028449430356787264,0.10782385718929685,time
B,NIBE-B.ST,2013-08-20,6.4,2013-09-17,6.49,28,0.01496265041501288,0.1075141635360638,time
B,SAAB-B.ST,2013-08-29,24.12,2013-09-26,25.95,28,0.0758564521055427,0.10721467879185206,time
B,HM-B.ST,2013-09-30,167.82,2013-10-28,168.24,28,0.0025077701231026595,0.10879148424164381,time
B,ADDT-B.ST,2013-10-16,18.2,2013-11-13,19.01,28,0.04467352475346931,0.10840587698504225,time
B,TELIA.ST,2013-10-21,24.74,2013-11-18,25.42,28,0.027204289992953434,0.10888933914728664,time
B,SCA-B.ST,2013-10-22,19.13,2013-11-19,20.75,28,0.08422858074710371,0.10853764618375755,time
B,HPOL-B.ST,2013-10-28,31.84,2013-11-25,30.31,28,-0.04799997843125747,0.10962503596672057,time
B,NIBE-B.ST,2013-11-13,7.08,2013-12-11,7.74,28,0.09309307873484163,0.10965186106033631,time
B,KINV-B.ST,2013-12-18,116.78,2014-01-20,107.09,33,-0.0829932644742074,0.11119646243622201,stop
B,SAAB-B.ST,2013-12-23,34.19,2014-01-28,32.99,36,-0.03509759690651626,0.11161974493845112,time
B,SKF-B.ST,2014-01-30,115.57,2014-02-04,110.94,5,-0.04000011090988154,0.1092629237593992,stop
B,SSAB-A.ST,2014-01-24,25.02,2014-02-21,23.99,28,-0.041275958290318715,0.10948795792040812,time
B,HPOL-B.ST,2014-02-10,34.35,2014-03-10,34.35,28,0.0,0.10833674999890455,time
B,HUSQ-B.ST,2014-02-10,27.4,2014-03-10,29.55,28,0.07833768077860737,0.10833674999890455,time
B,HEXA-B.ST,2014-02-13,30.46,2014-03-13,29.91,28,-0.018075064726249646,0.10896137533756585,time
B,NIBE-B.ST,2014-02-17,9.23,2014-03-17,8.75,28,-0.05184350191423348,0.10992370570573837,time
B,BALD-B.ST,2014-04-22,13.96,2014-05-21,14.33,29,0.02686567225363823,0.10806770862743699,time
B,AZN.ST,2014-04-24,428.33,2014-05-23,450.57,29,0.05192257832108349,0.10775572329035868,time
B,HUSQ-B.ST,2014-04-28,37.64,2014-05-27,37.06,29,-0.015151430684644862,0.10927927823143371,time
B,ELUX-B.ST,2014-04-29,116.45,2014-05-28,109.5,29,-0.059751937194267524,0.10963746838151658,time
B,KINV-B.ST,2014-05-13,106.3,2014-06-12,113.27,30,0.065567222582807,0.10993338948854921,time
B,HEXA-B.ST,2014-05-13,29.8,2014-06-12,29.95,30,0.005087827498810205,0.1099333894885492,time
B,ADDT-B.ST,2014-05-16,19.56,2014-06-17,22.19,32,0.13429277710284326,0.1079813916861527,time
B,SSAB-A.ST,2014-05-26,29.74,2014-06-26,28.91,31,-0.02762451245634512,0.1092702362623033,time
B,SAAB-B.ST,2014-06-11,41.21,2014-07-10,40.12,29,-0.026380181411366332,0.10965424077542821,time
B,NIBE-B.ST,2014-06-26,11.26,2014-07-10,10.64,14,-0.05494519647469265,0.10996854947024418,stop
B,BOL.ST,2014-07-07,70.33,2014-08-04,73.17,28,0.04037559866977092,0.10981880601221006,time
B,ELUX-B.ST,2014-07-22,118.75,2014-08-04,110.87,13,-0.06633479609259274,0.10998621049015253,stop
B,HUSQ-B.ST,2014-07-18,39.17,2014-08-08,36.49,21,-0.06824402660969486,0.10915966135622604,stop
B,ATCO-B.ST,2014-07-18,25.84,2014-08-15,25.25,28,-0.022836304977683852,0.10915966135622604,time
B,ERIC-B.ST,2014-07-22,62.25,2014-08-19,61.78,28,-0.007484211994496448,0.10998621049015253,time
B,ADDT-B.ST,2014-07-25,20.83,2014-08-22,19.61,28,-0.05855862415014257,0.10974461609713337,time
B,BALD-B.ST,2014-08-28,16.12,2014-09-11,15.58,14,-0.03359175098034761,0.10592724707196752,stop
B,ELUX-B.ST,2014-09-10,126.04,2014-10-01,122.69,21,-0.02656218835454227,0.10548754635393759,stop
B,KINV-B.ST,2014-10-02,90.23,2014-10-03,93.57,1,0.037002726399194774,0.10501768528494966,stop
B,GETI-B.ST,2014-10-21,90.8,2014-11-18,98.94,28,0.08965510983005553,0.10544459950881659,time
B,ELUX-B.ST,2014-10-22,129.98,2014-11-19,140.02,28,0.07727274381481486,0.10548997467611593,time
B,HEXA-B.ST,2014-10-24,32.75,2014-11-21,34.58,28,0.055976676656538604,0.10574363556672396,time
B,HUSQ-B.ST,2014-10-24,37.53,2014-11-21,39.06,28,0.04083586388546845,0.10574363556672396,time
B,HOLM-B.ST,2014-10-27,83.44,2014-11-24,88.14,28,0.056397192484519465,0.10554643213447108,time
B,VOLV-B.ST,2014-10-28,45.62,2014-11-25,44.97,28,-0.014268706528856145,0.10673961455347229,time
B,BALD-B.ST,2014-10-30,15.5,2014-11-27,16.5,28,0.06451612903225801,0.10729945245622721,time
B,SECU-B.ST,2014-11-06,50.89,2014-12-04,53.01,28,0.04161910813616121,0.09969770050904417,time
B,KINV-B.ST,2014-11-28,107.97,2015-01-02,106.92,35,-0.009663691112379191,0.11023154848022511,time
B,ELUX-B.ST,2015-01-30,168.25,2015-02-27,178.75,28,0.06242657935832141,0.11019422955205534,time
B,GETI-B.ST,2015-01-30,116.3,2015-02-27,131.22,28,0.1282429099464173,0.11019422955205534,time
B,NDA-SE.ST,2015-01-30,97.66,2015-02-27,104.33,28,0.0683759695521391,0.11019422955205534,time
B,SAND.ST,2015-02-02,62.95,2015-03-02,66.37,28,0.05428586767768251,0.11044086588009154,time
B,SCA-B.ST,2015-02-03,25.29,2015-03-03,25.21,28,-0.002941071096564052,0.11159582694731378,time
B,SECU-B.ST,2015-02-09,65.4,2015-03-09,67.6,28,0.0337177709872476,0.11197012467307282,time
B,TEL2-B.ST,2015-02-09,38.73,2015-03-09,36.95,28,-0.046035968850790865,0.11197012467307282,time
B,HEXA-B.ST,2015-02-10,40.01,2015-03-10,38.65,28,-0.034102577841814696,0.10305904450099827,time
B,SKF-B.ST,2015-03-13,149.39,2015-04-14,161.48,32,0.0809283476935374,0.1133672057179398,time
B,TEL2-B.ST,2015-04-23,44.38,2015-05-25,44.21,32,-0.003873944320517242,0.11444915831429184,time
B,HUSQ-B.ST,2015-04-23,45.15,2015-05-25,48.14,32,0.06608302915892406,0.11444915831429182,time
B,VOLV-B.ST,2015-04-24,66.99,2015-05-26,63.64,32,-0.05004185007752149,0.11473312810677723,time
B,ELUX-B.ST,2015-04-28,174.34,2015-05-28,174.74,30,0.0022988280405558115,0.11426896429084892,time
B,SAND.ST,2015-04-29,70.98,2015-05-29,76.65,30,0.0799918950701819,0.11318519693490339,time
B,SSAB-A.ST,2015-04-29,23.46,2015-05-29,22.62,30,-0.03600709569737792,0.11318519693490339,time
B,NIBE-B.ST,2015-05-13,13.06,2015-06-11,13.11,29,0.0041650504663419685,0.11328483715828666,time
B,SEB-A.ST,2015-06-24,57.41,2015-07-07,53.58,13,-0.06672750854820686,0.11489496128142679,stop
B,SECU-B.ST,2015-07-03,68.64,2015-07-31,73.64,28,0.07285319997452389,0.11428573989773208,time
B,NIBE-B.ST,2015-07-14,13.48,2015-08-11,13.45,28,-0.0024212773550499334,0.11468663581783115,time
B,ALFA.ST,2015-07-20,132.31,2015-08-17,124.03,28,-0.06253848367265857,0.11571085611317075,time
B,ATCO-A.ST,2015-07-20,36.6,2015-08-17,33.55,28,-0.08313441811317357,0.11571085611317074,time
B,ATCO-B.ST,2015-07-20,31.36,2015-08-17,28.92,28,-0.07784694376331858,0.11571085611317075,time
B,LATO-B.ST,2015-08-13,56.53,2015-08-24,50.06,11,-0.11455673161240132,0.11160034074860137,stop
B,NIBE-B.ST,2015-08-18,14.79,2015-08-24,12.89,6,-0.1283560466307977,0.11160116972099644,stop
B,BALD-B.ST,2015-08-27,24.8,2015-09-24,25.07,28,0.01075267824827253,0.10783271449002994,time
B,SHB-A.ST,2015-08-27,55.51,2015-09-24,51.82,28,-0.06650840869724339,0.10783271449002994,time
B,SCA-B.ST,2015-08-27,33.0,2015-09-24,32.34,28,-0.020094034310490727,0.10783271449002994,time
B,TELIA.ST,2015-08-27,25.13,2015-09-24,23.22,28,-0.07594673803606466,0.10783271449002996,time
B,NDA-SE.ST,2015-08-27,93.62,2015-09-24,85.13,28,-0.09063747641784103,0.10783271449002994,time
B,GETI-B.ST,2015-09-04,115.38,2015-09-24,107.21,20,-0.07081871649362748,0.10676910081510269,stop
B,EVO.ST,2015-08-31,40.74,2015-09-28,50.88,28,0.24880391869896323,0.10799638231704368,time
B,EVO.ST,2015-09-29,49.32,2015-10-27,47.66,28,-0.033596946786901616,0.10656572755861604,time
B,BOL.ST,2015-10-13,103.34,2015-11-10,107.02,28,0.035598454150391756,0.10569400443589132,time
B,GETI-B.ST,2015-10-19,121.46,2015-11-16,120.88,28,-0.004771104507207302,0.10567751897148525,time
B,TEL2-B.ST,2015-10-23,38.93,2015-11-20,40.01,28,0.02756591625882776,0.1076543749405465,time
B,TREL-B.ST,2015-10-26,114.19,2015-11-23,133.83,28,0.17198330993146205,0.10676486292163222,time
B,KINV-B.ST,2015-10-27,118.98,2015-11-24,115.0,28,-0.033505157283356235,0.106505997285784,time
B,SINCH.ST,2015-11-23,7.46,2015-11-24,7.29,1,-0.022471883525745584,0.10992723974826625,stop
B,LIFCO-B.ST,2015-11-05,38.22,2015-12-03,41.47,28,0.08490558505807644,0.10776230823711504,time
B,SECU-B.ST,2015-11-06,73.82,2015-12-04,76.38,28,0.03467728066106579,0.10819567235824153,time
B,EVO.ST,2015-12-02,60.04,2016-01-05,56.14,34,-0.06493514167652259,0.11027740301416758,time
B,SEB-A.ST,2016-02-08,43.24,2016-02-11,40.43,3,-0.06492719752736598,0.10855743493484765,stop
B,SSAB-A.ST,2016-02-16,9.44,2016-03-15,12.63,28,0.3376433527080287,0.10761862538375441,time
B,NIBE-B.ST,2016-02-19,14.1,2016-03-18,14.74,28,0.044735726470761294,0.10825127994884719,time
B,WALL-B.ST,2016-02-29,28.24,2016-03-30,30.08,30,0.06510201281999928,0.110173270896612,time
B,KINV-B.ST,2016-04-21,111.36,2016-04-29,101.2,8,-0.09126668462098719,0.11346999421432863,stop
B,SSAB-A.ST,2016-04-26,16.07,2016-05-03,14.68,7,-0.08674069559037878,0.1134803489235129,stop
B,SAAB-B.ST,2016-04-25,55.4,2016-05-24,59.65,29,0.07674878063711432,0.1134499513241428,time
B,HOLM-B.ST,2016-04-28,107.35,2016-05-27,107.62,29,0.0024639133246049383,0.11357348985093224,time
B,ELUX-B.ST,2016-05-02,156.27,2016-05-31,152.59,29,-0.02356018948608818,0.11171591437768935,time
B,SINCH.ST,2016-05-17,6.2,2016-06-15,6.2,29,7.176145293175118e-05,0.11086792767740537,time
B,ERIC-B.ST,2016-06-17,49.32,2016-07-18,49.78,31,0.009404278391700993,0.1113721293111325,time
B,HUSQ-B.ST,2016-07-19,53.25,2016-08-16,54.69,28,0.027139940396022633,0.11144150842566117,time
B,AZN.ST,2016-08-01,543.38,2016-08-29,534.24,28,-0.016818032629629664,0.11144964136128892,time
B,EVO.ST,2016-08-10,53.08,2016-09-07,54.05,28,0.0183824493857363,0.11170603803993007,time
B,SCA-B.ST,2016-08-26,42.23,2016-09-23,41.67,28,-0.013128206981282031,0.11022151114366627,time
B,HOLM-B.ST,2016-08-26,117.4,2016-09-23,118.31,28,0.007724589815358396,0.11022151114366627,time
B,GETI-B.ST,2016-10-20,91.59,2016-10-21,91.29,1,-0.003227997593538201,0.11146151760491964,stop
B,SSAB-A.ST,2016-11-11,20.92,2016-12-09,25.05,28,0.1975271539749346,0.11135533802572725,time
B,ATCO-A.ST,2016-11-11,42.45,2016-12-09,43.73,28,0.030357672783928313,0.11135533802572725,time
B,SAND.ST,2016-11-11,81.98,2016-12-09,86.75,28,0.058215942168043266,0.11135533802572725,time
B,BOL.ST,2016-11-14,159.75,2016-12-12,172.96,28,0.08272620215316784,0.11252328851211088,time
B,ADDT-B.ST,2016-12-13,29.38,2017-01-12,31.93,30,0.08679243371986445,0.1162443268726716,time
B,EVO.ST,2017-01-11,56.59,2017-01-23,51.91,12,-0.08275858954155835,0.11788474125262038,stop
B,ADDT-B.ST,2017-01-13,32.09,2017-02-10,33.92,28,0.05699492027146413,0.11740634068326324,time
B,SKA-B.ST,2017-02-07,145.98,2017-02-24,143.05,17,-0.020100554513193813,0.10890064391004746,stop
B,TEL2-B.ST,2017-01-30,38.77,2017-02-27,41.05,28,0.05901650217239496,0.116479676222684,time
B,EVO.ST,2017-01-30,55.32,2017-02-27,66.44,28,0.20105816530343712,0.116479676222684,time
B,ALFA.ST,2017-02-02,140.22,2017-03-02,138.54,28,-0.01195490136482713,0.1172339926057411,time
B,HM-B.ST,2017-02-02,163.4,2017-03-02,157.82,28,-0.03413255549572858,0.1172339926057411,time
B,HEXA-B.ST,2017-02-06,50.14,2017-03-06,49.8,28,-0.006690816981325343,0.11637636853275604,time
B,HPOL-B.ST,2017-02-07,60.54,2017-03-07,61.64,28,0.018211957668250456,0.11710629910495354,time
B,BOL.ST,2017-02-14,195.01,2017-03-14,181.18,28,-0.07092693744480305,0.11839093592883192,time
B,SCA-B.ST,2017-04-19,51.67,2017-05-18,53.04,29,0.02634278478104668,0.11836962451302331,time
B,NIBE-B.ST,2017-05-15,19.97,2017-05-22,18.85,7,-0.05604209744348332,0.11877288064690454,stop
B,EVO.ST,2017-04-24,75.99,2017-05-23,77.47,29,0.019480336929174946,0.11847374825714874,time
B,SSAB-A.ST,2017-04-25,26.6,2017-05-24,24.79,29,-0.0678304138534338,0.11803623374490677,time
B,TEL2-B.ST,2017-04-26,45.6,2017-05-26,48.57,30,0.06495277917403519,0.118141868964168,time
B,VOLV-B.ST,2017-04-27,86.29,2017-05-29,83.86,32,-0.02819788802521417,0.11752344641239648,time
B,GETI-B.ST,2017-04-27,103.14,2017-05-29,108.92,32,0.05600933186826351,0.11752344641239648,time
B,SAAB-B.ST,2017-04-28,93.27,2017-05-30,93.06,32,-0.0022767435156898497,0.11792969250809339,time
B,LIFCO-B.ST,2017-06-05,50.9,2017-07-03,50.73,28,-0.00327398943324142,0.118029231559295,time
B,HEXA-B.ST,2017-06-16,59.12,2017-07-14,57.02,28,-0.03565463053463491,0.11853883180453156,time
B,TEL2-B.ST,2017-07-21,52.52,2017-08-18,50.91,28,-0.0307537047548182,0.1173237770791228,time
B,VOLV-B.ST,2017-09-05,86.65,2017-10-03,93.53,28,0.07945202005682606,0.11680922364032312,time
B,TEL2-B.ST,2017-10-23,56.1,2017-11-20,57.99,28,0.033589117603762375,0.11790251746434323,time
B,ERIC-B.ST,2017-10-24,42.08,2017-11-21,43.11,28,0.024299144374110737,0.11771451054913513,time
B,VOLV-B.ST,2017-10-24,97.81,2017-11-21,97.09,28,-0.007281453429432316,0.11771451054913513,time
B,SINCH.ST,2017-11-20,7.47,2017-11-21,7.35,1,-0.016722408240103404,0.11675125671991185,stop
B,EVO.ST,2017-10-27,117.83,2017-11-24,112.6,28,-0.04438865944303416,0.11799078606056945,time
B,ESSITY-B.ST,2017-10-30,189.54,2017-11-27,189.69,28,0.0008220379924690491,0.11775233579483772,time
B,ADDT-B.ST,2017-10-30,40.94,2017-11-27,40.26,28,-0.01662062405327991,0.11775233579483774,time
B,ELUX-B.ST,2017-10-31,205.77,2017-11-27,192.98,27,-0.06216221787809828,0.11549329869866817,stop
B,HEXA-B.ST,2017-10-31,60.74,2017-11-28,59.82,28,-0.01514087521296792,0.1188293156599621,time
B,HEXA-B.ST,2018-01-15,64.94,2018-02-12,67.59,28,0.04074093263213863,0.11581584438744102,time
B,SAAB-B.ST,2018-02-21,82.72,2018-03-01,79.11,8,-0.043645730635990976,0.11589198774069934,stop
B,ELUX-B.ST,2018-02-02,193.4,2018-03-02,177.89,28,-0.08015820491748438,0.11594800862463325,time
B,GETI-B.ST,2018-03-12,92.7,2018-03-21,83.72,9,-0.09687067148511219,0.11442304185543417,stop
B,LATO-B.ST,2018-04-30,82.6,2018-05-03,79.12,3,-0.04209967342296994,0.10694683931878958,stop
B,ADDT-B.ST,2018-04-12,39.69,2018-05-14,41.78,32,0.05257154444510648,0.1129776277353225,time
B,EVO.ST,2018-04-23,111.0,2018-05-23,104.57,30,-0.057880811289238165,0.11396335856878279,time
B,NIBE-B.ST,2018-04-23,20.51,2018-05-23,21.7,30,0.0579177989209394,0.1139633585687828,time
B,ERIC-B.ST,2018-04-24,52.71,2018-05-24,52.51,30,-0.0036497406980322555,0.11339388232728405,time
B,TELIA.ST,2018-04-24,25.98,2018-05-24,26.44,30,0.017692818055000004,0.11339388232728403,time
B,ALFA.ST,2018-04-25,188.54,2018-05-25,195.28,30,0.035747461715103235,0.11311091069922101,time
B,HPOL-B.ST,2018-04-26,63.59,2018-05-28,67.9,32,0.06779671693651768,0.11408712097995724,time
B,LATO-B.ST,2018-05-23,85.25,2018-06-20,83.14,28,-0.02475501114980949,0.11435366557740306,time
B,TEL2-B.ST,2018-06-18,63.31,2018-06-28,58.74,10,-0.07227849078244042,0.1149926114085251,stop
B,SINCH.ST,2018-06-04,7.01,2018-07-02,7.88,28,0.12410839617017477,0.11436391299902862,time
B,FABG.ST,2018-07-10,101.58,2018-08-07,102.78,28,0.011895039614955527,0.11452053435453793,time
B,ALFA.ST,2018-07-18,210.07,2018-08-15,204.56,28,-0.026250042673488627,0.11475136468818921,time
B,GETI-B.ST,2018-07-19,80.58,2018-08-16,86.04,28,0.06775939675920939,0.11450724418192164,time
B,TEL2-B.ST,2018-07-20,67.28,2018-08-17,63.82,28,-0.05143078994365613,0.11452227882159056,time
B,EVO.ST,2018-07-20,136.8,2018-08-17,136.1,28,-0.005057856822406781,0.11452227882159056,time
B,ERIC-B.ST,2018-07-20,58.59,2018-08-17,57.64,28,-0.016142358934878587,0.11452227882159056,time
B,LIFCO-B.ST,2018-07-23,71.16,2018-08-20,73.04,28,0.026350423560550285,0.11471052111673705,time
B,SINCH.ST,2018-07-24,10.66,2018-08-21,10.08,28,-0.05440899925030107,0.11209663712669363,time
B,LATO-B.ST,2018-08-24,94.44,2018-09-05,90.92,12,-0.03724412943540889,0.11329032969738136,stop
B,HOLM-B.ST,2018-08-17,185.06,2018-09-14,186.18,28,0.006092280829690155,0.11342415816774364,time
B,GETI-B.ST,2018-08-24,95.73,2018-09-21,96.3,28,0.005979689284419498,0.11329032969738136,time
B,HM-B.ST,2018-09-19,101.72,2018-10-17,117.96,28,0.15968897659853942,0.11249554140790734,time
B,SAAB-B.ST,2018-10-02,98.42,2018-10-23,77.57,21,-0.21190910573572608,0.11490325670694333,stop
B,EVO.ST,2018-10-30,133.73,2018-11-13,117.52,14,-0.12121212812726234,0.1111103164657882,stop
B,ERIC-B.ST,2018-10-22,67.05,2018-11-14,62.23,23,-0.07195805737856564,0.11400093647884656,stop
B,NIBE-B.ST,2018-11-20,21.91,2018-11-22,21.4,2,-0.023030459420826266,0.10756980474316716,stop
B,SECU-B.ST,2018-10-30,100.93,2018-11-27,98.48,28,-0.024351334309230088,0.11111031646578823,time
B,BALD-B.ST,2018-11-08,43.13,2018-12-06,40.83,28,-0.0533230141935046,0.11051760390400296,time
B,GETI-B.ST,2018-11-23,80.63,2018-12-21,71.09,28,-0.11839244490207068,0.10730042767434393,time
B,SINCH.ST,2019-01-23,10.5,2019-02-20,11.06,28,0.05333337329682841,0.10586178764727405,time
B,GETI-B.ST,2019-02-01,90.88,2019-03-01,96.69,28,0.06395359818792978,0.10590829174710212,time
B,ESSITY-B.ST,2019-02-04,196.7,2019-03-04,208.93,28,0.0621949717189445,0.1053100213317058,time
B,ELUX-B.ST,2019-02-05,167.79,2019-03-05,177.55,28,0.05819875386082063,0.10597910441334928,time
B,ASSA-B.ST,2019-02-07,165.49,2019-03-07,167.94,28,0.01480695478570504,0.10564548894712888,time
B,HEXA-B.ST,2019-02-08,65.22,2019-03-08,65.86,28,0.009771880281862266,0.1056233404823162,time
B,SKA-B.ST,2019-02-13,118.59,2019-03-13,121.43,28,0.024014954218628537,0.10651595944475241,time
B,AZN.ST,2019-02-18,734.73,2019-03-18,776.87,28,0.05736643978289946,0.10419122967245431,time
B,SINCH.ST,2019-02-26,11.92,2019-03-26,11.24,28,-0.057047005102637605,0.11035395488755909,time
B,HM-B.ST,2019-04-02,114.64,2019-05-03,126.11,31,0.1000647487573183,0.10907469454505507,time
B,ABB.ST,2019-04-23,181.78,2019-05-07,173.04,14,-0.04807581973422703,0.10997130269218282,stop
B,ATCO-A.ST,2019-04-29,65.69,2019-05-07,62.28,8,-0.05185193573583513,0.11050936180517221,stop
B,GETI-B.ST,2019-04-25,113.73,2019-05-24,118.74,29,0.04410598020377976,0.11033912339597964,time
B,EVO.ST,2019-04-29,187.04,2019-05-28,182.69,29,-0.023280412834872144,0.11050936180517221,time
B,ADDT-B.ST,2019-05-17,60.38,2019-06-20,64.78,34,0.07279706266598951,0.10870370878066035,time
B,SINCH.ST,2019-05-21,14.16,2019-06-25,15.2,35,0.07344632578107668,0.10947923604201373,time
B,SCA-B.ST,2019-06-27,71.88,2019-07-18,67.64,21,-0.05891209953341059,0.11091517142123022,stop
B,HOLM-B.ST,2019-06-27,160.97,2019-07-25,171.61,28,0.06611537815133217,0.11091517142123022,time
B,HM-B.ST,2019-07-01,126.91,2019-07-29,130.21,28,0.026024209842360424,0.11183162639805808,time
B,EVO.ST,2019-07-23,224.16,2019-08-06,188.43,14,-0.15938197295876422,0.11139073044885436,stop
B,EPI-A.ST,2019-07-22,91.47,2019-08-14,83.41,23,-0.08809186450392692,0.110470280063662,stop
B,SKA-B.ST,2019-07-29,137.93,2019-08-14,130.29,16,-0.05537263113365298,0.11061760408290842,stop
B,AZN.ST,2019-07-29,834.03,2019-08-27,855.69,29,0.02597183624258803,0.11061760408290842,time
B,HOLM-B.ST,2019-08-20,182.76,2019-09-17,190.24,28,0.04094628337955064,0.10709893637774989,time
B,BOL.ST,2019-09-09,182.63,2019-10-03,167.21,24,-0.08445649374102837,0.1078913846274756,stop
B,NDA-SE.ST,2019-09-09,64.66,2019-10-07,64.67,28,0.00014855451968576183,0.1078913846274756,time
B,SINCH.ST,2019-10-14,16.66,2019-11-11,20.45,28,0.2274910534357577,0.10635172680519499,time
B,ERIC-B.ST,2019-10-21,71.16,2019-11-18,70.95,28,-0.002963038732121781,0.10590754200162328,time
B,GETI-B.ST,2019-10-22,141.92,2019-11-19,142.89,28,0.006881312730826483,0.10566712220460087,time
B,HOLM-B.ST,2019-10-22,231.81,2019-11-19,246.78,28,0.06456242855662775,0.10566712220460087,time
B,SCA-B.ST,2019-10-22,86.51,2019-11-19,91.26,28,0.054988708078404835,0.10566712220460087,time
B,ATCO-A.ST,2019-10-23,73.61,2019-11-20,79.21,28,0.07617990162096544,0.10656413674416029,time
B,ADDT-B.ST,2019-10-28,67.54,2019-11-21,59.52,24,-0.11867359128379351,0.107601107132716,stop
B,ALFA.ST,2019-10-28,203.39,2019-11-25,210.02,28,0.03257057178532996,0.10552025365157487,time
B,SINCH.ST,2019-11-12,21.3,2019-12-10,26.7,28,0.2535212074788844,0.11158706848396405,time
B,EQT.ST,2019-12-03,105.6,2019-12-13,97.68,10,-0.07503283762208579,0.11260664652217309,stop
B,HEXA-B.ST,2019-12-17,76.71,2019-12-18,75.15,1,-0.020332539970726038,0.11275212695735798,stop
B,TREL-B.ST,2019-12-06,149.68,2020-01-13,150.77,38,0.007320714816406726,0.1132164010092035,time
B,ADDT-B.ST,2019-12-23,71.9,2020-01-28,71.78,36,-0.0016393073844065409,0.1124248969302879,time
B,HPOL-B.ST,2020-02-04,63.96,2020-02-18,60.6,14,-0.0525709276590689,0.11312679825122124,stop
B,ALFA.ST,2020-02-06,229.62,2020-02-24,208.5,18,-0.09200790455209484,0.11324100020391466,stop
B,HM-B.ST,2020-02-03,163.38,2020-02-25,146.88,22,-0.10093582956374869,0.1125801576580725,stop
B,SKF-B.ST,2020-02-06,159.07,2020-02-25,140.84,19,-0.11459656506043214,0.11324100020391464,stop
B,LIFCO-B.ST,2020-02-06,105.1,2020-02-25,100.64,19,-0.042380637675368815,0.11324100020391464,stop
B,SWED-A.ST,2020-01-30,90.25,2020-02-27,93.32,28,0.034063276178946555,0.11233772142789146,time
B,VOLV-B.ST,2020-02-03,108.78,2020-02-27,99.8,24,-0.08258282299331543,0.11258015765807251,stop
B,SHB-A.ST,2020-02-07,60.51,2020-03-06,52.91,28,-0.12558150530096812,0.10638113208720289,time
B,GETI-B.ST,2020-03-09,151.28,2020-03-10,150.13,1,-0.007629120529977662,0.10334820841867802,stop
B,SINCH.ST,2020-02-24,44.0,2020-03-11,38.6,16,-0.12272730740633875,0.1074131331856954,stop
B,EQT.ST,2020-03-17,90.21,2020-03-18,73.21,1,-0.18841170257383244,0.10196176684806599,stop
B,LIFCO-B.ST,2020-03-17,68.46,2020-03-18,60.08,1,-0.12236993489166592,0.10196176684806599,stop
B,ERIC-B.ST,2020-03-17,55.2,2020-04-16,68.53,30,0.2415790297572129,0.10196176684806599,time
B,LUND-B.ST,2020-03-17,366.34,2020-04-16,395.44,30,0.0794391760395845,0.10196176684806599,time
B,GETI-B.ST,2020-03-18,153.41,2020-04-17,160.74,30,0.04774309181799907,0.09822990209596255,time
B,HOLM-B.ST,2020-03-19,198.89,2020-04-20,234.64,32,0.17976598129068644,0.09895665050377667,time
B,EQT.ST,2020-03-24,96.85,2020-04-23,117.79,30,0.21626801465357515,0.10070873799171327,time
B,WALL-B.ST,2020-03-24,48.71,2020-04-23,45.86,30,-0.058373089045249626,0.10070873799171326,time
B,LIFCO-B.ST,2020-03-26,69.03,2020-04-27,86.62,32,0.25480521403908973,0.10473159875992583,time
B,SINCH.ST,2020-03-31,39.2,2020-04-30,50.9,30,0.2984694014088105,0.07420036763273753,time
B,SEB-A.ST,2020-05-04,49.69,2020-05-13,48.35,9,-0.026858351099402933,0.11038744626505811,stop
B,CAST.ST,2020-04-28,121.25,2020-05-28,131.89,30,0.08767627824378144,0.11112910797946474,time
B,LIFCO-B.ST,2020-04-29,89.39,2020-05-29,109.08,30,0.22031383137489247,0.11277274943405954,time
B,HPOL-B.ST,2020-04-30,52.65,2020-06-01,52.88,32,0.0042104346505651424,0.11291580150567183,time
B,SINCH.ST,2020-05-04,49.75,2020-06-02,62.4,29,0.25427138745485234,0.11038744626505811,time
B,ADDT-B.ST,2020-05-15,70.72,2020-06-15,79.73,31,0.12733331039097773,0.11324770691262777,time
B,LATO-B.ST,2020-05-15,146.98,2020-06-15,152.58,31,0.03813035040097712,0.11324770691262775,time
B,SINCH.ST,2020-06-02,62.4,2020-07-01,81.9,29,0.3124999923583791,0.12315879628220502,time
B,EVO.ST,2020-07-03,652.87,2020-07-31,592.65,28,-0.09223302150815882,0.12657050768265016,time
B,ALFA.ST,2020-07-23,200.35,2020-07-31,185.4,8,-0.0746200668785264,0.125040952985568,stop
B,AZN.ST,2020-07-17,1038.62,2020-08-05,965.39,19,-0.07050304277848729,0.1271309211009654,stop
B,ERIC-B.ST,2020-07-21,85.25,2020-08-18,82.14,28,-0.03648573294841484,0.1256058960134226,time
B,SAAB-B.ST,2020-07-21,68.31,2020-08-18,65.09,28,-0.04709140222287922,0.1256058960134226,time
B,LIFCO-B.ST,2020-07-21,137.51,2020-08-18,128.04,28,-0.06884593823112573,0.1256058960134226,time
B,NIBE-B.ST,2020-08-21,58.92,2020-09-03,55.25,13,-0.062272587163604176,0.1194460928233308,stop
B,TREL-B.ST,2020-08-13,132.8,2020-09-10,142.36,28,0.07194708740597067,0.12118346019720042,time
B,HM-B.ST,2020-09-17,125.89,2020-10-15,120.21,28,-0.045157348069137626,0.12005671748611782,time
B,LIFCO-B.ST,2020-10-26,122.4,2020-10-28,118.58,2,-0.0312499922085544,0.11884161216404872,stop
B,ERIC-B.ST,2020-10-23,89.46,2020-11-20,86.57,28,-0.03227304748600013,0.119314496815875,time
B,EPI-A.ST,2020-10-27,122.01,2020-11-24,129.34,28,0.06009522157481917,0.11828973058596327,time
B,SINCH.ST,2020-11-05,96.4,2020-12-03,109.4,28,0.13485476964966758,0.11931643396957692,time
B,HM-B.ST,2020-11-11,134.79,2020-12-09,146.12,28,0.08406035841075066,0.11777510389760948,time
B,SKA-B.ST,2020-11-11,161.03,2020-12-09,161.57,28,0.0033459264364290586,0.11777510389760948,time
B,ASSA-B.ST,2020-11-11,197.77,2020-12-09,187.16,28,-0.0536472386908331,0.11777510389760948,time
B,SEB-A.ST,2020-11-11,61.0,2020-12-09,61.36,28,0.005966883611467022,0.11777510389760948,time
B,SHB-A.ST,2020-11-11,46.04,2020-12-09,47.7,28,0.036202226486976796,0.11777510389760948,time
B,EVO.ST,2020-12-02,722.99,2021-01-05,833.91,34,0.15342463486787072,0.1222897157567047,time
B,SAND.ST,2021-01-11,177.17,2021-02-08,177.58,28,0.0023125932592784615,0.12406718055326565,time
B,VOLV-B.ST,2021-01-11,137.4,2021-02-08,138.51,28,0.008083712937572152,0.12406718055326565,time
B,SSAB-A.ST,2021-01-20,25.56,2021-02-17,26.6,28,0.04082766302152674,0.1245791075285156,time
B,EQT.ST,2021-01-28,240.57,2021-02-25,223.41,28,-0.07134495713381073,0.12271454625681621,time
B,GETI-B.ST,2021-02-01,195.74,2021-03-01,196.9,28,0.0059468558372539615,0.12445601109398059,time
B,ERIC-B.ST,2021-02-02,88.14,2021-03-02,88.75,28,0.007019123271805094,0.12550815519914593,time
B,SINCH.ST,2021-02-19,173.0,2021-03-05,140.4,14,-0.1884393416388186,0.12439223712666465,stop
B,ADDT-B.ST,2021-02-09,119.87,2021-03-09,119.87,28,0.0,0.12486617831928684,time
B,ELUX-B.ST,2021-03-11,210.66,2021-04-12,220.08,32,0.04472664427031492,0.12050199450679837,time
B,HOLM-B.ST,2021-03-22,323.47,2021-04-21,350.61,30,0.08389601036050931,0.12163496259350118,time
B,ADDT-B.ST,2021-04-08,132.24,2021-05-06,141.76,28,0.07194245102385421,0.12173258500795558,time
B,EVO.ST,2021-04-29,1650.99,2021-05-11,1354.13,12,-0.1798103605291178,0.12343210414927949,stop
B,SAAB-B.ST,2021-04-27,60.63,2021-05-26,58.55,29,-0.03422204291034914,0.1235940061927193,time
B,LIFCO-B.ST,2021-05-25,176.76,2021-06-22,187.44,28,0.06044108206959398,0.11995270033708434,time
B,TEL2-B.ST,2021-07-16,88.65,2021-08-13,88.37,28,-0.0030722394556587096,0.12074587129121617,time
B,SINCH.ST,2021-07-20,161.6,2021-08-17,172.15,28,0.06528457546103539,0.120318524829432,time
B,SAAB-B.ST,2021-07-23,61.57,2021-08-20,60.43,28,-0.01841698595055874,0.12164504730894016,time
B,EQT.ST,2021-07-26,411.54,2021-08-23,416.54,28,0.012125392143355063,0.12195565451209442,time
B,EVO.ST,2021-07-26,1565.58,2021-08-23,1404.46,28,-0.10291135701198784,0.12195565451209442,time
B,SKA-B.ST,2021-07-27,196.69,2021-08-24,200.79,28,0.020816285683697977,0.12116496708470717,time
B,SECU-B.ST,2021-08-02,105.38,2021-08-30,101.32,28,-0.038590643626251864,0.12074336363577676,time
B,NIBE-B.ST,2021-08-23,117.44,2021-09-20,115.42,28,-0.017220214312804516,0.11964126925349977,time
B,AZN.ST,2021-09-22,1005.62,2021-10-20,1033.01,28,0.02724058197711665,0.11896290705402006,time
B,BOL.ST,2021-10-18,272.1,2021-10-22,248.66,4,-0.0861594590563094,0.11923546442207983,stop
B,HUSQ-B.ST,2021-10-22,97.48,2021-11-19,116.6,28,0.19622481339618392,0.11795475139025219,time
B,GETI-B.ST,2021-10-22,370.6,2021-11-19,368.61,28,-0.005374956603769854,0.11795475139025217,time
B,SSAB-A.ST,2021-10-27,34.16,2021-11-24,32.92,28,-0.03652495870130901,0.11801703967842643,time
B,HM-B.ST,2021-11-25,137.26,2021-11-26,130.01,1,-0.05278170088216483,0.12003022148373803,stop
B,SSAB-A.ST,2022-01-14,42.58,2022-01-24,37.07,10,-0.12947028060577748,0.1191740221908181,stop
B,HM-B.ST,2022-02-01,147.52,2022-02-02,144.47,1,-0.020683615182810366,0.11838089439473062,stop
B,ADDT-B.ST,2022-01-28,158.99,2022-02-14,150.37,17,-0.05421697326882191,0.11702843492957231,stop
B,ERIC-B.ST,2022-01-27,95.8,2022-02-16,83.3,20,-0.13046150940024437,0.11718403282774344,stop
B,HPOL-B.ST,2022-02-02,88.45,2022-02-23,79.84,21,-0.09732572237721848,0.11817194950794947,stop
B,ASSA-B.ST,2022-02-08,246.34,2022-02-24,226.61,16,-0.0800598321612237,0.11614266991810167,stop
B,FABG.ST,2022-02-09,125.69,2022-02-24,118.22,15,-0.05944039071074392,0.11736051565015918,stop
B,SSAB-A.ST,2022-03-04,42.96,2022-03-08,43.25,4,0.006563773104503623,0.11199983886059015,stop
B,AZN.ST,2022-02-14,1061.4,2022-03-14,1166.9,28,0.09939898571219574,0.1145204031164717,time
B,SAAB-B.ST,2022-02-28,69.02,2022-03-28,84.8,28,0.22859132816202954,0.11135566669582128,time
B,ELUX-B.ST,2022-03-31,140.13,2022-04-01,139.77,1,-0.002515768060624146,0.11644485896086178,stop
B,SCA-B.ST,2022-03-14,159.01,2022-04-11,177.93,28,0.11897392474715018,0.11490586711939577,time
B,HOLM-B.ST,2022-03-15,442.04,2022-04-12,487.56,28,0.10297975698886908,0.11513576230464542,time
B,EQT.ST,2022-03-18,335.0,2022-04-19,336.61,32,0.00478859787893704,0.11526633663064353,time
B,ADDT-B.ST,2022-04-25,164.84,2022-04-26,159.66,1,-0.03137709724336912,0.11707065047925068,stop
B,TREL-B.ST,2022-03-29,199.8,2022-04-28,202.63,30,0.014125882638559295,0.11591645574889771,time
B,SEB-A.ST,2022-04-29,84.92,2022-05-06,81.53,7,-0.03989244594288277,0.11741662466746008,stop
B,HPOL-B.ST,2022-05-02,68.47,2022-05-09,65.6,7,-0.041843501873080724,0.11689424252232244,stop
B,EVO.ST,2022-05-02,1013.3,2022-05-10,883.21,8,-0.12837845896192202,0.11689424252232244,stop
B,ESSITY-B.ST,2022-04-26,230.48,2022-05-24,225.35,28,-0.022281852109112266,0.11643109516600127,time
B,SINCH.ST,2022-05-03,42.8,2022-06-01,44.81,29,0.04707942583100899,0.1179150873070818,time
B,WALL-B.ST,2022-05-13,50.65,2022-06-09,45.06,27,-0.11048686092302273,0.11527245641222529,stop
B,EQT.ST,2022-05-13,257.53,2022-06-10,224.89,28,-0.1267411456250278,0.1152724564122253,stop
B,FABG.ST,2022-05-13,104.47,2022-06-13,97.12,31,-0.07033907867383304,0.1152724564122253,stop
B,ADDT-B.ST,2022-05-13,153.25,2022-06-14,141.08,32,-0.07937493832912168,0.11527245641222529,time
B,WALL-B.ST,2022-06-21,43.34,2022-07-04,39.76,13,-0.0825125042084115,0.10857347781514914,stop
B,ALFA.ST,2022-07-22,278.65,2022-08-19,286.66,28,0.028772068090141545,0.10739639234333268,time
B,NIBE-B.ST,2022-08-22,96.98,2022-08-23,94.88,1,-0.021667477583109718,0.10767333056094111,stop
B,SECU-B.ST,2022-08-01,74.61,2022-08-29,69.35,28,-0.0704197727004987,0.10733990973232972,time
B,LUND-B.ST,2022-09-02,417.5,2022-09-20,396.16,18,-0.0510982422685341,0.10637070690179819,stop
B,SECU-B.ST,2022-09-26,71.28,2022-09-29,67.47,3,-0.053456099471567486,0.10551245710730059,stop
B,SAAB-B.ST,2022-09-23,83.59,2022-10-21,93.82,28,0.122365079291195,0.10563427821700097,time
B,SINCH.ST,2022-10-04,16.46,2022-11-01,25.8,28,0.5672457419791308,0.10523025271094662,time
B,CAST.ST,2022-10-10,93.07,2022-11-07,102.66,28,0.10304348670761088,0.10467545023027323,time
B,SAAB-B.ST,2022-11-01,97.35,2022-11-09,92.55,8,-0.049270876333280866,0.11624053976610954,stop
B,SAND.ST,2022-10-19,151.07,2022-11-16,173.21,28,0.14656196153837997,0.10867220741471736,time
B,CAST.ST,2022-11-14,115.17,2022-11-17,103.8,3,-0.09873507330119813,0.10238031736040971,stop
B,SHB-A.ST,2022-10-21,65.68,2022-11-18,67.42,28,0.026595690922108117,0.11605107928236437,time
B,KINV-B.ST,2022-10-24,137.25,2022-11-21,155.75,28,0.13479052823315119,0.11282895486043173,time
B,SKA-B.ST,2022-10-28,144.76,2022-11-25,144.97,28,0.00145013988574072,0.11455774369840152,time
B,SINCH.ST,2022-11-04,37.6,2022-12-02,35.14,28,-0.06542551022085275,0.11518695084317043,time
B,LATO-B.ST,2022-11-11,206.88,2022-12-09,193.32,28,-0.06552962430442244,0.12165490052199815,time
B,EQT.ST,2022-11-14,244.43,2022-12-12,227.09,28,-0.07093411392053417,0.121247753129483,time
B,ADDT-B.ST,2022-12-02,152.56,2023-01-02,146.56,31,-0.03936502043483292,0.11427003385581479,time
B,ERIC-B.ST,2023-01-16,55.88,2023-01-17,54.75,1,-0.020217741389929933,0.11321893700591779,stop
B,KINV-B.ST,2023-02-06,174.15,2023-02-10,161.0,4,-0.07550958574423372,0.11272860766272007,stop
B,HUSQ-B.ST,2023-01-31,79.22,2023-02-28,83.12,28,0.049232149810070736,0.11287116717553793,time
B,SSAB-A.ST,2023-01-31,57.01,2023-02-28,58.46,28,0.025558294323950737,0.11287116717553794,time
B,EQT.ST,2023-02-06,241.21,2023-03-02,218.69,24,-0.0933544046555459,0.11272860766272008,stop
B,SKF-B.ST,2023-02-06,181.62,2023-03-06,190.8,28,0.050583619011707937,0.11272860766272008,time
B,EVO.ST,2023-02-06,1326.26,2023-03-06,1273.07,28,-0.04010170552339232,0.11272860766272008,time
B,ADDT-B.ST,2023-02-06,184.92,2023-03-06,186.18,28,0.00680982993331436,0.11272860766272007,time
B,ALFA.ST,2023-02-06,320.04,2023-03-06,332.62,28,0.03932402985342187,0.11160179297521926,time
B,SAAB-B.ST,2023-02-14,125.1,2023-03-14,153.63,28,0.22809078321567688,0.10375897112228233,time
B,SEB-A.ST,2023-04-28,94.25,2023-05-02,91.26,4,-0.03175960245655818,0.11500822160933961,stop
B,HM-B.ST,2023-04-03,126.36,2023-05-04,126.15,31,-0.0016365436174647918,0.11473950067913367,time
B,VOLV-B.ST,2023-04-14,178.78,2023-05-15,175.76,31,-0.016860720820203956,0.1155020308947933,time
B,TELIA.ST,2023-04-28,23.34,2023-05-17,21.71,19,-0.07002817235657177,0.11500822160933961,stop
B,SSAB-A.ST,2023-04-28,62.66,2023-05-30,59.09,32,-0.05697778702023282,0.11500822160933961,time
B,ATCO-A.ST,2023-05-02,137.95,2023-05-31,149.34,29,0.08253424312834046,0.11318825397464057,time
B,ATCO-B.ST,2023-05-02,120.91,2023-05-31,128.14,29,0.05973652823981679,0.11318825397464057,time
B,SKA-B.ST,2023-05-09,131.55,2023-05-31,126.0,22,-0.04219700553955352,0.11173400499123423,stop
B,ELUX-B.ST,2023-05-03,173.7,2023-06-01,143.7,29,-0.17271157470969434,0.11321165214353425,time
B,SCA-B.ST,2023-05-03,135.28,2023-06-01,136.03,29,0.005522941932637249,0.11191338378781174,time
B,HM-B.ST,2023-07-03,162.61,2023-07-31,155.79,28,-0.04194205135442719,0.11062839591239171,time
B,ALFA.ST,2023-07-24,363.97,2023-08-18,348.25,25,-0.0431953675325657,0.11000598638050274,stop
B,BALD-B.ST,2023-08-14,51.08,2023-08-18,47.62,4,-0.06773693764956701,0.1099120612396737,stop
B,WALL-B.ST,2023-09-18,36.46,2023-09-19,36.46,1,0.0,0.10834662083443136,stop
B,SHB-A.ST,2023-10-20,68.79,2023-10-23,67.66,3,-0.016291280283003307,0.10776077928680217,stop
B,SAAB-B.ST,2023-10-11,142.62,2023-11-08,138.97,28,-0.025605480876023434,0.10828703019297242,time
B,TELIA.ST,2023-10-23,20.74,2023-11-20,20.57,28,-0.008546992042877344,0.10751065331538624,time
B,LIFCO-B.ST,2023-10-24,189.53,2023-11-21,222.64,28,0.1747422667962344,0.10766661449188851,time
B,WALL-B.ST,2023-10-24,36.67,2023-11-21,42.11,28,0.14832434398230476,0.10766661449188851,time
B,SSAB-A.ST,2023-10-30,56.5,2023-11-27,67.85,28,0.20085455227314086,0.10698816421631455,time
B,FABG.ST,2023-11-06,83.89,2023-12-04,89.79,28,0.07039107598395633,0.11133388128366543,time
B,CAST.ST,2023-11-06,112.36,2023-12-04,125.71,28,0.11879902785740026,0.1113338812836654,time
B,SINCH.ST,2023-11-09,23.22,2023-12-07,32.69,28,0.40814121954958793,0.11244873315590966,time
B,BALD-B.ST,2023-11-16,60.78,2023-12-14,70.76,28,0.16419880811733445,0.09398908588745593,time
B,KINV-B.ST,2023-12-18,108.6,2024-01-05,101.75,18,-0.06307549328146089,0.12513735670682635,stop
B,ERIC-B.ST,2023-12-07,52.84,2024-01-09,57.16,33,0.0817207851815347,0.1236918242712044,time
B,ELUX-B.ST,2023-12-18,107.05,2024-01-12,97.9,25,-0.08547408935107603,0.12513735670682635,stop
B,FABG.ST,2023-12-18,101.84,2024-01-15,94.1,28,-0.0759749835198067,0.12513735670682635,stop
B,BALD-B.ST,2023-12-18,69.24,2024-01-15,65.98,28,-0.047082533324885656,0.11779067060114091,stop
B,CAST.ST,2023-12-18,139.55,2024-01-16,129.48,29,-0.07217945748818033,0.12513735670682635,stop
B,WALL-B.ST,2023-12-18,52.03,2024-01-17,47.82,30,-0.08085900420553038,0.12513735670682635,stop
B,EQT.ST,2023-12-18,270.1,2024-01-18,250.66,31,-0.07196553102571501,0.12513735670682635,time
B,KINV-B.ST,2024-01-22,102.85,2024-02-19,104.6,28,0.01701507074344133,0.11731834672917528,time
B,SINCH.ST,2024-02-19,27.4,2024-02-20,27.5,1,0.003832100134969263,0.11857999817873763,stop
B,SEB-A.ST,2024-01-29,120.95,2024-02-26,121.96,28,0.008361188296481137,0.1187903488099582,time
B,SWED-A.ST,2024-01-29,165.65,2024-02-26,172.72,28,0.042723073025815905,0.1187903488099582,time
B,EVO.ST,2024-02-05,1276.09,2024-03-04,1326.38,28,0.03940207188510558,0.116232133817534,time
B,SHB-A.ST,2024-02-09,83.08,2024-03-08,85.05,28,0.023730296002381746,0.11650885371384044,time
B,SKA-B.ST,2024-02-13,162.97,2024-03-12,173.27,28,0.06326041603952626,0.11711705022862151,time
B,KINV-B.ST,2024-02-28,109.25,2024-03-27,118.95,28,0.08878715742098109,0.11946759392400041,time
B,TEL2-B.ST,2024-02-28,75.51,2024-03-27,76.17,28,0.008786052897589824,0.11946759392400041,time
B,EQT.ST,2024-03-08,321.16,2024-04-09,320.39,32,-0.002408734577670435,0.11915788624580496,time
B,HM-B.ST,2024-04-02,149.7,2024-04-30,158.92,28,0.06156160364849361,0.12114308852857375,time
B,GETI-B.ST,2024-04-24,221.05,2024-05-15,182.08,21,-0.1762807016768797,0.1223151563753796,stop
B,NIBE-B.ST,2024-05-20,55.17,2024-05-21,53.89,1,-0.023197673843748046,0.10577611343132595,stop
B,TEL2-B.ST,2024-04-22,89.34,2024-05-22,91.81,30,0.02758264794513332,0.12167903138056539,time
B,ABB.ST,2024-04-22,527.06,2024-05-22,562.16,30,0.06659099341638086,0.12167903138056539,time
B,ATCO-A.ST,2024-04-26,186.03,2024-05-28,193.41,32,0.03971117475313646,0.12291552992684245,time
B,ATCO-B.ST,2024-04-26,159.47,2024-05-28,165.43,32,0.03741390301179415,0.12291552992684245,time
B,ALFA.ST,2024-04-29,458.35,2024-05-29,466.82,30,0.018479589664703422,0.12341163249593771,time
B,AZN.ST,2024-04-29,1650.71,2024-05-29,1612.32,30,-0.023255813953488413,0.1097307053690176,time
B,ELUX-B.ST,2024-04-30,97.32,2024-05-30,98.18,30,0.008836833261902433,0.12257114945002082,time
B,SAAB-B.ST,2024-06-04,247.92,2024-06-18,236.83,14,-0.044746295140022596,0.12098021308564172,stop
B,VOLV-B.ST,2024-07-22,257.69,2024-07-24,243.55,2,-0.05483756396817707,0.12084697275298051,stop
B,WALL-B.ST,2024-07-11,55.98,2024-08-05,51.0,25,-0.08900513819859046,0.12023848561782871,stop
B,LIFCO-B.ST,2024-07-16,311.92,2024-08-05,290.06,20,-0.070075684752952,0.1201267312772394,stop
B,SHB-A.ST,2024-07-19,82.78,2024-08-05,77.52,17,-0.06358102770004159,0.1204882261763745,stop
B,ADDT-B.ST,2024-07-16,321.31,2024-08-13,319.54,28,-0.005501323567808081,0.1201267312772394,time
B,GETI-B.ST,2024-07-22,193.07,2024-08-19,195.55,28,0.01281428049935407,0.12084697275298051,time
B,TELIA.ST,2024-07-22,27.49,2024-08-19,28.03,28,0.019635121286298185,0.12084697275298051,time
B,SINCH.ST,2024-07-23,27.65,2024-08-20,28.7,28,0.03797472545733771,0.11627524040238417,time
B,SINCH.ST,2024-09-11,31.32,2024-10-03,28.52,22,-0.08939972108375405,0.11650124271576703,stop
B,NIBE-B.ST,2024-09-27,55.31,2024-10-04,49.48,7,-0.1053756355358807,0.1173263359483577,stop
B,KINV-B.ST,2024-09-19,80.28,2024-10-16,74.82,27,-0.06801194777647057,0.11693416833127966,stop
B,SKF-B.ST,2024-09-19,192.36,2024-10-17,184.32,28,-0.041789690794269196,0.11693416833127966,time
B,SAAB-B.ST,2024-10-24,235.58,2024-10-31,217.79,7,-0.07552731859027972,0.1119153863561732,stop
B,SINCH.ST,2024-10-30,31.45,2024-11-06,23.84,7,-0.24197139668496148,0.11103482262796645,stop
B,SCA-B.ST,2024-10-29,137.33,2024-11-12,128.54,14,-0.06399178138995043,0.11171587480030344,stop
B,ERIC-B.ST,2024-10-17,83.23,2024-11-14,83.71,28,0.005714340187205069,0.11180154504558756,time
B,NDA-SE.ST,2024-10-21,123.48,2024-11-18,123.73,28,0.00199921323995933,0.11205190225188684,time
B,SHB-A.ST,2024-10-25,86.53,2024-11-22,85.76,28,-0.00894453121046268,0.11162623985307123,time
B,EVO.ST,2024-10-28,1037.1,2024-11-25,988.01,28,-0.04733563200099433,0.11216289109214994,time
B,SECU-B.ST,2024-11-08,133.03,2024-12-06,134.74,28,0.012887341149265596,0.10576293626783746,time
B,EQT.ST,2024-12-03,318.16,2024-12-19,290.69,16,-0.08635524610964096,0.10527647257314626,stop
B,EQT.ST,2025-01-27,349.94,2025-02-24,336.15,28,-0.03939639232824266,0.10431527403209173,time
B,SAND.ST,2025-01-27,218.64,2025-02-24,223.9,28,0.024059532648857962,0.10431527403209172,time
B,GETI-B.ST,2025-01-30,208.39,2025-02-27,203.35,28,-0.024200911837767625,0.10446655973932654,time
B,KINV-B.ST,2025-01-30,88.23,2025-02-27,87.36,28,-0.009860622390123308,0.10446655973932653,time
B,VOLV-B.ST,2025-01-31,276.05,2025-02-28,299.72,28,0.08575143123573525,0.10440709820519448,time
B,TEL2-B.ST,2025-01-31,114.79,2025-02-28,118.74,28,0.034454881564626394,0.10440709820519448,time
B,SSAB-A.ST,2025-02-03,51.45,2025-03-03,62.97,28,0.22391854299323266,0.10362117432061928,time
B,HEXA-B.ST,2025-02-04,128.98,2025-03-04,117.11,28,-0.09199852263090946,0.10269123538084862,time
B,SAAB-B.ST,2025-03-05,366.49,2025-04-02,384.88,28,0.050176316410932564,0.10649491541107037,time
B,ERIC-B.ST,2025-04-17,76.07,2025-05-20,82.01,33,0.07811708445769239,0.1071028140603647,time
B,ELUX-B.ST,2025-05-14,64.52,2025-06-02,59.22,19,-0.08214500462056118,0.10835481151955845,stop
B,SINCH.ST,2025-05-12,24.42,2025-06-11,25.52,30,0.04504506052551438,0.10777852180333307,time
B,KINV-B.ST,2025-05-14,82.3,2025-06-13,76.5,30,-0.07047391053084451,0.10835481151955845,time
B,SSAB-A.ST,2025-06-04,59.22,2025-06-16,56.18,12,-0.05138343205343965,0.10812528053561851,stop
B,EVO.ST,2025-06-18,711.4,2025-07-17,831.2,29,0.16840031442456138,0.1056994857388211,time
B,SSAB-A.ST,2025-07-04,55.96,2025-08-01,54.77,28,-0.021261763466894568,0.10652103599874603,time
B,KINV-B.ST,2025-07-10,92.52,2025-08-07,89.72,28,-0.030263678382581483,0.10782476240740436,time
B,ABB.ST,2025-07-21,630.42,2025-08-18,635.22,28,0.0076045273978788686,0.10940227968488053,time
B,EVO.ST,2025-07-21,832.2,2025-08-18,847.6,28,0.018505122750557046,0.10940227968488053,time
B,TEL2-B.ST,2025-07-21,142.58,2025-08-18,154.06,28,0.08052126565813755,0.10940227968488053,time
B,SAAB-B.ST,2025-07-22,519.54,2025-08-19,493.63,28,-0.049865797350063024,0.10922043978596423,time
B,GETI-B.ST,2025-07-22,184.28,2025-08-19,201.26,28,0.09216104712360962,0.10922043978596424,time
B,SINCH.ST,2025-07-24,34.5,2025-08-21,29.57,28,-0.1428985595703125,0.10000376413636515,time
B,NIBE-B.ST,2025-08-26,40.95,2025-08-27,39.88,1,-0.026143789023031272,0.10694720480552312,stop
B,HEXA-B.ST,2025-09-09,110.0,2025-10-07,114.89,28,0.04448475266049723,0.10653965209941901,time
B,SINCH.ST,2025-09-11,29.8,2025-10-09,32.6,28,0.09395970834718503,0.10635317904565424,time
B,HM-B.ST,2025-09-29,165.95,2025-10-27,173.43,28,0.04508672189162377,0.10689398701847018,time
B,AZN.ST,2025-10-03,1586.66,2025-10-31,1552.69,28,-0.02141051694427698,0.10821705288005774,time
B,SSAB-A.ST,2025-10-03,62.77,2025-10-31,58.85,28,-0.06246117442922838,0.10821705288005774,time
B,SKA-B.ST,2025-10-09,251.26,2025-11-06,235.2,28,-0.0639097799154642,0.10858259632724801,time
B,ERIC-B.ST,2025-10-16,89.12,2025-11-13,92.54,28,0.038274365505937435,0.1072730420988605,time
B,KINV-B.ST,2025-10-20,88.34,2025-11-14,80.58,25,-0.08784236844605275,0.10739399558603852,stop
B,ELUX-B.ST,2025-11-03,61.94,2025-11-17,56.04,14,-0.09525343626077376,0.10746676917969925,stop
B,FABG.ST,2025-10-23,86.24,2025-11-18,79.24,26,-0.08125010892093654,0.10734155605786558,stop
B,ASSA-B.ST,2025-10-23,355.62,2025-11-20,343.83,28,-0.03315303062926189,0.10734155605786558,time
B,TELIA.ST,2025-10-27,35.63,2025-11-24,35.93,28,0.008419895053215276,0.10756887107448361,time
B,AZN.ST,2026-01-09,1752.53,2026-01-20,1657.61,11,-0.05416193861438923,0.10291165373496822,stop
B,SAAB-B.ST,2026-01-13,702.83,2026-02-05,638.04,23,-0.09217435435433874,0.10265599732832022,stop
B,ERIC-B.ST,2026-01-27,97.6,2026-02-24,98.45,28,0.008686845062878756,0.10233026644644766,time
B,EPI-A.ST,2026-01-28,249.41,2026-02-25,264.99,28,0.062499950290769934,0.10190583406249325,time
B,ABB.ST,2026-02-02,775.04,2026-03-02,827.38,28,0.0675258138295205,0.10160277175576589,time
B,ELUX-B.ST,2026-02-03,78.26,2026-03-03,67.54,28,-0.13697931162897703,0.10223424993471791,time
B,SECU-B.ST,2026-02-06,156.45,2026-03-06,153.7,28,-0.017593406239728937,0.10273660228580356,time
B,NIBE-B.ST,2026-02-06,36.47,2026-03-06,34.7,28,-0.048382777634121354,0.10273660228580357,time
B,SINCH.ST,2026-02-20,22.26,2026-03-20,22.0,28,-0.011680153917720593,0.10310571999836607,time
B,CAST.ST,2026-02-24,116.3,2026-03-23,102.95,27,-0.11478938738784361,0.10280771880092558,stop
B,NIBE-B.ST,2026-03-24,37.39,2026-04-23,42.02,30,0.12380696929492885,0.09801931124181142,time
B,NIBE-B.ST,2026-05-06,44.87,2026-05-19,39.63,13,-0.11685444875528428,0.10241270616285333,stop
B,SINCH.ST,2026-04-20,26.9,2026-05-20,38.77,30,0.4412639779762917,0.09955151823625046,time
B,HUSQ-B.ST,2026-04-27,44.56,2026-05-27,42.93,30,-0.036579915122988416,0.10026117092709336,time
B,EVO.ST,2026-05-21,697.0,2026-06-18,692.6,28,-0.006312804037392428,0.10272762619437019,time
